native,roman,notes
अंक,ank,count=2
अंकित,ankit,count=3
अंकिता,ankita,count=13
अंकुर,ankur,count=3
अंकुश,ankush,count=3
अंकों,ankoon,count=4
अंकोला,ankola,count=6
अंगद,angad,count=7
अंगूठा,angutha,count=3
अंगूरी,angoori,count=3
अंग्रेज,angrej,count=2
अंग्रेज़ी,angrezi,count=8
अंग्रेजी,angrezi,count=14
अंग्रेजों,angrejon,count=3
अंचल,anchal,count=3
अंडमान,andaman,count=9
अंडर,under,count=6
अंडरटेकर,undertaker,count=3
अंडरवर्ल्ड,underworld,count=3
अंडरवाटर,underwater,count=3
अंत,antim,count=3
अंत,ant,count=2
अंतर,antar,count=7
अंतरराष्ट्रीय,antarrashtriya,count=28
अंतरराष्ट्रीय,antarraashtreey,count=1
अंतरिक्ष,antariksh,count=9
अंतरिम,antarim,count=1
अंतर्गत,antargat,count=6
अंतर्राष्ट्रीय,antarrashtriya,count=32
अंतर्राष्ट्रीय,antarraashtreey,count=1
अंतिम,antim,count=22
अंदर,andar,count=24
अंदाज,andaaz,count=13
अंदाज,andaz,count=11
अंदाज़,andaaz,count=1
अंबाती,ambati,count=2
अंबानी,ambani,count=40
अंबेडकर,ambedkar,count=3
अंशदाताओं,anshdataon,count=1
अंसारी,ansari,count=14
अकबर,akbar,count=2
अकबरी,akbari,count=3
अकरम,akram,count=3
अकल,akal,count=2
अकाउंट,account,count=26
अकाउंट,akhaunt,count=2
अकाउंटेंट,accountant,count=12
अकाउंटेंट्स,accountants,count=5
अकाउंट्स,accounts,count=3
अकादमिक,academic,count=3
अकादमी,akademi,count=6
अकादमी,academy,count=5
अकादमी,akadami,count=2
अकेले,akela,count=8
अकेले,akele,count=5
अक्टूबर,october,count=40
अक्टूबर,aktoobar,count=11
अक्टूबर,octobar,count=1
अक्तूबर,october,count=3
अक्षत,akshat,count=4
अक्षम्य,akshamya,count=3
अक्षय,akshay,count=53
अक्षय,akshaye,count=3
अक्षरा,akshara,count=6
अक्सर,aksar,count=17
अखंड,akhand,count=2
अखबार,akhbaar,count=3
अख़बार,akhbar,count=3
अख़बारों,akhbaron,count=3
अखाड़ा,akhada,count=3
अखिल,akhil,count=5
अखिलेश,akhilesh,count=10
अख्तर,akhtar,count=20
अगर,agar,count=84
अगरकर,agarkar,count=3
अगला,agla,count=5
अगला,aagala,count=4
अगली,agli,count=8
अगले,agle,count=23
अगस्त,august,count=39
अगस्त,agast,count=4
अगस्तिन,augustine,count=3
अगामी,aagaami,count=3
अगुवाई,aguwai,count=8
अगुवाई,agwai,count=3
अगुवाई,agwaai,count=1
अग्निस,agnys,count=3
अग्निहोत्री,agnihotri,count=1
अग्रणी,agrani,count=15
अग्रवाल,agarwal,count=17
अग्रवाल,agrawal,count=2
अग्रवाल,aggarwal,count=1
अचानक,achanak,count=10
अचानक,achaanak,count=6
अच्छी,achchhee,count=2
अच्छी,achchi,count=2
अच्छे,achche,count=2
अजंता,ajanta,count=1
अजमेर,ajmer,count=15
अजय,ajay,count=35
अजहरुद्दीन,azharuddin,count=4
अजहरुद्दीन,ajharuddin,count=2
अजित,ajit,count=2
अजीत,ajit,count=4
अजीम,azeem,count=3
अजूबा,ajooba,count=3
अटक,atak,count=3
अटल,atal,count=28
अटैक,attack,count=2
अट्रॉफी,atrophy,count=3
अड़ंगा,adanga,count=1
अडानी,adani,count=6
अड्डे,adde,count=6
अड्डे,adda,count=3
अड्डे,dehradun,count=1
अतः,atah,count=2
अतरंगी,atrangi,count=2
अतहर,athar,count=2
अतिथि,atithi,count=1
अतिरिक्त,atirikt,count=11
अतीक,atiq,count=5
अतुल,atul,count=2
अत्यंत,atyant,count=1
अथवा,athva,count=2
अथिरा,athira,count=3
अथॉरिटी,authority,count=18
अदवाणी,advani,count=3
अदा,ada,count=9
अदा,adah,count=3
अदाकार,adaakaar,count=3
अदाकारा,adakara,count=1
अदानी,adani,count=9
अदालत,adalat,count=10
अदालत,adaalat,count=4
अदित,adith,count=1
अद्भुत,adbhut,count=3
अधर,adhar,count=6
अधिक,adhik,count=55
अधिकतम,adhiktam,count=9
अधिकतर,adhiktar,count=3
अधिकार,adhikar,count=7
अधिकार,adhikaar,count=2
अधिकारियों,adhikariyon,count=18
अधिकारियों,adhikaariyon,count=12
अधिकारियों,adhikaarion,count=1
अधिकारी,adhikari,count=25
अधिकारी,adhikaari,count=14
अधिकारी,adhikaaree,count=2
अधिकारी,aadhikaari,count=1
अधिग्रहण,adhigrahan,count=7
अधिग्रहित,adhigrahit,count=3
अधिनियम,adhiniyam,count=6
अधिवेशन,adhiveshan,count=1
अधिसूचना,suchna,count=3
अधिसूचना,adhisoochana,count=2
अधिसूचना,adhisoochna,count=1
अधिसूचनाएं,adhiseechein,count=2
अधीक्षक,adhikshak,count=3
अधीन,adheen,count=6
अधीनस्थ,adheenasth,count=5
अधीर,adhir,count=1
अधेसिव,adhesive,count=3
अधोक,adhok,count=3
अध्यक्ष,adhyaksh,count=67
अध्यक्षता,adhyakshata,count=6
अध्ययन,adhyayan,count=5
अध्ययनरत,adhyayanrat,count=5
अध्यापिका,adhyapika,count=3
अध्याय,adhyay,count=3
अनंत,anant,count=6
अनगिनत,anginat,count=3
अनदेखी,anadekhi,count=2
अनदेखी,andekhi,count=1
अनन्या,ananya,count=1
अनबन,anban,count=3
अनमैन्ड,unmanned,count=6
अनमैन्ड,anmaand,count=2
अनरिजर्व,anarjaved,count=2
अनरिजर्व,anarijerv,count=1
अनरिजर्व्ड,unreserved,count=3
अनलिमिटेड,unlimited,count=6
अनलॉक,unlock,count=4
अनवर,anvar,count=3
अनसोल्ड,ansolde,count=2
अनसोल्ड,unsold,count=1
अनाड़ी,anari,count=3
अनातोलियेवना,anatolyevna,count=3
अनामिका,anaamika,count=1
अनावरण,anavaran,count=5
अनियंत्रित,aniyantrit,count=3
अनिल,anil,count=23
अनिलप्रियंका,anilpriyanka,count=3
अनिवार्य,anivarya,count=4
अनिवार्य,anivaarya,count=3
अनिवार्यता,anivaryata,count=3
अनी,annie,count=2
अनीता,anita,count=3
अनीश,anish,count=3
अनीशा,anisha,count=1
अनु,anu,count=6
अनुक्रमण,anukraman,count=3
अनुच्छेद,anuchhed,count=4
अनुच्छेद,anuchchhed,count=3
अनुजा,anuja,count=3
अनुपम,anupam,count=3
अनुपमा,anupama,count=7
अनुपमा,anupamaa,count=3
अनुप्रयोगों,anuprayogon,count=3
अनुबंध,anubandh,count=2
अनुभव,anubhav,count=15
अनुभवहीन,anubhaviheen,count=3
अनुभवी,anubhavi,count=6
अनुमंडलीय,anumandaliiy,count=3
अनुमति,anumati,count=12
अनुमान,anumaan,count=7
अनुमान,anuman,count=3
अनुराग,anurag,count=6
अनुरोध,anurodh,count=9
अनुष्का,anushka,count=22
अनुसंधान,anusandhan,count=21
अनुसंधान,anusanandhan,count=6
अनुसंधान,anusaandhan,count=5
अनुसरण,anusaran,count=3
अनुसार,anusaar,count=35
अनुसार,anusar,count=28
अनूप,anup,count=4
अनूप,anoop,count=3
अनेक,anek,count=11
अनौपचारिक,anupchaarik,count=1
अन्य,anya,count=49
अन्वेषित,anveshit,count=3
अप,up,count=3
अपकमिंग,apkamig,count=2
अपकमिंग,upcoming,count=1
अपग्रेड,upgrade,count=9
अपग्रेडेड,upgraded,count=6
अपडेट,update,count=36
अपडेट,updates,count=6
अपडेट,apdet,count=1
अपडेटेड,updated,count=5
अपडेटेड,apdeted,count=1
अपडेट्स,updates,count=7
अपना,apna,count=111
अपनाने,apnaane,count=3
अपनाने,apnane,count=3
अपनाया,apnaya,count=4
अपनी,apni,count=333
अपने,apne,count=422
अपने,apna,count=3
अपर,apra,count=3
अपराध,apraadh,count=3
अपराधी,apraadhie,count=3
अपरेंटिस,aprantis,count=3
अपरेंटिस,prashikshu,count=2
अपरेंटिस,apprentice,count=1
अपर्णा,aparna,count=6
अपलोड,upload,count=15
अपलोड,apload,count=2
अपशब्दों,apashabdon,count=3
अपार,apaar,count=3
अपार्टमेंट,apartment,count=1
अपील,apeel,count=7
अपील,appeal,count=4
अपीलीय,apeelayi,count=2
अपीलीय,apeeliya,count=1
अप्रेंटिस,apprentice,count=3
अप्रैल,april,count=30
अप्रैल,aprel,count=2
अप्रोच,approach,count=9
अप्लिकेशन,application,count=2
अप्स,ups,count=6
अफगानिस्तान,afghanistan,count=14
अफगानिस्तान,afgaanistaan,count=1
अफसरों,afsaron,count=2
अफ़्रीका,africa,count=3
अफेयर्स,affairs,count=9
अफोंसो,afonso,count=2
अफ्रीका,africa,count=22
अफ्रीकी,afriki,count=5
अफ्रीकी,afreekee,count=2
अफ्रीकी,afriqi,count=1
अब,ab,count=313
अब,abhi,count=3
अब,abb,count=1
अबराम,abram,count=2
अबार्थ,abarth,count=3
अबू,abu,count=3
अबे,abe,count=1
अब्दुल,abdul,count=9
अब्बास,abbas,count=2
अब्बास,abbaas,count=2
अब्राहम,abraham,count=5
अब्राहम,abraaham,count=4
अब्राहम,abrahem,count=2
अभयारण्य,abhayaranya,count=4
अभाव,abhaav,count=3
अभिजीत,abhijit,count=6
अभिनय,abhinay,count=3
अभिनव,abhinav,count=10
अभिनीत,abhinayit,count=6
अभिनीत,abhinit,count=3
अभिनेता,abhineta,count=70
अभिनेताओं,abhineton,count=3
अभिनेत्रियों,abhinetriyon,count=3
अभिनेत्री,abhinetri,count=38
अभिनेत्री,abhinetree,count=4
अभिन्न,abhinn,count=3
अभिभावक,abhibhavak,count=2
अभिभावकों,abhibhavakon,count=3
अभियंता,abhiyanta,count=2
अभियांत्रिकी,abhiyantriki,count=1
अभियान,abhiyan,count=26
अभियान,abhiyaan,count=10
अभिलाषा,abhilaasha,count=3
अभिव्यक्ति,abhivyakti,count=3
अभिशेक,abhishek,count=3
अभिषेक,abhishek,count=22
अभी,abhi,count=51
अभूतपूर्व,abhootpoorv,count=3
अभूतपूर्व,abhootpurv,count=3
अभ्यर्थी,abhyarthi,count=3
अभ्यास,abhyas,count=3
अभ्यास,abhyaas,count=2
अमन,aman,count=3
अमर,amar,count=5
अमरिंदर,amarinder,count=13
अमरीका,america,count=4
अमरेंद्र,amrendra,count=3
अमर्त्य,amartya,count=3
अमल,amal,count=3
अमानवीयता,amaanviyata,count=3
अमावस्या,amavasya,count=3
अमित,amit,count=45
अमिताभ,amitabh,count=27
अमीनो,amino,count=3
अमीर,ameer,count=9
अमीरात,amirate,count=7
अमीरात,emirates,count=4
अमीरात,ameerat,count=3
अमीरात,emirate,count=1
अमीषा,ameesha,count=3
अमृत,amrit,count=3
अमृतफल,amritphal,count=1
अमृतसर,amritsar,count=1
अमृता,amrita,count=18
अमेज,amej,count=3
अमेजन,amazon,count=3
अमेज़,amaze,count=3
अमेज़न,amazon,count=28
अमेज़फिट,amazfit,count=3
अमेज़ॉन,amazon,count=3
अमेठी,amethi,count=1
अमेरिकन,american,count=6
अमेरिका,america,count=87
अमेरिका,amerika,count=2
अमेरिकी,ameriki,count=25
अमेरिकी,american,count=14
अमेरिकी,amerikan,count=1
अमेरिकी,amreeki,count=1
अमेरी,ameri,count=3
अम्फान,amphan,count=3
अम्बिकापुर,ambikaapur,count=5
अम्बिकापुर,ambikapur,count=1
अम्बेडकर,ambedkar,count=11
अम्मा,amma,count=1
अयतन,ayatan,count=3
अयांश,ayansh,count=3
अयोध्या,ayodhya,count=26
अय्यर,ayyar,count=3
अर,ar,count=3
अरन्या,aranya,count=3
अरब,arab,count=27
अरब,arabia,count=3
अरबाज़,arbaaz,count=9
अरमान,armaan,count=1
अरवल,arwal,count=3
अरविंद,arvind,count=42
अरसे,arse,count=3
अरहान,arhaan,count=5
अरुण,arun,count=4
अरुणा,aruna,count=3
अरुणाचल,arunachal,count=1
अरुणोदय,arunoday,count=3
अरोड़ा,arora,count=30
अरोरा,arora,count=3
अर्चना,archana,count=16
अर्चना,archanaa,count=1
अर्जी,arji,count=1
अर्जुन,arjun,count=26
अर्जेंटीना,argentina,count=16
अर्जेंटीना,arjentina,count=2
अर्थ,arth,count=6
अर्थतंत्र,arthtantra,count=3
अर्थव्यवस्था,arthvyavastha,count=9
अर्थशास्त्र,arthshastra,count=3
अर्थशास्त्र,arthshaashtr,count=3
अर्थशास्त्रियों,arthshaastriyon,count=2
अर्थशास्त्री,arthshaastri,count=6
अर्धशतक,ardhshatak,count=1
अर्धशतकीय,ardhashatkiya,count=1
अर्नब,arnab,count=2
अर्निंग,earning,count=5
अर्न्स्ट,ernst,count=3
अर्फोडेबल,arfordable,count=2
अर्फोडेबल,affordable,count=1
अर्बन,urban,count=9
अर्मापुर,armapur,count=4
अर्मापुर,armaapur,count=2
अर्शदीप,arshdeep,count=1
अर्शी,arshi,count=3
अल,al,count=15
अलग,alag,count=30
अलर्ट,alart,count=2
अलविदा,alvida,count=6
अलाव,alav,count=2
अलावा,alaava,count=52
अलावा,alava,count=30
अलावा,alawa,count=11
अली,ali,count=65
अली,aly,count=9
अलीगढ़,aligarh,count=13
अल्ट,alt,count=3
अल्टिमेट,ultimate,count=1
अल्ट्रा,ultra,count=8
अल्ट्राटेक,ultratech,count=3
अल्ट्रावायलेट,ultraviolet,count=3
अल्ट्रासाउंड,ultrasound,count=9
अल्ट्रॉज,altroz,count=3
अल्ट्रोज,altroz,count=3
अल्पसंख्यक,alpsankhyak,count=3
अल्फ़ा,alfa,count=2
अल्फांसो,alphonso,count=2
अल्बर्ट,albert,count=1
अल्बुकर्क,albuquerque,count=2
अल्वा,alva,count=3
अवगत,avagat,count=3
अवतार,avatar,count=3
अवतार,avtar,count=3
अवतार,avataar,count=1
अवध,avadh,count=2
अवधपुरी,awadhpuri,count=3
अवधि,avadhi,count=3
अवलंबन,avalamban,count=2
अवश्य,avashya,count=5
अवश्य,avashy,count=1
अवसंरचना,awasamrachna,count=2
अवसर,avsar,count=47
अवसर,avasar,count=1
अवसरों,avsaron,count=3
अवस्थी,awasthi,count=6
अवांछनीय,avanchhaniya,count=3
अवाम,awam,count=2
अवामी,awami,count=1
अवार्ड,award,count=4
अवार्ड्स,awards,count=4
अवि,avi,count=2
अविका,avika,count=3
अविनाश,avinash,count=3
अविरल,aviral,count=3
अविवाहित,avivaahit,count=3
अवेटेड,awaited,count=3
अवेद्यनाथ,avedyanath,count=3
अवैध,avaidh,count=9
अवॉर्ड,award,count=6
अवॉर्ड,avard,count=2
अशफाक,ashfaaq,count=2
अशफाकुल्ला,ashfaqulla,count=3
अशोक,ashok,count=27
अशोका,ashoka,count=2
अश्गाबात,ashgabat,count=3
अश्विन,ashwin,count=10
अश्विनी,ashvini,count=5
अश्वेत,ashvet,count=2
अश्वेत,ashvait,count=1
अष्टांग,ashtaang,count=6
अष्टांग,ashtanga,count=6
असंगठित,asangathit,count=3
असदुद्दीन,asaduddin,count=5
असफल,asafal,count=3
असम,assam,count=9
असमानता,asamaanata,count=3
असमिया,assamiya,count=2
असर,asar,count=16
असरदार,asardaar,count=3
असली,asli,count=3
असहमति,asahmati,count=3
असिस्ट,assist,count=4
असिस्टेंट,assistant,count=2
असीम,asim,count=7
असीम,aseem,count=3
असुका,asuka,count=4
असेंबली,assembli,count=2
असेंबली,assembly,count=1
असोपा,asopa,count=3
अस्कोट,askot,count=2
अस्थायी,asthaayi,count=2
अस्थियों,asthiyon,count=3
अस्पताल,aspatal,count=25
अस्पताल,hospital,count=17
अस्पताल,aspataal,count=13
अस्पतालों,aspatalon,count=3
अस्मिता,asmita,count=3
अहंकार,ahankaar,count=3
अहम,aham,count=9
अहम,ahem,count=2
अहमद,ahmed,count=6
अहमद,ahmad,count=3
अहमदाबाद,ahmedabad,count=23
अहमदाबाद,ahmadabad,count=3
अहमियत,ahmiyat,count=3
अहिरवार,ahirwar,count=3
अहिल्यादेवी,ahilyadevi,count=1
अहिल्याबाई,ahilyabai,count=3
आ,aa,count=110
आंकड़े,aankde,count=5
आंकड़ों,aankdon,count=9
आंख,aankh,count=6
आंखो,aankho,count=2
आंखो,aankhon,count=1
आंखों,aankhon,count=3
आंगनवाड़ी,anganwadi,count=3
आंचल,aanchal,count=3
आंतरिक,aantarik,count=5
आंदोलन,aandolan,count=27
आंदोलन,andolan,count=1
आंद्रेई,andrei,count=3
आंधी,aandhi,count=1
आंध्र,aandhra,count=4
आंध्र,andhra,count=4
आंध्र,aandhr,count=3
आंध्रा,andhra,count=3
आंशिक,aanshik,count=3
आंसू,aansoo,count=2
आंसू,aansu,count=1
आइआइटी,iit,count=2
आइए,aaiye,count=4
आइए,aaiyega,count=3
आइए,aaeye,count=1
आइटम्स,items,count=2
आइटम्स,aitems,count=1
आइडल,idol,count=3
आइडेंटिफिकेशन,identification,count=6
आइलैंड्स,aayalands,count=2
आइलैंड्स,islands,count=1
आइवर्क,iwork,count=1
आइसोलेशन,isolation,count=3
आई,aayi,count=38
आई,aai,count=11
आई,eye,count=6
आई,i,count=5
आई,aaee,count=2
आई,iam,count=1
आईं,aayin,count=5
आईं,aayi,count=2
आईआईआईटी,iiit,count=3
आईआईए,iia,count=2
आईआईएफटी,iift,count=4
आईआईएम,iim,count=12
आईआईएम,iims,count=6
आईआईटी,iit,count=34
आईआईटी,iits,count=3
आईआईटीयन्स,iitians,count=3
आईआरएमटी,irmt,count=3
आईआरएस,irs,count=6
आईईएस,ies,count=1
आईएएफ,iaf,count=8
आईएएस,ias,count=26
आईएफएस,ifs,count=4
आईएफपीआरआई,ifpri,count=1
आईएमईआई,imei,count=4
आईएमए,ima,count=3
आईएमडी,imd,count=6
आईएलएस,ils,count=3
आईएसआई,isi,count=3
आईएसआरओ,isro,count=3
आईएसए,isa,count=3
आईएसएफ,isf,count=2
आईएसएल,isl,count=2
आईएसएस,iss,count=1
आईओएस,ios,count=2
आईकू,iqoo,count=5
आईकू,aikoo,count=2
आईटी,it,count=36
आईटीआर,itr,count=2
आईटीबीपी,itbp,count=3
आईडी,id,count=15
आईडीबीआई,idbi,count=8
आईपी,ip,count=4
आईपीआर,ipr,count=3
आईपीई,ipe,count=3
आईपीएल,ipl,count=181
आईपीएल,aaipl,count=10
आईपीएस,ips,count=23
आईपीएस,aipss,count=2
आईपीओ,ipo,count=32
आईपैड,ipad,count=2
आईपैडओएस,ipados,count=3
आईफोन,iphone,count=18
आईफोन,aaiphone,count=1
आईबीपीएस,ibps,count=3
आईमा,aiima,count=1
आईमूवी,imovie,count=1
आईमैक,imac,count=1
आईवीएफ,ivf,count=3
आईसीसी,aaisisi,count=3
आउट,out,count=3
आउटकम्स,outcomes,count=3
आउटफिट,outfit,count=3
आउटलुक,outlook,count=2
आउडी,audi,count=2
आए,aaye,count=76
आए,aayi,count=3
आएँ,aayein,count=3
आएंगी,aayengi,count=6
आएंगी,aaengi,count=2
आएंगे,aayenge,count=11
आएंगे,aaenge,count=2
आएगा,aayega,count=3
आकर,aakar,count=3
आकर्षण,aakarshan,count=7
आकर्षित,aakarshit,count=6
आकांक्षा,akanksha,count=3
आकार,aakaar,count=7
आकार,aakar,count=6
आकाश,akaash,count=3
आकाश,aakash,count=3
आक्रमण,aakraman,count=1
आखिर,aakhir,count=5
आखिरकार,aakhirkar,count=9
आखिरकार,aakhirkaar,count=3
आखिरी,aakhiri,count=11
आखिरी,aakhri,count=4
आगामी,aagami,count=3
आघाडी,aghadi,count=3
आचार्य,aacharya,count=6
आचार्य,acharya,count=3
आज,aaj,count=438
आज,jo,count=3
आजकल,aajkal,count=13
आजमगढ़,aajamgarh,count=8
आजमगढ़,azamgarh,count=2
आजमाए,azmaaye,count=1
आज़म,aajam,count=6
आज़म,azam,count=3
आज़म,aazam,count=1
आज़ादी,aazaadi,count=3
आजाद,azad,count=7
आजाद,azaad,count=2
आजादी,azaadi,count=2
आटो,auto,count=3
आठ,aath,count=9
आडवाणी,advani,count=10
आडवाणी,aadvani,count=5
आडवानी,advani,count=3
आड़े,aade,count=3
आता,aata,count=20
आतिश,aatish,count=3
आतिशी,atishi,count=3
आती,aati,count=6
आती,aata,count=3
आते,aate,count=13
आत्मकथा,aatmkatha,count=2
आत्मकथा,aatmakatha,count=1
आत्मनिर्भर,aatmanirbhar,count=11
आत्मनिर्भर,atmanirbhar,count=6
आत्मनिर्भर,aatmnirbhar,count=4
आत्मनिर्भरता,aatmanirbharta,count=2
आत्मनिर्भरता,aatmnirbharta,count=1
आत्महत्या,aatmahatya,count=8
आत्महत्या,aatmhatya,count=3
आत्महत्या,aatmhathya,count=1
आत्मीय,aatmeey,count=2
आत्मीय,aatmiya,count=1
आदत,aadat,count=4
आदतन,aadatan,count=3
आदमकद,aadmakad,count=2
आदमपुर,adamapur,count=3
आदमी,aadmi,count=9
आदर्श,aadarsh,count=3
आदि,aadi,count=34
आदित्य,aditya,count=11
आदित्यनाथ,adityanath,count=35
आदित्यनाथ,adityanaath,count=2
आदिपुरुष,adipurush,count=3
आदी,aadi,count=3
आदेश,aadesh,count=22
आदेशों,aadeshon,count=3
आदेशों,orders,count=3
आधा,aadha,count=3
आधार,aadhar,count=26
आधार,aadhaar,count=12
आधारशिला,aadharshila,count=3
आधारित,aadharit,count=19
आधारित,aadhaarit,count=1
आधिकारिक,aadhikaarik,count=14
आधिकारिक,adhikaarik,count=6
आधिकारिक,aadhikarik,count=6
आधिकारिक,adhikarik,count=3
आधुनिक,aadhunik,count=30
आधे,aadhe,count=3
आनंद,anand,count=18
आनंदित,anandit,count=3
आनंदी,anandi,count=3
आना,aana,count=3
आनी,aani,count=3
आने,aane,count=76
आन्ध्र,aandhr,count=2
आन्ध्र,andhra,count=1
आप,aap,count=165
आपका,aapka,count=18
आपकी,aapki,count=18
आपके,aapke,count=25
आपको,aapko,count=92
आपत्तिजनक,aapatteejanak,count=1
आपने,aapne,count=18
आपने,aapane,count=2
आपस,aapas,count=6
आपस,apas,count=4
आपसी,aapsi,count=8
आपसे,aapse,count=6
आपातकालीन,aapatkaaleen,count=2
आपूर्ति,aapurti,count=1
आफ,of,count=2
आफ,aaf,count=1
आफताब,aftab,count=6
आफरीन,aafreen,count=2
आफरीन,afreen,count=1
आबादी,aabadi,count=4
आबादी,aabaadi,count=2
आबेला,abela,count=2
आम,aam,count=26
आमंत्रित,aamantrit,count=18
आमजन,aamjan,count=3
आमतौर,aamtaur,count=3
आमदनी,aamdani,count=3
आमरा,amra,count=3
आमलकी,aamlaki,count=1
आमिर,aamir,count=27
आमिर,amir,count=2
आम्रपाली,amrapali,count=5
आम्रपाली,aamrapali,count=4
आय,aay,count=3
आयकर,aaykar,count=2
आयरलैंड,ayarland,count=2
आयरलैंड,ireland,count=1
आयशा,ayesha,count=3
आया,aaya,count=84
आयात,aayat,count=2
आयात,aayaat,count=1
आयाम,aayam,count=3
आयामों,aayamon,count=3
आयी,aayi,count=1
आयुक्त,aayukt,count=6
आयुर्विज्ञान,ayurvigyan,count=6
आयुर्विज्ञान,aayurvignaan,count=2
आयुर्वेद,ayurved,count=3
आयुर्वेद,ayurveda,count=1
आयुवर्ग,aayuvarg,count=3
आयुष,aayush,count=3
आयुष,ayush,count=2
आयुष्मान,ayushman,count=14
आयुष्मान,ayushmann,count=2
आये,aaye,count=3
आयेंगे,aayenge,count=3
आयोग,aayog,count=101
आयोजकों,aayojakon,count=3
आयोजन,aayojan,count=70
आयोजन,ayojan,count=10
आयोजित,aayojit,count=46
आयोजित,ayojit,count=6
आर,r,count=15
आर,aar,count=2
आर,raf,count=1
आरंभ,aarambh,count=6
आरआई,ri,count=2
आरआई,re,count=2
आरआईएल,ril,count=9
आरआर,rr,count=22
आरआरआर,rrr,count=2
आरआरबी,rrb,count=16
आरआरसीएटी,rrcat,count=2
आरई,re,count=4
आरईईटी,reet,count=3
आरएएफ,raf,count=7
आरएएफ,raaf,count=2
आरएफआईडी,rfid,count=3
आरएलएसपी,rlsf,count=3
आरएलएसपी,rlsp,count=3
आरएस,rs,count=6
आरएसएस,rss,count=5
आरएसपीसीबी,rspcb,count=4
आरके,rk,count=3
आरक्षक,aarakshak,count=3
आरक्षण,aarakshan,count=2
आरक्षण,reservation,count=1
आरजे,rj,count=9
आरजेटी,rjt,count=3
आरजेडी,rjd,count=17
आरटीईटी,rtet,count=3
आरडी,rd,count=9
आरती,aarti,count=3
आरपीएफ,rpf,count=3
आरपीएम,rpm,count=12
आरपीएसएफ,rpsf,count=2
आरपीएसजी,rpsg,count=3
आरपीएससी,rpsc,count=7
आरबीआई,rbi,count=15
आरबीएम,rbm,count=3
आरबीएल,rbl,count=3
आरबीएस,rbs,count=3
आरबीएसई,rbse,count=3
आरम्भ,aarambh,count=3
आरसीबी,arseebee,count=1
आरा,ara,count=3
आराम,aaraam,count=1
आरे,aarey,count=2
आरोग्य,arogya,count=3
आरोप,aarop,count=41
आरोप,arop,count=1
आरोपित,aropit,count=1
आरोपियों,aropiyon,count=3
आरोपी,aaropi,count=11
आरोपी,aaropee,count=2
आरोपी,aropi,count=1
आरोपों,aaropon,count=2
आरोही,arohi,count=3
आर्किटेक्चर,architecture,count=3
आर्ट,art,count=3
आर्टिकल,aartikal,count=3
आर्टिकल,article,count=1
आर्टे,arte,count=3
आर्टेस,artes,count=3
आर्थिक,aarthik,count=17
आर्थिक,arthik,count=4
आर्मस्ट्रांग,armstrong,count=3
आर्मी,army,count=9
आर्यन,aaryan,count=12
आर्यन,aryan,count=7
आलम,alam,count=8
आला,aala,count=3
आलिम,aalim,count=3
आलिया,aliya,count=4
आलिया,aaliya,count=3
आलिशान,aalishan,count=2
आलीशान,aalishan,count=1
आलू,aloo,count=2
आलोक,alok,count=6
आलोचना,alochana,count=3
आल्टा,aalta,count=2
आल्टा,alta,count=1
आवश्यक,avashyak,count=9
आवश्यक,aavashyak,count=5
आवश्यकता,aavashyakta,count=14
आवश्यकता,avashyakta,count=3
आवागमन,aavaagaman,count=3
आवाज,awaaz,count=5
आवाज,aawaaz,count=3
आवाज,aavaaz,count=2
आवाज,aawaz,count=1
आवाज़,awaz,count=3
आवाज़,aawaaz,count=3
आवाज़,awaaz,count=3
आवास,awas,count=6
आवास,aawas,count=3
आवास,aavaas,count=1
आवासीय,aawasiya,count=3
आविष्कार,aavishkaar,count=5
आविष्कार,avishkar,count=1
आवेदक,aavedak,count=3
आवेदकों,aavedakon,count=2
आवेदन,aavedan,count=65
आवेदन,avedan,count=1
आवेश,aavesh,count=2
आव्हाड,aavhaad,count=3
आशंका,aashanka,count=3
आशा,aasha,count=5
आशा,asha,count=3
आशाओं,aashaon,count=3
आशीष,aashish,count=2
आशीष,ashish,count=1
आश्चर्य,aashcharya,count=6
आश्रम,ashram,count=3
आश्वस्त,aashvast,count=3
आसनसोल,aasansol,count=1
आसपास,aaspaas,count=18
आसान,aasan,count=11
आसान,aasaan,count=1
आसानी,business,count=9
आसानी,aasani,count=7
आसानी,aasaani,count=3
आसाम,aasam,count=2
आसार,aasar,count=3
आसियान,aasiyan,count=1
आसीम,asim,count=2
आसीम,aasim,count=1
आसुस,asus,count=4
आस्ट्रेलिया,australia,count=6
आस्था,aastha,count=4
आहत,aahat,count=3
आहार,aahar,count=1
आहुतियां,aahutiyan,count=3
आहूजा,ahuja,count=3
इंक,inc,count=10
इंक्यूबेटर,incubator,count=12
इंग,eng,count=5
इंग्लिश,english,count=6
इंग्लैंड,england,count=78
इंग्लैंड,ingland,count=13
इंग्लैंड,inglaind,count=1
इंग्लैंड,inglaend,count=1
इंच,inch,count=7
इंजेक्टेड,injected,count=3
इंटर,inter,count=6
इंटरगवर्नमेंटल,intergovernmental,count=3
इंटरगेटेड,integrated,count=3
इंटरनल,internal,count=5
इंटरनेट,internet,count=16
इंटरनेट,intarnat,count=3
इंटरनेशनल,international,count=52
इंटरनेशनेल,internationale,count=1
इंटरफेस,interface,count=3
इंटरमीडिएट,intermediate,count=5
इंटरव्यू,interview,count=12
इंटरस्टेट,interstate,count=1
इंटीग्रेट,integrate,count=3
इंटीग्रेटेड,integrated,count=6
इंटीग्रेशन,integretion,count=2
इंटीग्रेशन,integration,count=2
इंटेल,intel,count=6
इंटेलेक्चुअल,intellectual,count=3
इंट्रस्टिंग,interesting,count=1
इंट्रेस्टिंग,interesting,count=2
इंड,ind,count=14
इंडस,indus,count=1
इंडसइंड,indusind,count=6
इंडस्ट्रियल,industrial,count=3
इंडस्ट्रियल,industreeal,count=1
इंडस्ट्री,industry,count=38
इंडस्ट्री,industree,count=1
इंडस्ट्रीज,industries,count=22
इंडिकेटर,indiketar,count=8
इंडिकेटर,indicator,count=5
इंडिगो,indigo,count=1
इंडिपेंडेंट,independent,count=3
इंडिपेंडेंस,independence,count=1
इंडियंस,indiyans,count=2
इंडिया,indiya,count=4
इंडिया,indiyaa,count=1
इंडेन,indane,count=3
इंडो,indo,count=2
इंडोनेशिया,indonesia,count=8
इंडोनेशियाई,indoneesiya,count=1
इंतकाल,intkaal,count=3
इंतज़ार,intezaar,count=3
इंतजाम,intzaam,count=2
इंतजाम,intezam,count=1
इंतजामों,intzaamon,count=2
इंतजार,intezaar,count=8
इंतजार,intzaar,count=6
इंतजार,intajaar,count=6
इंतजार,intezar,count=4
इंतजार,intazaar,count=3
इंतेखाब,intekhab,count=2
इंदिरा,indira,count=21
इंदौर,indore,count=32
इंदौर,indaur,count=7
इंप्रेस,impress,count=3
इंफॉर्मेशन,information,count=3
इंफोसिस,infosys,count=3
इंफ्रास्ट्रक्चर,infrastructure,count=33
इंफ्रास्ट्रक्चर,infrastruture,count=3
इंवेस्टमेंट,investment,count=3
इंसान,insaan,count=2
इंसाफ,insaaf,count=2
इंस्टा,insta,count=3
इंस्टाग्राम,instagram,count=56
इंस्टाग्राम,instagrame,count=2
इंस्टीट्यूट,institute,count=15
इंस्टीट्यूट्स,institutes,count=3
इंस्टेंट,instant,count=3
इंस्टॉल,install,count=3
इंस्टॉल्ड,installed,count=3
इंस्ट्रूमेंट्स,instruments,count=2
इंस्पेक्टर,inspector,count=7
इकनॉमिक,economic,count=3
इकबाल,iqbal,count=7
इकरा,ikara,count=2
इकलौता,iklauta,count=3
इकलौते,ikalute,count=2
इकलौते,iklaute,count=1
इकाइयों,ikaiyon,count=2
इकाई,ikaai,count=3
इकॉनमी,economy,count=6
इकॉनॉमी,economy,count=6
इको,echo,count=2
इकोनॉमिक,economic,count=11
इकोनॉमिक्स,economics,count=3
इकोनॉमी,economy,count=9
इकोले,ekole,count=2
इकोलॉजिकल,ecological,count=3
इकोसापेंटानोइक,ikosapentanoic,count=1
इकोसिस्टम,ecosystem,count=6
इकोस्पोर्ट,ecosport,count=1
इक्कीस,ikkis,count=1
इक्लिप्स,ikleps,count=6
इक्विटास,ikuitas,count=1
इक्विटास,equitas,count=1
इक्विपमेंट्स,equipments,count=3
इच्छाधारी,ichchhadhaari,count=2
इच्छाशक्ति,icchashakti,count=3
इच्छुक,ichchuk,count=4
इच्छुक,ichchhuk,count=3
इजहार,izhaar,count=3
इज़ुमि,izumi,count=2
इटली,italy,count=3
इतना,itna,count=24
इतनी,itni,count=7
इतने,itne,count=6
इतने,itnay,count=4
इतिहास,itihaas,count=20
इतिहास,itihas,count=4
इतिहासकार,itihaaskaar,count=3
इतुर्रिज़र,iturrijar,count=2
इतुर्रिज़र,iturrizar,count=1
इत्तिहाद,ittihad,count=2
इत्यादि,ityaadi,count=3
इत्यादि,ityadi,count=1
इत्र,itar,count=1
इथेनॉल,ethanol,count=2
इधर,idhar,count=2
इन,in,count=219
इन,inn,count=3
इन,kanpur,count=1
इन,hindi,count=1
इनका,inka,count=17
इनकार,inkaar,count=6
इनकी,inki,count=6
इनके,inke,count=6
इनकॉरपोरेट,incorporate,count=3
इनकॉरपोरेटेड,incorporated,count=3
इनक्यूबेटेड,incubated,count=1
इनक्रेडिबल,incredible,count=3
इनक्लूजन,inclusion,count=3
इनपुट,input,count=6
इनफ़ॉर्मेशन,information,count=3
इनमें,inmein,count=10
इनमें,inme,count=4
इनर,inner,count=3
इनर्ट,inart,count=2
इनर्ट,inert,count=1
इनविटेशन,invitation,count=2
इनवेस्टमेंट,investment,count=3
इनसाइड,inside,count=3
इनसाइडर,insider,count=3
इनामी,inaami,count=3
इनाया,inaaya,count=1
इनाराम,inaram,count=3
इनिशिएटिव,initiative,count=14
इनॉगरेशन,inauguration,count=1
इनोवेटिव,innovative,count=9
इनोवेशन,innovation,count=22
इन्कम्प्लीट,inkomplit,count=2
इन्कम्प्लीट,incomplete,count=1
इन्फ़ॉर्मेशन,information,count=1
इन्फार्मेशन,information,count=3
इन्फेंट्री,infantry,count=3
इन्फॉर्मेशन,information,count=7
इन्फोटेनमेंट,infotainment,count=3
इन्फोलिंक्स,infolinks,count=3
इन्फोसिस,infosis,count=2
इन्फोसिस,infosys,count=2
इन्फ्रारेड,infrared,count=1
इन्फ्रास्ट्रक्चर,infrastructure,count=15
इन्फ्लुएंसर,influencer,count=5
इन्फ्लेटेबल,inflatable,count=6
इन्वेस्टमेंट,investment,count=3
इन्वेस्टमेंट्स,investments,count=3
इन्वेस्टर्स,investors,count=3
इन्सिडेंट,incident,count=3
इन्सॉल्वेंसी,insolvency,count=6
इन्ही,inhi,count=2
इन्हीं,inheen,count=3
इन्हीं,inhi,count=1
इन्हें,inhen,count=3
इन्हें,inhein,count=2
इन्होंने,inhonne,count=3
इन्होंने,inhone,count=3
इफप्री,ifpri,count=1
इफेक्ट,effect,count=6
इफेक्टिव,effective,count=3
इफ्स,ifs,count=3
इब्राहिम,ibrahim,count=5
इमरान,imran,count=22
इमरान,imraan,count=4
इमरान,emraan,count=3
इमर्जिंग,emerging,count=3
इमलीपारा,imaleepara,count=2
इमलीपारा,imilipara,count=1
इमारत,imarat,count=3
इमारतें,imaraten,count=2
इमिग्रेशन,immigration,count=2
इमैनुएल,emmanuel,count=1
इमोशनल,emotional,count=3
इम्तियाज,imtiaaz,count=2
इम्तिहान,imtihan,count=3
इम्पैक्ट,impact,count=5
इम्प्रेस,impress,count=2
इयरफोन,earphone,count=3
इयान,iyan,count=2
इरफ़ान,irrfan,count=3
इरफान,irrfan,count=9
इरफान,irfan,count=5
इरा,ira,count=4
इरादे,iraade,count=3
इरादों,iraade,count=2
इरादों,iraadon,count=1
इरिगेशन,irrigation,count=4
इलाके,ilake,count=10
इलाकों,ilaakon,count=6
इलाकों,ilakon,count=4
इलाज,ilaaj,count=10
इलाहाबाद,ilahabaad,count=4
इलाहाबाद,ilaahaabaad,count=1
इलिनोइस,illinois,count=1
इलियट,iliyat,count=2
इलेक्ट्रिक,electric,count=26
इलेक्ट्रिक,ilektrik,count=2
इलेक्ट्रिक,ilektronik,count=2
इलेक्ट्रिकल्स,electricals,count=3
इलेक्ट्रिसिटी,electricity,count=3
इलेक्ट्रॉनिक,electronic,count=17
इलेक्ट्रॉनिक,elektronik,count=2
इलेक्ट्रॉनिक,ilektronik,count=1
इलेक्ट्रॉनिक्स,electronics,count=8
इलेक्ट्रॉनिक्स,ilektroniks,count=2
इलेवन,eleven,count=11
इल्जाम,ilzaam,count=2
इवेंट,event,count=25
इवेंट्स,events,count=6
इशारे,gesture,count=3
इस,is,count=664
इस,iss,count=1
इसका,iska,count=35
इसकी,iski,count=25
इसकी,iske,count=3
इसकी,iska,count=3
इसके,iske,count=179
इसको,isko,count=9
इसमें,ismein,count=81
इसमें,isme,count=12
इसरो,isro,count=13
इसलिए,isliye,count=59
इसलिए,esliye,count=1
इसलिये,isliye,count=2
इससे,isse,count=70
इसाक्वाह,issaquah,count=3
इसी,isi,count=125
इसी,isee,count=4
इसी,is,count=2
इसीबीच,iseebich,count=2
इसीलिए,isiliye,count=3
इसुजु,isuzu,count=3
इसे,ise,count=38
इस्तिफा,istifa,count=2
इस्तीफा,istifa,count=6
इस्तीफा,isteefa,count=5
इस्तीफे,isteefa,count=2
इस्तीफे,isteefe,count=1
इस्तेमाल,istemaal,count=11
इस्तेमाल,istemal,count=4
इस्पात,ispat,count=3
ई,e,count=20
ईंट,eent,count=3
ईंधन,indhan,count=1
ईईएसएल,eesl,count=3
ईएमआई,emi,count=3
ईएमआईएसएटी,emisat,count=3
ईएमए,ema,count=3
ईएसआई,esi,count=3
ईएसआरएफ,esrf,count=1
ईएसए,esa,count=3
ईएसपी,esp,count=3
ईको,eeco,count=3
ईको,eco,count=2
ईकोसिस्टम,ecosystem,count=3
ईगॉव,egov,count=3
ईटीएफ,etf,count=3
ईडन,eden,count=3
ईडी,ed,count=6
ईथरनेट,ethernet,count=2
ईनामी,inaami,count=3
ईपीएफ,epf,count=9
ईपीएफओ,epfo,count=9
ईपीएल,epl,count=3
ईपीएस,eps,count=3
ईपीडीएम,epdm,count=3
ईबीएम,ebm,count=1
ईबीडी,ebd,count=3
ईबे,ebay,count=3
ईमानदारी,eemaandari,count=3
ईमानदारी,imaandari,count=3
ईमारत,imarat,count=3
ईमेल,email,count=12
ईरान,iran,count=4
ईरानी,irani,count=6
ईवा,eva,count=2
ईवी,ev,count=6
ईवी,eev,count=3
ईवीओ,evo,count=3
ईवे,eway,count=3
ईवो,evo,count=3
ईशा,isha,count=1
ईशा,esha,count=1
ईशान,ishaan,count=6
ईशान,eashaan,count=1
ईस्ट,east,count=8
ईस्टर्न,eastern,count=7
ईस्टर्न,easteran,count=1
उगाने,ugane,count=2
उगाने,ugaane,count=1
उचित,uchit,count=6
उच्च,uchch,count=12
उच्चस्तरीय,uchchstarieya,count=1
उजागर,ujaagar,count=5
उजागर,ujagar,count=1
उजाला,ujala,count=3
उजियायरपुर,ujiyarpur,count=1
उज्जैन,ujjain,count=9
उज्ज्वल,ujjwal,count=1
उज्ज्वला,ujjwala,count=3
उठ,uth,count=1
उठता,uthta,count=3
उठा,utha,count=14
उठाए,uthaye,count=14
उठाए,uthaaye,count=3
उठाएंगे,uthaenge,count=3
उठाकर,uthakar,count=2
उठाते,uthate,count=3
उठाने,uthane,count=6
उठापटक,uthaapatak,count=2
उठापटक,uthaapataak,count=1
उठाया,uthaya,count=7
उठाया,uthaaya,count=3
उठी,uthi,count=3
उड़ाई,udaai,count=1
उड़ाते,udaate,count=4
उड़ान,udaan,count=6
उड़ानों,udanon,count=3
उड़ाया,udaaya,count=6
उड़ी,udi,count=1
उड़ीसा,odisha,count=3
उडुपी,udupi,count=3
उड्डयन,uddayan,count=12
उतना,utna,count=5
उतनी,utni,count=3
उतने,utne,count=3
उतर,utar,count=3
उतरने,utarne,count=2
उतरी,utri,count=2
उतरे,utre,count=1
उतरेंगे,utarenge,count=3
उतरेगी,utregi,count=4
उतरेगी,utaregi,count=2
उतारे,utaare,count=3
उत्कृष्ट,utkrisht,count=3
उत्तर,uttar,count=121
उत्तरकुंजी,uttarkunji,count=2
उत्तराखंड,uttarakhand,count=21
उत्तराधिकारी,uttaradhikari,count=3
उत्पाद,utpad,count=9
उत्पादक,producer,count=6
उत्पादन,utpaadan,count=3
उत्पादन,utpadan,count=3
उत्पादों,utpadon,count=6
उत्पादों,utpaad,count=3
उत्सर्जन,utsarjan,count=1
उत्सव,utsav,count=6
उत्साह,utsaah,count=7
उत्साह,utsah,count=2
उत्साहित,utsahit,count=3
उदय,uday,count=6
उदयपुर,udaipur,count=3
उदयवीर,udayveer,count=2
उदवंतनगर,udawantnagar,count=1
उदारीकृत,udarikrit,count=3
उदाहरण,udaharan,count=11
उदाहरण,udaaharan,count=1
उद्घाटन,udghatan,count=15
उद्देश्य,uddeshya,count=6
उद्धरण,uddharan,count=3
उद्धव,uddhav,count=22
उद्यम,udyam,count=3
उद्यमिता,udyamita,count=3
उद्यान,udyan,count=5
उद्यान,udyaan,count=2
उद्योग,udyog,count=17
उधम,udhham,count=2
उधम,udham,count=1
उधमपुर,udhampur,count=1
उधर,udhar,count=2
उधर,udhhar,count=1
उन,un,count=19
उनका,unka,count=57
उनकी,unki,count=80
उनके,unke,count=95
उनको,unko,count=28
उनमें,unmein,count=20
उनवास,unvaas,count=2
उनसे,unse,count=13
उना,una,count=3
उन्नत,unnat,count=5
उन्नीस,unnis,count=3
उन्मुक्त,unmukt,count=3
उन्हीं,unhi,count=9
उन्हें,unhein,count=27
उन्हें,unhe,count=22
उन्हें,unhen,count=5
उन्हें,unhone,count=1
उन्होंने,unhone,count=95
उन्होंने,unhonne,count=6
उप,up,count=4
उप,deputy,count=3
उप,inspektor,count=2
उपकप्तान,upkaptaan,count=1
उपकरण,upkaran,count=6
उपक्रमों,pracharit,count=1
उपचार,upchaar,count=3
उपचुनाव,upchunav,count=7
उपचुनाव,upchunaav,count=2
उपजी,upji,count=2
उपजों,upajon,count=3
उपनगरों,upnagar,count=3
उपन्यासकार,upanyaskar,count=4
उपन्यासकार,upanyasakar,count=1
उपभोक्ता,upbhokta,count=2
उपभोक्ताओं,upbhoktaon,count=10
उपमंडल,upmandal,count=3
उपमहाद्वीप,upmahadweep,count=1
उपमा,upma,count=1
उपमुख्यमंत्री,upmukhyamantri,count=11
उपयुक्त,upyukt,count=6
उपयोग,upyog,count=27
उपयोगकर्ता,upyogkarta,count=2
उपयोगकर्ताओं,upyogkartaon,count=4
उपयोगकर्ताओं,upayogkartao,count=1
उपराज्यपाल,upraajyapal,count=3
उपराष्ट्रपति,upraashtrapati,count=4
उपराष्ट्रपति,uprashtrapati,count=1
उपलब्ध,uplabdh,count=63
उपलब्धता,uplabdhata,count=6
उपलब्धता,upalabdhata,count=2
उपलब्धि,uplabdhi,count=5
उपलब्धियां,uplabdhiyaan,count=2
उपलब्धियों,uplabdhiyon,count=3
उपस्थित,upasthit,count=3
उपस्थिति,upasthithi,count=2
उपस्थिति,upasthiti,count=1
उपाध्यक्ष,upadhyaksh,count=8
उपेन्द्र,upendra,count=3
उभरते,ubharate,count=4
उभरते,ubharte,count=2
उमंग,umang,count=3
उमड़ने,umadne,count=3
उमर,umar,count=9
उमा,uma,count=2
उमेश,umesh,count=4
उम्मीद,ummeed,count=6
उम्मीद,ummid,count=3
उम्मीदवार,ummeedvaar,count=11
उम्मीदवार,umeedvaar,count=4
उम्मीदवार,ummidvaar,count=3
उम्मीदवार,ummeedvar,count=2
उम्मीदवार,ummidwar,count=2
उम्मीदवार,ummeedwar,count=1
उम्मीदवारी,ummeedwaari,count=2
उम्मीदवारों,ummidvaaron,count=7
उम्मीदवारों,ummeedvaaron,count=5
उम्मीदवारों,ummeedvaron,count=3
उम्मीदवारों,ummeedwaron,count=1
उम्र,umar,count=18
उम्र,umr,count=11
उर्जावान,urjavwan,count=3
उर्फी,urfi,count=3
उर्मिला,urmila,count=1
उर्वशी,urvashi,count=2
उल्टा,ulta,count=4
उल्टा,oolta,count=2
उल्लंघन,ullanghan,count=5
उल्ला,ulla,count=2
उल्लेख,ullekh,count=6
उल्लेखनीय,ullekhniya,count=2
उशोशी,ushoshi,count=3
उषा,usha,count=3
उस,us,count=54
उसका,uska,count=30
उसकी,uski,count=14
उसकी,uska,count=2
उसके,uske,count=50
उसको,usko,count=15
उसगांवकर,usgaonkar,count=3
उसने,usne,count=6
उसमें,usmein,count=24
उसलापुर,usalapur,count=3
उससे,usse,count=12
उसी,usi,count=9
उसे,use,count=30
उसेन,usain,count=1
उस्मान,usmaan,count=2
ऊँचाई,unchai,count=3
ऊँचे,oonche,count=2
ऊँचे,uunche,count=1
ऊंचाइयों,unchaiyon,count=3
ऊंचाई,unchai,count=1
ऊंची,unchi,count=3
ऊधम,udham,count=3
ऊना,una,count=3
ऊपर,upar,count=13
ऊपर,oopar,count=8
ऊर्जा,urja,count=24
ऊर्जा,oorja,count=6
ऋचा,richa,count=3
ऋण,rin,count=9
ऋण,loan,count=6
ऋण,lending,count=3
ऋणों,rinon,count=3
ऋणों,loans,count=2
ऋतंभरा,rituambhara,count=2
ऋतंभरा,ritambhara,count=1
ऋतिक,hrithik,count=5
ऋतिक,riteek,count=2
ऋतिक,rithik,count=2
ऋतु,ritu,count=1
ऋद्धिमान,wriddhiman,count=3
ऋषभ,rishabh,count=12
ऋषि,rishi,count=14
ऍफ़,taarif,count=1
ए,a,count=21
ए,e,count=3
एँबेलिका,emblica,count=1
एँब्लिक,emblic,count=1
एंकर,anchor,count=4
एंगल,aangel,count=3
एंगल,angle,count=1
एंजॉय,enjoy,count=1
एंटरटेन,entertain,count=2
एंटरटेनमेंट,entertainment,count=9
एंटरटेनमेंट,entatainment,count=1
एंटरटेनिंग,entertaining,count=3
एंटरप्राइज,enterprise,count=1
एंटी,nirdeshit,count=2
एंटीवायरस,antivirus,count=3
एंट्री,entry,count=23
एंड,and,count=66
एंड,end,count=6
एंडरसन,anderson,count=1
एंडोवमेंट,endowment,count=3
एंडोवमेंट्स,endowments,count=3
एंड्रियानी,andriani,count=6
एंड्रॉइड,android,count=6
एंड्रॉयड,android,count=4
एअर,air,count=1
एआई,ai,count=3
एआईईए,aieea,count=1
एआईईएए,aieea,count=3
एआईएमआईएम,aimim,count=6
एआईएमाए,aima,count=1
एआईएमाए,aiima,count=1
एआईडीकेएम,aidkm,count=1
एआईबीए,aiba,count=3
एआरएम,arm,count=3
एइबार,eibar,count=3
एएएसएल,aasl,count=2
एएनआई,ani,count=3
एएनआई,aenai,count=1
एएनएम,anm,count=2
एएनएमटीएसटी,anmtst,count=2
एएपीएल,aapl,count=3
एएमएफआई,amfi,count=3
एएमटी,amt,count=7
एएमटी,mmt,count=2
एएसआइ,asi,count=3
एएसआई,asi,count=6
एक,ek,count=1248
एक,creating,count=3
एक,eyk,count=2
एकता,ekta,count=7
एकत्र,ekatrit,count=6
एकदम,ekdam,count=3
एकमात्र,ekmaatr,count=6
एकमात्र,ekmatra,count=6
एकलव्य,eklavya,count=10
एकाडेमिक,academic,count=3
एकादशी,ekadashi,count=3
एकेडमी,academy,count=4
एकेडमी,ekademi,count=2
एक्ट,act,count=9
एक्टर,actor,count=27
एक्टर,ekter,count=9
एक्टिंग,acting,count=1
एक्टिव,active,count=8
एक्टिवा,activa,count=3
एक्टिविटी,activity,count=6
एक्टिविटीज,activities,count=3
एक्ट्रेस,actress,count=18
एक्शनेबल,actionable,count=3
एक्सप्रेस,ekspres,count=3
एक्सप्रेसवे,ekspreswey,count=2
एक्सा,aksa,count=2
एक्सीडेंट,accident,count=3
एक्सीडेंटल,accidental,count=2
एक्सेप्ट,accept,count=3
एक्सेस,access,count=9
एक्सेस,excess,count=3
एक्सेसरीज,eksseriji,count=4
एक्स्ट्रीम,xstream,count=2
एगिल,egil,count=3
एगुइलेरा,aguilera,count=3
एगेंस्ट,against,count=3
एग्रीकल्चर,agriculture,count=3
एग्रीकल्चरल,agricultural,count=6
एग्रेसिव,aggressive,count=2
एग्रो,agro,count=9
एचपीटीईटी,hptet,count=1
एचपीबीओएसई,hpbose,count=2
एजाज,ejaz,count=3
एजाज,eijaz,count=2
एजाज,ajaz,count=1
एजाज़,eijaz,count=3
एजाज़,ejaz,count=3
एजे,aj,count=5
एजेंडा,aajenda,count=3
एजेंसी,ejensi,count=6
एट,eight,count=6
एट,at,count=3
एटलेटिको,atletico,count=3
एटीएम,atm,count=5
एटीएम,etm,count=1
एटीएस,ats,count=3
एटीके,atk,count=1
एटॉमिक,etamik,count=2
एटॉमिक,atomic,count=1
एट्रैक्टा,attracta,count=3
एडप्पाडी,edappadi,count=3
एडम,adam,count=4
एडमिट,admit,count=25
एडमिनबैंडबॉक्स,edminbandboks,count=3
एडमिरल,admiral,count=2
एडमिरल,edmiral,count=1
एडमिशन,admission,count=6
एडवांस्ड,advanced,count=2
एडवेंचर,adventure,count=8
एडसेंस,adsense,count=6
एडिटर,editor,count=1
एडिटर्स,editors,count=2
एडिशनल,additional,count=5
एडिसन,edison,count=6
एडिस्वान,ediswan,count=3
एडीआईए,adia,count=3
एडीपीओ,adpo,count=3
एडेरेन,ederren,count=3
एडोल्फ,adolf,count=2
एड्जार्ड,edzard,count=1
एथलीट्स,athletes,count=3
एथलेटिक्स,athletics,count=4
एन,n,count=3
एन,batsman,count=1
एनआईआईएफ,niif,count=3
एनआईए,nia,count=6
एनआईएफटी,nift,count=6
एनआईटी,nit,count=3
एनआईटी,nits,count=3
एनआईटीआई,niti,count=3
एनआईपीएफपी,nipfp,count=3
एनआईबीएमजी,nibmg,count=3
एनआरए,nra,count=2
एनआरएचएम,nrhm,count=9
एनईआर,ner,count=1
एनईईटी,neet,count=4
एनईटी,net,count=3
एनईपी,nep,count=3
एनएफएस,nfs,count=3
एनएम,nm,count=20
एनएमए,nma,count=1
एनएमएमसी,nmmc,count=3
एनएसई,nse,count=6
एनएसए,nsa,count=3
एनएसएस,nss,count=6
एनएसडीसी,nsdc,count=6
एनकॉर,ncore,count=1
एनगुयेन,nguyen,count=2
एनटी,nt,count=2
एनटीआर,ntr,count=2
एनटीईएस,ntes,count=2
एनटीए,nta,count=17
एनटीए,entee,count=1
एनटीएफ,ntf,count=3
एनटीएफएस,ntfs,count=3
एनटीडीएस,ntds,count=2
एनटीपीसी,ntpc,count=22
एनडीए,nda,count=7
एनडीटीवी,ndtv,count=3
एनपीआर,npr,count=6
एनपीए,npas,count=3
एनपीएल,npl,count=6
एनपीसीआईएल,npcil,count=6
एनबीए,nba,count=3
एनसीईआरटी,ncert,count=3
एनाबीना,anabeena,count=1
एनालिटिक्स,enaalitiks,count=2
एनालिटिक्स,analytics,count=1
एनिमल,animal,count=4
एनेबलर,enabler,count=3
एन्जॉय,enjoy,count=5
एप,app,count=6
एप,ep,count=2
एपल,apple,count=3
एपिसोड,episode,count=10
एपीएसएसबी,apssb,count=2
एपीजे,apj,count=3
एपीपीएससी,appsc,count=4
एप्टीट्यूड,aptitude,count=3
एप्प,app,count=5
एप्पल,apple,count=18
एप्लिकेशन,application,count=9
एप्लीकेशन,application,count=3
एफआईआर,fir,count=1
एफआईपीबी,fipb,count=3
एफएओ,fao,count=3
एफएटीएफ,fatf,count=2
एफएम,fm,count=3
एफएम,efm,count=3
एफएसए,fsa,count=3
एफएसएसएआई,fssai,count=4
एफटीटीएच,ftth,count=3
एफडी,fd,count=3
एफडीआई,fdi,count=18
एफपीओ,fpo,count=3
एफिलिएट,affiliate,count=15
एबिलिटी,ability,count=3
एबी,ab,count=2
एबीएस,abs,count=6
एबेने,ebene,count=6
एम,m,count=18
एमआई,mi,count=21
एमआई,mee,count=1
एमआईएएल,mial,count=3
एमआरएडीएवी,mradav,count=3
एमईए,mea,count=1
एमए,ma,count=4
एमएफ,mf,count=3
एमएफएसए,mfsa,count=3
एमएमआर,mmr,count=6
एमएमसीटी,mmct,count=3
एमएल,ml,count=3
एमएलए,mla,count=6
एमएस,ms,count=21
एमएसआई,msi,count=2
एमएसएमई,msme,count=11
एमएसएमई,msmes,count=6
एमएसडीई,msde,count=3
एमएसपी,msp,count=3
एमएसबीएसएचएसई,msbshse,count=2
एमटी,mt,count=3
एमटीएनएल,mtnl,count=3
एमटीएस,mts,count=9
एमडी,md,count=7
एमनेशिया,amnesia,count=3
एमपी,mp,count=23
एमपीएससी,mpsc,count=1
एमपीपीईबी,mppeb,count=4
एमपीपीएससी,mppsc,count=6
एमपीबीएसई,mpbse,count=4
एमबीए,mba,count=5
एमबीएमसी,mbmc,count=3
एमबीडीए,mbda,count=3
एमबीपीएस,mbps,count=1
एमिनेंट,eminent,count=3
एमिरेट्स,emirates,count=3
एमिशन,emishan,count=2
एमिशन,emission,count=1
एमेजॉन,amazon,count=2
एमेरिटस,emeritus,count=5
एमोलेड,amoled,count=2
एमोलेड,emoled,count=1
एम्पावरमेंट,empowerment,count=3
एम्प्लॉयर,employer,count=3
एम्बर,amber,count=1
एम्बुलेंस,ambulance,count=3
एम्बुलेंस,ambureks,count=3
एम्ब्रोज,ambroz,count=2
एम्ब्रोज,ambrose,count=1
एम्मा,emma,count=1
एम्स,aiims,count=12
एम्स,aims,count=4
एम्स्टर्डम,amstardam,count=2
एम्स्टर्डम,amsterdam,count=1
एयर,eyar,count=2
एयरक्राफ्ट,aircraft,count=5
एयरटेल,airtel,count=35
एयरपोर्ट,airport,count=25
एयरबीएनबी,airbnb,count=3
एयरबेस,airbase,count=1
एयरबैग,airbag,count=2
एयरलाइंस,airlines,count=2
एयरलाइन,airline,count=2
एयरलाइन्स,airlines,count=3
एयरोनॉटिक्स,aeronautics,count=3
एरर,error,count=3
एरिजोना,arizona,count=5
एरिजोना,erijona,count=4
एरिना,arina,count=1
एरोड्रोम,aerodrome,count=3
एल,el,count=6
एल,l,count=3
एलईडी,led,count=22
एलएएन,lan,count=1
एलएलपी,llp,count=6
एलजेपी,ljp,count=7
एलटीई,lte,count=8
एलटीएमएसएल,ltmmsl,count=3
एलडीआर,ldr,count=2
एलन,elon,count=2
एलाइड,allied,count=2
एलान,elaan,count=7
एलिजिबिलिटी,eligibility,count=6
एलिन,allen,count=3
एलिस,elise,count=1
एलिसन,allyson,count=1
एलिस्टर,aleister,count=2
एली,aly,count=2
एलीट,elite,count=3
एलुमनी,alumni,count=3
एलुम्नी,alumni,count=3
एलुरु,eluru,count=3
एलेट्स्की,eletsky,count=2
एलेना,elena,count=3
एलो,village,count=6
एलोरा,ellora,count=1
एल्युमनाई,alumni,count=3
एवं,evam,count=38
एवं,va,count=3
एवरग्राफ,evergraph,count=3
एवरग्रीन,evergreen,count=3
एवी,av,count=4
एस,s,count=12
एसआई,si,count=28
एसआईआई,sii,count=6
एसआईटी,sit,count=3
एसआईपी,sip,count=3
एसआरए,sra,count=3
एसआरएच,esarhech,count=1
एसआरएम,srm,count=3
एसई,se,count=3
एसईएम,sem,count=3
एसईओ,seo,count=6
एसए,sa,count=3
एसएन,sn,count=3
एसएफजे,sfj,count=3
एसएमएस,sms,count=3
एसएलईडी,sled,count=1
एसएसआर,ssr,count=2
एसएसए,ssa,count=2
एसएसएफ,ssf,count=3
एसएसएलसी,sslc,count=6
एसएसओ,sso,count=6
एसएसडी,ssd,count=1
एसएसपी,ssp,count=18
एसएसबी,ssb,count=3
एसओ,so,count=3
एसकेएमसीएच,skmch,count=3
एसजेवीएन,sjvn,count=1
एसटी,st,count=6
एसटीएआरसी,starc,count=3
एसटीएटी,state,count=1
एसटीएटी,sateeit,count=1
एसटीएटी,stat,count=1
एसटीएफ,stf,count=3
एसटीओ,sto,count=3
एसडीएम,sdm,count=1
एसडीएल,sdl,count=3
एसडीओ,sdo,count=4
एसपी,sp,count=5
एसपीओ,spo,count=3
एसबीआई,sbi,count=47
एसबीआई,esbi,count=3
एसबीपीडीसीएल,sbpdcl,count=3
एसवीएम,svm,count=1
एसिस्मोलेंड,samoled,count=1
एसेंशियल,essential,count=5
एसेट,asset,count=3
एसोसिएट,associate,count=6
एसोसिएशन,association,count=10
एस्कॉर्ट्स,escorts,count=3
एस्टर,aster,count=6
एस्टा,asta,count=3
एस्टेट,estate,count=4
एस्ट्राजेनेका,astrazeneka,count=2
एस्ट्राडा,estrada,count=3
एस्सेलविजन,esselvision,count=3
ऐंड,and,count=1
ऐक्शन,aiksiyon,count=1
ऐड,aid,count=3
ऐतिहासिक,aitihaasik,count=7
ऐतिहासिक,aitihasik,count=4
ऐथलीट,athlete,count=3
ऐन,ain,count=3
ऐप,app,count=67
ऐप,aap,count=2
ऐपगैलरी,appgallery,count=2
ऐप्पल,apple,count=3
ऐप्स,apps,count=6
ऐमा,aima,count=1
ऐमिम,aimim,count=2
ऐलान,elaan,count=34
ऐलान,ailaan,count=3
ऐलान,ailan,count=2
ऐलान,elan,count=1
ऐश,ash,count=3
ऐश्वर्या,aishwarya,count=15
ऐसा,aisa,count=48
ऐसी,aisi,count=33
ऐसे,aise,count=78
ऑउटलुक,outlook,count=3
ऑक्सीपिटल,occipital,count=2
ऑक्सीपीटल,oksipital,count=2
ऑटी,aunty,count=1
ऑटो,auto,count=17
ऑटोफोकस,autofocus,count=1
ऑटोमेटिक,automatic,count=3
ऑटोमेटेड,autometed,count=2
ऑटोमेटेड,automated,count=1
ऑटोमैटिक,automattic,count=3
ऑटोमैटिक,automatic,count=2
ऑटोमोटिव,automotive,count=3
ऑटोमोबाइल,automobile,count=5
ऑडिट,audit,count=12
ऑडिटर्स,auditors,count=6
ऑडिटिंग,auditing,count=3
ऑडी,audi,count=7
ऑन,on,count=14
ऑनबोर्ड,onbord,count=2
ऑनबोर्ड,onboard,count=1
ऑनर,honor,count=3
ऑनर्स,honours,count=1
ऑनलाइन,online,count=65
ऑनस्क्रीन,onscreen,count=1
ऑपरेटर,operator,count=3
ऑपरेटिंग,operating,count=4
ऑपरेशन,operation,count=17
ऑप्टस,optus,count=2
ऑप्टिकल,optical,count=21
ऑप्टिमा,optima,count=3
ऑप्टिमाइज़,optimised,count=3
ऑप्शनल,optional,count=2
ऑफ,of,count=262
ऑफ,off,count=3
ऑफथाल्मोलॉजी,ophthalmology,count=3
ऑफर,offer,count=14
ऑफर,ofer,count=2
ऑफर्स,offers,count=3
ऑफ़,of,count=25
ऑफ़,aaf,count=1
ऑब्जर्वेटरी,observatory,count=3
ऑब्स,obs,count=3
ऑरोरा,aurora,count=6
ऑर्गनाइजेशन,organization,count=11
ऑर्गनाइजेशन,organisation,count=6
ऑर्गेनिक,organic,count=3
ऑर्टन,orton,count=3
ऑर्ट्स,arts,count=2
ऑर्बिट,orbit,count=3
ऑल,all,count=28
ऑल,oll,count=2
ऑलराउंडर,allrounder,count=14
ऑलराउंडर,allroundar,count=1
ऑलराउंडर,alrounder,count=1
ऑलराउंडर,olraundar,count=1
ऑलराउंडर्स,allrounders,count=3
ऑल्टो,alto,count=3
ऑस्टिन,austin,count=3
ऑस्ट्रेलियन,australian,count=4
ऑस्ट्रेलियन,austreliyan,count=1
ऑस्ट्रेलियन,ostreliyan,count=1
ऑस्ट्रेलिया,australia,count=78
ऑस्ट्रेलिया,ostreliya,count=4
ऑस्ट्रेलिया,australiya,count=1
ऑस्ट्रेलियाई,austrelian,count=1
ऑस्ट्रेलियाई,australian,count=1
ऑस्ट्रेलियाई,australiai,count=1
ऑस्ट्रेलियाई,ostreliyaee,count=1
ऑस्ट्रेलियाई,australiayi,count=1
ऑस्ट्रेलियाई,astraliyai,count=1
ओ,o,count=6
ओंकार,onkar,count=3
ओइलर,euler,count=1
ओएफएस,ofs,count=3
ओएफएसएस,ofss,count=4
ओएमआर,omr,count=5
ओएस,os,count=9
ओएसडी,osd,count=3
ओग्डेन,ogden,count=1
ओटिस,otis,count=3
ओटीटी,ott,count=12
ओडर,oder,count=4
ओडर,odar,count=2
ओडिशा,odisha,count=8
ओडीआई,odi,count=1
ओड्स,odds,count=3
ओतेमोन,otemon,count=3
ओद्रा,odra,count=3
ओपन,open,count=23
ओपनर,opener,count=7
ओपनिंग,opening,count=4
ओपनिंग्स,opening,count=2
ओपनिंग्स,openings,count=1
ओपिनियन,opinion,count=2
ओपीडी,opd,count=3
ओपेरा,opera,count=4
ओप्पो,oppo,count=9
ओप्लस,oplus,count=1
ओबामा,obama,count=10
ओमप्रकाश,omprakash,count=5
ओमान,oman,count=3
ओमानी,omani,count=2
ओमिक्रॉन,omicron,count=8
ओमेगा,omega,count=3
ओमोस,omos,count=3
ओयो,oyo,count=3
ओर,or,count=59
ओर,taraf,count=17
ओर,ore,count=3
ओर,aur,count=3
ओर,aaur,count=1
ओरिएंट,orient,count=3
ओरिएंटलिस,orientales,count=2
ओरिजिनल,original,count=1
ओरेकल,oracle,count=3
ओलंप,olymp,count=9
ओलंपिक,olympic,count=15
ओलंपिक,olympics,count=2
ओला,ola,count=3
ओलिंपिक,olympic,count=3
ओलिंपिक,olympics,count=3
ओलिंपिक्स,olympics,count=3
ओली,ollie,count=1
ओलेक्ट्रा,olektra,count=2
ओलेड,oled,count=5
ओल्ड,old,count=7
ओवर,over,count=10
ओवरसीज,overseas,count=1
ओवल,oval,count=2
ओवेन्स,owens,count=4
ओवैसी,owaisi,count=3
ओवैसी,ovaisi,count=2
ओसवाल,osvaal,count=1
ओसाका,osaka,count=3
औचक,auchak,count=3
औद्योगिक,audyogik,count=6
औपचारिक,aupcharik,count=1
और,aur,count=3135
और,or,count=5
और,rbi,count=3
और,robert,count=2
और,karnataka,count=2
और,navachar,count=1
और,gargano,count=1
और,rupaye,count=1
औरंगाबाद,aurangabad,count=3
औलिसोरा,oulisora,count=1
औषधि,aushadhi,count=4
औसेर,auser,count=1
कंक्रीट,concrete,count=3
कंगना,kangana,count=40
कंगना,kangna,count=5
कंचन,kanchan,count=3
कंज्यूमर,konjyoomer,count=1
कंटेंट,content,count=6
कंटेनमेंट,containment,count=3
कंटेस्टंट,contestant,count=1
कंटेस्टेंट,contestant,count=5
कंट्री,country,count=6
कंट्रोल,control,count=21
कंट्रोल,kontrol,count=3
कंट्रोल,kantrol,count=1
कंट्रोलर,controller,count=3
कंट्रोवर्सी,kantrowersi,count=3
कंडीमेंट्स,kandimeints,count=1
कंडीमेंट्स,condiments,count=1
कंपनियाँ,kampaniyan,count=2
कंपनियाँ,companiyan,count=1
कंपनियां,kampaniyaan,count=7
कंपनियां,companiyaan,count=6
कंपनियां,companies,count=6
कंपनियां,company,count=4
कंपनियां,companyaan,count=2
कंपनियां,kompaniyaan,count=2
कंपनियां,kampaniyan,count=1
कंपनियों,companies,count=18
कंपनियों,kampaniyon,count=8
कंपनियों,companyon,count=7
कंपनियों,kompaniyon,count=6
कंपनियों,companiyon,count=5
कंपनी,company,count=170
कंपनी,kampani,count=41
कंपनी,kampanee,count=5
कंपनी,kumpni,count=2
कंप्यूटर,computer,count=12
कंप्लायंट,compliant,count=3
कंसर्न,concern,count=2
कंसल्टेंसी,consultancy,count=1
कंसास,kansas,count=1
कंसोर्टियम,consortium,count=3
कंस्ट्रक्शन,construction,count=3
कंस्यूमर,consumer,count=3
कंस्यूमर्स,consumers,count=2
कई,kai,count=201
कई,anek,count=3
कई,kayi,count=2
कक्कड़,kakkar,count=25
कक्कड़,kakar,count=1
कक्षा,kaksha,count=33
कक्षा,kklaas,count=3
कगामे,kagame,count=3
कज़ाकिस्तान,kazakhstan,count=3
कटआउट्स,kataouts,count=1
कटआउट्स,cutouts,count=1
कटरीना,katrina,count=1
कटारिया,katariya,count=3
कटारिया,kataria,count=3
कटिंग,cutting,count=6
कटिहार,katihar,count=3
कटौती,katauti,count=6
कट्टर,kattar,count=2
कट्टरपंथियों,kattarpanthiyon,count=2
कठिनाई,kathinai,count=3
कड़ा,kada,count=2
कड़ा,karda,count=1
कड़ी,kadi,count=25
कतराते,katarate,count=3
कतारें,katarain,count=1
कथा,katha,count=3
कथावाचक,kathavachak,count=1
कथाशिल्पी,kathasilpi,count=2
कदम,kadam,count=32
कदमपुझा,kadampuzha,count=2
कद्दावर,kaddawar,count=1
कनवर्ट,kanvert,count=3
कनाडा,canada,count=4
कनाडा,kanada,count=2
कनिका,kanika,count=5
कनिष्क,kanishk,count=3
कनेक्ट,connect,count=3
कनेक्टिविटी,connectivity,count=42
कनेक्टिविटी,connecticivty,count=3
कनेक्टिविटी,connectiviti,count=2
कनेक्टेड,connected,count=3
कनेक्शन,connection,count=14
कनौजिया,kanaujia,count=1
कन्नड़,kannad,count=3
कन्ने,kanney,count=3
कन्नौज,kannauj,count=1
कन्फ्रेंस,conference,count=3
कन्याओं,kanyaon,count=2
कन्याकुमारी,kanyakumari,count=2
कन्वर्ट,convert,count=3
कन्स्ट्रक्टिव,constructive,count=3
कप,cup,count=96
कप,kap,count=17
कपड़े,kapde,count=5
कपल,couple,count=9
कपल्स,kapal,count=1
कपाड़िया,kapadia,count=3
कपिल,kapil,count=27
कपूर,kapoor,count=186
कपूरथला,kapurthala,count=3
कप्तान,kaptaan,count=31
कप्तान,captain,count=31
कप्तान,kaptan,count=1
कप्तानी,captaincy,count=7
कप्तानी,captaini,count=3
कप्तानी,kaptaani,count=2
कप्तानी,kaptani,count=2
कप्तानों,kaptaanon,count=3
कब,kab,count=3
कबड्डी,kabaddi,count=8
कबी,kabi,count=4
कबीर,kabir,count=10
कब्जा,kabza,count=3
कब्जे,kabze,count=6
कभी,kabhi,count=28
कम,kam,count=90
कमजोर,kamjor,count=3
कमजोर,kamzor,count=3
कमर,kamar,count=5
कमर,qamar,count=1
कमल,kamal,count=6
कमला,kamala,count=1
कमलेश,kamlesh,count=3
कमांड,command,count=3
कमांडर,commanders,count=3
कमांडरों,commanders,count=3
कमांडिंग,commanding,count=3
कमाई,kamaai,count=6
कमाता,kamata,count=2
कमान,kamaan,count=3
कमान,kaman,count=1
कमाल,kamal,count=3
कमाल,kamaal,count=1
कमियां,kamiyan,count=3
कमियों,kamiyon,count=3
कमिशन,commission,count=2
कमिश्नर,commissioner,count=8
कमी,kami,count=20
कमीशन,commission,count=32
कमीशन,komishan,count=1
कमीशनिंग,commissioning,count=3
कमेंट,comment,count=4
कमेंटेटर,commentator,count=4
कमेंटेटर,comenter,count=2
कमेंट्री,commentary,count=6
कमेटी,committee,count=3
कमोडिटी,khamoditi,count=2
कमोडिटीज़,commodities,count=3
कम्पनी,company,count=2
कम्पनी,kampani,count=1
कम्पार्टमेंट,compartment,count=3
कम्प्रिहेंसिव,comprehensive,count=3
कम्प्लायंस,complaiyance,count=3
कम्युनिकेशन,communication,count=1
कम्युनिस्ट,communist,count=9
कयामत,qayamat,count=6
कर,kar,count=840
कर,karke,count=2
करके,karke,count=68
करण,karan,count=24
करणवीर,karanvir,count=9
करणवीर,karanveer,count=3
करता,karta,count=92
करता,kartaa,count=3
करता,krta,count=1
करती,karti,count=51
करती,karta,count=5
करतीं,karti,count=2
करते,karte,count=153
करते,karate,count=5
करते,karti,count=2
करन,karan,count=4
करना,karna,count=99
करना,karni,count=3
करनी,karni,count=7
करने,karne,count=438
करने,karane,count=1
करनेवालों,karnevalon,count=2
करनैलगंज,karnailganj,count=3
करबा,karba,count=3
करमचंद,karamchand,count=4
करवाई,karvayi,count=3
करवाए,karvaye,count=3
करवाए,karvaaye,count=3
करवाते,karvate,count=3
करवाने,karvane,count=3
करवाया,karvaya,count=16
करा,kara,count=10
कराई,karai,count=9
कराए,karvaye,count=3
कराएंगे,karaenge,count=2
कराएंगे,karayenge,count=1
कराएगी,karayegi,count=3
कराकर,karakaar,count=2
कराके,karake,count=3
कराची,karaachi,count=2
कराची,karachi,count=2
कराना,karana,count=3
कराने,karane,count=15
कराने,karaney,count=6
कराया,karaya,count=18
करार,karar,count=7
करार,karaar,count=5
करारा,karara,count=3
करारी,karaari,count=1
करिकुलम,curriculum,count=3
करिकुलर,curricular,count=3
करियप्पा,cariappa,count=1
करियर,career,count=20
करिश्मा,karishma,count=9
करीना,kareena,count=36
करीब,karib,count=11
करीब,kareeb,count=6
करीम,karim,count=3
करूँ,karoon,count=3
करूं,karoon,count=3
करूंगा,karunga,count=6
करे,kare,count=9
करें,karen,count=41
करें,karein,count=25
करें,kare,count=2
करेंगी,karengi,count=1
करेंगे,karenge,count=79
करेगा,karega,count=29
करेगी,karegi,count=38
करेगी,karega,count=3
करो,karo,count=6
करोड़,karod,count=79
करोड़,crore,count=25
करोड़,crores,count=2
करोड़पति,crorepati,count=5
करोड़ों,karodon,count=16
कर्ज,karz,count=3
कर्ज,karj,count=3
कर्तव्य,kartavya,count=3
कर्तिक,karthik,count=3
कर्नल,karnal,count=3
कर्नाटक,karnataka,count=23
कर्नाटक,karnatak,count=4
कर्नाटक,karanatak,count=2
कर्नैलगंज,colonelganj,count=3
कर्फ,cerf,count=1
कर्फ,karph,count=1
कर्फ्यू,curfew,count=6
कर्मचारियों,karmchariyon,count=5
कर्मचारियों,karmachariyon,count=3
कर्मचारियों,karmchariyo,count=2
कर्मचारियों,karmchaariyon,count=2
कर्मचारी,karmchari,count=25
कर्मचारी,karmchaari,count=17
कर्मचारी,karmachari,count=5
कर्मचारी,karmaachaari,count=2
कर्मचारी,karmachaari,count=1
कर्मचारी,karamchaari,count=1
कर्मभूमि,karmabhoomi,count=2
कर्मियों,karmiyon,count=14
कर्मी,karmi,count=2
कर्लिन,kerline,count=3
कर्व,curve,count=3
कर्व्ड,curved,count=1
कर्स्टन,karston,count=1
कल,kal,count=26
कलकत्ते,kalkatte,count=3
कलर,color,count=3
कलरफिट,colorfit,count=1
कलर्स,colors,count=6
कला,kala,count=11
कला,kalaon,count=3
कलाकार,kalaakaar,count=2
कलाकार,kalakar,count=1
कलाकारों,kalaakaaron,count=3
कलाकारों,kalakaron,count=3
कलाम,kalam,count=3
कलाल,kalal,count=3
कलिंगरायर,kalingarayar,count=3
कलिम्पोंग,kalimpong,count=3
कलेक्टिविटी,collectivity,count=3
कलेक्शन,collection,count=1
कल्चर,culture,count=2
कल्पना,kalpana,count=3
कल्याण,kalyan,count=18
कल्याण,kalyaan,count=2
कल्याणी,kalyani,count=3
कल्लू,kallu,count=3
कवर,cover,count=3
कवायद,kavayad,count=3
कवि,kavi,count=2
कविता,kavita,count=6
कविनगर,kavinnagar,count=1
कव्या,kavya,count=3
कशिश,kashish,count=3
कश्मीर,kashmir,count=24
कश्मीरा,kashmira,count=6
कश्मीरी,kashmiri,count=3
कश्यप,kashyap,count=11
कस,kas,count=9
कसता,kashta,count=1
कसने,kasne,count=3
कसा,kasa,count=3
कस्टमाइज्ड,customized,count=2
कस्टम्स,customs,count=3
कस्बे,kasbe,count=3
कह,keh,count=7
कह,kah,count=5
कहकर,kahkar,count=3
कहकर,kehkar,count=1
कहता,kahata,count=5
कहता,kehta,count=3
कहते,kehte,count=19
कहते,kahate,count=2
कहना,kehna,count=26
कहना,chahunga,count=3
कहने,kehne,count=3
कहर,kahar,count=8
कहा,kaha,count=221
कहा,kahi,count=3
कहाँ,kahan,count=3
कहां,kahaan,count=2
कहां,kahan,count=1
कहांराम,kahanraam,count=3
कहानियाँ,kahaniyan,count=3
कहानियाँ,kahaaniyaan,count=2
कहानियों,kahaaniyon,count=2
कहानियों,kahaniyon,count=1
कहानी,kahaani,count=12
कहानी,kahani,count=7
कहिए,kahiye,count=3
कही,kahee,count=4
कही,kahi,count=1
कहीं,kahin,count=6
कहीं,kahi,count=4
कहीं,kaheen,count=3
कहूं,kahun,count=1
कहूंगा,kahoonga,count=3
कहे,kahe,count=6
का,ka,count=2353
का,ki,count=10
का,ke,count=10
का,hanks,count=3
का,vacation,count=3
का,kaa,count=2
का,krishna,count=1
का,kiya,count=1
का,khan,count=1
काँग्रेस,congress,count=3
काँग्रेस,kaangres,count=2
काँत,kaant,count=2
कांग,kong,count=3
कांगड़ा,kangda,count=5
कांगड़ा,kangra,count=3
कांग्रेस,congress,count=93
कांग्रेस,kaangres,count=18
कांग्रेस,congres,count=3
कांग्रेस,kongres,count=3
कांग्रेसभेल,congressbhel,count=3
कांग्रेसी,congressi,count=3
कांजीवरम,kanjiwaram,count=3
कांड,kaand,count=4
कांड,kand,count=3
कांत,kant,count=3
कांफ्रेंस,kaanphrens,count=2
कांफ्रेंस,conference,count=1
कांस,kaans,count=3
कांस्टेबल,constable,count=10
कांस्टेबल,kaanstebal,count=2
काइल,kyle,count=3
काईज़ेन,kaizen,count=3
काउंसलिंग,counseling,count=6
काउंसिल,kaunsil,count=2
काकतीय,kakatiya,count=1
काका,kaka,count=3
काकोरी,kakori,count=2
कागज,kagaz,count=3
कागज,kaagaz,count=1
कागजों,kagazon,count=1
काजल,kajal,count=1
काजीरंगा,kaziranga,count=6
काटते,kaatate,count=3
काटने,kaatne,count=3
काठमांडू,kathmandu,count=3
कादियाला,kaadiyala,count=3
कादिर,qadir,count=3
कान,cannes,count=2
कानपुर,kanpur,count=33
कानपुर,kaunpur,count=2
कानपुर,kaanpur,count=1
कानून,kaanoon,count=15
कानून,kanoon,count=9
कानूनों,kanoonon,count=4
कानूनों,kaanoonon,count=2
काफ़ी,kafi,count=1
काफिले,kafile,count=2
काफिले,kaafile,count=1
काफिले,kafiile,count=1
काफी,kaafi,count=86
काफी,kafi,count=8
काबिल,kabil,count=3
काबिलियत,kaabilit,count=1
काम,kaam,count=148
काम,kam,count=1
कामगार,kaamdaar,count=3
कामिंस्काया,kaminskaya,count=3
कायम,kayam,count=1
कायल,kaayal,count=1
कार,car,count=83
कार,kaar,count=2
कारगर,kargar,count=3
कारगर,kaargar,count=3
कारगिल,kargil,count=3
कारण,kaaran,count=58
कारण,karan,count=21
कारप्ले,carplay,count=3
कारवां,caravan,count=1
कारस्को,carrasco,count=3
काराकाट,karakat,count=3
कारें,karen,count=3
कारें,kaaren,count=2
कारें,kaarein,count=1
कारों,caron,count=6
कारों,kaaron,count=1
कारोबार,kaarobaar,count=4
कारोबार,karobaar,count=3
कारोबार,karobar,count=1
कार्गो,cargo,count=3
कार्टर,karter,count=3
कार्ड,card,count=105
कार्डोसो,cardoso,count=3
कार्तिक,kartik,count=9
कार्तिक,kaartik,count=3
कार्तिक,karthik,count=1
कार्तिकेय,kartikey,count=3
कार्पेट,carpet,count=1
कार्बन,carbon,count=3
कार्मिकों,kaarmikon,count=3
कार्य,kaary,count=9
कार्य,karya,count=5
कार्य,kaarya,count=3
कार्यकर्ता,karyakarta,count=2
कार्यकर्ता,kaaryakarta,count=1
कार्यकर्ताओं,karyakartaon,count=8
कार्यकर्ताओं,kaaryakartaon,count=3
कार्यकारी,karyakari,count=7
कार्यकारी,karyakaari,count=2
कार्यकारी,kaaryakaari,count=1
कार्यक्रम,karyakram,count=35
कार्यक्रम,kaaryakram,count=3
कार्यक्रमों,karyakramon,count=3
कार्यत्रढम,karyatradham,count=1
कार्यभार,kaaryabhar,count=3
कार्यरत,kaaryarat,count=3
कार्यरत,karyarat,count=1
कार्यस्थल,kaaryasthal,count=2
कार्यान्वित,karyanvit,count=3
कार्यालय,karyalay,count=5
कार्यालय,karyalaya,count=1
कार्यों,karyon,count=3
कार्यों,kaaryon,count=2
कार्यों,karyo,count=1
कार्रवाई,kaaryavaahi,count=5
कार्रवाई,karvai,count=4
कार्रवाई,kaarvai,count=3
कार्रवाई,kaarvayi,count=2
कार्रवाई,kaaryawaayi,count=2
कार्रवाई,kaaryawaahi,count=2
कार्रवाई,karwai,count=1
कार्रवाई,karwaai,count=1
काल,kaal,count=3
कालका,kalka,count=2
कालखंड,kaalkhand,count=6
कालबुरगी,kalaburagi,count=2
कालबुरगी,kalaburgi,count=1
काला,kaala,count=6
कालादान,kaladan,count=3
कालाधन,kaaladhan,count=3
कालाबुरागी,kalaburagi,count=2
कालिंदी,kalindi,count=2
काली,kali,count=8
काली,kaali,count=2
कालीसिंध,kaalisindh,count=3
कालीसिंध,kalisindh,count=2
कालीसिंध,kalisingh,count=1
काले,kaale,count=3
कावासाकी,kawasaki,count=1
कावेरी,kaveri,count=3
काव्या,kavya,count=6
काशी,kaashi,count=4
कासिल्दा,kaasilda,count=2
कासिल्दा,casilda,count=1
कास्ट,cast,count=3
कास्टिंग,casting,count=1
कास्तिया,kaastiya,count=2
कास्तिया,kaastia,count=1
कास्तिला,castilla,count=3
कि,ki,count=600
कि,kee,count=3
कि,ke,count=2
किंग,king,count=8
किंगडम,kingdom,count=3
किंगयिन,qingyin,count=3
किंग्स,kings,count=53
किंग्स,kingss,count=3
किंग्समीड,kingsmead,count=3
किआ,kia,count=2
किए,kiye,count=126
किए,kie,count=3
किट,kit,count=1
किट्टी,kitty,count=5
किडनी,kidney,count=3
किड्स,kids,count=3
कितना,kitna,count=9
कितनी,kitni,count=13
कितने,kitne,count=1
किताब,kitab,count=8
किताब,kitaab,count=3
किताबें,kitaaben,count=3
किताबों,kitaabon,count=3
किनारे,kinare,count=11
किम,kim,count=6
किमी,kilometer,count=1
किया,kiya,count=1028
किया,chahiye,count=1
कियारा,kiyaara,count=3
किये,kiye,count=6
कियोसाकी,kiyosaki,count=3
किरण,kirron,count=3
किरण,kiran,count=2
किरदार,kirdaar,count=20
किरदार,kirdar,count=7
किरन,kiran,count=2
किराए,kiraye,count=3
किराये,kiraye,count=3
किरिलोव,kirillov,count=2
किर्लोस्कर,kirloskar,count=3
किलकारियां,kilkariyan,count=3
किले,kile,count=12
किलो,kilo,count=3
किलोमीटर,kilometer,count=19
किशनगढ़,kishangarh,count=3
किशनपोल,kishanpol,count=3
किशोर,kishor,count=6
किशोरी,kishori,count=3
किशोरी,iamjayakishori,count=1
किस,kis,count=9
किसके,kiske,count=2
किसान,kisan,count=28
किसान,kisaan,count=12
किसानों,kisaanon,count=32
किसानों,kisanon,count=10
किसानों,kisano,count=6
किसानों,kisaano,count=3
किसी,kisi,count=61
किसे,kise,count=1
किस्सा,kissa,count=4
की,ki,count=3854
की,kee,count=93
की,ke,count=39
की,ka,count=15
की,kiya,count=14
की,section,count=3
की,tcs,count=3
की,breaking,count=3
की,adhyakshta,count=2
की,rukh,count=1
की,success,count=1
कीं,ki,count=3
कींन्स,keens,count=2
कीच,keech,count=1
कीजिए,kijiye,count=6
कीजिये,kijiye,count=3
कीजियेगा,kijiye,count=3
कीटनाशकों,keetnaashakon,count=2
कीटनाशकों,keetnashakon,count=1
कीन्स,keynes,count=2
कीप,keep,count=3
कीपिंग,keeping,count=1
कीमत,keemat,count=96
कीमत,kimat,count=3
कीमतें,keematein,count=3
कीमतें,keemat,count=1
कीमतों,kimton,count=3
कीमतों,keematon,count=1
कीरतपुर,kiratpur,count=2
कीरतपुर,keeratpur,count=1
कीरेन,kyren,count=3
कीर्तिमान,kirtiman,count=1
कीवर्ड,keywords,count=3
कीवी,keevee,count=1
कीवॉन,kiwan,count=3
कुंजी,kunji,count=11
कुंड,kund,count=3
कुंडली,kundali,count=3
कुंद्रा,kundra,count=12
कुंबले,kumble,count=1
कुंभ,kumbh,count=2
कुकरेजा,kukreja,count=3
कुख्यात,kukhyaat,count=3
कुछ,kuch,count=83
कुछ,kuchh,count=55
कुटुम्ब,kutumb,count=3
कुटुम्बकम,kutumbakam,count=2
कुणाल,kunal,count=2
कुणाल,kaunal,count=2
कुमकुम,kumkum,count=2
कुमार,kumar,count=188
कुमार,kumaar,count=7
कुमारी,kumari,count=6
कुरैशी,qureshi,count=2
कुर्की,kurkee,count=2
कुर्सी,kursi,count=6
कुल,kul,count=30
कुली,coolie,count=2
कुली,kuli,count=1
कुल्लू,kullu,count=3
कुशलता,kushalta,count=3
कुशवाहा,kushvaaha,count=3
कुशवाहा,kushwaha,count=3
कुष्ठरोग,kushthrog,count=1
कूटनीति,kootneeti,count=2
कूटनीतिक,kootneetik,count=2
कूड़े,koode,count=3
कूद,kood,count=3
कूल,cool,count=1
कूल्ड,cooled,count=1
कृति,kriti,count=13
कृपया,kripya,count=2
कृषक,krishak,count=3
कृषि,krishi,count=31
कृष्ण,krishna,count=17
कृष्ण,krishan,count=5
कृष्णा,krishna,count=10
कृष्णा,krushna,count=2
के,ke,count=6934
के,k,count=18
के,ka,count=14
के,chief,count=5
के,khilaaf,count=4
के,ki,count=4
के,gorakhpur,count=3
के,africa,count=3
के,dekhne,count=3
के,ceo,count=2
के,beech,count=2
के,maalik,count=2
के,cm,count=2
के,khan,count=1
के,chhattisgarh,count=1
के,kaptaan,count=1
के,captaincy,count=1
के,csk,count=1
के,khilaf,count=1
के,second,count=1
के,kaal,count=1
केंदबाज,kendbaaj,count=2
केंदबाज,kendabaz,count=1
केंद्र,kendra,count=39
केंद्र,kendr,count=36
केंद्र,kendriya,count=1
केंद्रित,kendrit,count=6
केंद्रीय,kendriya,count=68
केंद्रीय,kendra,count=1
केंद्रों,kendron,count=8
केआरबीए,krba,count=2
केएल,kl,count=7
केएसपी,ksp,count=2
केकेआर,kkr,count=18
केजरीवाल,kejriwal,count=42
केजरीवाल,kejriwaal,count=3
केटीके,ktk,count=3
केतेवन,ketevan,count=3
केदार,kedar,count=1
केदारनाथ,kedarnath,count=1
केन,kane,count=3
केप,cape,count=3
केपी,kp,count=3
केबल,cable,count=7
केबल,kebal,count=2
केबिनेट,cabinet,count=3
केमिकल,chemical,count=3
केमिकल्स,chemicals,count=4
केमिस्ट्री,chemistry,count=3
केरल,kerala,count=16
केरला,kerala,count=3
केली,kelly,count=6
केले,kele,count=3
केवड़िया,kevadiya,count=6
केवल,keval,count=37
केविन,kevin,count=9
केवीएस,kvs,count=2
केशव,keshav,count=3
केस,case,count=36
केस,kees,count=6
केस,kesa,count=4
केसर,kesar,count=6
केसरी,kesari,count=3
कैंडल्स,candles,count=4
कैंडिडेट्स,candidates,count=2
कैंप,camp,count=9
कैग,cag,count=1
कैटरीना,katrina,count=7
कैटरीना,kaitriina,count=2
कैटलिटिक,catalytic,count=3
कैटिच,katich,count=1
कैटेगरी,category,count=3
कैटेगरीज,categories,count=3
कैडर,cadre,count=3
कैडर,kaydar,count=1
कैडिला,cadila,count=5
कैदी,kaidi,count=3
कैन,can,count=3
कैनसस,kansas,count=3
कैपिटल,capital,count=16
कैपिटल्स,capitals,count=15
कैपिटल्स,kepitls,count=2
कैपिटल्स,kepiatlz,count=1
कैपिटल्स,capitalas,count=1
कैप्टन,captain,count=14
कैप्टन,kaptan,count=1
कैप्री,capri,count=3
कैफ,kaif,count=8
कैफ,kaiiph,count=2
कैफ़े,cafe,count=3
कैबिनेट,cabinet,count=4
कैमन,camon,count=3
कैमरा,camera,count=10
कैमरा,kamera,count=2
कैमरे,camera,count=2
कैमरों,kameron,count=3
कैम्प,camp,count=3
कैम्ब्रिज,cambridge,count=1
कैरियन,karrion,count=2
कैरियर,carrier,count=1
कैरी,carry,count=1
कैरेबियन,caribbean,count=3
कैलास,kailas,count=3
कैलिफोर्निया,california,count=9
कैलिस,kallis,count=3
कैली,kaili,count=3
कैलेंडर,calendar,count=10
कैल्शियम,kailshiyaam,count=3
कैश,cash,count=9
कैशफ्लो,cashflow,count=3
कैशलेस,cashless,count=3
कैसर,kaiser,count=3
कैसा,kaisa,count=4
कैसे,kaise,count=42
कैसे,kasie,count=1
कॉंग्रेस,kangres,count=3
कॉइन,coin,count=3
कॉनवे,conway,count=3
कॉन्ट्रेक्ट,contract,count=1
कॉन्ट्रैक्ट,kontraakt,count=1
कॉन्ट्रैक्ट,contract,count=1
कॉन्फ़िगरेशन,configuration,count=2
कॉन्फ्रेंस,conference,count=13
कॉन्फ्रेंस,konference,count=3
कॉन्फ्रेंसिंग,conferencing,count=9
कॉन्वेंट,convent,count=3
कॉन्सर्ट,concert,count=3
कॉन्सुलर,consular,count=3
कॉन्सेप्ट,concept,count=7
कॉन्सेप्ट,kaansepct,count=2
कॉन्स्टेबल,constable,count=3
कॉन्स्टेबुलरी,constabulary,count=3
कॉपर,copper,count=3
कॉपी,kopii,count=3
कॉपी,copy,count=3
कॉम,com,count=2
कॉमन,common,count=11
कॉमनवेल्थ,commonwealth,count=6
कॉमर्स,commerce,count=5
कॉमेंटेटर,commentator,count=2
कॉमेडियन,komedian,count=9
कॉमेडियन,comedian,count=3
कॉमेडी,comedy,count=6
कॉम्पैक्ट,compact,count=9
कॉम्बिनेशन,combination,count=3
कॉम्बैट,combat,count=3
कॉरपोरेशन,corporation,count=5
कॉरिडोर,koridor,count=3
कॉरिडोर,corridor,count=2
कॉरिडोर्स,corridors,count=3
कॉर्प,corp,count=6
कॉर्पोरेट,corporate,count=11
कॉर्पोरेशन,corporation,count=30
कॉर्पोरेशन,kaarporeshan,count=2
कॉर्बिन,corbin,count=3
कॉल,call,count=21
कॉलम,column,count=3
कॉलिंग,calling,count=3
कॉलेज,kaalij,count=6
कॉलोनी,colony,count=3
कॉलोनी,kaaloni,count=2
कॉल्ड,called,count=2
कॉस्ट,cost,count=6
को,ko,count=3031
को,ek,count=6
को,ke,count=3
को,dekhna,count=3
को,cluster,count=2
को,ka,count=2
को,quotes,count=1
को,lok,count=1
को,sabke,count=1
को,khel,count=1
को,aryanko,count=1
कोंकण,konkan,count=3
कोआपरेटिव,cooperative,count=6
कोई,koi,count=73
कोऑपरेटिव,cooperative,count=3
कोऑपरेशन,cooperation,count=3
कोका,coca,count=3
कोकीन,kokain,count=2
कोकीन,cocaine,count=2
कोकीन,cocain,count=1
कोच,coach,count=24
कोच,koch,count=1
कोचिंग,coaching,count=6
कोच्चि,kochchi,count=2
कोझिकोड,kozhikode,count=2
कोट,quote,count=3
कोटक,kotak,count=11
कोटा,kota,count=9
कोटिन्हो,coutinho,count=3
कोटी,coty,count=3
कोट्स,quotes,count=3
कोठरी,kothri,count=3
कोड,code,count=32
कोडेड,coded,count=3
कोतवाली,kotwali,count=3
कोने,kone,count=3
कोबोट,kobot,count=3
कोबोट्स,cobots,count=3
कोमल,komal,count=3
कोमा,koma,count=3
कोयला,koyal,count=3
कोर,core,count=10
कोरबा,korba,count=2
कोरवा,korva,count=3
कोराना,corona,count=2
कोरिया,koriya,count=3
कोरियाई,koriyaee,count=2
कोरियोग्राफर,choreographer,count=4
कोरियोग्राफर,koreyographer,count=1
कोरियोग्राफर,koreyographe,count=1
कोरेसपोंडेंट,correspondent,count=1
कोरेस्पोंडेंस,correspondence,count=3
कोरोना,corona,count=191
कोरोना,korona,count=13
कोरोना,koronaa,count=2
कोरोनावायरस,coronavirus,count=32
कोरोनावायरस,koronavirus,count=10
कोरोनावायरस,coronaavirus,count=3
कोरोनावायरस,koronaavirus,count=2
कोरोनावायरस,koronavaayaras,count=2
कोरोनिल,coronil,count=1
कोरोनोवायरस,coronaavairas,count=1
कोरोमिनास,corominas,count=2
कोर्ट,court,count=46
कोर्ट,kourt,count=2
कोर्स,course,count=16
कोर्स,corse,count=3
कोर्सेज,courses,count=3
कोर्सेज़,courses,count=3
कोल,coal,count=3
कोलकाता,kolkata,count=54
कोलकाता,kolkaata,count=8
कोला,cola,count=3
कोलीशन,coalition,count=3
कोलेला,colella,count=1
कोलोन,cologne,count=1
कोल्ड,cold,count=6
कोविंद,kovind,count=16
कोविड,covid,count=46
कोविड,kovid,count=6
कोविड,koovid,count=1
कोविद,covid,count=2
कोविन,cowin,count=1
कोशचीव,koscheev,count=3
कोशिश,koshish,count=5
कोशिशें,koshishein,count=3
कोष,kosh,count=2
कोसा,kosaa,count=2
कोसी,kosi,count=3
कोस्ट,coast,count=3
कोहराम,kohraam,count=2
कोहराम,kohram,count=1
कोहली,kohli,count=56
कोहोर्ट,cohort,count=1
कौन,kaun,count=24
कौर,kaur,count=8
कौल,kaul,count=4
कौशल,kaushal,count=27
कौशिक,kaushik,count=6
क्ऍया,kya,count=3
क्या,kya,count=68
क्यों,kyon,count=8
क्यों,kyun,count=4
क्योंकि,kyunki,count=19
क्योंकि,kyonki,count=10
क्योंकि,kyoki,count=1
क्रम,kram,count=15
क्रमशः,kramashah,count=2
क्रमशः,kramsh,count=1
क्रमशः,kramash,count=1
क्रमशः,kramshah,count=1
क्रांति,kranti,count=4
क्रांतिकारी,krantikaari,count=3
क्रांतिकारी,krantikari,count=2
क्राइम,crime,count=35
क्राइसिस,crisis,count=3
क्राइस्टचर्च,christchurch,count=2
क्राउड,crowd,count=3
क्राउन,crown,count=8
क्राटोस,kratos,count=2
क्राफेसिंग,crafting,count=2
क्रिएट,create,count=2
क्रिएटिव,creative,count=1
क्रिएटिविटी,creativity,count=6
क्रिकेट,kricket,count=3
क्रिकेट,kriket,count=2
क्रिकेटर,kriketar,count=10
क्रिकेटर,kriketer,count=3
क्रियान्वयन,kriyanvayan,count=6
क्रिस,chris,count=9
क्रिस्टीना,christina,count=3
क्रुणाल,krunal,count=3
क्रूज़,kruj,count=5
क्रूज़र,cruiser,count=3
क्रेज,craze,count=3
क्रेटा,kreta,count=3
क्रेडिट,credit,count=19
क्रेडिबिलिटी,credibility,count=3
क्रैश,crash,count=1
क्रॉस,kross,count=2
क्रॉस,cross,count=1
क्रॉसिंग,crossing,count=3
क्रॉसिंग,crossings,count=3
क्रॉसिंग्स,crossings,count=3
क्रोनिज्म,kronizm,count=3
क्रोम,chrome,count=8
क्रोमा,croma,count=3
क्लब,club,count=6
क्लस्टर,cluster,count=2
क्लाइंट,client,count=3
क्लाइपेडा,klaipda,count=1
क्लाइमेट,climate,count=12
क्लाउड,cloud,count=4
क्लार्क,klaark,count=2
क्लास,class,count=3
क्लिप,clip,count=3
क्लियरिंग,clearing,count=3
क्लीन,kleen,count=2
क्लीन,clean,count=2
क्लोज़र,closer,count=3
क्लोराइड,kloraid,count=1
क्लोरीन,chlorine,count=1
क्वांटम,kvantam,count=5
क्वांटम,quantum,count=1
क्वाड्रंट,quadrant,count=3
क्वारंटीन,quarantine,count=7
क्वारंटीन,covernteen,count=2
क्वालकॉम,qualcomm,count=19
क्वालकॉम,kwalakom,count=2
क्वालिटी,quality,count=5
क्वालीफाई,qualify,count=3
क्वींसलैंड,queensland,count=2
क्षमता,kshamta,count=14
क्षुद्रग्रह,kshudragrah,count=4
क्षुद्रग्रहों,kshudragrahon,count=2
क्षेत्र,kshetra,count=131
क्षेत्र,sector,count=30
क्षेत्र,kshetr,count=13
क्षेत्र,karyakshetra,count=3
क्षेत्रफल,kshetraphal,count=3
क्षेत्रीय,kshetreey,count=3
क्षेत्रीय,kshetriya,count=2
क्षेत्रीय,kshetriy,count=1
क्षेत्रों,kshetron,count=29
क्षेत्रों,sector,count=3
खंडवा,khandwa,count=6
खगोलशाला,khagolsala,count=2
खगोलशास्त्री,khagolshaastri,count=1
खट्टर,khattar,count=8
खट्टर,khatter,count=6
खड़गपुर,kharagpur,count=9
खड़गपुर,khardagpur,count=1
खड़गे,kharge,count=3
खड़से,khadse,count=2
खड़ा,khada,count=7
खड़ी,khadi,count=3
खड़े,khade,count=4
खतरनाक,khatarnak,count=3
खतरा,khatra,count=6
खतरे,khatre,count=3
खत्म,khatm,count=22
खत्म,khatam,count=14
खदान,khadan,count=3
खदान,khadaan,count=2
खनचंदानी,khanchandani,count=3
खन्ना,khanna,count=26
खपत,khaapat,count=3
खबर,khabar,count=54
खबरें,khabarein,count=1
खबरें,khabrein,count=1
खबरों,khabron,count=3
खरगोन,khargone,count=6
खराब,kharab,count=13
खरीद,kharid,count=5
खरीदना,kharidna,count=2
खरीदने,kharidne,count=9
खरीदने,khareedne,count=7
खरीदा,khareeda,count=13
खरीदा,kharid,count=2
खरीदा,kharida,count=2
खरीदारी,khareedari,count=3
खरीदे,khareede,count=3
खरे,khare,count=1
खर्गे,kharge,count=2
खर्च,kharch,count=19
खलनायक,khalnayak,count=6
खलिफा,khalifa,count=1
खलीज,khaleej,count=2
खलील,khaleel,count=1
ख़त्म,khatam,count=1
ख़बर,khabar,count=3
ख़बरें,khabrein,count=2
ख़ान,khan,count=6
ख़ुशी,khushi,count=2
खां,khaan,count=2
खाड़ी,khaadi,count=3
खाड़ी,khadi,count=3
खाताधारकों,khataadharkon,count=6
खाते,khaate,count=3
खाते,khate,count=3
खातों,khaaton,count=5
खादी,khadi,count=6
खाद्य,khadya,count=6
खान,khan,count=266
खान,khaan,count=9
खानदान,khaandaan,count=3
खानदेश,khandesh,count=3
खाना,khaana,count=6
खामोश,khaamosh,count=3
खामोशी,khamoshi,count=1
खारिज,khariz,count=3
खारिज,khaarij,count=2
खारिज,kharij,count=1
खालिद,khalid,count=9
खाली,khaali,count=5
खास,khaas,count=39
खासकर,khaaskar,count=7
खासतौर,khaastaur,count=2
खासा,khasa,count=2
खिताब,khitaab,count=12
खिताब,khitab,count=3
खिताबी,khitabi,count=1
खिलाड़ियों,khilaadiyon,count=7
खिलाड़ियों,khiladiyon,count=3
खिलाड़ी,khilaadi,count=37
खिलाड़ी,khiladi,count=22
खिलाड़ी,khilaadee,count=4
खिलाफ,khilaaf,count=74
खिलाफ,khilaf,count=30
खिलो,khilo,count=3
खींच,kheench,count=3
खीर,kheer,count=3
खीरी,kheri,count=3
खुद,khud,count=30
खुदकुशी,khudkushi,count=3
खुफिया,khoofiya,count=3
खुराक,khuraak,count=1
खुराना,khurrana,count=2
खुराना,khurana,count=1
खुर्दा,khurda,count=3
खुल,khul,count=15
खुलकर,khulkar,count=6
खुला,khula,count=1
खुलासा,khulaasa,count=13
खुलासा,khulasa,count=7
खुलासे,khulase,count=1
खुले,khule,count=9
खुलेगा,khulega,count=4
खुश,khushi,count=3
खुश,khush,count=1
खुशखबरी,khushkhabri,count=3
खुशहाली,khushhaali,count=3
खुशियों,khushiyon,count=3
खुशी,khushi,count=6
खुशीलाल,khushilal,count=3
खूब,khoob,count=16
खूब,khub,count=11
खूब,khaub,count=2
खूबसूरत,khoobsurat,count=5
खूबसूरत,khubsurat,count=4
खूबसूरती,khoobsurati,count=4
खूबसूरती,khubsurati,count=1
खेत,khet,count=6
खेतानी,khetani,count=3
खेती,kheti,count=15
खेमू,khemu,count=2
खेमे,kheme,count=2
खेर,kher,count=6
खेरा,khera,count=4
खेल,khel,count=33
खेल,khelon,count=3
खेलता,khelta,count=3
खेलते,kheltay,count=6
खेलते,khelta,count=3
खेलना,khelna,count=2
खेलनी,khelnee,count=1
खेलने,khelne,count=10
खेला,khela,count=64
खेली,kheli,count=4
खेलीं,khelkar,count=1
खेलूंगा,khelunga,count=3
खेले,khele,count=10
खेले,khelay,count=6
खेले,khela,count=6
खेले,khelte,count=2
खेले,kheliye,count=1
खेलो,khelo,count=6
खेलों,khelon,count=3
खेसारी,khesari,count=2
खो,kho,count=3
खोज,khoj,count=7
खोजा,khoja,count=1
खोते,khote,count=3
खोदाई,khodai,count=2
खोदाई,khudai,count=1
खोल,khol,count=3
खोलने,kholne,count=1
खोला,khola,count=7
खोले,khole,count=1
खौफ,khauf,count=3
ख्लो,khloe,count=1
ख्वाजा,khvaaja,count=2
गंगवाल,gangwaal,count=6
गंगवाल,gangwal,count=4
गंगा,ganga,count=18
गंगाजी,gangaaji,count=2
गंगाजी,gangaji,count=1
गंगानगर,ganganagar,count=1
गंगोलीहाट,gangolihat,count=3
गंधक,gandhak,count=1
गंभीर,gambhir,count=10
गंभीरता,gambhirta,count=3
गंवानी,gawani,count=3
गंवाने,gavaane,count=3
गंवाया,ganwaya,count=2
गई,gayi,count=275
गई,gai,count=29
गई,gaya,count=6
गई,gaee,count=4
गई,gaye,count=3
गईं,gayin,count=12
गईं,gayi,count=2
गए,gaye,count=259
गए,gae,count=8
गए,gye,count=2
गजनी,gajani,count=3
गजल,ghazal,count=3
गजलों,ghazalon,count=3
गठन,gathan,count=9
गठबंधन,gathbandhan,count=14
गडकरी,gadkari,count=1
गणतंत्र,ganatantra,count=8
गणतंत्र,gantantra,count=3
गणना,ganana,count=2
गणपति,ganpati,count=2
गणपथ,ganapath,count=1
गणराज्य,ganarajya,count=2
गणराज्य,ganrajya,count=1
गणित,ganit,count=3
गणितज्ञ,ganitagya,count=3
गणितज्ञ,ganitjny,count=2
गणितज्ञ,ganitgya,count=1
गणेश,ganesh,count=13
गणेशजी,ganeshji,count=3
गणेशन,ganeshan,count=4
गति,gati,count=6
गतिविधियों,gatividhiyon,count=3
गथरी,guthrie,count=2
गदर,gadar,count=3
गन,gun,count=2
गनी,ghani,count=3
गन्ने,ganne,count=2
गबन,gabhan,count=1
गम्भीर,gambheer,count=3
गया,gaya,count=604
गया,gayi,count=3
गयी,gayi,count=23
गये,gaye,count=7
गराजबंएद,garageband,count=1
गरीब,gareeb,count=4
गरीबों,garibon,count=12
गरीबों,gareebon,count=1
गर्ग,garg,count=3
गर्मजोशी,garmjoshi,count=3
गर्ल,girl,count=6
गर्लफ्रेंड,girlfriend,count=19
गर्ल्स,girls,count=3
गर्व,garv,count=3
गर्वनेंस,garvansen,count=3
गलत,galat,count=8
गलती,galti,count=5
गलरानी,galrani,count=1
गलवान,galwan,count=3
गलियारे,galiyare,count=1
गलियारों,galiyaaron,count=4
गवर्नमेंट,government,count=3
गवर्नर,governor,count=3
गवर्निंग,governing,count=6
गवर्नेंस,governance,count=11
गवाह,gawah,count=6
गहन,gahan,count=3
गहनता,gahanta,count=3
गहरा,gehra,count=3
गहलोत,gehlot,count=21
गहि,ghi,count=1
गाँधी,gandhi,count=5
गाँधीवादी,gaandhivaadi,count=2
गाँधीवादी,gandhivadi,count=1
गाँव,ganv,count=3
गांगुली,ganguly,count=11
गांगुली,ganguli,count=3
गांगुली,gaangulee,count=2
गांजा,ganja,count=3
गांदरबल,ganderbal,count=3
गांधी,gandhi,count=91
गांधी,gaandhi,count=1
गांव,gaav,count=3
गाइड,guide,count=3
गाइड,gaid,count=3
गाइडलाइन,guideline,count=3
गाई,gaayi,count=3
गाउंडर,gounder,count=3
गाकुइन,gakuin,count=3
गाजियाबाद,gaziabad,count=3
गाजियाबाद,ghaziabad,count=3
गाजियाबाद,gaaziyaabaad,count=1
गाजीपुर,gaazipur,count=2
गाजीपुर,ghazipur,count=1
गाड़ियां,gaadiyan,count=3
गाड़ियों,gaadiyon,count=6
गाड़ी,gaadi,count=6
गान,gaan,count=1
गाना,gaana,count=23
गाने,gaane,count=12
गानों,gaano,count=2
गानों,gaanon,count=2
गायक,gaayak,count=4
गायकवाड़,gaikwad,count=3
गायनी,gynae,count=3
गायब,gayab,count=4
गायिका,gaayika,count=6
गायिका,gayika,count=1
गारंटी,guarantee,count=1
गारुड,garud,count=3
गारे,gaare,count=3
गार्टन,garton,count=1
गार्ड,guard,count=2
गार्डंस,gardens,count=3
गार्डन,garden,count=3
गार्डन,gordon,count=2
गाला,gala,count=3
गावस्कर,gavaskar,count=1
गिटलिन,gitlin,count=3
गिना,gina,count=3
गिने,gine,count=3
गिन्नी,ginni,count=1
गिफ्ट,gift,count=3
गिर,gir,count=9
गिरती,girti,count=3
गिरते,girte,count=1
गिरने,girne,count=3
गिरफ्तार,giraphtaar,count=25
गिरफ्तार,giraftar,count=24
गिरफ्तार,giraftaar,count=6
गिरफ्तार,girapht,count=5
गिरफ्तार,girphtaar,count=4
गिरफ्तार,giraphtar,count=1
गिरफ्तारी,giraftari,count=3
गिरा,gira,count=5
गिराने,girane,count=3
गिराये,giraye,count=1
गिरावट,giravat,count=5
गिरावट,girawat,count=1
गिरि,giri,count=3
गिरी,giri,count=8
गिरोह,giroh,count=6
गिल,gill,count=5
गिल्ड,guild,count=2
गीगावाट,gigawatt,count=3
गीत,geet,count=7
गीतकार,geetkaar,count=8
गीनेस्टरोल,gynectrol,count=1
गुंजाइश,gunjaish,count=3
गुजर,guzar,count=3
गुजरते,guzarate,count=3
गुजरने,guzarne,count=3
गुजरा,gujara,count=3
गुजरात,gujarat,count=62
गुजरात,gujrat,count=3
गुट्टा,gutta,count=6
गुड,good,count=5
गुडइनफ,goodenough,count=1
गुड़,gud,count=3
गुड़गांव,gudgaon,count=2
गुड्डु,guddu,count=2
गुड्स,goods,count=6
गुना,guna,count=22
गुनाहगारों,gunahgaaron,count=2
गुनाहगारों,gunaahgaaron,count=1
गुनी,guni,count=3
गुपचुप,gupchup,count=1
गुप्ता,gupta,count=14
गुफाएं,gufaayein,count=1
गुरखा,gurkha,count=3
गुरनाम,gurnam,count=6
गुरु,guru,count=9
गुरुग्राम,gurugram,count=9
गुरुद्वारा,gurudwara,count=3
गुरुपूर्णिमा,gurupurnima,count=3
गुरुवार,guruvaar,count=56
गुरुवार,guruvar,count=3
गुरुवार,gurvaar,count=3
गुरुवार,guruwar,count=1
गुरुवार,gurwaar,count=1
गुरूवार,guruvaar,count=3
गुर्गों,gurgoon,count=2
गुर्जर,gurjar,count=2
गुलजार,gulzar,count=3
गुलबर्ग,gulbarga,count=2
गुलबर्ग,gulbarg,count=1
गुलबर्गा,gulbarga,count=2
गुलशन,gulshan,count=2
गुलशन,ghulshan,count=1
गुलाबी,gulabi,count=3
गुलेरिया,guleria,count=3
गुवाहाटी,guwahati,count=8
गुस्ताफ,gustaf,count=4
गुस्सा,gussa,count=1
गुस्से,gusse,count=2
गुहार,guhaar,count=4
गूंज,goonj,count=3
गूंजने,gunjane,count=2
गूंजने,goonjne,count=1
गूगल,google,count=108
गूगल,googler,count=1
गूजबेरी,gooseberry,count=1
गृह,grih,count=8
गृह,griha,count=3
गृह,ghar,count=1
गृहमंत्री,grihmantri,count=9
गृहमंत्री,grihamantri,count=6
गृहमंत्री,grahamantri,count=3
गेंद,gend,count=2
गेंदबाज,gendbaaz,count=40
गेंदबाज,gendbaaj,count=3
गेंदबाजी,gendbaazi,count=5
गेंदबाजी,gendbazi,count=3
गेंदबाजों,gendbaazon,count=1
गेंदा,genda,count=3
गेंदों,gendon,count=3
गेज़िंग,gazing,count=6
गेट,gate,count=9
गेटवे,gateway,count=4
गेट्स,gates,count=7
गेडियां,gediyaan,count=1
गेम,game,count=6
गेमिंग,gaming,count=11
गेम्स,games,count=15
गेर्डेस,gerdes,count=1
गेल,gail,count=3
गेल,gayle,count=2
गैंगस्टर,gangster,count=4
गैंगस्टर,gangstar,count=3
गैंगस्टर,gangaster,count=2
गैंग्स,gangs,count=3
गैटलिंग,gatling,count=2
गैरकानूनी,gairkanooni,count=3
गैरमौजूदगी,gairmaujoodgi,count=3
गैलरी,gallery,count=3
गैलरीज,galleries,count=3
गैलरीज़,galleries,count=3
गैस,gas,count=34
गैस,gaas,count=2
गोंडा,gonda,count=3
गोइंडियनवस,goindianews,count=1
गोद,god,count=1
गोनी,goni,count=6
गोपनीय,gopniy,count=3
गोपनीय,gopniya,count=2
गोपाल,gopal,count=9
गोबिंद,gobind,count=2
गोयनका,goenka,count=6
गोर,gor,count=3
गोरखधंधे,gorakhdhandhe,count=3
गोरखनाथ,gorakhnath,count=3
गोरखपुर,gorakhpur,count=3
गोर्गन,gorgon,count=3
गोल,goal,count=3
गोल,gol,count=2
गोलकीपर,golkipper,count=3
गोलरहित,golrhit,count=1
गोली,goli,count=6
गोलीबारी,goliyaari,count=2
गोल्ड,gold,count=27
गोल्डन,golden,count=2
गोल्डफिंगर,goldfinger,count=3
गोल्डबर्ग,goldberg,count=5
गोल्स,goals,count=3
गोवर्धन,goverdhan,count=3
गोविंद,govind,count=8
गोविंदा,govinda,count=9
गोस्वामी,goswami,count=7
गोहिल,gohil,count=3
गौतम,gautam,count=9
गौतमबुद्ध,gautamabuddh,count=3
गौर,gaur,count=9
गौरतलब,gauratlab,count=5
गौरतलब,gaurtalab,count=1
गौरव,gourav,count=3
गौरव,gaurav,count=2
गौरी,gauri,count=10
गौरी,gowri,count=1
गौसिया,gausiya,count=3
गौहर,gauhar,count=3
ग्यारहवीं,gyarahvin,count=3
ग्रसित,grast,count=3
ग्रस्त,grast,count=3
ग्रहण,grahan,count=9
ग्रांट,grant,count=1
ग्राउंड,ground,count=3
ग्राम,gram,count=8
ग्रामीण,gramin,count=8
ग्रामीण,graameen,count=3
ग्रामीण,gramya,count=3
ग्राहक,grahak,count=9
ग्राहकों,grahakon,count=17
ग्राहकों,graahakon,count=3
ग्राहकों,grahakoon,count=1
ग्राहकों,grahak,count=1
ग्रिड,grid,count=6
ग्रिम्स,grimes,count=2
ग्रिल,grill,count=3
ग्रीन,green,count=9
ग्रीनपार्क,greenpark,count=1
ग्रीनहाउस,greenhouse,count=1
ग्रुप,group,count=44
ग्रुप,gruup,count=2
ग्रुप्स,groups,count=6
ग्रे,grey,count=3
ग्रेजुएट,graduate,count=4
ग्रेट,great,count=3
ग्रेटर,greater,count=10
ग्रेटा,greta,count=4
ग्रेड,grade,count=11
ग्रेन्युल,grenyul,count=2
ग्रेन्युल,granule,count=1
ग्रेवाल,garewal,count=6
ग्रोइंग,growing,count=3
ग्रोथ,growth,count=8
ग्रोवर,grover,count=9
ग्लास,glass,count=6
ग्लासेस,glasses,count=1
ग्लेन,glenn,count=1
ग्लैमरस,glamorous,count=8
ग्लोबल,global,count=41
ग्लोबलाइज़्ड,globalised,count=3
ग्वाडालाज़ारा,guadalajara,count=3
ग्वादालाख़ारा,guaadalaakhara,count=2
ग्वादालाख़ारा,guaadalakhaara,count=1
ग्वालियर,gwalior,count=8
घंटे,ghante,count=10
घंटों,ghanton,count=12
घटक,ghatak,count=3
घटकर,ghatkar,count=6
घटना,ghatna,count=20
घटना,ghatnaa,count=3
घटना,parighatna,count=2
घटनाओं,ghatnaon,count=2
घटनाक्रम,ghatnaakram,count=2
घटने,ghatne,count=3
घड़ी,ghadi,count=3
घनश्याम,ghanshyam,count=3
घनश्याम,ghanashyam,count=3
घमंड,ghamand,count=1
घमासान,ghamasaan,count=4
घमासान,ghamasan,count=3
घर,ghar,count=91
घराने,gharane,count=3
घरेलू,gharelu,count=12
घरेलू,gharailoo,count=3
घरेलू,ghareli,count=2
घरेलू,gharaylu,count=1
घरों,gharon,count=9
घरों,gharo,count=3
घाट,ghat,count=3
घाटापांच,ghaatapaanch,count=3
घाटी,ghaati,count=12
घाटी,ghati,count=3
घातक,ghatak,count=3
घायल,ghayal,count=4
घावों,ghaavon,count=3
घिरा,ghira,count=3
घिरे,ghire,count=3
घुबैबा,ghubaiba,count=2
घुमारिया,ghumariya,count=3
घुसा,ghusa,count=3
घूरती,ghurati,count=1
घूस,ghoos,count=1
घेराबंदी,gherabandi,count=5
घोटाले,ghotala,count=2
घोटाले,ghotale,count=1
घोटाले,ghotaale,count=1
घोड़ाबांधा,ghodabandha,count=2
घोष,ghosh,count=1
घोषणा,ghoshna,count=68
घोषणा,ghoshnaa,count=5
घोषणाएं,ghoshnayein,count=2
घोषणाएं,ghoshnaayein,count=1
घोषित,ghoshit,count=42
चंकी,chunky,count=1
चंचला,chanchala,count=3
चंडीगढ़,chandigarh,count=16
चंद,chand,count=12
चंदन,chandan,count=3
चंदूलाल,chandulal,count=4
चंदेल,chandel,count=6
चंद्र,chandra,count=11
चंद्र,chandr,count=2
चंद्रकार,chandrakar,count=3
चंद्रपुर,chandrapur,count=3
चंद्रशेखर,chandrashekhar,count=7
चंद्राकर,chandrakar,count=4
चंपारण,champaran,count=3
चंबा,chamba,count=1
चकाचौंध,chakachondh,count=2
चक्कर,chakkar,count=8
चक्र,chakra,count=1
चक्रवर्ती,chakraborty,count=16
चक्रवर्ती,chakravarti,count=7
चक्रवर्ती,chakravarthy,count=6
चक्रवर्ती,chakravarati,count=3
चक्रवात,chakravaat,count=3
चटर्जी,chatterjee,count=2
चटा,chaat,count=3
चटाई,chatai,count=3
चटाने,chatane,count=3
चटोपाध्याय,chattopadhyay,count=3
चट्टोपाध्याय,chattopadhyay,count=3
चड्ढा,chaddha,count=4
चढ़,chadh,count=6
चढ़ा,chadha,count=3
चढ़ूनी,chadhuni,count=6
चतरथ,chatrath,count=1
चतुग्रही,chatugrahi,count=3
चतुर्थ,chaturth,count=3
चतुर्थी,chaturthi,count=6
चन्दवा,chandwa,count=3
चन्द्र,chandra,count=2
चन्नी,channi,count=9
चपेट,chapet,count=2
चपेट,chhapat,count=1
चबैतूल,chabaitul,count=3
चमक,chamak,count=3
चमत्कारी,chamatkarik,count=2
चमोली,chamoli,count=2
चयन,chayan,count=47
चयनित,chayanit,count=1
चरण,charan,count=17
चरणजीत,charanjit,count=6
चरमपंथी,charampanthi,count=3
चर्चा,charcha,count=52
चर्चाए,charchaein,count=3
चर्चाओं,charchaon,count=5
चर्चाओं,charchao,count=1
चर्चित,charchit,count=5
चर्चे,charchay,count=1
चल,chal,count=61
चलता,chalta,count=12
चलती,chalti,count=6
चलतीं,chalti,count=1
चलते,chalte,count=9
चलते,chaalte,count=3
चलने,chalne,count=9
चला,chala,count=12
चलाई,chalai,count=3
चलाए,chalaye,count=1
चलाकर,chalaakar,count=3
चलाते,chalate,count=6
चलाने,chalane,count=11
चलाया,chalaya,count=13
चलाया,chalaaya,count=5
चलाये,chalaye,count=2
चलाये,chalay,count=1
चलिए,chaliye,count=4
चलिये,chaliye,count=3
चली,chali,count=3
चले,chale,count=15
चलें,chalein,count=2
चलें,chalain,count=1
चलेगा,chalega,count=3
चलेगी,chalegi,count=3
चश्मदीद,chashmadeed,count=3
चश्मा,chashma,count=6
चस्पा,chaspa,count=2
चहल,chahal,count=19
चहेती,chaheti,count=3
चांडी,chandy,count=4
चांद,chaand,count=1
चांदन,chandan,count=2
चांदनी,chandni,count=3
चांशल,chanshal,count=3
चाइना,china,count=7
चाइल्ड,child,count=4
चाचा,chacha,count=2
चानू,chanu,count=7
चानू,chaanu,count=2
चाबहार,chabahar,count=3
चाबहार,chaabahar,count=3
चाबी,chaabi,count=1
चायवाले,chaivala,count=3
चार,chaar,count=42
चार,char,count=9
चार,chhaaron,count=1
चारबाग,charbagh,count=1
चारू,charu,count=3
चारू,chaaru,count=2
चारों,chaaron,count=3
चार्जिंग,charging,count=3
चार्टर्ड,chartered,count=14
चार्म,chaarm,count=1
चार्ली,charlie,count=3
चार्लोट,charlotte,count=1
चार्ल्स,charles,count=5
चालक,chalak,count=4
चावला,chawla,count=3
चाह,chaah,count=1
चाहता,chahta,count=1
चाहती,chahti,count=4
चाहते,chahte,count=17
चाहने,chahne,count=3
चाहर,chahar,count=3
चाहिए,chahiye,count=63
चाहिए,chaahiye,count=11
चाहिये,chaahiye,count=2
चाहूँगा,chaahunga,count=3
चाहूंगा,chahunga,count=6
चाहूंगा,chaahunga,count=6
चाहूंगी,chahungi,count=3
चाहे,chahe,count=24
चाहेंगे,chaahenge,count=2
चिंगारियां,chingariyaan,count=2
चिंगारियां,chingaariyan,count=1
चिंटू,chintu,count=1
चिंता,chinta,count=10
चिंताओं,chintaon,count=3
चिंतित,chintit,count=6
चिकित्सा,chikitsa,count=27
चिटफंड,chitfund,count=2
चिट्ठी,chitthi,count=2
चिड़गांव,chidgaon,count=3
चितिका,chitika,count=3
चित्तौड़गढ़,chittorgarh,count=3
चिदंबरम,chidambaram,count=6
चिन्ना,chinni,count=3
चिप,chip,count=11
चिपकाया,chipkaya,count=3
चिपसेट,chipset,count=3
चिमनी,chimani,count=3
चिराग,chirag,count=10
चिलि,chile,count=3
चिली,chile,count=3
चिल्ड्रन,children,count=3
चिल्ला,chilla,count=2
चींटीख़ोर,cheentikhor,count=2
चीज,cheez,count=4
चीजें,cheezein,count=6
चीजें,cheezen,count=3
चीजों,cheezon,count=7
चीन,cheen,count=35
चीन,china,count=6
चीन,chin,count=1
चीनी,cheeni,count=20
चीनी,chini,count=1
चीफ,chief,count=13
चीफ,cheph,count=1
चीफ,chif,count=1
चीवर,cheever,count=2
चुका,chuka,count=49
चुका,chuki,count=3
चुकाता,chukata,count=3
चुकी,chuki,count=42
चुकी,chuka,count=2
चुकीं,chuki,count=14
चुके,chuke,count=27
चुन,chun,count=2
चुनना,chunna,count=2
चुना,chuna,count=11
चुनाव,chunav,count=55
चुनाव,chunaav,count=4
चुनावी,chunaavi,count=12
चुनावों,chunavon,count=3
चुनी,chuni,count=2
चुने,chune,count=5
चुनें,chunen,count=3
चुनौतियां,chunautiyan,count=2
चुनौतियों,chunautiyon,count=3
चुरा,chura,count=3
चूक,chook,count=3
चूका,chuka,count=1
चूरू,chooru,count=1
चूरू,chooreu,count=1
चूरू,churu,count=1
चेक,check,count=10
चेक्स,checks,count=3
चेतन,chetan,count=3
चेन,chain,count=6
चेन,chen,count=2
चेनाब,chenab,count=2
चेन्नइयन,chennaiyin,count=1
चेन्नई,chennai,count=60
चेन्नई,chennee,count=2
चेन्नईयन,chennaiyin,count=3
चेयरपर्सन,chairperson,count=3
चेयरमैन,chairman,count=6
चेरी,cherry,count=3
चेल्याबिंस्क,chelyabinsk,count=3
चेस,chase,count=6
चेस्टर,chester,count=1
चेहरा,chehra,count=6
चेहरा,chehara,count=1
चेहरे,chehre,count=8
चैंपियंस,champions,count=3
चैंपियन,champion,count=18
चैंपियन,chempion,count=2
चैंपियनशिप,championship,count=30
चैंपियनशिप,chaipionship,count=1
चैंबर,chamber,count=2
चैट,chat,count=3
चैटर्जी,chatterjee,count=1
चैतन्य,chaitanya,count=3
चैनल,channel,count=23
चैनल,chanal,count=2
चैनल्स,channels,count=9
चैप्टर,chapter,count=2
चैम्पियनशिप,championship,count=4
चैलेंजर,chalenger,count=3
चैलेंजर्स,challengers,count=12
चैलेंजर्स,chellengers,count=3
चैलेंजर्स,chailenjars,count=1
चोट,chot,count=6
चोटिल,chotil,count=6
चोटें,choten,count=2
चोटों,choton,count=1
चोपड़ा,chopra,count=60
चोपड़ा,chopda,count=9
चोयल,choyal,count=3
चोलथरा,cholathra,count=3
चौंक,chauk,count=2
चौंका,chaunka,count=6
चौंकाने,chaunkane,count=6
चौंकाने,chaukane,count=3
चौड़ाई,chaudi,count=1
चौथा,chautha,count=9
चौथी,chauthi,count=4
चौथे,chauthe,count=3
चौधरी,choudhary,count=7
चौधरी,chaudhary,count=6
चौराहों,chaurahoon,count=1
चौरी,chauri,count=3
चौहान,chauhan,count=13
चौहान,chouhan,count=4
छ,chh,count=3
छक्के,chhakke,count=2
छक्के,chakkay,count=1
छठ,chhath,count=3
छठे,chhathi,count=3
छतरपुर,chhatarpur,count=1
छतों,chaton,count=3
छत्तीसगढ़,chhattisgarh,count=47
छत्तीसगढ़,chattisgarh,count=1
छत्रपति,chhatrapati,count=6
छत्रपति,chatrapati,count=3
छपरा,chhapra,count=2
छपारा,chhapara,count=3
छमाही,chhamaahi,count=3
छलांग,chhalang,count=3
छह,chhah,count=10
छा,chha,count=3
छाई,chhayi,count=2
छाए,chhaaye,count=4
छाए,chhae,count=1
छाए,chhaye,count=1
छात्र,chhatra,count=14
छात्र,chatra,count=6
छात्र,chhaatr,count=2
छात्रा,chhatra,count=6
छात्रों,chhatron,count=15
छात्रों,chhaatron,count=14
छात्रों,chatron,count=4
छात्रों,chatro,count=1
छात्रों,chhatro,count=1
छाप,chhaap,count=3
छापा,chhapa,count=3
छापा,chhapaa,count=1
छापामार,chaapamaar,count=3
छापी,chhapi,count=3
छापेमारी,chhapemari,count=6
छापेमारी,chaapemaari,count=1
छाबड़ा,chhabra,count=3
छावनी,chhaavni,count=1
छिपा,chhupa,count=1
छीन,cheen,count=1
छुटकारा,chutkara,count=3
छुट्टियां,chhuttiyaan,count=3
छुट्टियां,chhuttiyan,count=3
छुट्टियों,chhuttiyon,count=3
छुपी,chuppi,count=3
छू,chhoo,count=2
छूट,chhoot,count=22
छूटती,chutti,count=21
छूटा,chhoota,count=3
छूटे,chhoote,count=6
छेड़का,chhedkaa,count=3
छेड़छाड़,chedchaad,count=3
छेड़ा,chheeda,count=2
छेड़ा,chheda,count=1
छेड़,chhed,count=1
छोटा,chota,count=3
छोटी,chhoti,count=5
छोटी,choti,count=3
छोटे,chhote,count=13
छोटे,chote,count=2
छोड़,chhod,count=11
छोड़,chhodkar,count=1
छोड़ना,chhodna,count=3
छोड़ने,chhodne,count=2
छोड़ी,chhodi,count=3
जंक्शन,junction,count=30
जंग,jung,count=18
जंग,jang,count=2
जंगीपुर,jangipur,count=1
जंड्याला,jandhyala,count=3
जकांछ,jankanch,count=2
जकार्ता,jakarta,count=3
जक्स्ब,jkssb,count=1
जगजीत,jagjit,count=4
जगत,jagat,count=6
जगदीप,jagdeep,count=5
जगह,jagah,count=50
जगहों,jagahon,count=2
जगहों,jagah,count=1
जगुआर,jaguar,count=3
जट्टमूवीज,jattmovies,count=3
जट्टी,jatti,count=3
जड़ने,jadne,count=1
जडेजा,jadeja,count=5
जतन,jatan,count=3
जता,jata,count=3
जताई,jatai,count=6
जताई,jataai,count=4
जताई,jataee,count=1
जताया,jataya,count=3
जताया,jataaya,count=2
जतारा,jatara,count=2
जन,jan,count=5
जनऔषधि,janaushadhi,count=6
जनजाति,janjati,count=3
जनजातीय,janjaatiya,count=3
जनता,janata,count=30
जनता,janta,count=18
जनतांत्रिक,janatantrik,count=1
जनधन,jandhan,count=4
जननी,janani,count=3
जनपद,janpad,count=9
जनरल,general,count=30
जनरल,janral,count=8
जनरल,janaral,count=1
जनरेट,generate,count=13
जनरेशन,janration,count=1
जनवरी,january,count=47
जनवरी,janavri,count=6
जनवरी,janvari,count=4
जनवरी,janavaree,count=3
जनशक्ति,janshakti,count=4
जनशक्ति,janashakti,count=1
जनसंख्या,janasankhya,count=3
जनसभा,jansabha,count=6
जनार्दन,janaardan,count=3
जन्म,janm,count=71
जन्मदिन,janmadin,count=17
जन्मदिन,janamdin,count=7
जन्मदिन,janmdin,count=4
जन्मीं,janmiin,count=2
जन्मीं,janmi,count=1
जन्मे,janme,count=6
जन्मोत्सव,janmotsav,count=3
जब,jab,count=93
जबकि,jabki,count=46
जबरदस्त,jabardast,count=16
जबरदस्त,zabardast,count=3
जबर्दस्त,jabardast,count=2
जबर्दस्त,zabardast,count=1
जबलपुर,jabalpur,count=5
जब्त,jabt,count=2
जब्त,zabt,count=1
जमकर,jamkar,count=24
जमकर,jammkar,count=1
जमशेदपुर,jamshedpur,count=9
जमा,jama,count=22
जमाई,jamai,count=3
जमातियों,jamaatiyon,count=3
जमानत,zamaanat,count=6
जमानत,jamaanat,count=4
जमानतफोर्ड,jamanatford,count=2
जमाना,jamaana,count=4
जमाया,jamaya,count=3
जमीन,jameen,count=3
जमीन,zameen,count=3
जमुई,jamui,count=3
जमुनापारी,jamunaapari,count=2
जमुनापारी,jamunapari,count=1
जम्मू,jammu,count=31
जय,jay,count=6
जयंत,jayant,count=3
जयंती,jayanti,count=22
जयंती,jayanthi,count=1
जयघोष,jayghosh,count=3
जयपुर,jaipur,count=29
जयपुर,jaypur,count=2
जयप्रकाश,jayaprakash,count=3
जयराम,jairam,count=4
जयसवाल,jaiswal,count=3
जयसिंह,jayasingh,count=2
जयहिंद,jaihind,count=3
जया,jaya,count=10
जरावटा,jaraavata,count=2
जरिए,jariye,count=44
जरिए,zariye,count=12
जरिये,jariye,count=3
जरिये,zariye,count=1
जरुरत,zarurat,count=3
जरूर,jaroor,count=4
जरूर,zaroor,count=1
जरूरत,zaroorat,count=6
जरूरत,zarurat,count=6
जरूरी,jaruri,count=9
जरूरी,jaroori,count=5
जरूरी,zaroori,count=3
जर्नल,journal,count=3
जर्मन,german,count=2
जर्मन,jarman,count=1
जर्मनी,germany,count=12
जर्मनी,jarmani,count=1
जर्सी,jersey,count=5
जर्सी,jarsee,count=2
जल,jal,count=11
जलकर,jalakar,count=2
जलती,jalti,count=3
जलधार,jaldhar,count=1
जलधारा,jaladhara,count=3
जलने,jalne,count=1
जलवा,jalvaa,count=1
जलवा,jalwa,count=1
जलवायु,jalvayu,count=6
जलविद्युत,jalvidyut,count=1
जलाते,jalate,count=3
जले,jale,count=1
जलोटा,jalota,count=4
जल्द,jald,count=59
जल्दबाजी,jaldabazi,count=3
जल्दी,jaldi,count=6
जवान,jawan,count=10
जवान,jawaan,count=4
जवानों,jawanon,count=6
जवानों,jawano,count=1
जवाब,jawab,count=8
जवाब,jawaab,count=1
जवाबी,jawaabi,count=1
जवाहर,jawahar,count=10
जवाहर,javahar,count=2
जवाहरलाल,jawaharlal,count=3
जश्न,jashn,count=3
जसपुर,jaspur,count=3
जसप्रीत,jaspreet,count=2
जसलीन,jasleen,count=1
जस्टिन,jastin,count=2
जस्टिन,justin,count=1
जस्टिफाई,justify,count=2
जस्टिस,justice,count=3
जस्लीन,jasleen,count=3
जहाँ,jahan,count=3
जहां,jahan,count=48
जहां,jahaan,count=30
जहां,jaha,count=1
जहाज,jahaaz,count=3
ज़माना,zamaana,count=3
ज़रिए,zariye,count=3
ज़रूर,zaroor,count=2
ज़रूरी,zaroori,count=3
ज़हीर,zaheer,count=1
ज़ादोंस्की,zadonsky,count=2
ज़िला,zila,count=6
ज़िला,jila,count=3
ज़िले,zile,count=5
ज़िले,jile,count=2
ज़ी,zee,count=11
ज़ीरो,zero,count=12
ज़ीलैंड,zealand,count=1
ज़ूम,zoom,count=3
ज़ोन,zone,count=3
जा,ja,count=360
जा,jaa,count=9
जांच,jaanch,count=44
जांच,janch,count=8
जाऊंगा,jaunga,count=9
जाए,jaye,count=18
जाए,jaaye,count=6
जाए,jayega,count=3
जाएँगे,jayenge,count=3
जाएं,jayein,count=2
जाएं,jaayein,count=1
जाएंगी,jayengi,count=5
जाएंगी,jaaengi,count=3
जाएंगी,jaayengi,count=1
जाएंगे,jayenge,count=19
जाएंगे,jaayenge,count=10
जाएंगे,jayega,count=3
जाएगा,jayega,count=109
जाएगा,jaayega,count=21
जाएगा,jaega,count=4
जाएगी,jayegi,count=24
जाएगी,jaayegi,count=17
जाएगी,jaaegi,count=3
जाएगी,jayega,count=3
जाऐंगी,jayengi,count=3
जाकर,jaakar,count=18
जाकर,jaker,count=3
जाकी,jaaki,count=3
जागरण,jagran,count=5
जागरूक,jagruk,count=1
जागरूकता,jagrukta,count=3
जागा,jaaga,count=3
जागुन,jaagun,count=3
जाजमऊ,jajmau,count=1
जाता,jata,count=68
जाता,jaata,count=54
जाता,jaate,count=3
जाति,jaati,count=5
जाती,jaati,count=34
जाती,jati,count=8
जाती,jaatee,count=1
जाते,jaate,count=24
जाते,jate,count=5
जाधव,jadhav,count=4
जाधू,jadhu,count=3
जान,jaan,count=22
जान,jan,count=3
जानकारियाँ,jaankariya,count=3
जानकारी,jaankari,count=48
जानकारी,jaankaari,count=23
जानकारी,jankari,count=15
जानकारी,jaankaaree,count=8
जानकारी,jankaari,count=1
जानता,jaanta,count=3
जानते,jaante,count=25
जानने,jaanne,count=12
जाना,jaana,count=35
जाना,jana,count=15
जानिए,jaaniye,count=4
जानिए,janiye,count=3
जानी,jaani,count=5
जाने,jaane,count=63
जाने,jane,count=14
जानें,jaanein,count=2
जानेंगे,jaanenge,count=1
जानेमाने,jaanemaane,count=2
जान्हवी,janhvi,count=2
जापान,japan,count=19
जापानी,japanese,count=6
जापानी,japani,count=1
जाफर,jafar,count=1
जाम,jam,count=3
जायगी,jaayegi,count=1
जायज़ा,jayza,count=3
जायडस,zydus,count=2
जायसवाल,jaiswal,count=2
जाया,jaaya,count=2
जाया,jaya,count=1
जायें,jaayen,count=3
जायेगा,jaayega,count=3
जायेगा,jayega,count=2
जायेगाः,jayega,count=2
जायेगाः,jaayega,count=1
जारी,jaari,count=90
जारी,jari,count=86
जारी,jaree,count=2
जारी,jaaree,count=2
जाल,jaal,count=7
जालंधर,jalandhar,count=6
जालमा,jalma,count=3
जालौन,jalaun,count=3
जावा,java,count=11
जावेद,javed,count=10
जावेद,jaaved,count=2
जाहिर,jahir,count=1
जाह्नवी,janhvi,count=3
जाह्नवी,jahnavi,count=3
जाह्नवी,jhanvi,count=1
जाह्नवी,jahnvi,count=1
जिंक,zink,count=3
जिंक,zinc,count=3
जिंटा,zinta,count=1
जिंदगी,zindagi,count=6
जिंदल,jindal,count=1
जिंदा,zinda,count=2
जिओ,jio,count=12
जिओटीवी,jiotv,count=3
जिओसिनेमा,jiocinema,count=3
जितना,jitna,count=5
जितनी,jitni,count=9
जितने,jitne,count=20
जितेंद्र,jitendra,count=7
जिद,jid,count=1
जिद,zid,count=1
जिन,jin,count=14
जिनका,jinka,count=3
जिनकी,jinki,count=3
जिनके,jinke,count=15
जिनपिंग,jinping,count=5
जिनमें,jinmein,count=6
जिनमें,jinhmein,count=3
जिनेक्ट्रोल,jinektrol,count=6
जिन्हें,jinhain,count=2
जिन्होंने,jinhone,count=6
जिन्होंने,jinhonne,count=3
जिप,zp,count=3
जिम,jim,count=3
जिमी,jimmy,count=3
जिम्मा,jimma,count=5
जिम्मा,zimma,count=4
जिम्मेदारियां,zimmedariyaan,count=3
जिम्मेदारियों,jimmedariyon,count=3
जिम्मेदारी,jimmedari,count=13
जिम्मेदारी,jimmedaari,count=5
जिम्मेदारी,zimmedaari,count=3
जिम्मेदारी,zimmedari,count=1
जिला,jila,count=50
जिला,zila,count=6
जिला,jile,count=3
जिलाध्यक्ष,jiladhyaksh,count=1
जिले,jile,count=70
जिले,zile,count=1
जिले,zila,count=1
जिलों,jilon,count=16
जिस,jis,count=30
जिसका,jiska,count=31
जिसकी,jiski,count=9
जिसके,jiske,count=21
जिसको,jiskko,count=3
जिसने,jisne,count=3
जिसमे,jismein,count=2
जिसमे,jisme,count=1
जिसमें,jismein,count=64
जिसमें,jisme,count=12
जिससे,jisse,count=13
जिसे,jise,count=17
जी,ji,count=77
जी,jee,count=8
जीएसएलवी,gslv,count=6
जीएसटीएन,gstn,count=3
जीके,jike,count=1
जीजा,jija,count=1
जीडीआरएफए,gdrfa,count=3
जीत,jeet,count=57
जीतकर,jeetkar,count=11
जीतन,jitan,count=2
जीतनराम,jeetanram,count=1
जीतने,jeetne,count=4
जीतने,jeetane,count=3
जीता,jeeta,count=10
जीते,jeetey,count=3
जीतेंगे,jeetenge,count=3
जीने,jeene,count=3
जीरादेयू,ziradei,count=3
जीरो,zero,count=9
जीवंत,jeevant,count=3
जीवन,jeevan,count=47
जीवनदान,jeevandan,count=3
जीवनी,jivani,count=3
जीवनी,jeevani,count=2
जीवाजी,jiwaji,count=3
जीवित,jeevit,count=3
जीवीकेएडीएल,gvkadl,count=3
जीशान,zeeshan,count=2
जुआरी,juari,count=3
जुगत,jugat,count=1
जुगलबंदी,jugalbandi,count=3
जुगसलाई,jugsalai,count=3
जुटना,jutna,count=3
जुटा,juta,count=2
जुटाया,jutaya,count=3
जुड़,jud,count=6
जुड़ने,jodane,count=3
जुड़वा,judwa,count=2
जुड़ा,juda,count=15
जुड़ा,jura,count=2
जुड़िए,judiye,count=2
जुड़िए,juriye,count=1
जुड़ी,judi,count=21
जुड़ी,judee,count=2
जुड़े,jude,count=53
जुड़ें,juden,count=3
जुदा,juda,count=2
जुबली,jubilee,count=3
जुबानी,jubani,count=3
जुर्माना,jurmana,count=2
जुलाई,july,count=39
जुलाई,julaee,count=6
जुलूस,julus,count=3
जुड़ी,judi,count=3
जुड़े,jude,count=3
जून,june,count=52
जून,juin,count=2
जूनापानी,junapaanee,count=2
जूनापानी,junapani,count=1
जूनियर,junior,count=9
जूनून,junoon,count=3
जूही,juhi,count=3
जे,j,count=3
जेआरडी,jrd,count=3
जेई,je,count=2
जेईई,jee,count=4
जेएटी,jat,count=3
जेएसओ,jso,count=2
जेकेएसएलएसए,jkslsa,count=3
जेकेएसएसबी,jkssb,count=1
जेट,jet,count=3
जेठ,jeth,count=1
जेठानी,jethani,count=3
जेन,jen,count=2
जेन,jane,count=1
जेनबुक,zenbook,count=4
जेनिफर,jennifer,count=1
जेने,jayne,count=3
जेपी,jp,count=14
जेपीमॉर्गन,jpmorgan,count=3
जेफ,jeff,count=1
जेब,jeb,count=3
जेबीटी,jbt,count=3
जेबीपी,jbp,count=3
जेमिमा,jemimah,count=4
जेमिमा,jemima,count=3
जेमिसन,jamieson,count=3
जेम्स,james,count=2
जेरिको,jericho,count=3
जेल,jail,count=24
जेवर,jewar,count=2
जेवीवीएनएल,jvvnl,count=3
जैकेट,jacket,count=3
जैक्स,jaques,count=1
जैक्स,jeyks,count=1
जैक्स,jacques,count=1
जैज,jazz,count=3
जैज़,jazz,count=3
जैन,jain,count=19
जैम,jam,count=3
जैमी,jamie,count=2
जैसा,jaisa,count=16
जैसी,jaisi,count=25
जैसी,jaisee,count=12
जैसी,jaise,count=9
जैसे,jaise,count=167
जैस्मिन,jasmin,count=3
जैस्मिन,jasmine,count=1
जैस्मीन,jasmin,count=3
जॉइंट,joint,count=3
जॉकी,jockey,count=1
जॉन,john,count=18
जॉनस,johns,count=3
जॉनसन,johnson,count=12
जॉनी,jonny,count=4
जॉनी,johnny,count=2
जॉन्स,johns,count=3
जॉब,job,count=10
जॉब्स,jobs,count=3
जॉब्सकिंड,jobskind,count=3
जॉय,joy,count=3
जॉयस,joyes,count=2
जॉली,jolly,count=1
जो,jo,count=283
जो,joe,count=12
जो,jaise,count=1
जोंग,jong,count=3
जोको,joko,count=3
जोक्स,jokes,count=3
जोगी,jogi,count=9
जोगेंद्रनगर,jogendranagar,count=2
जोगेंद्रनगर,jogindernagar,count=1
जोगेशचंद्र,jogeshchandra,count=2
जोड़,jod,count=6
जोड़ने,jodne,count=17
जोड़ा,joda,count=17
जोड़ा,jod,count=2
जोड़ियाँ,jodiyaan,count=3
जोड़ियों,jodiyon,count=3
जोड़ी,jodi,count=22
जोड़ी,jodee,count=2
जोड़े,jode,count=10
जोड़े,jodhe,count=1
जोड़ेंगी,jodengi,count=3
जोधपुर,jodhpur,count=27
जोन,zone,count=6
जोन,joan,count=2
जोनल,zonal,count=6
जोनस,jonas,count=21
जोनाथन,jonathan,count=3
जोनास,jonas,count=8
जोफ्रे,joffre,count=3
जोया,zoya,count=9
जोर,jor,count=6
जोर,zor,count=3
जोरदार,joradaar,count=3
जोरदार,joradar,count=2
जोरो,joro,count=1
जोरों,joron,count=2
जोरों,joroon,count=1
जोल,jol,count=2
जोल,jool,count=1
जोश,josh,count=5
जोशी,joshi,count=1
जोस,jose,count=3
जोसेफ,joseph,count=6
जोहर,johar,count=3
जोड़ी,jodi,count=1
जौनपुर,jaunpur,count=15
जौहर,johar,count=6
जौहर,jauhar,count=3
जौहरी,johri,count=2
ज्यादा,jyada,count=74
ज्यादा,zyada,count=12
ज्यादा,jyaada,count=9
ज्यादातर,jyadatar,count=11
ज्येष्ठ,jyeshth,count=2
ज्येष्ठ,jyeshtha,count=1
ज्योति,jyoti,count=1
ज्योतिका,jyotika,count=3
ज्योतिरादित्य,jyotiraditya,count=9
ज्वाइंट,jvaint,count=1
ज्वाला,jwala,count=6
ज्वेल,jewel,count=3
ज्वैल,jewel,count=2
झंडी,jhandi,count=3
झकराना,jakhrana,count=2
झकराना,jhakarana,count=1
झगड़ा,jhagda,count=7
झगड़ा,jhagra,count=1
झज्जर,jhajjar,count=3
झटका,jhatka,count=12
झटके,jhatke,count=1
झटकों,jhatkon,count=2
झमकउआ,jhamkauaa,count=3
झलक,jhalak,count=3
झा,jha,count=10
झांकता,jhaankta,count=3
झाडोली,jhadoli,count=2
झाबुआ,jhabua,count=3
झारखंंड,jharkhand,count=3
झारखंड,jharkhand,count=32
झारखण्ड,jharkhand,count=3
झावेरी,jhaveri,count=3
झुकाव,jhukav,count=3
झुनझुनवाला,jhunjhunwala,count=3
झुलका,jhulka,count=3
झूठा,jhutha,count=3
झूठे,jhoothe,count=1
झेलना,jhelna,count=2
झेलनी,jhelena,count=2
झेलनी,jhelni,count=1
झोंक,jhonk,count=2
झोंक,jhok,count=1
झोंकते,jhonkte,count=3
झोली,jholi,count=1
टंडन,tandon,count=3
टकरा,takra,count=3
टक्कर,takkar,count=22
टच,touch,count=3
टचस्क्रीन,touchscren,count=3
टन,ton,count=6
टनल,tunnel,count=6
टपक,tapak,count=3
टमाटर,tamatar,count=2
टमाटर,tomato,count=1
टम्बलर,tumblr,count=3
टर्नर,turner,count=4
टर्बो,turbo,count=6
टर्म,term,count=11
टर्मिनल,terminal,count=13
टर्मिनल्स,terminals,count=3
टर्मिनस,terminus,count=9
टस्कर्स,tuskers,count=3
टाइगन,taigun,count=1
टाइगर,tiger,count=13
टाइगर,taigar,count=2
टाइटल,title,count=3
टाइप,type,count=7
टाइप,taip,count=1
टाइम,time,count=30
टाइम्स,times,count=11
टाउन,town,count=3
टाटा,tata,count=61
टाटा,taataa,count=3
टाटा,taata,count=1
टारगेट्स,targets,count=3
टावर,tower,count=3
टावरों,toweron,count=2
टावरों,towers,count=1
टास्क,task,count=9
टास्किंग,taasking,count=2
टास्किंग,tasking,count=1
टिंकरिंग,tinkering,count=9
टिंकॉफ,tinkoff,count=2
टिकट,ticket,count=11
टिकटोकर,tiktoker,count=3
टिका,tika,count=1
टिकैत,tikait,count=3
टिखोन,tikhon,count=2
टिप्पणी,tippani,count=4
टिप्सटर,tipsster,count=1
टिप्स्टर,tipsster,count=3
टिप्स्टर,tipster,count=1
टिम,tim,count=5
टि्वटर,twitter,count=2
टी,t,count=5
टी,tee,count=1
टीआईएसएस,tiss,count=3
टीआरआई,tri,count=2
टीआरपी,trp,count=4
टीईटी,tet,count=5
टीएमटी,tmt,count=1
टीएस,ts,count=2
टीएसआई,tsi,count=1
टीएसबीआईई,tsbie,count=2
टीकमगढ़,tikamgarh,count=2
टीका,teeka,count=3
टीका,tika,count=1
टीकाकरण,teekakaran,count=7
टीकाकरण,tekakaran,count=2
टीकाकरण,tikakaran,count=1
टीके,teeka,count=1
टीकेएम,tkm,count=3
टीचर्स,teachers,count=3
टीजे,teejay,count=3
टीना,tina,count=14
टीपीएफ,tpf,count=1
टीपीएससी,tpsc,count=4
टीबी,tb,count=6
टीबीआई,tbi,count=6
टीम,team,count=294
टीम,teem,count=2
टीमें,teamein,count=3
टीमें,teemein,count=1
टीमों,teams,count=2
टीमों,teamon,count=2
टीमों,taimon,count=1
टीवी,tv,count=127
टीवीएस,tvs,count=6
टीवीओएस,tvos,count=4
टुकड़ी,tukdi,count=3
टुच,touche,count=3
टुडे,today,count=10
टू,to,count=12
टूट,toot,count=5
टूटकर,tootkar,count=3
टूटे,toote,count=3
टूर,tour,count=10
टूरिंग,touring,count=3
टूरिज्म,tourism,count=3
टूरिस्टर,tourister,count=3
टूर्नामेंट,tournament,count=12
टूर्नामेंट्स,tournaments,count=3
टूल,tool,count=3
टूलकिट,toolkit,count=3
टूल्स,tools,count=3
टेंट,tent,count=3
टेंडरों,tendron,count=3
टेक,tech,count=25
टेक,tek,count=7
टेक,tekh,count=1
टेकजीन,techgene,count=6
टेकिंग,taking,count=3
टेक्निकल,technical,count=12
टेक्नॉलॉजी,technology,count=3
टेक्नो,techno,count=5
टेक्नो,tecno,count=3
टेक्नो,tekno,count=2
टेक्नोक्रेट्स,technocrats,count=3
टेक्नोलॉजी,technology,count=45
टेक्नोलॉजी,tekhnolaji,count=1
टेक्नोलॉजी,teknolaji,count=1
टेड,ted,count=3
टेनिस,tennis,count=9
टेनेसी,tennessee,count=2
टेबल,table,count=7
टेम्पल,temple,count=2
टेम्पोरल,temporal,count=2
टेरी,terry,count=3
टेलर,teller,count=3
टेलिकॉम,telecom,count=9
टेलिफोन,telephone,count=1
टेलीफोन,telephone,count=3
टेलीविजन,television,count=2
टेलीविज़न,telivijan,count=2
टेलीविज़न,television,count=1
टेलीस्कोप,telescope,count=3
टेलीस्कोप,telescopes,count=3
टेस्ट,test,count=124
टेस्टिंग,testing,count=23
टेस्ला,tesla,count=2
टैंकर,tanker,count=2
टैंकों,tankon,count=3
टैग,tag,count=28
टैगिंग,tagging,count=3
टैगोर,tagore,count=2
टैटू,tattoo,count=2
टैपसी,taapsee,count=2
टैब,tab,count=4
टैबलेट,tablet,count=4
टैम्पोरल,taamporal,count=2
टैरिफ,tariff,count=3
टॉक,talk,count=3
टॉकिंग,talking,count=4
टॉड,todd,count=3
टॉप,top,count=25
टॉपर,topper,count=3
टॉपलेस,topless,count=1
टॉम,tom,count=5
टॉर्क,torque,count=33
टॉलीवुड,tollywood,count=3
टॉस,tos,count=4
टॉस,toss,count=3
टोक्यो,tokyo,count=15
टोनी,tony,count=5
टोपे,tope,count=3
टोयोटा,toyota,count=9
टोरंटो,toronoto,count=2
टोरंटो,toronto,count=1
टोरी,tori,count=3
टोर्क,tork,count=2
टोल,toll,count=17
टोल,tol,count=5
टोशिबा,toishiba,count=2
टोशिबा,toshiba,count=1
टौलिपोअक्स,tolypoaks,count=1
ट्रंप,trump,count=15
ट्रक,truck,count=2
ट्रम्प,trump,count=5
ट्रस्ट,trust,count=6
ट्रस्टेड,trusted,count=3
ट्रस्ट्स,trusts,count=2
ट्रांस,trans,count=3
ट्रांसजेंडर,transgender,count=2
ट्रांसजेंडर,transjendaar,count=1
ट्रांसपेरेंट,transparent,count=3
ट्रांसपेरेंसी,transparency,count=3
ट्रांसपोर्ट,transport,count=14
ट्रांसपोर्टर,transporter,count=3
ट्रांसपोर्टिग,transporting,count=3
ट्रांसफर,transfer,count=18
ट्रांसफॉर्म,transform,count=3
ट्रांसमिशन,transmission,count=8
ट्राइटन,triton,count=3
ट्राफी,trophy,count=2
ट्रायम्फ,triumph,count=6
ट्रायल,trial,count=12
ट्रासर्पोट,trasport,count=3
ट्रिकी,tricky,count=1
ट्रिनिटी,trinity,count=1
ट्रिप,trip,count=3
ट्रिपल,triple,count=10
ट्रिपलआईटी,tripleit,count=1
ट्रिब्यूट,tribute,count=3
ट्रिम,trim,count=9
ट्रिम्स,trims,count=2
ट्रिलियन,trillion,count=6
ट्रुथ,trusth,count=1
ट्रेंट,trent,count=3
ट्रेंड,trend,count=15
ट्रेंडिंग,trending,count=3
ट्रेंड्स,trends,count=3
ट्रेड,trade,count=14
ट्रेडमार्क,trademark,count=5
ट्रेडिंग,trading,count=17
ट्रेड्स,trades,count=3
ट्रेन,train,count=43
ट्रेन,trains,count=2
ट्रेनें,trainen,count=8
ट्रेनें,trains,count=1
ट्रेनों,trains,count=8
ट्रेलर,trailer,count=13
ट्रैक,track,count=11
ट्रैक्टर,tractor,count=9
ट्रैफर्ड,trafford,count=4
ट्रैफिक,traffic,count=6
ट्रैफिकिंग,trafficking,count=3
ट्रॉफी,trophy,count=9
ट्रॉली,trolley,count=3
ट्रोफियो,trofeo,count=3
ट्रोल,troll,count=4
ट्रोलिंग,trolling,count=3
ट्विंकल,twinkle,count=8
ट्विटर,twitter,count=44
ट्विस्टड,twisted,count=3
ट्वीट,tweet,count=32
ट्वीट,tweets,count=3
ट्वीट्स,tweets,count=3
ट्वेंटी,twenty,count=2
ठंड,thand,count=3
ठक्कर,thakkar,count=3
ठन,thun,count=1
ठाकरे,thackeray,count=13
ठाकरे,thakre,count=3
ठाकरे,thackrey,count=2
ठाकरे,thaakre,count=2
ठाकुर,thakur,count=23
ठाणे,thane,count=3
ठानगे,thanage,count=6
ठिकाना,thikaana,count=2
ठीक,theek,count=3
ठेका,theka,count=5
डंकन,duncan,count=3
डंका,danka,count=1
डंडा,danda,count=3
डकडकगो,duckduckgo,count=3
डटकर,dattkar,count=3
डटे,date,count=1
डडलानी,dadlani,count=3
डब्बू,dabboo,count=1
डब्बे,dabbe,count=1
डरबन,durban,count=3
डर्टी,dirty,count=3
डर्बी,derby,count=3
डविज़,dwiz,count=3
डाइमेंशन,dimension,count=3
डाइवर्ट,divert,count=3
डाउन,down,count=6
डाउनलोड,download,count=32
डाऊनलोड,download,count=3
डाक,dak,count=6
डाक,daak,count=3
डाकघर,daakghar,count=3
डाक्टर,doctor,count=3
डाटते,daatte,count=1
डाटा,data,count=6
डाबी,dabi,count=8
डायनामिक,dynamic,count=3
डायनॉडियो,dynaudio,count=3
डायरेक्ट,direct,count=21
डायरेक्टर,director,count=4
डायरेक्टर,direkter,count=2
डायरेक्टोरेट,directorate,count=4
डायलॉग,dialogue,count=5
डार्क,dark,count=6
डार्ली,daryl,count=3
डार्विन,darwin,count=2
डालती,daalti,count=3
डालने,dalne,count=3
डालर,dollar,count=3
डाला,daala,count=7
डाली,daali,count=2
डालेगा,daalega,count=3
डालो,daalo,count=1
डावर,davar,count=6
डावोस,daavos,count=3
डावोस,davos,count=2
डिएवल,diavel,count=3
डिओप,diop,count=3
डिग्री,degree,count=6
डिजर्ट,desert,count=3
डिजिटल,digital,count=109
डिजिटल,dijital,count=2
डिटेक्शन,ditekshan,count=2
डिनर,dinner,count=1
डिपार्टमेंट,department,count=4
डिपॉजिट,deposit,count=3
डिप्टी,deputy,count=2
डिप्टी,deppatee,count=1
डिप्लोमा,diploma,count=6
डिफेंस,defense,count=15
डिफेंसिव,defensive,count=2
डिफेक्ट,defect,count=3
डिब्रूगढ़,dibrugaadh,count=2
डिब्रॉफ,debroff,count=3
डिमांड,demand,count=9
डिमोट,demote,count=3
डिमोनेटाइज़ेशन,demonetization,count=3
डिम्पल,dimple,count=3
डिलीट,delete,count=3
डिलीवरी,delivery,count=9
डिलोइट,deloitte,count=3
डिवाइडर,divider,count=3
डिवाइसेस,divais,count=2
डिवाइसेस,devices,count=1
डिविज़न,division,count=2
डिवीजनल,divisional,count=3
डिश,dish,count=6
डिसऑर्डर,disorder,count=3
डिसमिस,dismiss,count=3
डिसास्टर,disaster,count=3
डिसेंट,descent,count=1
डिस्क,disk,count=3
डिस्कंटीन्यू,diskontinyu,count=2
डिस्कंटीन्यू,discontinue,count=1
डिस्कवरी,discovery,count=6
डिस्कस,discuss,count=3
डिस्काउंट,discount,count=8
डिस्कॉम,discom,count=6
डिस्चार्ज,discharge,count=6
डिस्ट्रीब्यूशन,distribution,count=6
डिस्प्ले,display,count=28
डी,d,count=19
डी,de,count=13
डीआरएचपी,drhp,count=3
डीआरएल,drl,count=3
डीआरएल,drls,count=3
डीआरएस,drs,count=6
डीआरडीओ,drdo,count=31
डीआरयूवीएस,druvs,count=3
डीईई,dee,count=3
डीईएन,den,count=3
डीईओ,deo,count=1
डीए,da,count=3
डीएफओ,dfo,count=3
डीएम,dm,count=10
डीएमके,dmk,count=3
डीएवी,dav,count=3
डीएसई,dse,count=1
डीएसएससी,dssc,count=1
डीएसपी,dsp,count=3
डीडीहाट,didihat,count=2
डीन,din,count=2
डीन,dean,count=1
डीप,deep,count=3
डीबीटी,dbt,count=3
डील,deal,count=2
डीलर,dealer,count=3
डील्स,deals,count=3
डीवा,diva,count=3
डीवीएनए,dvna,count=4
डुअल,dual,count=4
डुकाटी,ducati,count=3
डुट्टो,dutto,count=1
डुप्लेसिस,duplessis,count=3
डू,do,count=6
डूइंग,doing,count=6
डूडल,doodle,count=6
डे,day,count=19
डेट,date,count=9
डेटा,data,count=43
डेटा,daetaa,count=3
डेटाकॉम,datacom,count=3
डेटाबेस,database,count=4
डेडलाइन,deadline,count=1
डेढ़,dedh,count=6
डेथ,death,count=3
डेनियल,daniel,count=6
डेनिस,denise,count=3
डेपुटीज़,deputies,count=3
डेफकोन,defcon,count=2
डेफोकन,defcon,count=2
डेबिट,debit,count=3
डेब्यू,debyu,count=1
डेमलर,demler,count=1
डेमोक्रेसी,democracy,count=3
डेमोक्रैट,democrat,count=1
डेरी,dairy,count=1
डेल,dale,count=3
डेल,del,count=3
डेली,daily,count=3
डेल्हीवरी,delhivery,count=3
डेवलपमेंट,development,count=22
डेवलपमेंट,develpment,count=1
डेवलेपर,developer,count=3
डेविड,david,count=13
डेविड,daavid,count=4
डेवोन,devon,count=3
डेस्क,desk,count=11
डेस्कः,desk,count=3
डेस्कटॉप,desktop,count=3
डैन,dan,count=1
डैश,dash,count=3
डैशबोर्ड,dashboard,count=3
डॉ,dr,count=60
डॉ,doctor,count=18
डॉ,do,count=4
डॉक्टर,doctor,count=27
डॉक्टरों,doctoron,count=6
डॉक्टरों,daktaron,count=1
डॉक्स,docs,count=3
डॉन,don,count=10
डॉनचियन,donchian,count=3
डॉमिनिक,dominic,count=3
डॉलर,dollar,count=15
डॉलर,dollars,count=3
डॉलर्स,dollars,count=3
डोज,doze,count=2
डोटासरा,dotasara,count=3
डोनल्ड,donald,count=3
डोनाल्ड,donald,count=12
डोमेन,domain,count=3
ड्यूल,dyual,count=1
ड्रग,drug,count=5
ड्रग्स,drugs,count=13
ड्रम,drum,count=3
ड्राइव,drive,count=4
ड्राइवर,driver,count=8
ड्राइविंग,driving,count=3
ड्राफ्ट,draft,count=9
ड्रिंक्स,drinks,count=3
ड्रिप,drip,count=3
ड्रीम,dream,count=6
ड्रू,drew,count=5
ड्रेस,dress,count=4
ड्रेसिंग,dressing,count=2
ड्रैगन्स,dragons,count=3
ड्रॉ,draw,count=1
ड्रॉप्स,drops,count=3
ड्रोन,drone,count=3
ढंग,dhang,count=3
ढ़हा,dhaha,count=1
ढांचा,dhaanche,count=3
ढांचा,dhancha,count=1
ढांचा,dhaancha,count=1
ढांचे,dhaanche,count=3
ढाबा,dhaaba,count=2
ढाबा,dhaba,count=1
ढाबे,dhaabe,count=3
ढिल्लों,dhillon,count=2
ढुलाई,dhuulai,count=3
ढूंढने,dhoondhne,count=6
ढेरों,dheron,count=3
ढोल,dhol,count=3
तंज,tanj,count=3
तंडा,tanda,count=3
तंत्र,tantra,count=3
तंबोली,tamboli,count=3
तक,tak,count=252
तकनीक,takneek,count=9
तकनीक,technology,count=9
तकनीकी,technical,count=7
तकनीकी,takneekii,count=3
तकनीकी,takniki,count=3
तकनीकी,technology,count=3
तकनीकी,technological,count=3
तकरीबन,takreeban,count=3
तगड़ी,tagdi,count=3
तट,tat,count=9
तड़का,tadka,count=2
तत्काल,tatkal,count=6
तत्व,tatva,count=3
तत्वावधान,tatvavdhan,count=3
तत्वावधान,tatvaavdhaan,count=3
तथा,tatha,count=44
तनाव,tanav,count=10
तनी,tani,count=2
तन्ना,tanna,count=3
तपस्या,tapasya,count=3
तब,tab,count=39
तबादला,tabadla,count=2
तबादले,tabadle,count=2
तबीयत,tabiyat,count=12
तब्दील,tabdeel,count=1
तब्बू,tabbu,count=3
तभी,tabhi,count=6
तमाम,tamaam,count=9
तमाम,tamam,count=6
तमिल,tamil,count=3
तमिलनाडु,tamilnadu,count=9
तमिलनाडु,tamilnaadu,count=3
तमिलरॉकर्स,tamilrockers,count=1
तमीम,tamim,count=3
तय,tay,count=9
तरफ,taraf,count=36
तरह,tarah,count=165
तरारी,tarari,count=3
तरीका,tareeka,count=2
तरीका,tarika,count=1
तरीके,tareeke,count=14
तरीके,tarike,count=9
तल,tal,count=1
तलब,talab,count=6
तलवार,talwar,count=3
तलाक,talaak,count=6
तलाक,talaaq,count=3
तलाक,talakh,count=1
तलाक,talaq,count=1
तलाश,talaash,count=8
तलाश,talash,count=2
तले,tale,count=3
तल्खी,talkhi,count=3
तवी,tawi,count=6
तवी,tavi,count=2
तसि,tsi,count=1
तस्कर,taskaar,count=2
तस्कर,taskar,count=1
तस्करी,taskari,count=3
तस्करी,tasakari,count=3
तस्करों,taskaron,count=6
तस्वीर,tasveer,count=26
तस्वीरें,tasveerein,count=8
तस्वीरों,tasveeron,count=1
तहत,tahat,count=82
तहसील,tehsil,count=3
तांडव,taandav,count=5
ताइवान,taiwan,count=2
ताओ,tao,count=3
ताक,taak,count=3
ताकत,taakat,count=18
ताकतवर,taakatwar,count=3
ताकि,taaki,count=19
ताज,taaj,count=2
ताज,taj,count=1
ताज़ा,taaza,count=2
ताजा,taaza,count=8
ताजा,taza,count=1
तापमान,taapmaan,count=6
तापसी,taapsee,count=4
तापसी,taapse,count=2
ताबड़तोड़,taabdaatod,count=2
तामान्दुआ,taamanada,count=4
तामान्दुआ,tamandua,count=2
तारक,taarak,count=6
तारा,tara,count=3
तारीख,tareekh,count=19
तारीख,tarikh,count=3
तारीख,taarikh,count=1
तारीफ,taarif,count=12
तारीफ,tareef,count=3
तारीफ,taareef,count=1
तारेक,tarek,count=3
तालाब,talab,count=3
तालिबान,taliban,count=4
तासीर,taseer,count=3
ताहिर,tahir,count=3
तिथि,tithi,count=2
तिथियां,tithiyan,count=4
तिमाही,timaahi,count=3
तिमोफ़ेय,timofey,count=2
तिरवा,tirwa,count=1
तिरुमल,tirumal,count=3
तिलक,tilak,count=3
तिवारी,tiwari,count=29
तिहाई,tihai,count=3
तीन,teen,count=53
तीनों,teenon,count=9
तीनों,teeno,count=6
तीर्थ,teerth,count=2
तीर्थन,tirthan,count=2
तीर्थों,teerth,count=3
तीव्रता,teevrata,count=1
तीसरा,teesra,count=31
तीसरा,tisra,count=2
तीसरी,teesri,count=15
तीसरे,teesre,count=10
तुड़वा,tudwa,count=3
तुम्हारे,tumhare,count=3
तुरंत,turant,count=14
तुर्की,turkey,count=6
तुलना,tulna,count=10
तुलना,tulnaa,count=2
तुली,tuli,count=3
तुषार,tushar,count=3
तुषार,tusshar,count=3
तुष्मुल,tushmul,count=3
तू,tu,count=3
तूफानी,toofani,count=3
तृणमूल,trinamool,count=8
तृप्ति,tripti,count=2
तृष्णा,trishna,count=1
तेंदुलकर,tendulkar,count=20
तेज,tez,count=33
तेज,tej,count=9
तेज,teja,count=2
तेज,tezi,count=2
तेजपाल,tejpal,count=3
तेजस,tejas,count=4
तेजस्वी,tejashwi,count=6
तेज़ी,tezi,count=6
तेजी,teji,count=12
तेजी,tezi,count=7
तेरे,tere,count=3
तेल,tel,count=20
तेलंगाना,telangana,count=17
तेलंगाना,telangaana,count=2
तेवतिया,tewatia,count=3
तैनात,tainat,count=12
तैनात,tainaat,count=3
तैमूर,taimur,count=7
तैयप,tayyip,count=3
तैयार,taiyaar,count=50
तैयार,taiyar,count=13
तैयार,tayaar,count=2
तैयारियां,taiyariyan,count=3
तैयारियां,taiyariyaan,count=2
तैयारियों,taiyariyon,count=3
तैयारी,taiyari,count=26
तैयारी,taiyaari,count=16
तैयारी,taiyaaree,count=2
तो,to,count=266
तो,toh,count=17
तोड़,tod,count=8
तोड़ने,todne,count=3
तोड़ा,toda,count=3
तोडा,toda,count=1
तोमर,tomar,count=10
तोलेडो,toledo,count=3
तोलेदो,toledo,count=3
तोशिबा,toishiba,count=3
तोहमात्सु,tohmatsu,count=3
तौधकपुर,taudhkapur,count=1
तौनी,tauni,count=2
तौर,taur,count=25
तौल,taul,count=2
त्याग,tyag,count=3
त्यागपत्र,tyaagpatra,count=2
त्योहार,tyohar,count=3
त्रिकोण,triangle,count=3
त्रिची,trichi,count=3
त्रित्व,trinity,count=3
त्रिपाठी,tripathi,count=11
त्रिपुरा,tripura,count=10
त्रिभुवन,tribhuvan,count=3
त्रिवेंद्र,trivendra,count=6
त्रिवेंद्रम,trivendram,count=2
त्रिवेदी,trivedi,count=1
त्रोंग,trong,count=2
त्वरित,tvari,count=2
त्वरित,tvarit,count=1
थड़,thad,count=3
थनबर्ग,thunberg,count=4
थम,tham,count=1
थमने,thamne,count=3
थमने,thhamne,count=2
थरेजा,thareja,count=3
थर्मल,thermal,count=5
थल,thal,count=3
थलाइवी,thalaivi,count=2
था,tha,count=535
था,thi,count=10
था,the,count=2
थाई,thai,count=2
थाईलैंड,thailand,count=2
थाना,thana,count=24
थाना,thaana,count=3
थानाध्यक्ष,thanaadhyaksh,count=2
थानाध्यक्ष,thanadhyach,count=1
थाने,thane,count=6
थामता,thamate,count=2
थार,thar,count=13
थिंकटैंक,thinktank,count=2
थिंग्स,things,count=1
थिएटर,theater,count=1
थिम्पू,thimphu,count=3
थियाज़ोल,thiyaazol,count=2
थियाज़ोल,thiyazol,count=1
थियेटर,theater,count=2
थियोडोर,theodore,count=2
थिरुराम,thiruraam,count=2
थिरुराम,thiruram,count=1
थी,thi,count=215
थी,thee,count=7
थी,tha,count=7
थीं,thi,count=12
थीं,theen,count=4
थीं,thin,count=3
थीं,the,count=3
थीम,theme,count=3
थे,the,count=163
थे,they,count=2
थॉमस,thomas,count=6
थोड़ा,thoda,count=3
थोड़ी,thodi,count=6
थ्री,three,count=6
द,da,count=3
द,india,count=3
द,d,count=2
द,dha,count=1
दंतेवाड़ा,dantewada,count=3
दक्षिण,dakshin,count=58
दक्षिणी,dakshini,count=11
दक्षिणीय,dakshiniya,count=2
दक्षिणीय,dakshini,count=1
दजपुंजाब,djpunjab,count=1
दत्त,dutt,count=8
ददरी,dadari,count=3
दफरा,dhafra,count=1
दफ्तर,daftar,count=7
दबंग,dabang,count=1
दबदबा,dabdaba,count=3
दबाव,dabav,count=5
दबिश,dabish,count=3
दम,dam,count=1
दमदार,dhamdaar,count=3
दमदार,damdaar,count=3
दयानंद,dayanand,count=3
दर,dar,count=13
दरअसल,darasal,count=24
दरबार,darbar,count=6
दरी,dari,count=3
दरें,daren,count=3
दरों,daron,count=6
दरों,daro,count=1
दरोगा,daroga,count=2
दर्ज,darj,count=44
दर्जनों,darjono,count=3
दर्जा,darja,count=1
दर्द,dard,count=3
दर्रा,darra,count=1
दर्शक,darshak,count=3
दर्शको,darshako,count=1
दर्शकों,darshakon,count=10
दर्शन,darshan,count=18
दर्शाते,darshate,count=3
दल,dal,count=15
दलाई,dalai,count=3
दलाल,dalal,count=5
दलाल,dalaal,count=3
दलित,dalit,count=6
दलीले,daleele,count=2
दलीले,dalile,count=1
दवाई,davai,count=1
दवाओं,davaon,count=2
दशक,dashak,count=9
दशकों,dashkon,count=3
दशकों,dashako,count=1
दशहरा,dussehra,count=2
दशहरा,dashahara,count=2
दस,das,count=3
दसवीं,dasvi,count=3
दस्तक,dastak,count=18
दस्तावेज,dastavez,count=3
दस्तावेज़,dastavez,count=6
दस्तावेजों,dastavejon,count=5
दहलाने,dahlaane,count=3
दहिसर,dahisar,count=3
दांगी,dangi,count=3
दांव,daav,count=6
दाखिल,daakhil,count=5
दाखिले,daakhile,count=3
दादर,dadar,count=3
दादरा,dadra,count=2
दादा,daada,count=2
दादाजी,dadaji,count=6
दानापुर,danapur,count=6
दाम,daam,count=17
दामों,daamon,count=3
दामोदरपुर,damodarpur,count=3
दायर,daayar,count=3
दायर,daayr,count=3
दायरा,daayara,count=3
दायरा,daayra,count=3
दायित्व,dayitv,count=3
दाल,daal,count=3
दावा,daava,count=14
दावा,dawa,count=1
दावे,daave,count=3
दास,das,count=10
दासप्रथा,daspratha,count=2
दिए,diye,count=55
दिए,die,count=5
दिक्कत,dikkat,count=1
दिक्कतें,dikktayein,count=3
दिक्कतों,dikkaton,count=3
दिख,dikh,count=3
दिख,dikha,count=1
दिखता,dikhtaa,count=3
दिखने,dikhne,count=6
दिखा,dikha,count=8
दिखाई,dikhai,count=15
दिखाई,dikhaai,count=4
दिखाई,dikhayi,count=3
दिखाई,dikhaee,count=2
दिखाई,dikhaayi,count=1
दिखाए,dikhaye,count=6
दिखाएगी,dikhayegi,count=2
दिखाता,dikhata,count=3
दिखाने,dikhane,count=6
दिखाया,dikhaya,count=9
दिखाया,dikhaaya,count=6
दिखे,dikhaye,count=2
दिखेगा,dikhega,count=3
दिग्गज,diggaj,count=63
दिग्गजों,diggajon,count=1
दिग्लीपुर,diglipur,count=3
दिग्विजय,digvijay,count=1
दिन,din,count=113
दिनभर,dinbhar,count=3
दिनाजपुर,dinajpur,count=3
दिनेश,dinesh,count=17
दिनों,dinon,count=59
दिनों,dino,count=48
दिनों,dinoon,count=3
दिनों,din,count=3
दिब्रुगढ़,dibrugarh,count=2
दिया,diya,count=466
दिये,diye,count=8
दिल,dil,count=17
दिलचस्प,dilchasp,count=3
दिलचस्पी,dilchapsi,count=2
दिलचस्पी,dilchasp,count=1
दिलाइक,dilaik,count=3
दिलाई,dilayi,count=6
दिलाने,dilane,count=3
दिलाया,dilaya,count=12
दिलीप,dilip,count=4
दिलीप,dileep,count=3
दिलैक,dilaik,count=3
दिल्ली,dilli,count=339
दिल्ली,dillee,count=1
दिल्लीः,dilli,count=3
दिवंगत,divangat,count=8
दिवस,divas,count=28
दिवस,diwas,count=6
दिवसीय,divasiya,count=4
दिवसीय,divasiye,count=2
दिवाला,diwaala,count=3
दिवाली,diwali,count=3
दिव्या,divya,count=2
दिव्यांग,divyaang,count=3
दिशा,disha,count=48
दिसंबर,december,count=45
दिसंबर,disambar,count=3
दिसम्बर,december,count=5
दिसम्बर,disambar,count=4
दिहाड़ी,dihaadi,count=3
दी,di,count=279
दी,dee,count=11
दी,diya,count=4
दी,diye,count=3
दीं,di,count=4
दीजिए,dijiye,count=3
दीप,deep,count=6
दीपक,deepak,count=9
दीपक,dipak,count=1
दीपावली,deepavali,count=3
दीपिका,deepika,count=33
दीपिका,dipika,count=3
दीप्ति,deepati,count=2
दीप्ति,deepathi,count=1
दीया,diya,count=5
दीवा,deva,count=2
दीवान,diwan,count=3
दीवाना,deewana,count=5
दीवारें,deewarein,count=3
दीवाली,diwali,count=3
दुःख,dukh,count=3
दुआ,dua,count=6
दुकान,dukaan,count=7
दुखद,dukhad,count=3
दुगुनी,duguni,count=3
दुनिया,duniya,count=133
दुनियाभर,duniyabhar,count=9
दुबई,dubai,count=17
दुबारा,dobaara,count=3
दुबे,dubey,count=9
दुरुपयोग,durupayog,count=3
दुरुपयोग,durupyog,count=3
दुर्ग,durg,count=5
दुर्गा,durga,count=3
दुर्घटना,durghatna,count=15
दुर्भाग्यवश,durbhagyavash,count=3
दुर्लभ,durlabh,count=3
दुलहनियां,dulhaniya,count=2
दुल्हन,dulhan,count=3
दुल्हनें,dulhanen,count=2
दुल्हनें,dulhanein,count=1
दुविधा,duvidha,count=1
दुश्मनी,dushmanee,count=2
दुष्कर्म,dushkarm,count=6
दूध,doodh,count=9
दूर,door,count=14
दूरदृष्टिता,dooradrishiti,count=2
दूरसंचार,doorsanchar,count=4
दूरसंचार,doorasanchaar,count=1
दूरसंचार,dursanchar,count=1
दूरी,doori,count=1
दूल्हे,dulhe,count=3
दूसरा,doosra,count=27
दूसरा,dusra,count=21
दूसरी,doosri,count=30
दूसरी,dusri,count=30
दूसरे,dusre,count=25
दूसरे,doosre,count=18
दूसरों,doosron,count=6
दूसरों,dusron,count=3
दृढ़,dridh,count=3
दे,de,count=101
दें,den,count=30
दें,dein,count=4
देंगी,denge,count=2
देंगी,dengi,count=1
देंगे,denge,count=19
देओल,deol,count=13
देकर,dekar,count=9
देख,dekh,count=35
देखकर,dekhkar,count=10
देखते,dekhate,count=2
देखते,dekhte,count=2
देखना,dekhna,count=5
देखने,dekhne,count=43
देखा,dekha,count=45
देखिए,dekhiye,count=5
देखी,dekhi,count=21
देखे,dekhe,count=3
देखें,dekhain,count=8
देखें,dekhen,count=8
देखें,dekhe,count=4
देखें,dekhein,count=4
देखेंगे,dekhenge,count=3
देगी,degi,count=5
देता,deta,count=16
देता,deti,count=3
देते,dete,count=32
देना,dena,count=18
देना,deni,count=3
देनी,deni,count=3
देने,dene,count=57
देने,dena,count=3
देपसांग,depsang,count=2
देब,deb,count=1
देब्सवाना,debswana,count=2
देर,der,count=9
देव,dev,count=11
देवकी,devaki,count=3
देवगन,devgn,count=8
देवगन,devgan,count=3
देवघर,deoghar,count=3
देवता,devata,count=3
देवदास,devdas,count=1
देवर,devar,count=1
देवव्रत,devvrat,count=2
देवाधिदेव,devaadhidev,count=3
देवी,devi,count=17
देवेंद्र,devendra,count=3
देवोलीना,devoleena,count=2
देश,desh,count=298
देश,deshe,count=3
देशपांडे,deshpaande,count=3
देशभक्ति,deshbhakti,count=3
देशभर,deshbhar,count=21
देशमुख,deshmukh,count=3
देशवासियो,deshvaasiyon,count=2
देशवासियों,deshvasiyo,count=6
देशवासियों,deshvasiyon,count=6
देशवासियों,deshvaasiyon,count=3
देशवासी,deshvaasi,count=3
देशों,deshon,count=54
देशों,desho,count=3
देसाई,desai,count=24
देसी,desi,count=3
देसी,deshi,count=3
देहरादून,dehradun,count=12
देहात,dehat,count=3
दैनिक,dainik,count=2
दैनिकभास्कर,dainikbhaskar,count=2
दो,do,count=105
दो,din,count=1
दोटूक,dotook,count=1
दोनों,dono,count=50
दोनों,donon,count=33
दोन्या,donya,count=2
दोपहर,dopahar,count=11
दोपहर,dopehar,count=3
दोबारा,dobaara,count=3
दोषियों,doshiyon,count=3
दोस्त,dost,count=11
दोस्ती,dosti,count=6
दोस्तो,dosto,count=3
दोस्तों,doston,count=17
दोस्तों,dosto,count=1
दोहरा,dohra,count=3
दोहरायी,doharaayi,count=3
दौड़ती,daudti,count=2
दौर,daur,count=14
दौरा,daura,count=6
दौरान,dauraan,count=54
दौरान,dauran,count=40
दौरे,daure,count=26
दौसा,dausa,count=3
द्रविड़,dravid,count=1
द्वारा,dwara,count=223
द्वारा,dwaara,count=21
द्वारा,dvara,count=4
द्वारा,dwaare,count=1
द्विअंगी,dviangi,count=1
द्वीप,dweep,count=3
धकेलने,dhakelne,count=2
धन,dhan,count=3
धनखड़,dhanakad,count=2
धनश्री,dhanashree,count=6
धनी,dhaani,count=3
धनुष,dhanush,count=7
धन्यवाद,dhanyavaad,count=6
धमकाने,dhamkane,count=3
धमकाने,dhamkaane,count=3
धमाक,dhamak,count=3
धमाकेदार,dhamakedaar,count=3
धमाल,dhamaal,count=7
धमाल,dhamal,count=3
धरने,dharane,count=3
धर्मनाथ,dharmnath,count=1
धर्मनिरपेक्ष,dharmnirpeksh,count=2
धर्मनिरपेक्ष,dharmanirpeksh,count=1
धर्मशाला,dharamshala,count=4
धर्मशाला,dharmashala,count=1
धर्मशास्त्री,dharmashaastri,count=1
धर्मशास्त्री,dharmashastri,count=1
धर्मेंद्र,dharmendra,count=6
धर्मेगौड़ा,dharmegouda,count=1
धर्मेन्द्र,dharmendra,count=2
धर्मेन्द्र,dharamendra,count=1
धर्मेश,dharmesh,count=3
धवन,dhawan,count=33
धवन,dhavan,count=6
धांसू,dhansu,count=1
धाकड़,dhaakad,count=1
धानक,dhanak,count=3
धाबी,dhaabi,count=2
धाबी,dhabi,count=1
धाम,dham,count=3
धारचूला,dharchula,count=2
धारण,dhaaran,count=3
धारणा,dharana,count=3
धारा,dhara,count=6
धारावी,dharavi,count=4
धारावी,dhaaraavi,count=1
धार्मिक,dharmik,count=5
धितोपत्र,dhitopatra,count=3
धीमी,dheemi,count=3
धीरज,dheeraj,count=12
धीरेंद्र,dheerendra,count=2
धुआंधार,dhuaandhaar,count=1
धुरंधर,dhurandhar,count=1
धुर्वा,dhurva,count=2
धुर्वा,dhurwa,count=1
धुर्वे,dhurve,count=3
धूपर,dhoopar,count=3
धूम,dhoom,count=3
धूल,dhool,count=10
धूलिया,dhuliya,count=3
धृति,dhriti,count=3
धोखा,dhokha,count=2
धोखाधड़ी,dhokhaadhadi,count=3
धोखाधड़ी,dhokhadhadi,count=1
धोनी,dhoni,count=61
ध्यान,dhyan,count=15
ध्यान,dhyaan,count=6
ध्रुव,dhruv,count=4
ध्वज,dhwaj,count=3
ध्वजारोहण,dhvajaarohan,count=1
न,na,count=36
न,n,count=4
नं,no,count=3
नंदकुमार,nandkumar,count=3
नंदा,nanda,count=3
नंदिनी,nandini,count=3
नंबर,number,count=26
नंबर,nambar,count=3
नंबर,namber,count=1
नई,nayi,count=142
नई,nai,count=118
नई,naii,count=10
नई,new,count=10
नई,naee,count=2
नईदुनिया,naiduniya,count=3
नईदुनिया,naidunia,count=3
नईम,naeem,count=2
नए,naye,count=130
नए,nave,count=2
नकद,nakad,count=5
नकबी,naqbi,count=1
नकरात्मक,nakaraatmak,count=3
नकल,nakal,count=3
नकली,nakli,count=6
नकारात्मक,nakaratmak,count=1
नकेल,nakeel,count=3
नक्शा,naksha,count=3
नक्ष,naksh,count=1
नक्षत्र,nakshatra,count=3
नक्सली,naksali,count=3
नगर,nagar,count=56
नगरी,nagari,count=5
नगरी,nagri,count=3
नजदीक,nazdeek,count=3
नजदीकी,nazdeeki,count=3
नजर,nazar,count=100
नजर,nazhar,count=2
नजरअंदाज,nazarandaz,count=3
नजरबंद,nazirband,count=2
नज़र,nazar,count=8
नज़र,najar,count=1
नजारा,nazaara,count=3
नजारा,nazara,count=3
नटखट,natkhat,count=1
नटराजन,natarajan,count=3
नट्टू,nattu,count=3
नड्डा,nadda,count=8
नताशा,natasha,count=5
नताशा,nataasha,count=3
नताशा,natasa,count=1
नतीजा,natija,count=6
नतीजे,nateeje,count=3
नतीजे,nateje,count=2
नदियाँ,nadiyaan,count=3
नदियों,nadiyon,count=3
नदी,nadi,count=18
नमूना,namuna,count=3
नमूनों,namunon,count=3
नमो,namo,count=3
नमोअप्प,namoapp,count=1
नम्बर,number,count=1
नया,naya,count=98
नये,naye,count=6
नरवणे,naravane,count=3
नरूला,narula,count=1
नरेंद्र,narendra,count=155
नरेंद्र,narendr,count=4
नरेंद्र,narender,count=2
नरेंद्र,narendar,count=2
नरेंद्रमोदीऐप,narendramodiapp,count=6
नरेन्द्र,narendra,count=11
नर्तकी,nrityangna,count=2
नर्मदा,narmada,count=6
नर्स,nurse,count=4
नर्सिंग,nursing,count=6
नर्सों,nurses,count=3
नवंबर,november,count=21
नवंबर,navambar,count=7
नवगठित,navagathit,count=2
नवगठित,navgathit,count=1
नवजोत,navjot,count=6
नवदुनिया,navdunia,count=3
नवनियुक्त,navniyukti,count=3
नवनिर्माण,navnirman,count=3
नवभारत,navbharat,count=3
नवम्बर,november,count=10
नवरतन,navratan,count=3
नवरात्रि,navratri,count=3
नवरात्रि,navraatri,count=1
नवरात्रों,navratro,count=1
नवरूना,navruna,count=1
नवसारी,navsari,count=2
नवागत,navagat,count=3
नवाचार,vichar,count=1
नवाज़ुद्दीन,nawazuddin,count=3
नवादा,nawada,count=3
नवादा,navaada,count=2
नवाब,nawab,count=6
नवाबगंज,navabganj,count=3
नवी,navi,count=3
नवीकरणीय,navikarniya,count=6
नवीकरणीय,naveekarnee,count=4
नवीकरणीय,naveekarniye,count=2
नवीन,naveen,count=7
नवीनतम,naveentam,count=6
नवीनतम,navinatam,count=3
नवीनतम,navintam,count=1
नवेली,naveli,count=3
नवोदय,navodaya,count=6
नव्या,navya,count=3
नशा,nasha,count=3
नशीला,nasheela,count=3
नशीले,nasheele,count=2
नसरल्लागंज,nasrullaganj,count=6
नसीरुद्दीन,naseeruddin,count=3
नस्लों,naslon,count=1
नहर,nahar,count=4
नही,nahi,count=1
नहीं,nahin,count=224
नहीं,nahi,count=197
नहीं,nhi,count=1
ना,na,count=12
नाइक,naik,count=3
नाइट,night,count=16
नाइट,knight,count=13
नाइट,nait,count=2
नाइटराइडर्स,naitaraidars,count=2
नाइट्रोजन,naitarjan,count=1
नाक,naak,count=1
नाकामुरा,nakamura,count=5
नाग,nag,count=1
नाग,naag,count=1
नागदा,nagda,count=4
नागपुर,nagpur,count=4
नागर,nagar,count=3
नागराले,nagaarale,count=3
नागरिक,nagrik,count=11
नागरिक,nagarik,count=9
नागरिकता,naagrikta,count=3
नागरिकों,nagrikon,count=5
नागरिकों,nagarikon,count=3
नागरिकों,nagriko,count=1
नागा,naga,count=4
नागार्जुन,nagarjuna,count=3
नागिन,naagin,count=5
नागौर,nagaur,count=1
नाज,naaz,count=1
नाजुक,naazuk,count=3
नाटो,nato,count=3
नाडार,naadar,count=1
नाडियाड,naadiyaad,count=2
नाडियाड,nadiad,count=1
नाता,naata,count=4
नाता,nata,count=3
नातिन,naatin,count=3
नाथ,nath,count=13
नाथ,naath,count=2
नानपुर,naanpur,count=2
नानी,naani,count=6
नाबालिग,naabaalig,count=5
नाबालिग,nabaalig,count=1
नाम,naam,count=170
नाम,nam,count=1
नामक,naamak,count=14
नामकरण,namkaran,count=3
नामदेव,namdev,count=6
नामांक,naamank,count=3
नामांकन,nomination,count=3
नामांकित,nominate,count=3
नामित,naamit,count=2
नामी,naami,count=3
नाम्बियार,nambiar,count=3
नायक,naayak,count=2
नायक,nayak,count=1
नायिका,nayika,count=3
नारकोटिक्स,naarkotiks,count=6
नारकोटिक्स,narkotiks,count=2
नारकोटिक्स,narcotics,count=1
नारजो,narzo,count=3
नाराजगी,naarazgi,count=4
नाराजगी,naaraazgi,count=3
नाराजगी,naaraazagee,count=2
नाराजगी,narazgi,count=1
नारायण,narayan,count=16
नारायण,naaraayan,count=2
नारायणजी,narayanji,count=3
नाराज़,naraj,count=1
नार्कोटिक्स,narcotics,count=3
नार्जो,narzo,count=7
नालको,nalco,count=3
नाले,naale,count=3
नाव,naav,count=1
नाविक,naavik,count=1
नासा,nasa,count=3
नासिक,naasik,count=4
नासिर,nasser,count=1
नाहर,nahar,count=3
निंजा,ninja,count=1
निक,nick,count=24
निकयंका,nikyanka,count=1
निकल,nikal,count=4
निकलकर,nikalkar,count=3
निकलता,nikalta,count=3
निकलती,nikalti,count=6
निकलने,nikalne,count=3
निकलवाने,nikalvane,count=2
निकला,nikla,count=3
निकली,nikli,count=3
निकली,nikali,count=1
निकली,nikhli,count=1
निकलीं,niklin,count=2
निकलीं,nikliin,count=1
निकले,nikle,count=3
निकाय,nikay,count=3
निकाय,nikaay,count=3
निकायों,nikaayon,count=3
निकाल,nikaal,count=2
निकालकर,nikaalkar,count=3
निकालना,nikaalna,count=3
निकालने,nikaalne,count=4
निकाला,nikala,count=4
निकाली,nikali,count=14
निकाली,nikaali,count=1
निकाले,nikale,count=4
निकालें,nikalen,count=3
निकी,nikki,count=2
निकोबार,nicobar,count=12
निक्की,nikki,count=3
निखारते,nikharte,count=3
निखिल,nikhil,count=6
निगम,nigam,count=47
निगम,nigma,count=1
निगमों,nigamon,count=3
निगरानी,nigraani,count=4
निगरानी,nigrani,count=1
निजात,nijaat,count=3
निजामुद्दीन,nizamuddin,count=3
निजी,niji,count=18
नितिन,nitin,count=1
नितीश,nitish,count=4
नितेश,nitesh,count=6
नित्यानंद,nityananda,count=15
निदेशक,nideshak,count=8
निदेशक,nideeshak,count=4
निदेशक,nidaankaar,count=2
निदेशक,nideshaak,count=2
निदेशक,nidesak,count=1
निदेशालय,nideshalya,count=2
निदेशालय,nideshaalya,count=2
निदेशालय,nideshalaya,count=2
निदेशालय,nideshalay,count=1
निधन,nidhan,count=36
निधि,nidhi,count=6
निपटने,nipatne,count=10
निपटा,nipata,count=1
निपटा,nipat,count=1
निपटा,nipta,count=1
निपटाने,nipatne,count=3
निफ़्टी,nifty,count=2
निफ्टी,nifty,count=11
निभा,nibha,count=10
निभा,nibhane,count=1
निभाई,nibhayi,count=2
निभाई,nibhai,count=1
निभाईं,nibhayin,count=1
निभाए,nibhaye,count=3
निभाएगी,nibhayegi,count=2
निभाएगी,nibhaegi,count=1
निभाकर,nibhakar,count=4
निभाकर,nibhaakar,count=2
निभाती,nibhata,count=3
निभाते,nibhate,count=3
निभाने,nibhane,count=6
निभाने,nibhaane,count=3
निभाया,nibhaya,count=5
निभाया,nibhaaya,count=2
निमंत्रित,nimantit,count=3
निमार,nimar,count=3
निमित्त,nimitt,count=3
निमो,nimo,count=3
निम्नलिखित,nimnlikhit,count=3
नियंत्रण,niyantran,count=5
नियंत्रित,niyantrit,count=6
नियम,niyam,count=6
नियमित,niyamit,count=5
नियमों,niyamon,count=5
नियमों,niyam,count=1
निया,niya,count=3
नियामकीय,niyamakiya,count=1
नियामकों,niyamako,count=3
नियुक्त,niyukt,count=21
नियुक्ति,niyukti,count=16
नियुक्ति,niyukt,count=3
नियुक्तियों,niyuktiyon,count=5
नियो,niyo,count=3
निरंतर,nirantar,count=9
निरस्त,nirast,count=1
निरहुआ,nirahua,count=5
निराश,nirash,count=2
निरीक्षण,nireekshan,count=11
निरीक्षण,nirikshan,count=1
निर्णय,nirnay,count=24
निर्णयों,nirnayon,count=1
निर्णायक,nirnayak,count=1
निर्दलीय,nirdaliya,count=5
निर्दलीय,nirdali,count=1
निर्देश,nirdesh,count=23
निर्देशक,nirdeshak,count=3
निर्देशन,nirdeshan,count=4
निर्देशिका,nirdeshika,count=4
निर्धारित,nirdharit,count=12
निर्भया,nirbhaya,count=3
निर्भर,nirbhar,count=3
निर्भरता,nirbharta,count=3
निर्मला,nirmala,count=15
निर्माण,nirman,count=23
निर्माण,nirmaan,count=22
निर्माण,construction,count=9
निर्माण,manufacturing,count=6
निर्माणाधीन,nirmaanadheen,count=2
निर्माणाधीन,nirmanadhin,count=1
निर्माता,nirmaata,count=35
निर्माता,nirmata,count=12
निर्माता,nirmaataa,count=3
निर्मित,nirmit,count=3
निर्मित,nirmalit,count=1
निर्यात,niryat,count=3
निर्यातकों,niryatkon,count=2
निर्यातकों,niryaatkaron,count=1
निर्वाचित,nirvachit,count=5
निर्वाचित,nirvaachit,count=1
निर्विक,nirvik,count=3
निर्विरोध,nirvirodh,count=2
निलंबन,nilamban,count=1
निलंबित,nilambit,count=2
निलंबित,nilsambhit,count=1
निवारण,nivaran,count=3
निवासियों,nivasiyon,count=1
निवासी,nivasi,count=14
निवासी,nivaasi,count=9
निवासी,niwasi,count=3
निवेश,nivesh,count=55
निवेश,investment,count=32
निवेशक,niveshak,count=5
निवेशक,investor,count=3
निवेशक,investors,count=3
निवेशकों,niveshakon,count=7
निशंक,nishank,count=3
निशांत,nishant,count=9
निशान,nishan,count=5
निशान,nishaan,count=1
निशाना,nishana,count=38
निशाना,nishaana,count=3
निशाने,nishane,count=9
निश्चय,nishchay,count=3
निश्चिंत,nishchint,count=3
निषाद,nishad,count=6
निष्कर्ष,nishkarsh,count=2
निसर्ग,nisarg,count=3
निसान,nissan,count=3
निसान,nisaan,count=1
नींद,neend,count=5
नींव,neev,count=5
नीचे,neeche,count=3
नीडालु,needalu,count=3
नीता,nita,count=10
नीता,neeta,count=2
नीति,neeti,count=8
नीति,niti,count=5
नीतियों,neetiyon,count=2
नीतीश,nitish,count=42
नीतू,neetu,count=6
नीदरलैंड,nidarlend,count=2
नीना,neena,count=1
नीमो,nimo,count=2
नीरज,neeraj,count=7
नील,neel,count=3
नीलकंठ,neelkanth,count=3
नीलम,neelam,count=3
नीलाचल,neelachal,count=3
नीलामी,neelami,count=3
नीलिमा,neelima,count=3
नीली,neeli,count=3
नुकसान,nuksaan,count=12
नुकसान,nuksan,count=4
नुसरत,nusrat,count=1
नुस्खे,nuskhe,count=3
नूरानी,noorani,count=3
नृत्य,nritya,count=6
ने,ne,count=2453
ने,hasina,count=3
ने,mein,count=3
ने,ney,count=2
ने,san,count=2
ने,karmchariyon,count=1
ने,jagadeesan,count=1
नेगी,negi,count=3
नेचुरल,natural,count=4
नेट,net,count=18
नेटवर्क,network,count=52
नेटवर्क,netwarak,count=1
नेटवर्किंग,netwarking,count=1
नेटवर्क्स,networks,count=4
नेता,neta,count=67
नेताओं,netaon,count=10
नेताजी,netaji,count=3
नेताजी,netaaji,count=3
नेतृत्व,netritva,count=18
नेतृत्व,netratva,count=3
नेतृत्व,netritv,count=1
नेत्र,netra,count=1
नेपाल,nepal,count=10
नेपाली,nepali,count=12
नेप्से,nepse,count=3
नेफ्रोलॉजिस्ट,nephrologist,count=3
नेरोगेज,nerogej,count=1
नेल्सन,nelson,count=3
नेविगेशन,navigation,count=6
नेविगेशनल,navigational,count=3
नेविल,nevil,count=4
नेविस,nevis,count=1
नेवी,navy,count=3
नेशनल,national,count=98
नेशनल,neshanal,count=5
नेशनल,neshnal,count=2
नेहरा,nehra,count=3
नेहरु,nehru,count=1
नेहरू,nehru,count=9
नेहवाल,nehwal,count=3
नेहा,neha,count=29
नैकॉन,naqcon,count=3
नैतिक,naitik,count=1
नैनीताल,nainital,count=3
नैनो,nano,count=3
नैनोसेकंड,nanosecond,count=3
नैपकिन,napkin,count=6
नैफ,naif,count=2
नैशनल,national,count=3
नैसडैक,nasdaq,count=1
नैस्डैक,nasdaq,count=3
नॉएडा,noida,count=3
नॉकआउट,knockout,count=2
नॉटन,naughton,count=2
नॉन,non,count=3
नॉर्ड,nord,count=4
नॉर्थ,north,count=6
नॉर्थईस्ट,northeast,count=1
नॉर्म्स,norms,count=3
नॉवेल,novel,count=3
नॉस्टक,nostak,count=1
नो,no,count=3
नोएडा,noida,count=31
नोट,note,count=36
नोटबंदी,notebandi,count=1
नोटिफिकेशन,notification,count=3
नोट्स,notes,count=3
नोडल,nodal,count=3
नोबल,nobel,count=3
नोबेल,nobel,count=9
नोयी,noyee,count=2
नोरा,nora,count=3
नौकरियां,naukriyaan,count=5
नौकरियां,naukriyan,count=3
नौकरियों,naukriyon,count=2
नौकरी,naukri,count=24
नौकरी,naukari,count=1
नौकरी,nokri,count=1
नौजवान,naujawan,count=9
नौजवानों,naujawano,count=3
नौजवानों,naujavanon,count=3
नौजवानों,naujawaanon,count=3
नौबत,naubat,count=1
नौला,naula,count=3
न्याय,nyaay,count=5
न्याय,nyay,count=1
न्यायमूर्ति,nyaymurti,count=1
न्यायाधीश,nyayadhish,count=9
न्यायाधीश,nyayadheesh,count=1
न्यायालय,nyayalaya,count=9
न्यायालय,nyayalay,count=7
न्यायिक,nyayik,count=3
न्यूक्लियर,nyookliyar,count=2
न्यूज,nyooj,count=6
न्यूजीलैंड,naijiland,count=5
न्यूजीलैंड,niyuziland,count=5
न्यूजीलैंड,naijileand,count=4
न्यूजीलैंड,nyoojiland,count=1
न्यूजीलैंड,niyoozeeland,count=1
न्यूजीलैंड,nyaajilaend,count=1
न्यूजीलैंड,newzealand,count=1
न्यूटन,newton,count=1
न्यूट्रिएंट्स,nutrients,count=3
न्यूयॉर्क,nyuyork,count=2
पं,pandit,count=1
पंक,punk,count=3
पंकज,pankaj,count=5
पंखे,pankhe,count=3
पंगा,panga,count=4
पंगेबाज,pangebaaz,count=1
पंचकूला,panchkula,count=3
पंचमी,panchmi,count=2
पंचरसा,panchrasa,count=1
पंचायत,panchayat,count=34
पंजाब,punjab,count=85
पंजाब,panjab,count=4
पंजाब,panjaab,count=4
पंजाबी,punjabi,count=25
पंजीकरण,panjikaran,count=8
पंडित,pandit,count=11
पंढरीनाथ,pandharinath,count=3
पंत,pant,count=21
पंप,pump,count=8
पकड़,pakad,count=3
पकड़ने,pakadne,count=3
पकड़ा,pakda,count=2
पकड़ेगी,pakadegi,count=2
पकड़ेगी,pakdegii,count=1
पक्ष,paksh,count=2
पगली,pagli,count=3
पटकथा,patakatha,count=2
पटकथा,patkatha,count=1
पटना,patna,count=35
पटरी,patair,count=2
पटरी,patari,count=1
पटरी,patri,count=1
पटेल,patel,count=19
पटौदी,pataudi,count=6
पट्टचित्र,pattachitra,count=3
पठान,pathan,count=12
पठान,pathaan,count=2
पठानिया,pathania,count=3
पड़,pad,count=11
पड़ता,padta,count=12
पड़ता,padtaa,count=3
पड़ती,padti,count=6
पड़ने,padne,count=6
पड़ा,pada,count=23
पड़ी,padi,count=10
पड़ी,padee,count=2
पड़े,pade,count=5
पड़े,padhe,count=3
पड़ेंगे,padenge,count=3
पड़ेगा,padega,count=10
पड़ेगा,parega,count=3
पड़ोसी,padosi,count=8
पढ़,padh,count=4
पढ़ना,padhna,count=2
पढ़ने,padhne,count=3
पढ़ा,padha,count=6
पढ़ाई,padhai,count=9
पढ़ाती,padhati,count=3
पढ़ाया,padhaya,count=3
पढ़े,padhe,count=2
पढ़ें,padhen,count=4
पढ़ें,padhe,count=3
पढ़ें,padhein,count=2
पढ़ेंगे,padhenge,count=10
पढ़ो,padho,count=3
पतंजलि,patanjali,count=1
पता,pata,count=25
पति,pati,count=49
पत्ताभि,pattabhi,count=3
पत्थरों,pattharon,count=6
पत्नियों,patniyon,count=2
पत्नी,patni,count=66
पत्नी,patnee,count=3
पत्र,patra,count=19
पत्र,patr,count=2
पत्रकार,patrakaar,count=8
पत्रकार,patrakar,count=1
पत्रिका,patrika,count=4
पद,pad,count=30
पदक,padak,count=12
पदभार,padbhaar,count=2
पदभार,padbhara,count=1
पदस्थ,padasth,count=6
पदाधिकारियों,padhaadhikaariyon,count=2
पदाधिकारियों,padadhikaron,count=1
पदार्थ,padaarth,count=3
पदार्थ,padarth,count=2
पदों,padon,count=94
पदोन्नति,padonnati,count=3
पद्धति,paddhati,count=5
पनप,panap,count=3
पनवेल,panvel,count=3
पनेसर,panesar,count=3
पन्ना,panna,count=3
पन्नू,pannu,count=5
पप्पू,pappu,count=2
पबजीएम,pubgm,count=3
पब्लिक,public,count=47
पम्प,pump,count=1
पर,par,count=1627
पर,per,count=2
परंतु,parantu,count=6
परंपरा,parampara,count=11
परंपरागत,paramparaagat,count=2
परंपरागत,paramparagat,count=1
परचेज,parchaaj,count=2
परफेक्शनिस्ट,perfectionist,count=3
परफॉर्म,perform,count=3
परफॉर्मर,performer,count=1
परमबीर,parambir,count=3
परमबीर,parambeer,count=2
परमवीर,paramvie,count=1
परमार,parmar,count=13
परमीत,parmeet,count=3
परवान,parvaan,count=3
परवीन,parveen,count=2
परवेज,parvez,count=5
परवेज,pervez,count=2
परषोत्तम,parshottam,count=1
परस,paras,count=4
परस्पर,paraspar,count=3
परहाद,parhad,count=3
परांजपे,paranjape,count=3
पराक्रम,parakram,count=3
पराठा,paratha,count=3
पराठे,parathe,count=1
पराली,parali,count=3
परास्नातकों,paraasnaatak,count=3
परिचय,parichay,count=5
परिचालन,parichalan,count=3
परिचित,parichit,count=3
परिजनों,parijanon,count=8
परिजनों,parijano,count=1
परिणाम,parinaam,count=86
परिणीति,parineeti,count=12
परिदृश्य,paridrishya,count=1
परियोजना,pariyojana,count=14
परियोजना,pariyojna,count=7
परियोजनाओं,pariyojnaon,count=5
परिवर्तन,parivartan,count=15
परिवहन,parivahan,count=8
परिवाद,parivaad,count=2
परिवादी,parivaadi,count=2
परिवार,parivaar,count=36
परिवार,pariwar,count=6
परिवारों,parivaaron,count=4
परिव्राजक,parivrajak,count=3
परिश्रम,parishram,count=6
परिषद,parishad,count=48
परिष्कृत,parishkrit,count=3
परिसंघ,parisangh,count=2
परिसर,parisar,count=6
परिसर,parisaar,count=1
परिस्थिति,paristhiti,count=6
परिस्थितियों,paristhitiyon,count=4
परीक्षण,pareekshan,count=8
परीक्षण,parikshan,count=5
परीक्षा,pariksha,count=126
परीक्षा,pareeksha,count=22
परीक्षाएं,pareekshaein,count=3
परीक्षाओं,pareekshaaon,count=9
परीक्षाओं,parikshaon,count=7
परीक्षाओं,pareekshao,count=3
परीक्षाओं,pareekshanon,count=2
परुपल्ली,parupalli,count=6
परेड,parade,count=3
परेशान,pareshaan,count=3
परेशान,pareshan,count=3
परेशानी,pareshaani,count=3
परौंख,paraunkh,count=3
पर्चे,parche,count=3
पर्थ,perth,count=1
पर्दा,parda,count=7
पर्दे,parde,count=7
पर्यटकों,paryatakon,count=4
पर्यटकों,paryatak,count=3
पर्यटन,paryatan,count=14
पर्याप्त,paryapt,count=9
पर्यावरण,paryavaran,count=16
पर्व,parv,count=2
पर्वत,parvat,count=1
पर्वतों,parvaton,count=3
पलक,palak,count=3
पलट,palat,count=5
पलताना,palatana,count=3
पलानीस्वामी,palaniswami,count=6
पली,pali,count=3
पल्लव,pallav,count=3
पल्सेस,pulses,count=3
पवन,pawan,count=17
पवार,pawar,count=11
पवित्र,pavitra,count=12
पवैया,pawaiya,count=3
पशुधन,pashudhan,count=3
पशुपालन,pashupalan,count=5
पश्चिम,pashchim,count=24
पश्चिम,paschim,count=16
पश्चिमी,pashchimi,count=5
पसंद,pasand,count=21
पसंदीदा,pasandida,count=3
पसरा,psara,count=3
पहचान,pehchaan,count=23
पहचान,pehchan,count=3
पहचान,pahchaan,count=2
पहचानने,pehchaneene,count=3
पहनकर,pehenkar,count=3
पहनकर,pahankar,count=3
पहनना,pehenna,count=3
पहनना,pahanna,count=2
पहना,pehna,count=3
पहनावे,pahanave,count=3
पहनी,pehni,count=4
पहने,pehne,count=2
पहनेंगी,pahnegi,count=2
पहल,pahal,count=13
पहल,pehal,count=6
पहल,pehli,count=3
पहल,pehel,count=1
पहला,pehla,count=45
पहली,pehli,count=94
पहली,pahli,count=4
पहलु,pahlu,count=3
पहलुओं,pahluo,count=3
पहलुओं,pahluon,count=3
पहलुओं,pehluon,count=3
पहले,pehle,count=189
पहले,pahle,count=66
पहले,phele,count=5
पहले,pehla,count=1
पहाड़ियों,pahadiyon,count=3
पहाड़ी,pahari,count=2
पहुँच,pahunch,count=6
पहुँचती,pahunchti,count=7
पहुँचने,pahunchne,count=3
पहुँचने,pahunchane,count=1
पहुँचने,pahuchne,count=1
पहुँचाने,pahunchane,count=3
पहुँचे,pahunchey,count=3
पहुंच,pahunch,count=32
पहुंचती,pahunchti,count=34
पहुंचते,pahunchte,count=3
पहुंचने,pahunchne,count=4
पहुंचा,pahuncha,count=13
पहुंचा,pahucha,count=3
पहुंचाने,pahunchaane,count=3
पहुंचाया,pahunchaya,count=4
पहुंचाया,pahunchaaya,count=2
पहुंची,pahunchi,count=14
पहुंचीं,pahunchin,count=3
पहुंचे,pahunchey,count=22
पहुंचे,pahunche,count=9
पहुंचे,pahunchin,count=3
पहुंचेंगे,pahunchenge,count=2
पहुंचेगी,pahunchegi,count=3
पा,pa,count=6
पाँच,paanch,count=3
पांच,paanch,count=33
पांचवा,paanchva,count=3
पांचवां,paanchva,count=3
पांचवां,panchva,count=2
पांचवी,paanchvi,count=3
पांचवें,paanchve,count=2
पांचों,paanchon,count=1
पांडु,paandu,count=2
पांडु,pandu,count=1
पांडे,pandey,count=12
पांडेय,pandey,count=2
पांड्या,pandya,count=15
पाइपलाइन,pipeline,count=6
पाइपलाइन्स,pipelines,count=3
पाई,pai,count=7
पाई,paayi,count=4
पाई,payi,count=4
पाई,paaee,count=3
पाए,pae,count=8
पाए,paye,count=4
पाए,paaye,count=4
पाएँगे,payenge,count=3
पाएं,paayen,count=3
पाएंगे,payenge,count=12
पाएंगे,paayenge,count=3
पाएगा,paayega,count=3
पाओगे,paoge,count=3
पाक,pak,count=3
पाक,paak,count=2
पाकिस्तान,pakistan,count=79
पाकिस्तान,paakistaan,count=7
पाकिस्तान,pakistaan,count=7
पाकिस्तान,paksitan,count=3
पाकिस्तानी,pakistani,count=7
पाकिस्तानी,paakistaani,count=3
पाक्योंग,pakyong,count=2
पाटनी,patani,count=8
पाटिल,patil,count=5
पाटीदार,patidar,count=2
पाटोत्सव,paatotsav,count=1
पाठ,paath,count=3
पाठ्यक्रम,pathyakram,count=3
पाठ्यक्रम,paathyaakram,count=2
पाठ्यक्रमों,paathkramon,count=2
पाठ्यक्रमों,pathyakramon,count=1
पाढे,padhe,count=3
पाण्डे,paandey,count=2
पाण्डेय,pandey,count=2
पाता,paata,count=3
पाती,paate,count=3
पाती,pati,count=1
पाती,paati,count=1
पात्रता,paatrata,count=6
पादरी,padri,count=1
पादुकोण,padukone,count=32
पादुकोण,padukon,count=1
पानी,paani,count=15
पानी,pani,count=1
पाने,pane,count=9
पाने,paane,count=4
पापा,papa,count=7
पाम,pame,count=3
पामेला,pamela,count=6
पायरेटेड,pirated,count=3
पायलट,pilot,count=4
पायलट,pailat,count=2
पाया,paya,count=8
पाया,paaya,count=1
पायेंगे,paayenge,count=3
पायेगा,payega,count=3
पार,paar,count=7
पारंपरिक,paaramparik,count=3
पारदर्शिता,pardarshita,count=3
पारस,paras,count=5
पारा,para,count=9
पारादीप,paradip,count=3
पारित,paarit,count=3
पारियों,pariyo,count=3
पारियों,pariyon,count=1
पारिस्थितिकी,paristhitiki,count=1
पारी,paari,count=11
पारी,pari,count=3
पार्क,park,count=9
पार्किंग,parking,count=3
पार्टनर,partner,count=6
पार्टनरशिप,partnership,count=8
पार्टी,party,count=117
पार्टी,paarti,count=5
पार्लियामेंट,parliament,count=3
पार्वती,parvati,count=3
पाल,pal,count=3
पालन,palan,count=10
पालन,paalan,count=2
पालनी,palani,count=3
पालम,palam,count=3
पालि,paali,count=8
पालिका,palika,count=1
पालीगंज,paliganj,count=3
पालेत्वा,paletwa,count=3
पाल्कर,palkar,count=1
पावर,power,count=50
पावर,paavar,count=4
पावरटाटा,powertata,count=2
पावरफुल,powerful,count=3
पावर्स,powers,count=3
पावापुरी,pawapuri,count=3
पास,paas,count=70
पास,pass,count=7
पासपोर्ट,passport,count=3
पासवान,paswan,count=13
पासो,paaso,count=2
पासो,paso,count=1
पिंक,pink,count=9
पिंकी,pinki,count=3
पिंकी,pinky,count=3
पिकनिक,picnic,count=3
पिक्चर,picture,count=3
पिच,pitch,count=4
पिचाई,pichai,count=2
पिछड़ता,pichharta,count=1
पिछला,pichhle,count=2
पिछला,pichla,count=1
पिछले,pichhle,count=55
पिछले,pichle,count=49
पिछले,peechle,count=1
पिटाई,pitai,count=6
पिण्डवाडा,pindwara,count=2
पिता,pita,count=48
पिथौरागढ़,pithoragarh,count=3
पिथौरागढ़,pithauragarh,count=2
पिन,pin,count=1
पिनटेरेस्ट,pinterest,count=3
पिपली,pipli,count=1
पिस्तौल,pistol,count=2
पी,p,count=6
पीआई,pi,count=3
पीआईए,pia,count=1
पीआईबी,pib,count=5
पीआर,pr,count=3
पीआरओ,pro,count=3
पीईटी,pet,count=6
पीएनबी,pnb,count=6
पीएनवीएल,pnvl,count=3
पीएफआई,pfi,count=4
पीएफआरडीए,pfrda,count=2
पीएम,pm,count=86
पीएमओ,pmo,count=7
पीएमकेवी,pmkvy,count=3
पीएमजेएय,pmjay,count=6
पीएमपीएल,pmpl,count=3
पीएमसीएच,pmch,count=3
पीएलआई,pli,count=3
पीएलए,pla,count=3
पीएलएल,pll,count=3
पीएसईबी,pseb,count=2
पीएसपी,psp,count=3
पीएसबी,psb,count=3
पीओ,po,count=6
पीक,peak,count=8
पीके,pk,count=3
पीकेआर,pkr,count=2
पीछे,peeche,count=10
पीछे,peechhe,count=3
पीछे,pichhe,count=3
पीटर,peter,count=2
पीटरसन,piitrsan,count=2
पीटरसन,pietersen,count=1
पीटर्सबर्ग,petersburg,count=3
पीटीआई,pti,count=3
पीट्रॉन,pitron,count=1
पीठ,peeth,count=1
पीड़ा,peeda,count=3
पीडीएफ,pdf,count=7
पीढ़ी,peedhi,count=9
पीढ़ी,pidhi,count=2
पीतमपुरा,pitampura,count=3
पीना,peena,count=3
पीने,peene,count=3
पीपल्स,peoples,count=2
पीपीवी,ppv,count=8
पीबीएसएसडी,pbssd,count=1
पीबीकेएस,pbks,count=6
पीबीटी,pbt,count=1
पीर,peer,count=2
पीर,pir,count=1
पीरामल,parimal,count=1
पीलीबंगा,pilibanga,count=3
पीलीभीत,pilibhit,count=5
पीवी,pv,count=2
पीसीएस,pscs,count=3
पीसीकिस,pckiss,count=1
पुंजरेखा,punjrekha,count=1
पुंटो,punto,count=6
पुकारते,pukaarte,count=3
पुख्ता,pukhta,count=2
पुणे,pune,count=15
पुणे,poona,count=2
पुण्यतिथि,punyatithi,count=2
पुतलीबाई,putlibai,count=4
पुतिन,putin,count=3
पुत्र,putra,count=5
पुत्री,putri,count=1
पुनिया,puniya,count=2
पुनीत,puneeth,count=3
पुनीत,puneet,count=3
पुरखों,purkhon,count=3
पुरस्कार,puraskar,count=11
पुरस्कार,puraskaar,count=3
पुरस्कार,puruskaar,count=2
पुरातात्विक,purataatviki,count=3
पुराना,purana,count=6
पुरानी,purani,count=11
पुराने,purane,count=11
पुराने,puraane,count=3
पुरी,puri,count=6
पुरुलिया,purulia,count=3
पुरुष,purush,count=24
पुर्तगाल,portugal,count=3
पुर्तगाली,purtagali,count=3
पुल,pul,count=8
पुलवामा,pulwama,count=3
पुलाटिल,pullatil,count=2
पुलिया,puliya,count=3
पुलिस,pulis,count=4
पुलिसिंग,policing,count=3
पुष्कर,pushkar,count=2
पुष्टि,pushti,count=17
पुस्तक,pustak,count=11
पुस्तिका,pustika,count=2
पूंजीकरण,pooanjikaran,count=3
पूछताछ,puchhtaachh,count=8
पूछताछ,poochhataach,count=6
पूछताछ,poochhtaachh,count=4
पूछताछ,puchhtachh,count=2
पूछताछ,puchtaach,count=1
पूछते,poochte,count=1
पूछे,pooche,count=1
पूछेंगे,puchhenge,count=3
पूजन,pujan,count=8
पूजन,poojan,count=1
पूजा,puja,count=12
पूजा,pooja,count=11
पूज्य,poojya,count=5
पूज्य,pujya,count=4
पूनम,poonam,count=3
पूरकताएँ,pooraktaayein,count=3
पूरन,puran,count=7
पूरन,pooran,count=4
पूरा,poora,count=55
पूरा,poori,count=3
पूरा,pura,count=3
पूरी,poori,count=56
पूरी,pooree,count=16
पूरी,puri,count=12
पूरी,poore,count=6
पूरे,poore,count=44
पूरे,pure,count=9
पूरे,poora,count=3
पूर्ण,pooran,count=3
पूर्ण,poorn,count=1
पूर्ण,purn,count=1
पूर्णा,purna,count=3
पूर्णिमा,purnima,count=6
पूर्णिमा,poornima,count=2
पूर्ति,poorti,count=3
पूर्व,poorv,count=123
पूर्व,purv,count=29
पूर्व,poorev,count=26
पूर्व,poorviya,count=4
पूर्व,pooraav,count=3
पूर्व,purva,count=1
पूर्व,poorav,count=1
पूर्वी,poorvi,count=13
पूर्वी,purvi,count=2
पूर्वोत्तर,poorvottar,count=2
पृथ्वी,prithvi,count=11
पृथ्वीराज,prithviraj,count=5
पृष्ठ,prushth,count=3
पृष्ठ,pusth,count=1
पे,pay,count=9
पे,pe,count=3
पेंट,paint,count=7
पेंटिंग,painting,count=3
पेंट्स,paints,count=6
पेंशन,pension,count=31
पेज,pej,count=4
पेटलावद,petlawad,count=3
पेटीएम,paytm,count=24
पेटेंट,patent,count=4
पेटेंटिंग,patenting,count=3
पेट्रोल,petrol,count=23
पेट्रोलियम,petroleum,count=8
पेट्रोलियम,petroliyum,count=3
पेड,paid,count=3
पेडनेकर,pednekar,count=3
पेड़,ped,count=2
पेड़ों,pedon,count=1
पेन,paine,count=2
पेपर,paper,count=12
पेपरलेस,paperless,count=3
पेपैल,paypal,count=3
पेमेंट,payment,count=18
पेमेंट,peyment,count=3
पेमेंट्स,payments,count=14
पेयर,payeer,count=3
पेरमानेंट,permanente,count=3
पेरिशेबल,perishable,count=3
पेरे,pere,count=2
पेरोल,parole,count=3
पेश,pesh,count=61
पेशकश,peshkash,count=9
पेशा,profession,count=2
पेशे,peshe,count=6
पेशेवर,peshevar,count=1
पेस,paes,count=3
पैंगोंग,pangong,count=3
पैंगोंग,pangoong,count=2
पैंटीन,pantene,count=2
पैंथर,panther,count=1
पैक,pack,count=9
पैक,paik,count=2
पैकेजिंग,packaging,count=3
पैट,pat,count=5
पैट्रिक,patrick,count=3
पैट्रिक,ptrick,count=2
पैठसेफ,paithsef,count=3
पैड,pad,count=3
पैतृक,paitrik,count=3
पैथोलॉजी,pathology,count=3
पैदा,paida,count=5
पैन,pan,count=9
पैनल,panel,count=17
पैमाने,paimane,count=3
पैराइटल,pairaital,count=2
पैराइटल,parietal,count=2
पैरामाट्टा,paramatta,count=3
पैरामीटर,parameter,count=3
पैरामेडिकल,paramedical,count=6
पैरिस,pairis,count=2
पैरिस,paris,count=1
पैरेलल,parallel,count=3
पैसा,paisa,count=22
पैसिफिक,pacific,count=2
पैसे,paise,count=7
पॉइंट,point,count=9
पॉकेट,pocket,count=6
पॉजिटिव,positive,count=42
पॉजिटिव,pozitive,count=3
पॉजिटिव,paajitiv,count=2
पॉजिटिव,posative,count=1
पॉजीटिव,positive,count=2
पॉप,pop,count=1
पॉपुलर,popular,count=17
पॉपुलर,populaar,count=4
पॉर्नोग्राफी,pornography,count=3
पॉल,paul,count=12
पॉलीकार्बोनेट,polycarbonate,count=3
पॉलीटेक्निक,poleeteknik,count=2
पॉश,posh,count=2
पोको,poco,count=6
पोखरियाल,pokhriyal,count=3
पोट्रेट,potrait,count=3
पोते,potey,count=2
पोते,pote,count=1
पोन,pon,count=3
पोरबंदर,porbandar,count=1
पोर्ट,port,count=28
पोर्ट,ports,count=1
पोर्टफोलियो,portfolio,count=3
पोर्टल,portal,count=13
पोर्टेबिलिटी,portability,count=1
पोर्ट्स,ports,count=9
पोर्न,porn,count=1
पोल,pole,count=2
पोल,pol,count=1
पोलिश,polish,count=3
पोलैंड,poland,count=3
पोलो,polo,count=1
पोवा,pova,count=4
पोषण,poshan,count=3
पोस्ट,post,count=44
पोस्टमार्टम,postmortem,count=4
पोस्टर,poster,count=3
पोस्टल,postal,count=6
पौधा,paudha,count=3
पौधारोपण,paudharopan,count=5
प्टे,pte,count=3
प्याज,pyaaz,count=5
प्यार,pyaar,count=14
प्यार,pyar,count=6
प्यारी,pyaari,count=2
प्यारे,pyare,count=12
प्यारे,pyaare,count=2
प्योंगचांग,pyeongchang,count=3
प्योरबुक,purebook,count=4
प्रकट,prakat,count=2
प्रकरण,prakaran,count=3
प्रकार,prakaar,count=18
प्रकार,prakar,count=18
प्रकाश,prakash,count=11
प्रकाशित,prakashit,count=6
प्रकाशित,prakaashit,count=3
प्रकोप,prakaup,count=1
प्रकोप,prakop,count=1
प्रक्रिया,prakriya,count=23
प्रक्रियाएँ,prakriyaen,count=3
प्रगति,pragati,count=18
प्रगति,progress,count=3
प्रचार,prachar,count=2
प्रजातंत्र,prajatantra,count=3
प्रजाति,prajaati,count=1
प्रजापत,prajapat,count=1
प्रणब,pranab,count=4
प्रणय,pranay,count=3
प्रणव,pranav,count=4
प्रणाली,pranali,count=6
प्रणाली,pranaalee,count=2
प्रणाली,pranaali,count=1
प्रताप,pratap,count=9
प्रतापनगर,pratapnagar,count=3
प्रति,prati,count=22
प्रतिक्रिया,pratikriya,count=22
प्रतिक्रिया,pratikria,count=1
प्रतिक्रियाएं,pratikriyaan,count=1
प्रतिद्वंद्वियों,pratidvandiyon,count=3
प्रतिद्वंद्वी,pratidvandi,count=2
प्रतिनिधि,pratinidhi,count=9
प्रतिनिधि,pratnidhi,count=3
प्रतिनिधित्व,pratinidhitv,count=3
प्रतिनिधिमंडल,pratinidhimandal,count=3
प्रतिनिधियों,pratinidhiyon,count=3
प्रतिपक्ष,pratipaksh,count=6
प्रतिबंध,pratibandh,count=5
प्रतिबंधित,pratibandhit,count=3
प्रतिबंधों,pratibandhon,count=3
प्रतिभूति,pratibhooti,count=3
प्रतिमा,pratima,count=6
प्रतिमाओं,pratimaon,count=2
प्रतियोगिता,pratiyogita,count=6
प्रतियोगी,pratiyogita,count=2
प्रतिरोपण,pratiropan,count=2
प्रतिशत,pratishat,count=12
प्रतिशत,pratisat,count=3
प्रतिष्ठा,pratishtha,count=9
प्रतिष्ठित,pratishthit,count=8
प्रतिस्पर्धा,pratispardha,count=6
प्रतिस्पर्धा,pratishpardha,count=6
प्रतीक,prateek,count=6
प्रतीक,pratik,count=3
प्रतीका,patrika,count=3
प्रतीक्षा,pratiksha,count=3
प्रत्यायन,pratyayan,count=3
प्रत्यारोप,pratyaarop,count=3
प्रत्याशियों,pratyashiyon,count=3
प्रत्याशी,pratyashi,count=9
प्रत्येक,pratyek,count=3
प्रथम,pratham,count=10
प्रदर्शन,pradarshan,count=23
प्रदर्शनी,pradarshani,count=1
प्रदर्शित,pradarshit,count=7
प्रदा,prada,count=4
प्रदाता,pradaataa,count=3
प्रदान,pradan,count=22
प्रदान,pradaan,count=21
प्रदूषण,pradushan,count=5
प्रदूषण,pradooshan,count=3
प्रदेश,pradesh,count=288
प्रदेशवासियों,pradeshvasiyon,count=3
प्रदेशवासियों,pradeshvaasiyon,count=1
प्रदेशों,pradeshon,count=3
प्रद्युम्न,pradyuman,count=3
प्रधान,pradhan,count=13
प्रधान,pradhaan,count=6
प्रधानमंत्री,pradhanmantri,count=96
प्रधानमंत्री,pradhaanmantri,count=20
प्रधानमंत्री,pradhaanmatri,count=2
प्रधानाचार्यों,pradhaanacharyon,count=2
प्रफुल्ल,prafulla,count=2
प्रबंधक,prabandhak,count=7
प्रबंधक,prabandhan,count=2
प्रबंधन,prabandhan,count=9
प्रबुद्धजन,prabudhjan,count=1
प्रबुद्धजन,prabuddhjan,count=1
प्रभार,prabhar,count=3
प्रभारी,prabhari,count=14
प्रभारी,prabhaari,count=4
प्रभाव,prabhav,count=18
प्रभाव,prabhaav,count=9
प्रभावशाली,prabhavshali,count=1
प्रभावित,prabhavit,count=12
प्रभावी,prabhavi,count=10
प्रभावी,prabhaavee,count=2
प्रभास,prabhas,count=3
प्रभु,prabhu,count=2
प्रमाण,pramaan,count=6
प्रमाण,praman,count=3
प्रमुख,pramukh,count=71
प्रमुखों,pramukhon,count=2
प्रमोटर,promoter,count=8
प्रमोद,pramod,count=3
प्रमोशन,promotion,count=6
प्रयत्नपूर्वक,prayatnapurvak,count=3
प्रयाग,prayag,count=3
प्रयास,prayaas,count=20
प्रयास,prayas,count=16
प्रयासों,prayason,count=12
प्रयासों,prayaason,count=7
प्रयोग,prayog,count=18
प्रयोग,upyog,count=2
प्रयोगशालाओं,prayogshalaon,count=3
प्रयोगों,prayogon,count=3
प्रलय,pralay,count=3
प्रवक्ता,pravakta,count=8
प्रवक्ता,pravaakt,count=2
प्रवक्ता,pravkta,count=1
प्रवर्तन,pravartan,count=3
प्रवर्तन,prarvatan,count=2
प्रवासी,pravasi,count=3
प्रवाहित,pravahit,count=3
प्रविन्दर,pravinder,count=2
प्रवेश,pravesh,count=24
प्रवेश,pravaesh,count=2
प्रशंसक,prashansak,count=21
प्रशंसकों,prashansakon,count=2
प्रशंसा,prashansa,count=7
प्रशासक,prashasak,count=3
प्रशासन,prashasan,count=15
प्रशासन,prashaasan,count=3
प्रशासनिक,prashasanik,count=4
प्रशासनिक,prashasnik,count=3
प्रशासित,prashaasit,count=2
प्रशिक्षण,prashikshan,count=6
प्रशियन,prushian,count=2
प्रशियन,prussian,count=1
प्रश्न,prashn,count=5
प्रश्नपत्र,prashanpatra,count=3
प्रसंस्करण,processing,count=9
प्रसंस्करण,prasanskaran,count=2
प्रसन्नता,prasannata,count=12
प्रसाद,prasad,count=42
प्रसाद,prasaad,count=7
प्रसार,prasaar,count=5
प्रसार,prasar,count=1
प्रसारण,prasaran,count=4
प्रसारण,prasaaran,count=3
प्रसारण,prasarit,count=1
प्रसारण,prasarann,count=1
प्रसारित,prasaarit,count=5
प्रसारित,prasarit,count=2
प्रसिद्ध,prasiddh,count=13
प्रसिद्ध,prasidh,count=1
प्रस्ताव,prastaav,count=13
प्रस्ताव,prastav,count=1
प्रस्तावित,prastaavit,count=6
प्रस्तावित,prastavit,count=3
प्रस्तुत,prastut,count=3
प्रस्थान,prasthaan,count=3
प्रह्लाद,prahlad,count=3
प्रांत,prant,count=5
प्रांतों,pranton,count=2
प्रांतों,prant,count=1
प्राइज,prize,count=3
प्राइड,pride,count=3
प्राइम,prime,count=19
प्राइमटाइम,primetime,count=3
प्राइमरी,primary,count=4
प्राइवेट,private,count=18
प्राइवेट,pvt,count=7
प्राइवेट,praiveit,count=1
प्राकृतिक,prakritik,count=7
प्राकृतिक,praakritik,count=2
प्राग,prague,count=3
प्राचार्य,pracharya,count=3
प्राचीन,pracheen,count=6
प्राचीन,praacheen,count=5
प्राचीन,praachin,count=3
प्राचीन,purana,count=1
प्राचीर,praacheer,count=3
प्राणि,praani,count=2
प्राथमिक,prathmik,count=8
प्राथमिक,prathamik,count=7
प्राथमिक,prathimik,count=1
प्राथमिकता,prathmikta,count=3
प्राथमिकताओं,prathmiktaon,count=3
प्राथमिकी,prathmiki,count=3
प्राधिकरण,pradhikaran,count=11
प्राप्त,praapt,count=22
प्राप्त,prapt,count=12
प्रायः,prayah,count=3
प्रायोजित,prayaajit,count=1
प्रारंभ,praarambh,count=9
प्रारंभिक,prarambhik,count=7
प्रारंभिक,praarambhik,count=2
प्रारंभिक,prarambharik,count=1
प्रारम्भिक,praarambhik,count=3
प्रासंगिक,prasangik,count=3
प्रिंटर,printer,count=3
प्रिज्म,prism,count=1
प्रियंका,priyanka,count=63
प्रियजनों,priyajano,count=1
प्रियदर्शनी,priyadarshani,count=3
प्रिया,priya,count=6
प्री,pre,count=6
प्रीत,preet,count=7
प्रीति,preity,count=1
प्रीपेड,prepaid,count=7
प्रीमियम,premium,count=10
प्रीमियर,premier,count=25
प्रीमियर,premiere,count=4
प्रीमियर,premeer,count=2
प्रीमियर,preemier,count=1
प्रीमियर,priyamier,count=1
प्रीलिम्स,prelims,count=2
प्रीलिम्स,preelims,count=2
प्रेग्नेंसी,pregnancy,count=6
प्रेम,prem,count=18
प्रेमिका,premika,count=3
प्रेमी,premi,count=3
प्रेरणा,prerana,count=5
प्रेरणा,prerna,count=1
प्रेरणादायक,preranadayak,count=3
प्रेरित,prerit,count=5
प्रेशर,pressure,count=3
प्रेषण,preshan,count=2
प्रेषण,prashan,count=1
प्रेस,press,count=27
प्रेस,pres,count=3
प्रेसिडेंट,president,count=12
प्रैक्टिकल,prayaktikal,count=2
प्रैक्टिस,practice,count=3
प्रॉपर्टी,property,count=10
प्रो,pro,count=73
प्रोक्योरमेंट,procurement,count=6
प्रोग्राम,program,count=12
प्रोग्राम,programme,count=3
प्रोग्राम्स,programs,count=6
प्रोजेक्ट,project,count=27
प्रोजेक्ट्स,projects,count=5
प्रोटेक्शन,protection,count=6
प्रोटेस्ट,protest,count=1
प्रोटोकॉल,protocol,count=3
प्रोडक्ट,product,count=2
प्रोडक्शन,production,count=14
प्रोत्साहन,protsaahan,count=2
प्रोत्साहन,protsahan,count=1
प्रोत्साहित,protsahit,count=15
प्रोत्साहित,protsaahit,count=3
प्रोफेशन,profession,count=3
प्रोफेशनल,professional,count=6
प्रोफेशनलिज़्म,professionalism,count=3
प्रोफेसर,professor,count=12
प्रोबेशन,probation,count=3
प्रोबेशनरी,probashanari,count=1
प्रोमो,promo,count=5
प्रोमोट,promote,count=3
प्रोसेस,process,count=3
प्रोसेसर,processor,count=19
प्रोसेसर,prosesor,count=3
प्रोसेसिंग,processing,count=3
प्रौद्योगिकी,praudyogiki,count=10
प्रौद्योगिकी,pradyogiki,count=1
प्लग,plug,count=3
प्लम्बर,plumber,count=1
प्लस,plus,count=39
प्लांक,planck,count=3
प्लांट,plant,count=15
प्लाज़ा,plaza,count=6
प्लाजा,plaza,count=9
प्लान,plan,count=27
प्लान्स,plans,count=6
प्ले,play,count=25
प्लेइंग,playing,count=7
प्लेज़र,pleasure,count=3
प्लेटफ़ॉर्म,platform,count=15
प्लेटफ़ॉर्म्स,platforms,count=3
प्लेटफार्म,platform,count=5
प्लेटफार्म,platforms,count=1
प्लेटफार्मों,platformon,count=2
प्लेटफार्मों,platforms,count=1
प्लेटफॉर्म,platform,count=42
प्लेटफॉर्म्स,platforms,count=5
प्लेन,plane,count=3
प्लेनेटोरियम,planetarium,count=3
प्लेयर,player,count=3
प्लेसमेंट,placement,count=3
प्लेस्टोर,playstore,count=2
पड़ा,pada,count=1
पढ़,padh,count=2
फंक्शन,function,count=3
फंड,fund,count=24
फंडिंग,funding,count=7
फंड्स,funds,count=8
फंदा,fanda,count=2
फंस,fans,count=3
फंसी,fansi,count=2
फंसी,fansee,count=1
फंसे,fansaye,count=2
फंसे,fase,count=1
फकीर,fakir,count=1
फटकार,fatkaar,count=9
फटकार,fatkar,count=1
फटने,fatne,count=3
फडणवीस,fadnavis,count=3
फतेह,fateh,count=3
फतेही,fatehi,count=3
फनस्टर,funster,count=3
फरक्का,farakka,count=3
फरटिलिसिमा,phertilisima,count=1
फरवरी,february,count=43
फरवरी,farvari,count=9
फरवरी,fervari,count=2
फरवरी,febrrvari,count=1
फरहत,farhat,count=1
फरहान,farhan,count=3
फरार,farar,count=3
फरार,faraar,count=3
फरीदाबाद,faridabad,count=10
फर्ग्युसन,furguson,count=1
फर्जी,farji,count=6
फर्टिलाइजर,fertiliser,count=3
फर्म,ferm,count=1
फर्म,firm,count=1
फर्स्ट,first,count=15
फल,phal,count=5
फलक,falak,count=3
फवाद,fawad,count=6
फसलों,faslon,count=6
फहराया,feharaaya,count=3
फ़कीर,fakir,count=3
फ़रवरी,february,count=3
फ़र्स्टक्राई,firstcry,count=3
फ़ाइल,file,count=9
फ़ाज़िली,faazili,count=2
फ़िलैंथस,phyllanthus,count=1
फ़िल्म,film,count=6
फ़िल्ममेकर,filmmaker,count=3
फ़ुलहम,fulham,count=1
फ़ोन,phone,count=8
फ़ोरिंट,forint,count=1
फ़ोरेन,foreign,count=2
फांसी,faansi,count=6
फाइजर,pfizer,count=5
फाइटर,fighter,count=5
फाइटिंग,fighting,count=3
फाइनल,final,count=32
फाइनली,finally,count=3
फाइबर,fiber,count=28
फाइबर,fibre,count=6
फाइल,file,count=7
फाइव,five,count=3
फाउंडेशन,foundation,count=11
फाउंडेशनल,foundational,count=1
फायदा,fayda,count=14
फायदे,fayde,count=3
फायदेमंद,faydemand,count=3
फारेस्ट,forest,count=2
फारेस्ट,phaarest,count=1
फार्म,farm,count=5
फार्मर,farmer,count=9
फार्मर्स,farmers,count=10
फार्मा,pharma,count=9
फार्मास्युटिकल,pharmaceutical,count=3
फार्मास्यूटिकल,pharmaceutical,count=3
फार्मेसी,pharmacy,count=5
फास्ट,fast,count=9
फास्टेस्ट,fastest,count=3
फास्टैग,fastag,count=7
फास्फोन,faasfon,count=1
फास्फोरस,faasforus,count=1
फिजिकल,physical,count=3
फिट,fit,count=12
फिटनेस,fitness,count=13
फिटनेस,fitnes,count=2
फिडेलिटी,fidelity,count=3
फिदा,fida,count=3
फिनटेक,fintech,count=3
फिनलैंड,finland,count=3
फिनसर्व,finserv,count=3
फिनाले,finale,count=6
फिनिशर,finisher,count=2
फिनो,fino,count=3
फिर,phir,count=73
फिर,fir,count=45
फिरसे,phirse,count=2
फिरसे,firse,count=1
फिलहाल,filhaal,count=15
फिलहाल,filhal,count=12
फिलाडेल्फिया,philadelphiya,count=3
फिलिस्तीनी,philistini,count=2
फिलिस्तीनी,filistini,count=1
फिल्म,film,count=271
फिल्म,philim,count=2
फिल्म,filam,count=1
फिल्ममेकर,filmmaker,count=2
फिल्मी,filmi,count=3
फिल्मीस्तान,filmistan,count=3
फिल्में,filmein,count=3
फिल्मों,filmon,count=8
फिल्मों,filmo,count=6
फिल्मों,filmein,count=3
फिल्म्स,films,count=3
फिसल,fisal,count=1
फीगो,figo,count=1
फीचर्स,features,count=6
फीनिक्स,phiniks,count=4
फील,feel,count=3
फील्ड,field,count=10
फीस,fees,count=4
फीसद,feesad,count=5
फीसदी,feesadi,count=4
फुटबॉल,football,count=18
फू,phu,count=2
फूटा,phoota,count=3
फूटा,foota,count=3
फूड,food,count=14
फूड्स,foods,count=3
फूल,phool,count=3
फेंके,fenke,count=3
फेंघे,fenghe,count=3
फेज,faz,count=2
फेडरल,federal,count=3
फेडरेशन,federation,count=5
फेम,fame,count=1
फेमस,famous,count=1
फेयरचाइल्ड,fairchild,count=2
फेरान,ferran,count=2
फेरे,phere,count=3
फेल,fail,count=3
फेसबुक,facebook,count=36
फेसलिफ्ट,facelift,count=1
फेस्टिवल,festival,count=5
फैंस,fans,count=13
फैकल्टीज,faikaltiyon,count=2
फैकल्टीज,faculties,count=1
फैक्ट,fact,count=3
फैक्टर,factor,count=12
फैक्ट्री,factory,count=6
फैट,fat,count=6
फैटी,fatty,count=3
फैन,fan,count=1
फैन्स,fans,count=4
फैब्रिक्स,fabrics,count=3
फैमिली,family,count=15
फैरनहाइट,fahrenheit,count=3
फैलना,phailna,count=3
फैली,faili,count=1
फैशन,fashion,count=3
फैसला,faisla,count=25
फैसला,faislaa,count=3
फैसले,faisale,count=14
फैसले,faisle,count=3
फैसलों,faislon,count=3
फैसू,faisu,count=3
फॉक्सवैगन,folkswagen,count=3
फॉन्टिलेस,fontilles,count=4
फॉफ,faf,count=3
फॉर,for,count=46
फॉरवर्ड,forward,count=2
फॉरेन,foreign,count=2
फॉरेनर्स,foreigners,count=3
फॉरेस्ट,forest,count=3
फॉर्म,form,count=18
फॉर्मल,formal,count=3
फॉर्मेट,formet,count=5
फॉर्मेट,format,count=4
फॉलो,follow,count=2
फॉलोइंग,following,count=1
फॉस्फेट्स,phosphates,count=3
फोकस,focus,count=7
फोकस,phokas,count=2
फोकस्ड,focused,count=2
फोगाट,phogat,count=3
फोटॉन,photon,count=3
फोटो,photo,count=29
फोटोग्राफर,photographer,count=5
फोटोग्राफी,photography,count=3
फोटोज,photoza,count=2
फोटोशूट,photoshoot,count=1
फोन,phone,count=97
फोनपे,phonepe,count=3
फोर,four,count=10
फोरम,forum,count=16
फोरेंसिक,forensic,count=6
फोर्टालेजा,fortaleza,count=3
फोर्ड,ford,count=12
फोर्सेज,forces,count=1
फोली,foley,count=3
फोल्ड,fold,count=5
फोल्डेबल,foldable,count=4
फोस्टर,foster,count=3
फ्रंट,front,count=13
फ्रंटल,frontal,count=2
फ्रन्टल,frontal,count=2
फ्रांसिस,francis,count=1
फ्राई,fry,count=3
फ्री,free,count=21
फ्री,phri,count=2
फ्रीचार्ज,freecharge,count=3
फ्रीटाउन,phreetaan,count=2
फ्रीडम,freedom,count=3
फ्रेंचाइजी,franchise,count=3
फ्रेंड,friend,count=3
फ्रेंड्स,friends,count=3
फ्रेट,freight,count=3
फ्रेम,frame,count=3
फ्रेशर्स,freshers,count=3
फ्रेशवर्क्स,freshworks,count=3
फ्रेशवर्क्स,frshworks,count=1
फ्रैंकफर्ट,frankfurt,count=1
फ्लाइट,flight,count=13
फ्लाईओवर,flyover,count=3
फ्लावर,flower,count=3
फ्लिपकार्ट,flipkart,count=13
फ्लुइडेमोलेड,fluidamoled,count=1
फ्लेयर,flair,count=1
फ्लेवोनाइड्स,flavonoids,count=2
फ्लैगशिप,flagship,count=8
फ्लैट,flat,count=5
फ्लैश,flash,count=4
फ्लॉप,flop,count=1
फ्लो,flow,count=2
फ्लोरिडा,florida,count=4
बंगला,bangla,count=2
बंगलौर,bangalore,count=3
बंगाणा,bangana,count=2
बंगाणा,bangaana,count=1
बंगाल,bengal,count=45
बंगाल,bangal,count=9
बंगाल,bangaal,count=4
बंगाली,bangla,count=2
बंजारी,banjari,count=3
बंटवारा,bantwara,count=3
बंद,band,count=35
बंद,bandh,count=3
बंदोबस्त,bandobast,count=3
बंध,bandh,count=12
बंधन,bandhan,count=28
बंधने,bandhne,count=7
बंधी,bandhi,count=3
बंपर,bumper,count=2
बंबई,bombai,count=2
बंबई,bombay,count=1
बंसल,bansal,count=6
बकरियाँ,bakriyan,count=3
बकाए,bakaaye,count=3
बक्शी,bakhshi,count=2
बक्शी,bakshi,count=1
बख्तरबंद,bakhtraband,count=2
बख्तरबंद,bakhtarbund,count=1
बगदादी,bagdadi,count=2
बगदादी,baghdadi,count=1
बगल,bagal,count=6
बघेल,baghel,count=17
बच,bach,count=3
बचत,bachat,count=12
बचने,bachne,count=3
बचपन,bachpan,count=6
बचा,bacha,count=1
बचाए,bachaye,count=3
बचाएगी,bachaayegi,count=3
बचाने,bachaane,count=6
बचाने,bachane,count=5
बचाने,bachan,count=3
बचे,bache,count=6
बच्चन,bachchan,count=51
बच्चे,bachche,count=3
बच्चों,bachchon,count=30
बजकर,bajkar,count=3
बजट,bajat,count=5
बजता,bajta,count=1
बजरंग,bajrang,count=9
बज़,buzz,count=3
बजाज,bajaj,count=3
बजाने,bajaane,count=3
बजाय,bajay,count=15
बजाया,bajaya,count=2
बजे,baje,count=82
बटेर,batair,count=1
बटोर,bator,count=3
बट्स,buts,count=3
बड़वानी,badwani,count=3
बड़वाह,badwah,count=3
बड़ा,bada,count=159
बड़ी,badi,count=129
बड़े,bade,count=73
बड़ौदा,baroda,count=5
बड्स,buds,count=1
बढ़,badh,count=46
बढ़त,badhat,count=6
बढ़त,badhhat,count=2
बढ़ता,badhta,count=3
बढ़ती,badhti,count=21
बढ़ते,badhte,count=14
बढ़ने,badhne,count=12
बढ़ा,badha,count=23
बढ़ाई,badhaayi,count=3
बढ़ाए,badhaye,count=9
बढ़ाए,badhaaye,count=3
बढ़ाकर,badhaakar,count=3
बढ़ाते,badhaate,count=3
बढ़ाने,badhaane,count=20
बढ़ाने,badhane,count=16
बढ़ाया,badhaya,count=9
बढ़ाया,badhaaya,count=2
बढ़ावा,badhava,count=15
बढ़ावा,badhaava,count=3
बढ़ी,badhi,count=14
बढ़ी,badhiin,count=2
बढ़े,badhe,count=9
बढ़ेगी,badhega,count=3
बढ़ेगी,badhegi,count=3
बढ़ोतरी,badhotaree,count=3
बढ़ोतरी,badhotari,count=3
बता,bata,count=34
बताईं,batain,count=3
बताऊंगी,bataungi,count=3
बताते,batate,count=6
बताते,bataate,count=3
बताना,batana,count=5
बताया,bataya,count=79
बताया,bataaya,count=1
बतौर,batour,count=4
बतौर,bator,count=1
बतौर,baataur,count=1
बत्तीस,battis,count=1
बत्रा,batra,count=2
बदनोर,badnore,count=3
बदल,badal,count=13
बदलकर,badalkar,count=12
बदलती,badalti,count=3
बदलते,badalte,count=10
बदलते,badaltaye,count=2
बदलने,badalne,count=2
बदला,badla,count=1
बदलाव,badlaav,count=21
बदलाव,badlav,count=11
बदले,badle,count=3
बदलेंगी,badlenge,count=3
बदसलूकी,badsalooki,count=2
बदौलत,badhaulaat,count=1
बधाई,badhai,count=16
बधाई,badhaai,count=3
बन,ban,count=80
बनता,banta,count=3
बनता,banata,count=3
बनती,banati,count=3
बनते,banate,count=3
बनते,bante,count=2
बननी,banni,count=3
बनने,banne,count=22
बनने,banane,count=1
बनरौत,banraut,count=2
बनर्जी,banerjee,count=23
बनर्जी,banarjee,count=2
बनवाई,banwai,count=3
बनवाने,banavaane,count=2
बनवाने,banwane,count=1
बना,bana,count=64
बना,banaa,count=5
बनाई,banai,count=19
बनाई,banayi,count=6
बनाई,banaayi,count=2
बनाए,banaye,count=34
बनाए,banaae,count=2
बनाएंगे,banayenge,count=3
बनाएगा,banayega,count=3
बनाएगी,banayegi,count=2
बनाएगी,banayega,count=1
बनाकर,banakar,count=6
बनाता,banata,count=3
बनाती,banati,count=7
बनाती,banaati,count=5
बनाते,banate,count=3
बनाना,banana,count=9
बनानी,banani,count=3
बनाने,banane,count=93
बनाने,banaane,count=2
बनाम,banaam,count=6
बनाम,banam,count=5
बनाया,banaya,count=62
बनाया,banaaya,count=4
बनाये,banaye,count=3
बनिता,banita,count=6
बनी,bani,count=45
बनीं,banin,count=8
बनीं,bani,count=7
बने,bane,count=33
बने,baney,count=12
बने,ban,count=3
बनें,banen,count=2
बनेंगे,banenge,count=6
बनेगा,banega,count=17
बब्बर,babbar,count=3
बम,bom,count=4
बम,bam,count=3
बम,bomb,count=2
बयां,bayan,count=6
बयान,bayan,count=49
बयान,bayaan,count=2
बयानों,bayanon,count=3
बरकरार,barkaraar,count=3
बरकरार,barqarar,count=3
बरती,barti,count=3
बरते,barte,count=3
बरबरी,barbaadi,count=2
बरबरी,barbari,count=1
बरसठी,barsathi,count=3
बरसों,barson,count=3
बराक,barack,count=7
बराण,baran,count=3
बरादर,baradar,count=3
बराबर,barabar,count=3
बरामद,baramad,count=4
बरामदगी,baramadgi,count=2
बरुन,barun,count=1
बरेली,bareilly,count=7
बरेली,bareli,count=6
बरो,borough,count=2
बरोंन,barron,count=3
बरोट,barot,count=2
बरौनी,barauni,count=3
बर्खास्त,barakhast,count=3
बर्थडे,birthday,count=25
बर्दाश्त,bardasht,count=3
बर्धमान,bardhman,count=3
बर्न,bern,count=2
बर्लिन,berlin,count=3
बल,bal,count=28
बलराम,balram,count=3
बलरामपुर,balrampur,count=2
बलवा,balwa,count=1
बलविंदर,balvinder,count=3
बलिया,balliya,count=2
बली,bali,count=3
बलों,balon,count=1
बल्कि,balki,count=44
बल्ब,bulb,count=18
बल्ला,balla,count=5
बल्लेबाज,ballebaaz,count=43
बल्लेबाज,balleybaaz,count=5
बल्लेबाजी,ballebaazi,count=11
बल्लेबाजी,ballabazi,count=3
बल्लेबाजों,ballebaazon,count=4
बवाल,bawal,count=2
बवाल,bavaal,count=1
बस,bus,count=16
बस,bas,count=8
बसपा,bsp,count=3
बसु,basu,count=7
बसौली,basoli,count=1
बस्ती,basti,count=2
बहत,baht,count=1
बहन,bahen,count=6
बहन,behen,count=5
बहन,bahan,count=3
बहन,behan,count=1
बहने,bahne,count=1
बहनों,behnon,count=9
बहनों,behno,count=6
बहनों,bahnon,count=3
बहादुर,bahadur,count=3
बहाली,bahali,count=3
बहु,bahu,count=1
बहुजन,bahujan,count=4
बहुत,bahut,count=240
बहुतों,bahuton,count=3
बहुप्रतीक्षित,bahupratikshit,count=9
बहुमत,bahumat,count=3
बहुराष्ट्रीय,bahurashtriya,count=3
बहुराष्ट्रीय,bahuraashtriya,count=2
बहुराष्ट्रीय,bahuraashtreey,count=1
बहू,bahu,count=18
बाँटने,baantne,count=3
बांका,banka,count=4
बांकुरा,bankura,count=3
बांगलादेश,bangladesh,count=2
बांग्ला,bangla,count=3
बांग्लादेश,bangladesh,count=32
बांजरपुर,banjarpur,count=1
बांटी,baanti,count=3
बांड,bond,count=3
बांद्रा,bandra,count=6
बांध,baandh,count=3
बांस,baans,count=3
बांसवाड़ा,baanswaada,count=3
बाइक,bike,count=15
बाइकर्स,bikers,count=3
बाइक्स,bikes,count=1
बाइडन,biden,count=10
बाइडन,baiden,count=1
बाइडेन,biden,count=4
बाइपास,bypass,count=3
बाईपास,bypass,count=3
बाउनेस,bowness,count=1
बाउबा,bouba,count=3
बाउल,bowl,count=3
बाकी,baaki,count=14
बाक्केबी,bakkeby,count=3
बाग,bagh,count=1
बागान,bagan,count=1
बाघ,baagh,count=6
बाजपुर,bazpur,count=3
बाजपेयी,bajpayee,count=8
बाजवा,bajwa,count=6
बाजवा,baajwa,count=4
बाजार,bazaar,count=50
बाजार,baajaar,count=8
बाजार,bazar,count=6
बाजार,baazaar,count=4
बाजारों,bazaaron,count=3
बाजारों,baazaaron,count=2
बाजारों,bazaaro,count=1
बाटला,baatla,count=1
बाटला,baatala,count=1
बाटला,batla,count=1
बाड़मेर,barmer,count=2
बाढ़,baadh,count=12
बात,baat,count=119
बात,baaton,count=2
बातचीत,baatchit,count=9
बातचीत,baatcheet,count=1
बातें,baatein,count=13
बातों,baaton,count=2
बातों,baton,count=1
बाथरूम,bathroom,count=3
बाद,baad,count=342
बादल,baadal,count=3
बादली,badli,count=1
बादशाह,baadshah,count=4
बादाम,baadaam,count=6
बाना,bana,count=1
बाप,bap,count=3
बाप,baap,count=1
बापू,bapu,count=4
बापू,baapu,count=2
बाबर,babar,count=1
बाबा,baba,count=21
बाबासाहेब,babasaheb,count=8
बाबिल,babil,count=1
बाबी,babi,count=2
बाबू,babu,count=7
बायोटेक,biotech,count=12
बायोनटेक,biontec,count=3
बायोपिक,biopic,count=5
बायोमेट्रिक,biometric,count=3
बार,baar,count=151
बारथोल्दी,bartholdee,count=1
बाराबंकी,barabanki,count=3
बारिश,baarish,count=13
बारिश,barish,count=2
बारी,baari,count=2
बारीकियों,barikiyon,count=3
बारे,baare,count=57
बारे,bare,count=10
बार्टी,barty,count=3
बार्सिलोना,barcelona,count=5
बार्सिलोना,barsilona,count=1
बालकनियों,balconies,count=3
बालकराम,balkaram,count=1
बालाकोट,baalakot,count=2
बालाजी,balaji,count=4
बालाजी,baalaji,count=3
बालासोर,balasore,count=2
बालिका,balika,count=6
बालिका,baalika,count=2
बावजूद,baavjood,count=6
बावजूद,bavjood,count=6
बावजूद,baavajood,count=5
बावजूद,bawajood,count=1
बावेजा,baweja,count=2
बास,bass,count=3
बास्क,baask,count=2
बास्क,bask,count=1
बाहर,bahar,count=20
बाहर,baahar,count=7
बाहुबलियों,baahubaliyon,count=2
बाहुबली,baahubali,count=6
बाहुबली,bahubali,count=3
बाह्त,baht,count=1
बिंग,bing,count=3
बिंग्स,bings,count=1
बिंदु,bindu,count=2
बिक,bik,count=1
बिकता,bikta,count=6
बिकने,bikne,count=14
बिकरीवाल,bikriwal,count=3
बिकरीवाल,bikriwaal,count=3
बिकी,biki,count=1
बिक्री,bikri,count=11
बिक्री,bikree,count=2
बिग,big,count=56
बिग,bigg,count=27
बिगड़,bigad,count=3
बिगड़ी,bigdi,count=2
बिगबास्केट,bigbasket,count=6
बिचौलिए,bichauliye,count=3
बिछाकर,bichhakar,count=1
बिछाना,bichhana,count=3
बिछाया,bichhaaya,count=3
बिछी,bichi,count=2
बिजनेस,business,count=31
बिजनेस,bijness,count=1
बिजली,bijli,count=22
बिजली,bijlee,count=6
बिट,bit,count=3
बिटकॉइन,bitcoin,count=3
बिटिया,betiya,count=4
बिटिया,bitiya,count=2
बिड़ला,birla,count=3
बिताओगे,bitaoge,count=3
बिताने,bitaane,count=3
बिन,bin,count=2
बिनय,binay,count=3
बिनसरगाड़,binsargar,count=1
बिना,bina,count=12
बिनोमो,binomo,count=12
बिन्नी,binni,count=3
बिपाशा,bipasha,count=8
बियांका,biyaanka,count=3
बियॉन्ड,beyond,count=3
बिरला,birla,count=2
बिरले,birley,count=1
बिल,bill,count=19
बिलकुल,bilkul,count=3
बिलबाओ,bilbao,count=4
बिलबाओ,bilbaao,count=2
बिलासपुर,bilaspur,count=34
बिलासा,bilasa,count=3
बिलियन,billion,count=18
बिल्कुल,bilkul,count=15
बिल्डिंग,building,count=1
बिल्बोको,bilboko,count=3
बिल्स,bills,count=3
बिल्हा,bilha,count=3
बिशप,bishop,count=2
बिसेल,bissel,count=3
बिस्वास,biswas,count=3
बिहार,bihar,count=143
बिहारी,bihari,count=14
बी,b,count=16
बी,bee,count=9
बीआईएफओएस,bifos,count=1
बीआईएस,bis,count=3
बीआरएबीयू,brabu,count=3
बीईएल,bel,count=3
बीईएसएल,besl,count=3
बीईटी,bet,count=1
बीए,ab,count=2
बीएनबी,bnb,count=3
बीएसआर,bsr,count=3
बीएसई,bse,count=3
बीएसईआर,bser,count=3
बीएसईबी,bseb,count=9
बीएसएनएल,bsnl,count=7
बीएसएफ,bsf,count=2
बीएसपी,bsp,count=7
बीओबी,bob,count=3
बीके,beke,count=2
बीच,beech,count=287
बीच,bich,count=4
बीचर,beecher,count=2
बीज,beej,count=3
बीजापुर,bijapur,count=6
बीजेपी,bjp,count=24
बीडीए,bda,count=2
बीडीटीएस,bdts,count=3
बीती,biti,count=2
बीती,beeti,count=1
बीते,beete,count=23
बीते,bite,count=20
बीते,biete,count=1
बीपी,bp,count=3
बीपीएल,bpl,count=3
बीपीएससी,bpsc,count=2
बीपीओ,bpo,count=6
बीपीसीएल,bpcl,count=9
बीबीए,bba,count=2
बीमा,beema,count=4
बीमा,bima,count=1
बीमार,beemaar,count=4
बीमार,bimaar,count=1
बीमारियों,bimariyon,count=3
बीमारी,bimari,count=8
बीमारी,beemari,count=2
बीयर्स,beers,count=2
बीरबल,birbal,count=2
बीरभूम,birbhum,count=3
बीरेन,biren,count=3
बीस,bees,count=2
बीसलपुर,bisalpur,count=2
बुंडू,bundu,count=3
बुंदेलखंड,bundelkhand,count=3
बुंदेली,bundeli,count=3
बुक,book,count=12
बुकशेल्फ़,bookshelf,count=3
बुकिंग,booking,count=7
बुक्स,books,count=6
बुखार,bukhar,count=1
बुखारेस्ट,bukharesht,count=2
बुखारेस्ट,bucharest,count=1
बुचर,butcher,count=1
बुजुर्ग,buzurg,count=4
बुजुर्गों,bujurgon,count=3
बुदकी,budki,count=2
बुद्ध,buddha,count=2
बुधवार,budhvaar,count=48
बुधवार,budhwaar,count=12
बुधवार,budhwar,count=11
बुधवार,budhavaar,count=3
बुधवार,buddhaar,count=3
बुमराह,bumrah,count=2
बुरी,buri,count=3
बुलंद,buland,count=4
बुलंदशहर,bulandshahr,count=3
बुलाई,bulayi,count=4
बुलाया,bulaya,count=7
बुलाया,bulaaya,count=5
बुलेट,bullet,count=4
बुल्गारिया,bulgaria,count=3
बुशहर,bushahar,count=2
बूगर,bouguer,count=2
बूथ,booth,count=6
बूस्टर,booster,count=6
बृजेंद्र,brijendra,count=3
बृहस्पतिवार,bruhaspativaar,count=3
बृहस्पतिवार,brihaspativaar,count=2
बे,bay,count=2
बेंगलुरु,bengaluru,count=15
बेंगलुरु,bengluru,count=1
बेंगलुरू,bengaluru,count=2
बेंगलूर,bengaluru,count=3
बेंगलूरु,bengaluru,count=4
बेंज,benz,count=3
बेंजामिन,benjamin,count=3
बेईमानी,beimaani,count=2
बेईमानी,beimani,count=1
बेकाबू,bekaboo,count=3
बेकी,becky,count=1
बेगूसराय,begusaarai,count=2
बेगूसराय,begusarai,count=1
बेच,bech,count=6
बेचने,bechne,count=5
बेचने,bechnae,count=2
बेचे,beche,count=5
बेजोस,bezos,count=1
बेट,bete,count=1
बेटा,beta,count=14
बेटी,beti,count=61
बेटे,bete,count=23
बेतरतीब,betarteeb,count=3
बेतहाशा,betahasha,count=3
बेदारी,bedari,count=1
बेदी,bedi,count=13
बेन,ben,count=3
बेनक्राफ्ट,benkraft,count=3
बेनिफिट,benefit,count=18
बेनी,beni,count=3
बेबस,bebass,count=3
बेबी,baby,count=3
बेबीफेस,babyface,count=3
बेयरस्टो,bairstow,count=2
बेयरेस्टो,bairstow,count=2
बेल,bell,count=6
बेलर,beller,count=2
बेलर,baler,count=1
बेला,bela,count=1
बेलारुस,belarus,count=1
बेलास,bellas,count=3
बेल्ट,belt,count=6
बेस,base,count=15
बेसब्री,besabri,count=6
बेसिक,basic,count=5
बेसिक,beysic,count=3
बेस्ट,best,count=12
बेस्ड,based,count=9
बेहतर,behtar,count=21
बेहतर,behtareen,count=1
बेहतरीन,behtareen,count=10
बेहतरीन,behatreen,count=3
बेहद,behad,count=16
बैंक,bank,count=306
बैंक,banque,count=3
बैंक,baink,count=2
बैंक,baank,count=1
बैंकरप्सी,bankruptcy,count=3
बैंकिंग,banking,count=39
बैंको,banco,count=3
बैंकों,bankon,count=15
बैंकों,banks,count=4
बैंकों,banikon,count=3
बैंगलोर,bangalore,count=13
बैंगलोर,bangalor,count=3
बैंगलोर,banglore,count=3
बैंगलोर,bangaluru,count=2
बैंगलोर,baingalor,count=1
बैंगलोर,bengaluru,count=1
बैंगलोर,bengalore,count=1
बैंगलोर,bengaloor,count=1
बैंड,band,count=2
बैंड,baand,count=2
बैक,back,count=3
बैकअप,backup,count=2
बैकारेट,baccarat,count=6
बैकी,becky,count=3
बैक्ड,backed,count=3
बैग्स,bags,count=3
बैच,batch,count=5
बैचवाइज,batchwise,count=3
बैजल,baijal,count=3
बैटरियों,batteries,count=3
बैटरी,battery,count=6
बैटरीज,batteries,count=3
बैटल,battle,count=3
बैठक,baithak,count=34
बैठती,baithatee,count=1
बैठती,baithti,count=1
बैठने,baithne,count=3
बैठाया,baithaya,count=3
बैठे,baithae,count=7
बैठे,baithen,count=3
बैठे,baithe,count=3
बैठे,baithhe,count=2
बैडमिंटन,badminton,count=11
बैतूल,betul,count=3
बैतूल,baitul,count=3
बैनर,banner,count=3
बैरकपुर,bairekapur,count=2
बैरकपुर,barrackpore,count=1
बैरियर,barrier,count=3
बैरेट,barret,count=2
बैलर,bailler,count=2
बैलर,baller,count=1
बैलून,balloon,count=1
बैलेंस,balances,count=3
बॉटम,bottom,count=6
बॉटलिंग,bottling,count=3
बॉट्स,bots,count=3
बॉडी,body,count=5
बॉडीगार्ड,bodyguard,count=1
बॉथम,botham,count=3
बॉन,bon,count=1
बॉन्ड,bond,count=3
बॉन्डिंग,bonding,count=3
बॉब,bob,count=6
बॉबी,bobby,count=11
बॉम्ब,bomb,count=6
बॉम्बे,bombay,count=9
बॉय,boy,count=3
बॉयफ्रेंड,boyfriend,count=6
बॉर्डर,border,count=7
बॉर्डर,bordee,count=2
बॉल,ball,count=3
बॉलर,bowler,count=3
बॉलर्स,bolers,count=2
बॉलर्स,bowlers,count=1
बॉलिवुड,bollywood,count=6
बॉलीवुड,bollywood,count=223
बॉलीवुड,bollyood,count=12
बॉलीवुड,bollywud,count=7
बॉलीवुड,baaliwood,count=3
बॉलीवुड,bollivud,count=2
बॉस,boss,count=55
बोगी,boggy,count=3
बोत्सवाना,botswana,count=5
बोत्सवाना,botsawana,count=4
बोत्सवाना,botsvana,count=2
बोनस,bonus,count=3
बोनी,boney,count=5
बोमन,boman,count=2
बोर्ड,board,count=179
बोर्ड,bord,count=7
बोर्स,borse,count=1
बोल,bol,count=10
बोलते,bolte,count=2
बोलना,bolna,count=2
बोलने,bolne,count=5
बोला,bola,count=8
बोला,bolaa,count=3
बोली,boli,count=15
बोलीवियाई,boliviyai,count=2
बोलीवियाई,bolivian,count=1
बोलीवियानोस,bolivianos,count=3
बोले,bole,count=9
बोलेरो,bolero,count=2
बोल्ट,boult,count=3
बोल्ट,bolt,count=1
बोल्ड,bold,count=9
बोस,bose,count=14
बोस,bos,count=5
बोसन,boson,count=3
बोहरा,bohra,count=12
बौद्धिक,baudhik,count=1
बौल्ट,boult,count=3
ब्याज,byaaj,count=12
ब्याज,byaj,count=7
ब्यावरा,byawara,count=3
ब्यूटीफुल,beautiful,count=1
ब्यूरो,byuro,count=8
ब्यूरो,byooro,count=3
ब्यूरो,byuroo,count=2
ब्रह्मापुत्र,brahmaputra,count=3
ब्रांच,branch,count=11
ब्रांड,brand,count=9
ब्रांड्स,brands,count=3
ब्राइडल,bridal,count=2
ब्राउज़र,browser,count=2
ब्राउज़रों,browseron,count=3
ब्राजील,brazil,count=6
ब्राजीलियन,brazilian,count=3
ब्रायन,bryan,count=6
ब्रायन,brian,count=3
ब्राह्मण,brahman,count=3
ब्रिक्स,brics,count=2
ब्रिगेडियर,brigadier,count=2
ब्रिटिश,british,count=10
ब्रिटेन,britain,count=5
ब्रिटेन,britten,count=1
ब्रिसबेन,brisbane,count=5
ब्रीफकेस,briefcase,count=2
ब्रेक,break,count=6
ब्रेकअप,breakup,count=3
ब्रेकिंग,breaking,count=24
ब्रेकिंग,braking,count=3
ब्रेकिंग,breking,count=3
ब्रेडमैन,bradman,count=5
ब्रेल,brail,count=3
ब्रेवरी,breveri,count=2
ब्रैड,brad,count=1
ब्रॉक,brock,count=5
ब्रॉड,broad,count=6
ब्रॉडकास्ट,broadcast,count=3
ब्रॉडगेज,broadgauge,count=3
ब्रॉडगेज,broadgaj,count=3
ब्रॉडबैंड,broadband,count=6
ब्रॉन,braun,count=2
ब्रोकर,broker,count=3
ब्लकि,balki,count=3
ब्लू,blue,count=12
ब्लूटूथ,bluetooth,count=12
ब्लूटूथ,blutooth,count=2
ब्लूमबर्ग,bloomberg,count=2
ब्लूहोस्ट,bluehost,count=3
ब्लेयर,blair,count=6
ब्लैक,black,count=20
ब्लॉक,block,count=7
ब्लॉक्स,blockon,count=3
ब्लॉसम,blossoms,count=2
ब्लॉसम्स,blossoms,count=1
बज़र्ड,buzzard,count=3
बड़ी,badi,count=3
बड़े,bade,count=3
बढ़कर,badhkar,count=3
बढ़ाने,badhane,count=3
भंडारकर,bhandarkar,count=3
भंडारण,bhandaran,count=3
भंडारी,bhandari,count=3
भईल,bhaeil,count=2
भईल,bhail,count=1
भक्त,bhakt,count=2
भक्तों,bhakton,count=3
भगत,bhagat,count=6
भगवान,bhagwan,count=13
भगोड़ा,bhagoda,count=3
भगोड़े,bhagode,count=3
भजन,bhajan,count=10
भट्ट,bhatt,count=34
भट्टाचार्जी,bhattacharjee,count=2
भड़काऊ,bhadkau,count=3
भड़काने,bhadkane,count=3
भड़कीं,bhadkin,count=1
भण्डार,bhandar,count=3
भतीजे,bhatije,count=3
भतेरे,bhaeter,count=3
भदरोआ,bhadrowa,count=2
भदरोआ,bhadora,count=1
भबानीपुर,bhabanipur,count=1
भयंदर,bhayandar,count=3
भर,bhar,count=19
भरने,bharne,count=6
भरने,bharnae,count=4
भरपूर,bharpur,count=3
भरपूर,bharpoor,count=3
भरमार,bharmar,count=3
भरा,bhara,count=3
भराई,bharai,count=1
भरी,bhari,count=1
भरे,bhare,count=3
भरोसा,bharosa,count=7
भरोसेमंद,bharosemand,count=3
भर्तियां,bhartiyaa,count=8
भर्तियां,bhartiyan,count=4
भर्तियां,bhartiyon,count=4
भर्तियां,bhartiyaaan,count=3
भर्तियां,bharti,count=1
भर्तियां,bhartiyaan,count=1
भर्तियों,bhartiyon,count=11
भर्ती,bharti,count=128
भर्ती,bharati,count=15
भला,bhalaa,count=1
भले,bhale,count=3
भवन,bhavan,count=16
भवन,bhawan,count=3
भवानी,bhawani,count=3
भविष्य,bhavishya,count=12
भविष्यवाणी,bhavishyavaani,count=1
भव्य,bhavya,count=1
भसीन,bhasin,count=10
भा,bha,count=1
भांजे,bhanje,count=2
भांजे,bhaanje,count=1
भांप,bhaanp,count=2
भांप,bhap,count=1
भाइयो,bhaiyo,count=3
भाइयो,bhaiyon,count=3
भाइयों,bhaiyon,count=6
भाइयों,bhaiyo,count=3
भाई,bhai,count=12
भाईयों,bhaiyon,count=6
भाग,bhag,count=9
भाग,bhaag,count=4
भागलपुर,bhagalpur,count=1
भागवत,bhagwat,count=4
भागवानी,bhagwani,count=3
भागीदार,bhaagidaar,count=3
भागीदार,bhagidar,count=2
भागीदार,bhaagidar,count=1
भागीदारी,bhagidari,count=9
भागीदारी,bhagidaari,count=3
भागीदारी,bhaagidaari,count=3
भागीदारों,bhagidaaron,count=3
भागों,bhagon,count=3
भागों,bhaagon,count=1
भाग्य,bhaagya,count=2
भाग्य,bhagya,count=2
भाग्यशाली,bhagyashali,count=1
भाग्यश्री,bhagyashree,count=3
भाग्या,bhagya,count=1
भाजपा,bhajpa,count=29
भाजपा,bhaajpa,count=6
भाजपा,bhajapa,count=2
भाड़ा,bhaada,count=3
भान,bhan,count=3
भानुशाली,bhanushali,count=1
भाबीजी,bhabhiji,count=3
भाभा,bhaabha,count=2
भाभा,bhabha,count=1
भाभी,bhabhi,count=4
भारत,bharat,count=658
भारत,bhaarat,count=15
भारत,bhart,count=3
भारत,bhaartiyein,count=2
भारतगैस,bharatgas,count=3
भारतपे,bharatpe,count=3
भारती,bharti,count=12
भारतीय,bharatiya,count=303
भारतीय,bhartiya,count=136
भारतीय,bhaarteey,count=8
भारतीय,bhaartiya,count=6
भारतीय,bhaarateey,count=3
भारतीय,bharateey,count=1
भारतीय,bharat,count=1
भारतीय,bhaarteeya,count=1
भारतीयता,bhartiyata,count=1
भारतीयों,bharatiyon,count=5
भारतीयों,bhartiyon,count=1
भारद्वाज,bhardwaj,count=5
भारी,bhaari,count=8
भारी,bhari,count=1
भार्गव,bhaargav,count=3
भार्गव,bhargava,count=3
भाव,bhav,count=3
भावना,bhavna,count=5
भावी,bhavi,count=2
भावुक,bhaavuk,count=2
भावुक,bhavuk,count=1
भाषण,bhashan,count=5
भाषा,bhasha,count=14
भाषा,bhaasha,count=2
भाषाविज्ञान,bhashavigyan,count=2
भाषी,bhashi,count=3
भास्कर,bhaskar,count=5
भिड़,bhir,count=1
भिड़ंत,bhidant,count=6
भिलाई,bhilai,count=2
भिवानी,bhiwani,count=3
भी,bhi,count=1102
भी,bhee,count=4
भीड़,bheed,count=2
भीतर,bheetar,count=3
भीपी,bhp,count=3
भीम,bhim,count=13
भीमराव,bhimrao,count=6
भीषण,bheeshan,count=2
भुगतान,bhugtan,count=7
भुगतान,bhugtaan,count=5
भुज,bhuj,count=3
भुलय्या,bhulaiyaa,count=3
भुवन,bhuvan,count=6
भूकंप,bhookamp,count=9
भूकर,bhukar,count=3
भूटान,bhutan,count=10
भूपति,bhupathi,count=3
भूपेश,bhupesh,count=16
भूभाग,bhubhaag,count=2
भूभाग,bhugbhaag,count=1
भूमि,bhumi,count=12
भूमि,bhoomi,count=3
भूमिका,bhumika,count=30
भूमिका,bhoomika,count=23
भूमिकाएँ,bhoomikayein,count=1
भूमिकाओं,bhoomikaon,count=2
भूमिकाओं,bhumikayein,count=1
भूल,bhool,count=5
भूविज्ञान,bhoovigyaan,count=1
भूषण,bhushan,count=8
भृगु,bhrigu,count=3
भेंट,bhet,count=3
भेज,bhej,count=9
भेजने,bhejne,count=8
भेजा,bheja,count=7
भेजें,bheje,count=1
भेदभाव,bhedbhaav,count=2
भेरंदा,bhernda,count=3
भैया,bhaiya,count=2
भोगराजू,bhogaraju,count=3
भोज,bhoj,count=1
भोजपुरी,bhojpuri,count=40
भोपाल,bhopal,count=39
भोसले,bhosale,count=3
भौतिक,bhautik,count=6
भौतिक,bhautikshastri,count=2
भौतिकी,bhautiki,count=5
भौतिकी,bhoutiki,count=1
भ्रम,bhram,count=3
भ्रष्टाचार,bhrashtachar,count=6
भ्रष्टाचार,bhraastachar,count=3
मंखूल,mankhool,count=2
मंगल,mangal,count=2
मंगलकर्ता,mangalkarta,count=3
मंगलवार,mangalvaar,count=66
मंगलवार,mangalwar,count=4
मंगलवारा,mangalwara,count=3
मंगला,mangala,count=2
मंगला,mangla,count=2
मंगाया,mangaya,count=3
मंगेश,mangesh,count=3
मंगेशकर,mangeshkar,count=4
मंच,manch,count=9
मंचों,manchon,count=1
मंजिल,manjil,count=3
मंजूर,manjur,count=2
मंजूर,manzoor,count=1
मंजूरी,manjoori,count=13
मंजूरी,manjuri,count=2
मंजूरी,manzoori,count=2
मंडराने,mandrane,count=3
मंडल,mandal,count=18
मंडलों,mandalon,count=1
मंडियों,mandiyon,count=3
मंडी,mandi,count=8
मंडी,mandee,count=2
मंडेला,mandela,count=3
मंत्र,mantra,count=4
मंत्र,mantr,count=2
मंत्रालय,mantralay,count=61
मंत्रालय,mantralaya,count=6
मंत्रिमंडल,mantrimandal,count=6
मंत्रियों,mantriyon,count=6
मंत्री,mantri,count=127
मंत्री,mantree,count=2
मंदसौर,mandsaur,count=3
मंदाकिनी,mandaakini,count=2
मंदाकिनी,mandakini,count=1
मंदिर,mandir,count=59
मंदिरा,mandira,count=8
मंदिरों,mandir,count=3
मंदिरों,mandiron,count=1
मंदी,mandi,count=5
मंधाना,mandhana,count=6
मंशा,manshaa,count=3
मंसुख,mansukh,count=2
मंसूर,mansoor,count=6
मई,may,count=24
मई,mai,count=22
मईगोव,mygov,count=1
मकखाद,makkhad,count=2
मकान,makan,count=5
मक्का,makka,count=6
मगर,magar,count=3
मच,mach,count=8
मचअवेटेड,machawaited,count=2
मचा,macha,count=21
मचाते,machate,count=2
मची,machi,count=3
मछुआरा,muchhara,count=3
मजदूरी,majdoori,count=3
मजदूरों,majdooron,count=6
मजबूत,majboot,count=37
मजबूत,mazboot,count=5
मजबूती,majbooti,count=7
मजबूती,mazbooti,count=3
मजबूरी,majboori,count=1
मज़बूत,mazboot,count=3
मज़ेदार,mazedar,count=2
मज़ेदार,mazedaar,count=1
मजाक,mazak,count=4
मजिस्ट्रेट,majistrate,count=4
मजिस्ट्रेट,magistrate,count=1
मजीठिया,majithiya,count=3
मजेदार,mazedaar,count=5
मजेदार,mazedar,count=3
मजेदार,majedar,count=1
मणिकर्णिका,manikarnika,count=3
मणिपुर,manipur,count=3
मणिलाल,manilal,count=1
मत,mat,count=10
मतगणना,matganan,count=3
मतदान,matdaan,count=4
मतभेदों,matbhedon,count=1
मतलब,matlab,count=15
मत्स्य,matsya,count=5
मथारू,matharu,count=4
मदद,madad,count=39
मददगार,madadgar,count=3
मदन,madan,count=3
मदभेद,madbhed,count=3
मदालसा,madalsa,count=11
मदीना,madina,count=3
मद्देनजर,maddenazar,count=3
मद्रास,madras,count=8
मधुबाला,madhubala,count=2
मधुमक्खी,madhumakhi,count=3
मधुर,madhur,count=3
मध्य,madhya,count=73
मध्य,madhy,count=3
मध्यप्रदेश,madhyapradesh,count=6
मध्यम,madhyam,count=5
मध्यस्थता,madhyasthata,count=2
मध्यस्थता,madhyasthta,count=2
मध्यस्थता,madhyastha,count=2
मन,man,count=6
मन,mind,count=3
मनकहरी,mankahari,count=2
मनचुन,manchun,count=1
मनप्रीत,manpreet,count=3
मनमाड,manmad,count=3
मनमोहन,manmohan,count=5
मनरेगा,manrega,count=1
मनवाया,manwaya,count=3
मनसे,mns,count=1
मना,mana,count=17
मनाई,manai,count=3
मनाई,manayi,count=2
मनाते,manate,count=6
मनाने,manaane,count=2
मनाया,manaya,count=18
मनाया,manaaya,count=7
मनाली,manali,count=3
मनिहारी,manihari,count=3
मनी,money,count=27
मनी,mani,count=4
मनीष,manish,count=23
मनीष,maniesh,count=2
मनीषा,manish,count=3
मनु,manu,count=3
मनुफ़ैक्चरिंग,manufacturing,count=3
मनोज,manoj,count=23
मनोनीत,manonit,count=3
मनोरंजन,manoranjan,count=3
मनोहर,manohar,count=8
ममता,mamata,count=14
ममता,mamta,count=3
ममता,mamtaa,count=2
ममी,mummy,count=1
मम्मी,mummy,count=1
मयंक,mayank,count=7
मयूर,mayur,count=2
मरने,marne,count=3
मरम्मत,marammat,count=4
मरम्मत,marhammat,count=2
मराठवाड़ा,marathwada,count=2
मराठा,maratha,count=3
मराठी,maraathi,count=2
मराठी,marathi,count=1
मरियप्पन,mariappan,count=3
मरीज,mareez,count=10
मरीज,mariz,count=3
मरीजों,marizon,count=3
मरीजों,mareezon,count=2
मर्जर,merger,count=3
मर्यादाएं,maryadaen,count=3
मर्सिडीज,merecedez,count=3
मलखम्ब,malkhamb,count=3
मलाइका,malaika,count=21
मलााइका,malaika,count=3
मलिक,malik,count=21
मलेशिया,malaysia,count=3
मलेशियाई,malaysian,count=2
मलैया,malaiya,count=3
मल्टी,multii,count=2
मल्टी,multi,count=2
मल्टीनेशनल,multinational,count=2
मल्टीपल,multiple,count=3
मल्टीमॉडल,multimodal,count=5
मल्टीमोडल,multimodal,count=1
मल्लिका,mallika,count=8
मल्लिकार्जुन,mallikarjun,count=2
मल्होत्रा,malhotra,count=7
मशहूर,mashhoor,count=11
मशहूर,mashur,count=1
मशीनरी,machinery,count=6
मशीनों,mashinon,count=3
मसले,masle,count=6
मसाढ़,masadh,count=1
मसूद,masood,count=3
मस्क,musk,count=2
मस्कुलर,muscular,count=3
मस्जिद,masjid,count=9
मस्त,mast,count=3
मस्तानी,mastaani,count=2
मस्तानी,mastani,count=1
मस्ती,masti,count=5
महंगा,mehnga,count=3
महंगाईराहतकैम्प,mehngairahatcamp,count=2
महंगे,mehange,count=3
महंत,mahant,count=12
महज,mahaz,count=8
महत्व,mahatva,count=6
महत्व,mahatv,count=3
महत्वपूर्ण,mahatvapoorn,count=31
महत्वपूर्ण,mahatvapurn,count=26
महत्वपूर्ण,mahatvpoorn,count=5
महत्वपूर्ण,mahatvapoorna,count=3
महत्वपूर्ण,mahatvapurna,count=1
महर्षि,maharshi,count=3
महल,mahal,count=3
महलनुमा,mahalnuma,count=2
महसूस,mehsoos,count=12
महाकुंभ,mahakumbh,count=3
महागठबंधन,mahagathbandhan,count=3
महाजन,mahajan,count=3
महात्मा,mahatma,count=17
महात्मा,mahaatma,count=3
महादेव,mahadev,count=12
महाद्वीप,mahadweep,count=2
महाद्वीप,mahadeep,count=1
महाधिवेशन,mahadhiveshan,count=4
महान,mahan,count=6
महान,mahaan,count=5
महानगर,mahanagar,count=10
महानतम,mahanatam,count=3
महानिदेशक,mahanideshak,count=9
महानिदेशक,mahaanideleshak,count=3
महानियंत्रक,mahaniyantrak,count=3
महाभारत,mahabharat,count=1
महामना,mahamana,count=3
महामारी,mahamari,count=15
महामारी,mahamaari,count=11
महामारी,mahaamari,count=1
महारत,maharat,count=1
महाराज,maharaj,count=22
महाराष्ट्र,maharashtra,count=68
महार्षि,maharshi,count=3
महाविकास,mahavikas,count=3
महाविद्यालय,mahavidyalay,count=7
महाविद्यालय,mahavidyalaya,count=1
महासचिव,mahasachiv,count=10
महासचिव,mahaasachiv,count=1
महिंद्रा,mahindra,count=43
महिला,mahila,count=57
महिलाएं,mahilayen,count=4
महिलाएं,mahilaen,count=3
महिलाओं,mahilaon,count=14
महीने,mahine,count=26
महीनों,mahino,count=7
महीनों,mahine,count=1
महेंद्र,mahendra,count=21
महेश,mahesh,count=10
महोत्सव,mahotsav,count=5
महोत्सव,mahotsava,count=2
माँ,maan,count=13
माँ,maa,count=8
माँटपेलीयर,maanatpeeliyer,count=2
माँटपेलीयर,montpellier,count=1
मां,maa,count=15
मां,maan,count=13
मां,ma,count=4
मांग,maang,count=18
मांगनी,maangni,count=3
मांगा,maanga,count=6
मांगी,maangi,count=6
मांगे,maange,count=10
मांगे,mange,count=6
मांजरेकर,manjrekar,count=3
मांझी,manjhi,count=3
मांडविया,mandaviya,count=2
माइक,mike,count=4
माइक,mic,count=2
माइकल,michael,count=5
माइकल,maikal,count=2
माइक्रो,micro,count=14
माइक्रो,maikro,count=2
माइक्रोसॉफ्ट,microsoft,count=17
माइरीबालन,myrobalan,count=1
माइल,mile,count=9
माइलस्टोन,milestone,count=1
माईगव,mygov,count=3
माकन,maken,count=6
मात,maat,count=11
माता,mata,count=14
मातृभूमि,maatribhoomi,count=3
मात्र,matra,count=2
मात्रा,matra,count=16
मात्रा,maatra,count=3
माधलसा,madalsa,count=3
माधव,madhav,count=9
माधवन,madhavan,count=3
माधवराव,madhavrao,count=3
माधुरी,madhuri,count=7
माधोपट्टी,madhopatti,count=6
माध्यम,madhyam,count=39
माध्यम,maadhyam,count=25
माध्यमिक,madhyamik,count=35
माध्यमिक,madyamik,count=3
माध्यमिक,maadhyamik,count=2
मान,maan,count=15
मानक,maanak,count=5
मानक,maandank,count=1
मानकर,maankar,count=3
मानकों,maankon,count=3
मानता,maanta,count=15
मानते,maante,count=6
मानदंडों,maandandon,count=1
मानना,maanna,count=11
मानना,maanana,count=1
माननीय,mananiya,count=2
माननीय,maananiya,count=1
मानव,manav,count=14
मानवीय,manaviya,count=3
मानसिक,mansik,count=2
मानसुलु,manasulu,count=3
मानसून,monsoon,count=3
मानसून,maansoon,count=3
माना,mana,count=9
माना,maana,count=8
मानी,maani,count=4
मानी,maanee,count=1
माने,maane,count=3
मानें,maane,count=4
मानें,maanein,count=2
मानेंगे,maanenge,count=6
मानेकशॉ,manekshaw,count=6
मान्टिनिग्रो,montenegro,count=3
मान्तो,montaut,count=2
मान्य,maany,count=2
मान्य,manyaa,count=2
मान्य,manya,count=1
मान्यता,manyata,count=5
मान्यता,maanayata,count=2
मान्यता,maanyata,count=2
मान्यता,manata,count=1
माप,maap,count=2
मापने,maapne,count=3
माफ,maaf,count=6
माफी,maafi,count=3
मामला,maamla,count=9
मामला,mamla,count=3
मामला,maamle,count=2
मामले,mamle,count=57
मामले,maamle,count=45
मामलों,mamlo,count=3
मामूली,mamuli,count=3
माय,my,count=5
मायगॉव,mygov,count=1
मायगोव,mygov,count=3
मायने,maayne,count=2
मायने,mayne,count=2
माया,maya,count=1
मायावती,mayawati,count=11
मारकर,maarkar,count=3
मारपीट,maarpit,count=4
मारपीट,maarpeet,count=3
मारा,maara,count=5
मारा,maar,count=2
मारी,maari,count=3
मारुति,maruti,count=35
मारुति,maaruuti,count=2
मारे,mare,count=7
मारे,maare,count=6
मार्क,mark,count=4
मार्केट,market,count=42
मार्केट,maarket,count=2
मार्केटिंग,marketing,count=12
मार्केट्स,markets,count=10
मार्केट्स,maarket,count=2
मार्कोस,marcos,count=3
मार्ग,maarg,count=1
मार्गदर्शन,margdarshan,count=4
मार्गदर्शन,maargadarshan,count=2
मार्च,march,count=28
मार्च,maarch,count=7
मार्जिन,margin,count=14
मार्नस,marnus,count=1
मार्मिक,marmik,count=2
मार्श,maarshal,count=2
मार्श,marsh,count=1
मार्शल,marshal,count=4
मार्स,mars,count=6
माल,maal,count=9
मालदीव,maldiv,count=3
मालदीव्स,maaldivs,count=2
मालदीव्स,maldives,count=1
मालवीय,malaviya,count=3
माला,mala,count=3
मालिक,maalik,count=5
मालिक,malik,count=1
मालिनी,malini,count=2
मालीवाल,maliwal,count=3
मालूम,maloom,count=3
मालूम,maaloom,count=3
मासूम,masoom,count=6
मासूम,maasoom,count=1
मास्क,mask,count=18
मास्टर,master,count=2
मास्टरकार्ड,maastarakaard,count=2
मास्टरकार्ड,maastarkaad,count=2
मास्टरमाइंड,mastermind,count=3
मास्टर्स,masters,count=2
माह,maah,count=10
माह,mah,count=3
माह,month,count=3
माहिरा,mahira,count=1
माही,mahhi,count=2
माही,maahi,count=2
माहेश्वरी,maheshwari,count=3
माहेश्वरी,maaheshwari,count=2
माहौर,maahour,count=2
माहौल,mahaul,count=6
मिंटो,minto,count=6
मिक,mick,count=3
मिका,mika,count=3
मिटियरोलॉजिकल,meteorological,count=3
मिड,mid,count=3
मिडनाइट,midnight,count=3
मिडनापोर,midnapore,count=1
मिताली,mithali,count=3
मित्र,mitr,count=6
मित्रों,mitron,count=3
मिथास,mithas,count=3
मिथिला,mithila,count=1
मिथुन,mithun,count=11
मिदनापुर,midnapur,count=3
मिनट,minute,count=3
मिनाटी,minati,count=1
मिनिमल,minimal,count=2
मिनिस्टर,minister,count=2
मिनिस्ट्री,ministry,count=11
मिनी,mini,count=6
मिमी,mimi,count=2
मियां,miyan,count=3
मियाजाकी,miyazaki,count=3
मिराई,mirai,count=1
मिर्ज़ापुर,mirzapur,count=2
मिर्जा,mirza,count=13
मिल,mil,count=88
मिल,mill,count=3
मिलकर,milkar,count=30
मिलकर,milakar,count=2
मिलता,milta,count=36
मिलती,milti,count=14
मिलते,milte,count=11
मिलना,milna,count=5
मिलनी,milni,count=6
मिलने,milne,count=23
मिलर,miller,count=1
मिला,mila,count=56
मिलाकर,milakar,count=1
मिलान,milan,count=3
मिलाने,milane,count=6
मिलाया,milaya,count=3
मिलिटरी,military,count=2
मिलियन,million,count=15
मिली,mili,count=43
मिली,meelee,count=2
मिले,mile,count=13
मिलें,milen,count=3
मिलेंगी,milengi,count=3
मिलेंगे,milenge,count=21
मिलेगा,milega,count=35
मिलेगी,milegi,count=13
मिलेगी,milega,count=9
मिशन,mission,count=26
मिश्र,mishra,count=3
मिश्रण,mishran,count=3
मिश्रा,mishra,count=9
मिस,miss,count=5
मिस,ms,count=3
मिसाइल,misaail,count=4
मिसाइल,missile,count=2
मिसाल,misaal,count=6
मिस्टर,mister,count=3
मिस्टीरियो,mysterio,count=4
मिस्टीरियो,misteeriyo,count=2
मिस्ट्री,mystery,count=3
मिस्ड,missed,count=12
मिस्डीड,misdeed,count=3
मिस्त्री,mistri,count=3
मिस्र,misr,count=1
मी,mi,count=5
मीका,mika,count=4
मीट,meet,count=9
मीटर,meter,count=2
मीटिंग,meeting,count=9
मीट्स,meets,count=3
मीडियम,medium,count=2
मीडियाटेक,mediatek,count=5
मीना,mina,count=2
मीनाक्षी,meenakshi,count=3
मीम्स,memes,count=3
मीरा,mira,count=7
मीरा,meera,count=5
मीराबाई,mirabai,count=7
मीराबाई,meerabai,count=2
मुंगेली,mungeli,count=3
मुंडन,mundan,count=3
मुंबई,mumbai,count=206
मुंबई,mumbee,count=2
मुकदमा,mukadma,count=2
मुकदमे,mukadme,count=3
मुकर्रर,mukarar,count=2
मुकर्रर,muqarar,count=1
मुकाबला,mukabla,count=41
मुकाबला,mukaabla,count=7
मुकाबला,muqabala,count=3
मुकाबला,mukaabala,count=1
मुकाबला,muqabla,count=1
मुकाबले,mukable,count=14
मुकाबले,mukaable,count=10
मुकाबले,muqabale,count=3
मुकाबले,muqable,count=2
मुकाम,mukaam,count=3
मुकुंद,mukund,count=3
मुकुल,mukul,count=4
मुकेश,mukesh,count=24
मुक्केबाज,mukkebaaz,count=8
मुक्केबाज,mookeybaaz,count=1
मुक्केबाजी,mukkebaazi,count=3
मुक्त,mukt,count=12
मुक्तसर,muktsar,count=3
मुखर्जी,mukherjee,count=8
मुखिया,mukhiya,count=6
मुख्तार,mukhtar,count=14
मुख्य,mukhya,count=62
मुख्य,mukhy,count=2
मुख्यतः,mukhyatah,count=1
मुख्यमंत्रियों,mukhyamantriyon,count=1
मुख्यमंत्री,mukhyamantri,count=128
मुख्यालय,mukhyalay,count=14
मुगलों,muglon,count=3
मुजफ्फरनगर,muzaffarnagar,count=9
मुजफ्फरनगर,mujaffarnagar,count=2
मुजफ्फरपुर,muzaffarpur,count=11
मुज़फ़्फ़रनगर,muzaffarnagar,count=6
मुज़फ़्फ़रपुर,muzaffarpur,count=3
मुझसे,mujhse,count=3
मुझे,mujhe,count=76
मुताबिक,mutabik,count=40
मुताबिक,mutaabik,count=2
मुताबिक़,mutabik,count=3
मुद्दा,mudde,count=5
मुद्दा,mudda,count=4
मुद्दे,mudde,count=5
मुद्दों,mudde,count=6
मुद्रा,mudra,count=16
मुद्रित,mudrit,count=3
मुद्रीकरण,mudraanakaran,count=3
मुनियों,muniyon,count=3
मुफ्त,muft,count=6
मुमकिन,mumkin,count=1
मुमताज़,mumtaz,count=3
मुराद,murad,count=3
मुराबाद,murabad,count=1
मुरुगन,murgan,count=1
मुलाक़ात,mulaqaat,count=3
मुलाकात,mulaqat,count=11
मुलाकात,mulaakat,count=8
मुलायम,mulayam,count=3
मुल्क,mulk,count=3
मुल्ला,mullah,count=3
मुशर्रफ,musharraf,count=4
मुश्किल,mushkil,count=9
मुश्किलें,mushkilein,count=4
मुश्किलें,mushkilen,count=2
मुश्किलों,mushkilon,count=3
मुसलमानों,musalmanon,count=3
मुसलमानों,musalmaanon,count=2
मुसलमानों,muslims,count=1
मुसीबत,museebat,count=3
मुसीबतें,musibaten,count=2
मुसीबतें,musibatein,count=1
मुस्लिम,muslim,count=14
मुस्लिमीन,muslimeen,count=3
मुस्लिमों,musalmanon,count=3
मुहर,muhr,count=3
मुहिम,muhim,count=3
मूड,mood,count=4
मूडी,moody,count=2
मूरे,moore,count=2
मूर्त,moort,count=3
मूर्ति,murthy,count=3
मूर्स,moores,count=1
मूल,mool,count=24
मूलमंत्र,moolmantra,count=3
मूलशंकर,moolshankar,count=3
मूल्य,moolya,count=3
मूवमेंट,movement,count=6
मूवी,movie,count=5
मूवीरुल्ज,movierulz,count=1
मृज्युंजय,mrijyunjay,count=3
मृणाल,mrinal,count=3
मृणाल,mrunal,count=3
मृत,mrit,count=3
मृत,mrut,count=2
मृत,mrt,count=1
मृतक,mritak,count=3
मृतक,mrityak,count=1
मृत्यु,mrityu,count=23
मे,mein,count=1
में,mein,count=5054
में,me,count=186
में,madhya,count=5
में,samaj,count=3
में,malwa,count=3
में,smuggling,count=3
में,maharashtra,count=3
में,maldivon,count=3
में,investment,count=3
में,main,count=2
में,multi,count=2
में,tamilnadu,count=2
में,men,count=2
में,meh,count=2
में,maarket,count=1
में,udhyamon,count=1
मेंटर,mentor,count=3
मेंडल,mendel,count=1
मेंन,man,count=1
मेक,make,count=9
मेकअप,makeup,count=2
मेकर,maker,count=1
मेकर्स,makers,count=3
मेकेनिज्म,mechanism,count=3
मेगा,mega,count=5
मेगापिक्सल,megapiksel,count=2
मेगावाट,megawatt,count=1
मेघना,meghna,count=6
मेघालय,meghalay,count=2
मेघालय,meghalaya,count=1
मेजबान,mejbaan,count=3
मेजबान,mejaban,count=1
मेजबानी,mejbani,count=2
मेजबानी,mezbaani,count=1
मेजर,major,count=6
मेटल,metal,count=5
मेटालिक्स,metalics,count=3
मेट्रो,metro,count=29
मेट्रोपोलिटनो,metropolitano,count=3
मेट्रोलॉजी,maitroloji,count=1
मेट्रोलॉजी,metrology,count=1
मेड,made,count=18
मेडल,medal,count=12
मेडिकल,medical,count=34
मेडिकल,medikal,count=8
मेडिसिन,medicine,count=3
मेन,main,count=15
मेनन,menon,count=3
मेनार्ड,maynard,count=2
मेन्स,mains,count=4
मेम,mem,count=2
मेमेल,memel,count=1
मेमोरियल,memorial,count=16
मेमोरी,memory,count=6
मेम्ब्रेन,membrane,count=1
मेयर,mayor,count=2
मेयर,meyar,count=1
मेरठ,mereath,count=5
मेरठ,merath,count=1
मेरा,mera,count=41
मेरिट,merit,count=4
मेरिटाइम,maritime,count=1
मेरिल,merrill,count=3
मेरिल,meryl,count=2
मेरी,meri,count=3
मेरीटाइम,maritime,count=3
मेरु,meru,count=1
मेरे,mere,count=49
मेर्टन्स,mertens,count=1
मेलबर्न,melbourne,count=2
मेला,mela,count=6
मेलिंडा,melinda,count=1
मेवालाल,mewalal,count=3
मेसरा,mesra,count=3
मेसी,messi,count=1
मेहंदी,mehndi,count=3
मेहता,mehta,count=6
मेहनत,mehnat,count=6
मेहरा,mehra,count=7
मैं,main,count=134
मैं,me,count=3
मैं,mein,count=3
मैं,mujhe,count=2
मैंने,maine,count=43
मैक,mac,count=7
मैकअफी,mcafee,count=2
मैकइंटायर,mcintyre,count=8
मैकएफी,mcafee,count=6
मैकओएस,macos,count=3
मैकदूई,macdui,count=1
मैकमिलान,macmillan,count=3
मैकोएस,macos,count=1
मैक्रॉन,macron,count=1
मैगज़ीन,magazine,count=6
मैग्ना,magna,count=3
मैच,match,count=144
मैच,maich,count=3
मैचों,matchon,count=32
मैजेस्टिक,majestic,count=3
मैट,matt,count=4
मैट्रिक,matric,count=3
मैट्रिक,metric,count=3
मैत,mat,count=1
मैथ्यू,mathyu,count=2
मैदान,maidan,count=24
मैदानी,maidani,count=6
मैन,man,count=11
मैनचेस्टर,manchester,count=5
मैनुअल,manual,count=6
मैनेजमेंट,management,count=32
मैनेजर,manager,count=7
मैनेजर,mainejar,count=1
मैनेजिंग,managing,count=1
मैन्युफैक्चरिंग,manufacturing,count=6
मैपिंग,mapping,count=1
मैप्स,maps,count=2
मैरिटाइम,maritime,count=3
मैसूर,mysore,count=1
मैस्केलीन,maskelyne,count=2
मॉडम,modem,count=3
मॉडर्न,modern,count=3
मॉडल,model,count=58
मॉडलों,models,count=1
मॉडल्स,models,count=3
मॉनिटर,monitor,count=3
मॉनिटरिंग,monitoring,count=16
मॉनिटरिंग,monitering,count=2
मॉरिस,morris,count=1
मॉरीशस,mauritius,count=3
मॉर्गन,morgan,count=9
मॉल,mall,count=8
मॉस,mos,count=1
मॉस्को,moscow,count=3
मोंटगोमरी,montgomery,count=1
मोंटी,monty,count=3
मोंटेसरी,montessori,count=1
मोइन,moeen,count=3
मोज़िला,mozila,count=3
मोज़िला,mozilla,count=1
मोटर,motor,count=23
मोटरसाइकिल,motorcycle,count=6
मोटरसाइकिल,motorsaikil,count=2
मोटर्स,motors,count=36
मोटवानी,motwani,count=1
मोटेरा,motera,count=11
मोटो,moto,count=4
मोटोरोला,motorola,count=11
मोड,mode,count=17
मोड़,mod,count=9
मोड़ने,modne,count=3
मोतीलाल,motilal,count=6
मोतीलाल,moteelal,count=1
मोदी,modi,count=249
मोनालिसा,monalisa,count=11
मोनिका,monika,count=6
मोनो,mono,count=3
मोनोलिथिक,monolithic,count=3
मोनोलिसा,monolisa,count=3
मोबाइल,mobile,count=72
मोबाइल्स,mobiles,count=3
मोबाईल,mobile,count=3
मोबिक्विक,mobikwik,count=3
मोबिक्विक,mobikwick,count=3
मोबिलिटी,mobility,count=9
मोमेंटम,momentum,count=3
मोर,more,count=6
मोर्चा,morcha,count=9
मोर्फियस,morpheus,count=3
मोसफेट्स,mosfets,count=3
मोस्ट,most,count=6
मोहन,mohan,count=13
मोहन,mohun,count=1
मोहनदास,mohanadas,count=2
मोहनदास,mohandas,count=1
मोहनिया,mohaniya,count=3
मोहब्बत,mohabbat,count=3
मोहब्बतें,mohabbatein,count=3
मोहम्मद,mohammad,count=20
मोहम्मद,mohammed,count=5
मोहरा,mohra,count=3
मौका,mauka,count=23
मौके,mauke,count=17
मौखंडी,maukhandi,count=3
मौजूद,maujood,count=3
मौजूदगी,maujoodgi,count=7
मौजूदा,maujooda,count=3
मौजूदा,maujuda,count=1
मौत,maut,count=36
मौनी,mouni,count=7
मौसम,mausam,count=30
म्यांमार,myanmaar,count=1
म्यांमार,myanmar,count=1
म्यूनिख,myunikh,count=2
म्हारा,mhaara,count=2
म्हारा,mhara,count=1
यंग,young,count=3
यकीन,yakeen,count=1
यग्रिटे,ygritte,count=3
यज्ञ,yajna,count=3
यदि,yadi,count=18
यरवदा,yerwada,count=2
यलो,yello,count=1
यश,yash,count=4
यशराज,yashraj,count=3
यशवंत,yashwant,count=3
यशस्वी,yashasvi,count=5
यशोदा,yashoda,count=3
यह,yeh,count=171
यह,yah,count=97
यहाँ,yahan,count=27
यहाँ,yahaan,count=9
यहाँ,yahin,count=1
यहां,yahaan,count=38
यहां,yahan,count=30
यही,yahi,count=20
यहीं,yahiin,count=7
यहीं,yahi,count=1
या,ya,count=125
याचिका,yachika,count=9
यातायात,yatayat,count=3
यात्रा,yatra,count=21
यात्रा,yaatra,count=2
यात्रियों,yatriyon,count=7
यात्रियों,yaatriyon,count=2
यात्री,yatri,count=2
याद,yaad,count=32
यादगार,yaadgaar,count=3
यादगार,yaadgar,count=1
यादव,yadav,count=86
यादव,yaadav,count=9
यानि,yaani,count=42
यानि,yani,count=3
यानिक,yannick,count=3
यानी,yaani,count=92
यानी,yani,count=5
यानी,yaanee,count=1
यामाहा,yamaha,count=4
यामी,yami,count=1
यार्ड,yard,count=2
यास्मीन,yasmin,count=3
याहू,yahoo,count=3
युकिनोरी,yukinori,count=2
युकी,yuki,count=3
युक्ति,yukti,count=3
युग,yug,count=6
युगल,yugal,count=1
युजवेंद्र,yuzvendra,count=7
युद्ध,yuddh,count=6
युवक,yuvak,count=5
युवक,yuvaak,count=4
युवती,yuvati,count=3
युवराज,yuvraj,count=6
युवा,yuva,count=27
युवाओं,yuvaon,count=17
युवाओं,yuvao,count=6
यू,yoo,count=3
यूँ,yun,count=3
यूं,yun,count=2
यूएई,yooae,count=5
यूएसपीटीओ,uspto,count=1
यूके,yuk,count=2
यूके,yukae,count=2
यूजीसी,yoojseecee,count=1
यूट्यूब,youtube,count=34
यूट्यूब,yootyub,count=2
यूट्यूबर,youtuber,count=1
यूथ,youth,count=12
यूनाइटेड,united,count=6
यूनिकॉर्न्स,unicorns,count=3
यूनिटेक,unitech,count=1
यूनिट्स,units,count=3
यूनिफाइड,unified,count=3
यूनिवर्स,universe,count=2
यूनिवर्सल,universal,count=12
यूनिवर्सल,yuunivarsal,count=2
यूनिवर्सलाइजेशन,universalization,count=3
यूनिवर्सिटरी,universitari,count=2
यूनिवर्सिटीज,universities,count=1
यूनिवर्सिटीज़,universities,count=3
यूनिसोक,unisoc,count=3
यूनीक,yunik,count=1
यूनेस्को,unesco,count=3
यूपी,yp,count=3
यूपी,yup,count=3
यूपी,yoopee,count=2
यूपीएससी,yupssee,count=1
यूपीएससी,yupsc,count=1
यूपीपीएल,uppl,count=6
यूरिपिड्स,euripides,count=1
यूरेनस,uranus,count=1
यूरो,yuro,count=2
यूरोपीय,yoorpiy,count=1
यूसुफ,yusuf,count=4
ये,ye,count=182
ये,yeh,count=6
येल,yale,count=3
योग,yog,count=24
योग,yoga,count=16
योगगुरु,yogaguru,count=6
योगदान,yogdaan,count=7
योगदान,yogdan,count=6
योगराज,yograj,count=1
योगा,yoga,count=6
योगी,yogi,count=78
योगेंद्र,yogendra,count=3
योगेश,yogesh,count=3
योग्य,yogya,count=6
योग्यता,yogyata,count=3
योजना,yojana,count=72
योजना,yojna,count=10
योजना,yojnaa,count=3
योजनाएं,yojnaayein,count=3
योजनाएं,yojnaein,count=3
योजनाएं,yojnayein,count=3
योजनायें,yojanayein,count=3
रंग,rang,count=10
रंगभरी,rangbharee,count=2
रंगभरी,rangbhari,count=1
रंगभेद,rangbhed,count=5
रंगम,rangam,count=1
रंगोली,rangoli,count=3
रंजन,ranjan,count=15
रंधावा,randhawa,count=3
रंधीर,randhir,count=3
रंबल,rumble,count=3
रकुल,rakul,count=7
रक्तदान,raktdan,count=3
रक्तिम,raktim,count=1
रक्षक,rakshak,count=3
रक्षा,raksha,count=56
रक्षामंत्री,rakshaamantri,count=2
रक्षामंत्री,rakshamantri,count=1
रख,rakh,count=8
रख,rakha,count=3
रखता,rakhta,count=3
रखती,rakhti,count=3
रखते,rakhte,count=9
रखते,rakhate,count=2
रखने,rakhne,count=23
रखने,rakhane,count=1
रखरखाव,rakhrakhaav,count=3
रखरखाव,rakhrakhav,count=2
रखरखाव,rakharakhav,count=1
रखा,rakha,count=54
रखिए,rakhiye,count=3
रखी,rakhi,count=7
रखे,rakhe,count=5
रखें,rakhen,count=8
रखें,rakhein,count=4
रखेगा,rakhega,count=3
रगों,ragon,count=2
रघुराम,raghuram,count=3
रघुवंश,raghuvansh,count=3
रचनात्मक,rachnaatmak,count=3
रचने,rachne,count=6
रचा,racha,count=4
रजनी,rajni,count=4
रजनीकांत,rajinikanth,count=4
रजनीकांत,rajinikaanth,count=2
रजिस्टर्ड,registerd,count=3
रजिस्टर्ड,registered,count=3
रजिस्ट्रेशन,registration,count=3
रणजी,ranji,count=3
रणदीप,randeep,count=15
रणनीति,ranneeti,count=2
रणनीति,rananeeti,count=2
रणनीति,rananiti,count=1
रणनीतिक,ranneetik,count=3
रणबीर,ranbir,count=22
रणवीर,ranveer,count=29
रणौत,ranaut,count=1
रतन,ratan,count=5
रतनानी,ratnani,count=1
रतिफिकेशन,ratification,count=3
रत्न,ratn,count=3
रत्न,ratna,count=3
रत्नाकर,ratnakar,count=3
रदोली,radoli,count=2
रद्द,radd,count=4
रन,run,count=33
रन,ran,count=2
रनर,runner,count=3
रनों,runon,count=11
रनों,rano,count=2
रनोट,ranaut,count=3
रनौत,ranaut,count=33
रफ्तार,raftaar,count=9
रबर,rubber,count=3
रबी,rabi,count=3
रबीन्द्रनाथ,rabindranath,count=2
रमण,raman,count=3
रमन,raman,count=6
रमन्ना,ramanna,count=1
रमेश,ramesh,count=9
रम्मो,rammo,count=6
रवांडा,rwanda,count=6
रवाना,rawana,count=4
रवाना,ravaana,count=3
रवाना,ravana,count=2
रवि,ravi,count=13
रविंद्र,ravindra,count=6
रविचंद्रन,ravichandran,count=6
रविवार,ravivaar,count=31
रविवार,ravivar,count=6
रविवार,raviwar,count=3
रविवार,raviwaar,count=1
रवीना,ijiraaveena,count=2
रवीना,raveena,count=1
रवीश,ravish,count=2
रवैया,ravayya,count=1
रशियन,russian,count=3
रश्मि,rashmi,count=17
रश्मि,rashami,count=6
रसायन,rasayan,count=3
रसिला,rasila,count=1
रसोई,rasoi,count=1
रस्म,rasam,count=4
रह,rah,count=27
रह,reh,count=6
रहकर,rahkar,count=3
रहता,rehta,count=24
रहती,rehti,count=30
रहती,rahti,count=2
रहते,rehte,count=28
रहते,rahte,count=7
रहना,rehna,count=3
रहने,rehne,count=26
रहने,rahne,count=4
रहने,rahane,count=2
रहस्यमय,rahasyamay,count=3
रहा,raha,count=435
रहा,rahi,count=4
रहा,rahe,count=3
रही,rahi,count=346
रही,rahee,count=10
रही,raha,count=6
रही,rahe,count=2
रही,rhi,count=1
रहीं,rahin,count=6
रहीं,rahi,count=4
रहीं,raheen,count=2
रहीम,rahim,count=6
रहूंगा,rahunga,count=2
रहूंगा,rahoonga,count=1
रहे,rahe,count=353
रहें,rahe,count=3
रहेंगे,rahenge,count=3
रहेगा,rahega,count=11
रहेगी,rahega,count=1
रहोगे,rahoge,count=2
राँची,raanchi,count=2
राँची,ranchi,count=1
रांची,ranchi,count=9
रांची,ranchee,count=3
राइट,right,count=1
राइटर्स,writers,count=3
राइडर्स,riders,count=20
राइडर्स,raidars,count=1
राइफलमैन,rifleman,count=4
राइफलमैन,rifelman,count=2
राइफल्स,rifles,count=3
राइवलरी,rivalry,count=3
राउंड,round,count=3
राउंडर,rounder,count=3
राकांपा,raankaapa,count=2
राकेश,rakesh,count=10
राख,raakh,count=2
राखाइन,rakhine,count=3
राखी,rakhi,count=6
राखी,raakhi,count=3
राग,raag,count=3
रागिनी,ragini,count=3
राघवेंद्र,raghavendra,count=3
राज,raj,count=30
राज,raaj,count=1
राजकीय,rajkiya,count=5
राजकीय,rajkiy,count=1
राजकुमार,rajkumar,count=13
राजकुमार,rajkumaar,count=3
राजकुमार,rajkummar,count=1
राजकोट,rajkot,count=12
राजकोषीय,rajkoshik,count=2
राजगढ़,rajgarh,count=3
राजद,rjd,count=4
राजद,rajd,count=2
राजदूत,raajdoot,count=2
राजधानी,rajdhani,count=62
राजधानी,raajdhani,count=4
राजन,rajan,count=3
राजनाथ,rajnath,count=15
राजनीति,rajneeti,count=7
राजनीतिक,rajneetik,count=10
राजनीतिक,rajnitik,count=3
राजनेता,rajneeti,count=5
राजनेता,rajnetaa,count=3
राजनेता,raajaneetaa,count=2
राजनेता,rajneeta,count=1
राजपथ,rajpath,count=3
राजपाल,rajpal,count=3
राजपूत,rajput,count=56
राजबचन,rajbachan,count=3
राजभर,rajbhar,count=3
राजमहल,rajmahal,count=2
राजमाता,rajmata,count=3
राजमार्ग,rajmaarg,count=8
राजमार्ग,rajmarg,count=3
राजमुंदरी,rajmundari,count=3
राजवल्लभ,rajvallabh,count=3
राजवी,rajeev,count=1
राजस्थान,rajasthan,count=113
राजस्थान,rajasthaan,count=9
राजस्थान,raajasthaan,count=1
राजा,raja,count=14
राजी,raazi,count=3
राजी,raji,count=1
राजी,raaji,count=1
राजीव,rajeev,count=12
राजीव,rajiv,count=3
राजे,raje,count=3
राजेंद्र,rajendra,count=16
राजेश,rajesh,count=6
राज्य,rajya,count=126
राज्य,raajy,count=5
राज्य,rajy,count=3
राज्यपाल,rajyapal,count=6
राज्यपाल,raajyapaal,count=2
राज्यमंत्री,rajyamantri,count=3
राज्यसभा,rajyasabha,count=4
राज्यों,rajyon,count=21
राज्यों,raajyon,count=3
राठौर,rathore,count=3
राणे,rane,count=8
रात,raat,count=30
रातोंरात,raatonraat,count=3
रातोंरात,ratorat,count=1
रातोंरात,ratoraat,count=1
रात्रि,raatri,count=3
रादुकानु,raducanu,count=1
राधाकृष्णन,radhaakrishnan,count=3
राधिकानगर,radhikanagar,count=2
रानी,rani,count=13
रानू,ranu,count=6
रानौत,ranaut,count=3
राफेल,rafale,count=5
राफेल,rafael,count=1
राम,ram,count=53
राम,raam,count=2
रामदास,ramdas,count=1
रामदेव,ramdev,count=7
रामनाथ,ramnath,count=13
रामपाल,rampal,count=3
रामपुर,rampur,count=17
रामपुर,raampur,count=2
रामबाग,rambagh,count=3
रामविलास,ramvilas,count=2
रामायण,ramayan,count=3
राय,raay,count=5
राय,ray,count=3
रायगढ़,raigarh,count=9
रायडू,rayudu,count=2
रायन,ryan,count=3
रायपुर,raipur,count=31
रायबरेली,raebareli,count=4
रावण,ravan,count=3
रावत,rawat,count=6
रावत,ravaat,count=3
रावेर,raver,count=2
राशन,rashan,count=3
राशि,rashi,count=6
राशिद,rashid,count=5
राशिद,raashid,count=3
राष्ट्र,rashtra,count=12
राष्ट्र,rashtr,count=2
राष्ट्र,rashtriya,count=1
राष्ट्रपति,rashtrapati,count=83
राष्ट्रपति,raashtrapati,count=1
राष्ट्रमंडल,rashtramandal,count=3
राष्ट्रवादी,rashtravaadi,count=3
राष्ट्रीय,rashtriya,count=95
राष्ट्रीय,raashtriy,count=2
रास्ते,raaste,count=6
राहत,raahat,count=18
राहत,rahat,count=1
राहुल,rahul,count=47
राॅलिंस,rollins,count=3
रिंग,ring,count=9
रिंगित,ringgit,count=2
रिकिशी,rikishi,count=3
रिकॉर्ड,record,count=15
रिकॉर्ड,recrod,count=1
रिकॉर्ड्स,rekord,count=2
रिकॉर्ड्स,record,count=1
रिकॉल,recall,count=6
रिक्त,rikt,count=1
रिक्तियां,riktiyan,count=3
रिक्शा,rickshaw,count=3
रिचर्ड,richard,count=3
रिचार्ज,recharge,count=15
रिजर्व,reserve,count=23
रिजर्व,rizarv,count=2
रिजल्ट,result,count=9
रिज़र्व,reserve,count=7
रिज़वान,rizwan,count=1
रिजेक्ट,reject,count=3
रिटर्न,return,count=14
रिटर्न,returns,count=2
रिटर्न्स,returns,count=3
रिटायर,retire,count=3
रिटेन,retain,count=2
रिटेल,retail,count=1
रिडल,riddle,count=2
रिता,rita,count=3
रितु,ritu,count=3
रितेश,ritesh,count=3
रिद्धिमा,riddhima,count=3
रिन्यूएबल,renewable,count=3
रिपब्लिक,republic,count=6
रिपोर्ट,report,count=40
रिपोर्ट,ripot,count=2
रिपोर्ट,riport,count=2
रिपोर्ट,reports,count=1
रिपोर्टर,reporter,count=8
रिपोर्टर्स,reporters,count=6
रिपोर्टिंग,reporting,count=3
रिपोर्टों,reports,count=3
रिपोर्ट्स,reports,count=9
रिफंड,refund,count=9
रिफाइनरी,refinery,count=3
रिफाइनिंग,refining,count=3
रिफॉर्म,reform,count=6
रिफ्रेश,refresh,count=4
रिम्स,rims,count=3
रियलमी,realme,count=44
रिया,riya,count=5
रियाज,riyaz,count=5
रियाध,riyadh,count=3
रियाल,riyal,count=2
रिलीज,rileez,count=3
रिलीज़,rileez,count=1
रिलेशन,relation,count=3
रिवाज,rivaj,count=2
रिवाज्ड,revised,count=3
रिवेरा,rivera,count=3
रिश्ता,rishta,count=3
रिश्ते,rishte,count=6
रिश्वत,rishwat,count=3
रिषभ,rishabh,count=3
रिसर्च,research,count=28
रिसर्च,risarch,count=2
रिसॉर्ट,resort,count=1
रिसोर्स,resource,count=3
रिस्टोर्ड,restored,count=3
रिस्पांस,response,count=4
रिस्पॉन्ड,respond,count=3
रिस्पॉन्स,response,count=1
रिहर्सल,rihaarsal,count=3
रिहाना,rihanna,count=1
रिहायशी,rihayashi,count=2
रीइंश्योरेंस,rienshyorans,count=2
रीट,reet,count=3
रीटा,rita,count=4
रीड,read,count=2
रीता,rita,count=4
रीति,reeti,count=2
रीमेक,remake,count=3
रीवा,rewa,count=5
रीवा,reva,count=2
रीसाइक्लिंग,recycling,count=6
रुकने,rukne,count=3
रुके,ruke,count=6
रुख,rukh,count=5
रुख,rakh,count=2
रुचि,ruchi,count=3
रुचिका,ruchikaa,count=1
रुतुराज,ruturaj,count=3
रुद्रपुर,rudrapur,count=3
रुपए,rupaye,count=83
रुपए,rupiye,count=3
रुपए,rupye,count=2
रुपए,rupay,count=1
रुपया,rupaya,count=3
रुपया,rupya,count=2
रुपये,rupye,count=47
रुपये,rupaye,count=38
रुपये,rupey,count=7
रुपये,rupeye,count=2
रुपाली,rupali,count=4
रुपिया,rupya,count=1
रुपे,rupay,count=6
रुबीना,rubina,count=6
रुसेव,rusev,count=1
रू,rue,count=3
रूची,ruchi,count=2
रूट,root,count=1
रूटीन,routine,count=3
रूढ़िवादी,roodhivaadi,count=1
रूढ़िवादी,ruddhivadi,count=1
रूप,roop,count=136
रूप,visheshroop,count=3
रूप,rup,count=1
रूपम,rupam,count=3
रूपया,rupaya,count=6
रूपये,rupaye,count=6
रूपरेखा,rooprekha,count=3
रूपांतरण,roopantar,count=1
रूपांतरण,roopantaran,count=1
रूपांतरण,rupantran,count=1
रूम,room,count=3
रूस,russia,count=8
रूस,roos,count=6
रूस,rus,count=3
रूसी,russian,count=3
रूसी,rusi,count=3
रूहानी,ruhani,count=2
रूही,roohi,count=4
रे,rey,count=6
रे,re,count=5
रेंडेज़वस,rendezvous,count=3
रेंस,reigns,count=4
रेंस,reins,count=3
रेंस,rens,count=2
रेखा,rekha,count=7
रेखी,rekhi,count=3
रेग,reg,count=3
रेगुलेटर,regulator,count=1
रेगुलेटरी,regulatory,count=2
रेजिमेंट,regiment,count=3
रेट,rate,count=4
रेटिंग,rating,count=13
रेटेड,rated,count=4
रेटेड,reyted,count=2
रेड,red,count=3
रेडमी,redmi,count=30
रेडिट,reddit,count=3
रेडी,ready,count=10
रेड्डी,reddy,count=9
रेणु,renu,count=3
रेनो,reno,count=12
रेन्स,reigns,count=3
रेन्स,rens,count=3
रेपिस्ट,rapist,count=3
रेफरल,referral,count=3
रेफरेंस,reference,count=3
रेम,ram,count=1
रेमंड,remond,count=2
रेमंड,raymond,count=1
रेमेनिला,ramanila,count=1
रेमो,remo,count=3
रेरा,rera,count=3
रेल,rail,count=31
रेलखंड,railkhand,count=2
रेलखंड,relkhand,count=1
रेलमार्ग,relmaarg,count=2
रेलमार्ग,railmarg,count=1
रेलरोड,railroad,count=2
रेलवे,railway,count=178
रेलवे,railways,count=16
रेलवे,railwe,count=3
रेलवे,relvey,count=3
रेवेन्यु,revenue,count=3
रेसलमेनिया,wrestlemania,count=3
रेसलमेनिया,resalmaneya,count=1
रेसलर,wrestler,count=1
रेसलिंग,wrestling,count=3
रेसलिंग,resling,count=2
रेसिडेंस,residence,count=3
रेसिडेंसी,residency,count=3
रेहाना,rehana,count=2
रैंक,rank,count=19
रैंक,ranck,count=2
रैंडम,random,count=2
रैंडी,randy,count=3
रैंडोल्फ,randolph,count=3
रैंपवॉक,rampwalk,count=1
रैना,raina,count=6
रैपर,rapper,count=3
रैपिड,rapid,count=6
रैम,ram,count=61
रैम,raam,count=3
रैम्प्स,ramps,count=3
रैलियों,rallyon,count=3
रैली,rally,count=13
रैल्टिज,realities,count=1
रॉ,raw,count=22
रॉकेट,rocket,count=10
रॉड्रिग्ज,rodriguez,count=1
रॉड्रिग्ज,rodreeguez,count=1
रॉड्रिग्स,rodrigues,count=4
रॉनी,ronnie,count=3
रॉबर्ट,robert,count=3
रॉय,roy,count=7
रॉय,ray,count=2
रॉयल,royal,count=26
रॉयल,rooyal,count=1
रॉयल,royle,count=1
रॉयल्स,royals,count=33
रॉयल्स,roails,count=1
रॉलिंस,rollins,count=4
रॉस,ross,count=3
रो,ro,count=3
रोक,rok,count=9
रोकथाम,roktham,count=3
रोकने,rokne,count=8
रोग,rog,count=6
रोगियों,rogiyon,count=3
रोचक,rochak,count=4
रोचेल,rochelle,count=3
रोजगार,rojgar,count=9
रोजगार,rozgaar,count=3
रोजगार,rojagaar,count=2
रोजमर्रा,rojmarra,count=3
रोजाना,rozana,count=12
रोजैक,roszak,count=2
रोड,road,count=56
रोड्रिगेज,rodrigues,count=3
रोड्स,roads,count=1
रोनाल्डो,ronaldo,count=3
रोप,rope,count=3
रोबिनसन,robinson,count=1
रोबोट्स,robots,count=5
रोमन,roman,count=15
रोमांचक,romanchak,count=3
रोमांटिक,romantic,count=9
रोमानिया,romania,count=3
रोरिच,roerich,count=3
रोल,role,count=14
रोलिहलाहता,rolihlahta,count=3
रोवर,rover,count=9
रोशन,roshan,count=24
रोसडेल,rosedale,count=1
रोस्टर,roster,count=4
रोहतक,rohtak,count=7
रोहतकिया,rohtakiya,count=3
रोहतांग,rohtang,count=6
रोहन,rohan,count=2
रोहिणी,rohini,count=3
रोहित,rohit,count=46
रोहिल्ला,rohilla,count=3
रौंदा,rondha,count=2
रौंदा,raunda,count=1
लंच,lunch,count=3
लंदन,london,count=14
लंदन,ladann,count=2
लंबाई,lambai,count=4
लंबित,lambit,count=3
लंबी,lambi,count=12
लंबे,lambe,count=15
लक्जरी,lagjari,count=2
लक्षद्वीप,lakshadweep,count=3
लक्ष्मी,lakshmi,count=12
लक्ष्य,lakshya,count=20
लक्ष्यों,lakshyon,count=3
लकड़ावाला,lakdawala,count=2
लखदावाला,lakdawala,count=1
लखनऊ,lakhnau,count=6
लखनऊ,lakhanu,count=4
लखनऊ,lakhanau,count=2
लखपत,lakhpat,count=3
लखबिंदर,lakhbinder,count=2
लखीमपुर,lakhimpur,count=3
लग,lag,count=6
लगता,lagta,count=9
लगते,lagte,count=6
लगन,lagan,count=3
लगने,lagne,count=9
लगभग,lagbhag,count=42
लगवाई,lagvayi,count=4
लगवाई,lagwayi,count=1
लगवाई,lagwai,count=1
लगवाने,lagwane,count=1
लगवाया,lagvaya,count=3
लगा,laga,count=70
लगा,lga,count=1
लगाई,lagayi,count=12
लगाई,lagai,count=10
लगाई,lagi,count=3
लगाई,lagaai,count=3
लगाए,lagaye,count=14
लगाए,lagaaye,count=6
लगाओ,lagao,count=6
लगाकर,lagakar,count=6
लगाकर,lagaakar,count=3
लगाता,lagata,count=3
लगातार,lagataar,count=30
लगातार,lagaataar,count=15
लगातार,lagaatar,count=9
लगातार,lagatar,count=2
लगाते,lagate,count=9
लगाना,lagana,count=3
लगाने,lagane,count=17
लगाम,lagaam,count=3
लगाया,lagaya,count=29
लगाया,lgaya,count=1
लगाया,lagaaye,count=1
लगाव,lagaav,count=3
लगी,lagi,count=14
लगी,lagee,count=3
लगी,lagii,count=3
लगीं,lagin,count=3
लगे,lage,count=15
लगेगा,lagega,count=3
लग्जरी,lagjari,count=2
लटकती,latkati,count=3
लटकने,latkane,count=3
लटका,latka,count=3
लड़,lad,count=8
लड़का,ladka,count=3
लड़कियों,ladkiyon,count=9
लड़की,ladki,count=3
लड़कों,ladkon,count=3
लड़ना,ladna,count=2
लड़ने,ladne,count=3
लड़ा,lada,count=3
लड़ाई,ladai,count=22
लड़ाई,ladaai,count=3
लड़ाके,ladake,count=6
लड्डुओं,ladduon,count=3
लत,lat,count=3
लता,lata,count=4
लद्दाख,ladakh,count=13
लम्बा,lamba,count=1
लम्बे,lambe,count=6
लय,lay,count=2
लर्न,learn,count=2
लर्निंग,learning,count=9
ललन,lalan,count=2
ललित,lalit,count=3
ललितपुर,lalitpur,count=2
लल्ला,lalla,count=3
लव,love,count=10
लव,luv,count=3
लहर,lahar,count=12
लहर,lehar,count=3
लहरी,lehri,count=3
ला,la,count=11
लाइकेन,lichen,count=1
लाइट,light,count=16
लाइटिंग,lighting,count=3
लाइट्स,lights,count=3
लाइन,line,count=19
लाइनों,lines,count=3
लाइन्स,lines,count=3
लाइफ,life,count=23
लाइफ,laif,count=2
लाइफस्टाइल,lifestyle,count=6
लाइब्रेरियन,librarian,count=2
लाइमलाइट,limelight,count=6
लाइलाज,laailaj,count=3
लाइव,live,count=56
लाइव,laiv,count=2
लाए,laaye,count=4
लाख,lakh,count=86
लाख,laakh,count=2
लाखों,laakhon,count=6
लागत,laagat,count=11
लागू,laagu,count=14
लागू,lagu,count=7
लागू,lagoo,count=3
लाडली,ladli,count=1
लाता,laata,count=6
लातूर,latur,count=2
लाना,laana,count=1
लाने,laane,count=17
लाने,lane,count=3
लापता,lapata,count=3
लापता,laapata,count=2
लापरवाही,laparvaahi,count=2
लापरवाही,laparvahi,count=2
लापरवाही,laaparwahi,count=1
लापरवाही,laparwahi,count=1
लाबुआन,labuan,count=3
लाबुशेन,labushchen,count=1
लाभ,labh,count=15
लाभ,laabh,count=14
लाभकारी,labhkari,count=8
लामा,lama,count=3
लाल,lal,count=39
लाल,laal,count=10
लालगढ़,laalgarh,count=2
लालू,lalu,count=24
लालू,laalu,count=5
लावा,lava,count=2
लावे,laave,count=3
लाश,laash,count=4
लाशें,laashen,count=2
लास्ट,last,count=9
लाहुल,laahul,count=3
लाहौर,laahaur,count=2
लाहौर,lahore,count=1
लाहौल,lahaul,count=3
लि,ltd,count=1
लिंक,link,count=5
लिंक्डइन,linkedin,count=7
लिंक्डिन,linkedin,count=2
लिंक्स,links,count=3
लिंच,lynch,count=7
लिंडसे,lindsay,count=3
लिए,liye,count=1164
लिए,lie,count=16
लिए,istemal,count=1
लिएंडर,leander,count=3
लिओन्तिया,leontyeva,count=3
लिक्विड,liquid,count=1
लिक्विडेटर,liquidator,count=3
लिख,likh,count=5
लिखकर,likhkar,count=5
लिखते,likhte,count=3
लिखना,likhna,count=3
लिखा,likha,count=42
लिखी,likhi,count=11
लिखे,likhe,count=6
लिटरेसी,literacy,count=1
लिटिल,little,count=3
लिड्डर,lidder,count=2
लिथियम,lithium,count=6
लिथुआनिया,lithuania,count=1
लिपि,lipi,count=3
लिप्यंतरण,lipyantar,count=2
लिप्यंतरण,lipyantaran,count=1
लिप्रौसी,leprosy,count=3
लिफकेयर,lifcare,count=3
लिफ्ट,lifts,count=3
लिबरल,liberal,count=2
लिबरेशन,liberation,count=3
लिबर्टी,liberty,count=3
लिमिटेड,limited,count=84
लिमिटेड,ltd,count=29
लिमिटेड,limiteid,count=3
लिमिटेड,limiteyed,count=2
लिया,liya,count=121
लिया,liye,count=2
लिये,liye,count=1
लियोन,liyon,count=2
लियोनार्ड,leonhard,count=1
लियोनार्डो,leonardo,count=3
लियोनेल,liyonal,count=1
लिव,liv,count=3
लिविंग,living,count=6
लिसाड़िया,lisadiya,count=3
लिस्ट,list,count=9
लिस्टिंग,listing,count=4
ली,li,count=48
ली,liya,count=3
लीक,leek,count=4
लीक,leak,count=2
लीग,league,count=44
लीग,leeg,count=4
लीगल,legal,count=3
लीची,lichi,count=3
लीजिए,lijiye,count=4
लीजेंड्स,legends,count=3
लीटर,liter,count=7
लीड,lead,count=3
लीडर,leader,count=4
लीडरशिप,leadership,count=2
लीडर्स,leaders,count=3
लीफ,leaf,count=4
लीमन,lyman,count=1
लीला,leela,count=1
लीवर,lever,count=4
लुंगचोक,lungchok,count=2
लुक,look,count=3
लुका,luka,count=3
लुक्स,looks,count=3
लुधियाना,ludhiyana,count=3
लुधियाना,ludhiana,count=3
लुभाने,lubhane,count=1
लूथरा,luthra,count=1
लूनर,lunar,count=6
लूप,loop,count=2
ले,le,count=70
लें,len,count=2
लेंगी,lenge,count=1
लेंगे,lenge,count=7
लेकर,lekar,count=297
लेकसाइड,lakeside,count=3
लेकिन,lekin,count=100
लेक्चर,lecture,count=1
लेख,lekh,count=2
लेखक,lekhak,count=8
लेखा,lekha,count=6
लेखिका,lekhika,count=2
लेग,leg,count=1
लेट,let,count=3
लेट,late,count=3
लेटर,later,count=3
लेटेस्ट,latest,count=9
लेड,led,count=3
लेडी,lady,count=3
लेता,leta,count=3
लेती,leti,count=5
लेती,lete,count=1
लेते,lete,count=7
लेनदेन,lenaden,count=3
लेना,lena,count=4
लेने,lene,count=18
लेनोवो,lenovo,count=7
लेफात्से,lefatshe,count=3
लेफ्टिनेंट,lieutenant,count=1
लेफ्टिनेंट,leftinendt,count=1
लेफ्टिनेंट,leftenant,count=1
लेबोरेटरी,laboratory,count=3
लेमुएल,lemuel,count=3
लेरे,lerae,count=1
लेवल,level,count=17
लेवाइन,levine,count=3
लेस्ली,leslie,count=3
लैंगर,laenger,count=2
लैंगर,langer,count=1
लैंगरेंजी,langrangee,count=2
लैंड,land,count=5
लैंडमाइन्स,landmine,count=3
लैंडलाइन,laendaleen,count=3
लैंडिंग,landing,count=4
लैटिन,latin,count=1
लैडर,laidar,count=4
लैडर,ladder,count=1
लैपटॉप,laptop,count=6
लैब,lab,count=22
लैब्स,labs,count=15
लैम्बॉर्गिनी,lamborghini,count=3
लैम्बोर्गिनी,lamborghini,count=3
लैरी,larry,count=3
लैश्ले,lashley,count=4
लैस,lais,count=13
लैसनर,lesnar,count=5
लॉ,law,count=3
लॉक,lock,count=3
लॉकडाउन,lockdown,count=25
लॉकर,locker,count=3
लॉकी,locki,count=1
लॉजिस्टिक,logistic,count=3
लॉजिस्टिक्स,logistics,count=6
लॉन,lawn,count=1
लॉन्ग,long,count=8
लॉन्च,launch,count=184
लॉन्च,laanch,count=3
लॉन्च,lonch,count=3
लॉन्चिंग,launching,count=1
लॉन्ड्रिंग,laundring,count=2
लॉन्ड्रिंग,laundering,count=2
लॉन्ड्रिंग,laandring,count=2
लॉर्ड्स,lords,count=2
लॉस,los,count=2
लो,lo,count=3
लोंगत्सोक,longstok,count=2
लोंबार्ड,lombard,count=3
लोअर,lower,count=1
लोक,lok,count=57
लोक,public,count=6
लोकगायक,lokgayak,count=1
लोकगायक,lokgaayak,count=1
लोकतंत्र,loktantra,count=14
लोकप्रिय,lokpriya,count=12
लोकप्रिय,lokpriy,count=1
लोकप्रियता,lokpriyata,count=3
लोकमान्य,lokmanya,count=3
लोकल,local,count=6
लोकसभा,lokshaba,count=2
लोकार्पण,lokaarpan,count=8
लोकार्पण,lokarpan,count=4
लोकेश,lokesh,count=3
लोखंडे,lokhande,count=8
लोग,log,count=70
लोगों,logon,count=152
लोगों,logo,count=1
लोजपा,ljp,count=3
लोटे,lotay,count=2
लोतै,lotai,count=2
लोतै,lotay,count=1
लोधी,lodhi,count=3
लोन,loan,count=12
लोन्स,loans,count=3
लोब,lobe,count=8
लोबेरिया,lobaria,count=1
लोरेंटे,llorente,count=3
लोहरदगा,lohardaga,count=3
लोहा,loha,count=3
लौट,laut,count=11
लौटने,lautne,count=2
लौटे,laute,count=5
लौह,lauh,count=5
लौह,loh,count=1
ल्यूपिन,lupin,count=3
व,va,count=19
व,v,count=4
वंगा,vanga,count=2
वंगा,wanga,count=1
वंचित,vanchit,count=9
वंश,vansh,count=2
वकील,vakil,count=7
वकील,vakeel,count=2
वकीलों,vakilo,count=1
वकीलों,wakilo,count=1
वकीलों,vakilon,count=1
वक्त,vaqt,count=8
वक्त,waqt,count=3
वक्त,vakat,count=3
वजह,vajah,count=16
वजह,wajah,count=11
वजहों,wajahon,count=3
वज़न,vazan,count=3
वडिनेनी,vadineni,count=3
वडोदरा,vadodara,count=1
वधू,vadhu,count=6
वन,van,count=17
वन,wan,count=1
वनइंडिया,vanindia,count=3
वनडे,vandey,count=2
वनप्लस,oneplus,count=21
वन्यजीव,vanajeev,count=2
वयस्कों,vaayaskon,count=2
वरिष्ठ,varishth,count=31
वरीयता,variyata,count=1
वरुण,varun,count=38
वर्क,work,count=6
वर्कर,worker,count=3
वर्ग,varg,count=15
वर्गों,vargon,count=3
वर्चुअल,virtual,count=21
वर्चुअल,varchual,count=2
वर्जन,version,count=11
वर्जन,varjan,count=2
वर्जिन,varjin,count=2
वर्जिन,virgin,count=1
वर्डप्रेस,vardapress,count=2
वर्डप्रेस,wordpress,count=1
वर्तमान,vartmaan,count=23
वर्तमान,vartaman,count=8
वर्तमान,vartman,count=1
वर्धन,vardhan,count=3
वर्ना,verna,count=6
वर्मा,verma,count=22
वर्ल्ड,world,count=76
वर्ल्ड,varld,count=16
वर्ल्डवाइड,worldwide,count=2
वर्ल्डवार,worldwar,count=3
वर्ष,varsh,count=74
वर्षा,varsha,count=6
वर्षाशालिका,varshaashalika,count=2
वर्षाशालिका,varshashaalika,count=1
वर्षीय,varshiy,count=18
वर्षीय,varshiya,count=11
वर्षों,varshon,count=20
वलीद,waleed,count=2
वल्नरेबल,vulnerable,count=2
वल्लभ,vallabh,count=3
वल्लभभाई,vallabhbhai,count=4
वल्लरी,vallari,count=3
वशिष्ठ,vashishtha,count=3
वसई,vasai,count=3
वसीम,wasim,count=6
वसीम,vaseem,count=1
वसुदेव,vasudhaiv,count=2
वसूल,vasool,count=2
वसूल,waisool,count=1
वसूली,vasuli,count=3
वसूले,vasule,count=3
वह,vah,count=40
वह,woh,count=6
वह,voh,count=5
वह,wah,count=4
वहाँ,vahan,count=9
वहाँ,wahan,count=6
वहां,vahan,count=24
वहां,wahan,count=9
वही,vahi,count=10
वही,wahi,count=9
वहीं,vahin,count=58
वहीं,vahiin,count=7
वहीं,wahi,count=6
वहीं,vahi,count=5
वहीं,wahin,count=3
वहीं,vahii,count=1
वहीं,vahan,count=1
वां,va,count=2
वांडा,wanda,count=3
वाइफ,wife,count=11
वाइब्रेंट,vibrant,count=3
वाइब्रैंट,vibrant,count=2
वाइब्रैंट,vaibraint,count=1
वाइल्ड,wild,count=4
वाइल्ड,vaild,count=2
वाइल्डलिंग,wildling,count=3
वाक्या,vaakya,count=3
वाजपेयी,vajpayee,count=8
वाटर,water,count=3
वाटरवेज,waterways,count=6
वाटिकाएं,vatika,count=3
वाट्सएप,whatsapp,count=3
वाड्रा,vadra,count=6
वाणिज्य,vaanijya,count=2
वाणिज्य,vanijya,count=2
वातावरण,vatavaran,count=3
वादा,vaada,count=6
वादे,vaade,count=3
वानखेड़े,vaankhede,count=3
वापस,vaapas,count=3
वापस,vapas,count=3
वापसी,vapasi,count=7
वापसी,vaapsi,count=6
वापसी,waapsi,count=3
वापसी,wapas,count=2
वापसी,vaapas,count=2
वापसी,wapasee,count=2
वायरल,viral,count=28
वायरल,vayaral,count=2
वायरस,virus,count=35
वायरस,vairas,count=3
वायर्ड,wiredd,count=2
वायसिस,viasys,count=3
वायु,vayu,count=3
वायु,vaayu,count=2
वायुसेना,vayusena,count=5
वायुसेना,vaayusena,count=4
वार,war,count=9
वार,vaar,count=3
वाराणसी,varanasi,count=31
वाराणसी,vaaranaasi,count=3
वारिस,waris,count=3
वार्ड,ward,count=2
वार्ड,vaard,count=2
वार्डरोब,wardrobe,count=2
वार्ता,varta,count=6
वार्ता,vaarta,count=2
वार्मर,warmer,count=2
वार्षिक,vaarshik,count=5
वार्षिक,varshik,count=4
वाला,wala,count=78
वाला,vaala,count=10
वाला,waala,count=8
वाला,wali,count=3
वाली,wali,count=154
वाली,waali,count=18
वाली,wale,count=4
वाली,denewali,count=3
वाली,vaalee,count=3
वालीं,wali,count=3
वाले,wale,count=186
वाले,waale,count=21
वाले,vaale,count=11
वाले,vaalon,count=2
वाले,wala,count=1
वालों,waalon,count=9
वालों,vaalon,count=5
वालों,walon,count=5
वालों,valon,count=3
वाशिंगटन,washington,count=10
वाशिंगटन,vaashingtan,count=3
वासु,vasu,count=3
वास्तव,vastav,count=6
वास्तव,vaastav,count=2
वास्तविकता,vastavikta,count=3
वास्तुकला,vastukala,count=1
वाहकों,vahakon,count=3
वाहन,vaahan,count=7
वाहन,vahan,count=3
वाहनों,vahano,count=3
वाहनों,vaahanon,count=3
वाहनों,vaahan,count=1
वि,vi,count=3
विंक,wynk,count=6
विंग,wing,count=3
विंगर,winger,count=1
विंगेट,winget,count=1
विंटर,winter,count=6
विंटेन,vinten,count=4
विंडो,windows,count=2
विकल्प,vikalp,count=19
विकल्पों,vikalpon,count=6
विकसित,vikasit,count=23
विकसित,viksit,count=23
विकास,vikas,count=42
विकास,vikaas,count=6
विकासशील,vikasheel,count=3
विकासशील,vikasashil,count=3
विकासात्मक,vikasatmak,count=3
विकिपीडिया,wikipedia,count=6
विकेट,wicket,count=7
विकेट,vicket,count=5
विकेट,viket,count=2
विकेटकीपर,wicketkeeper,count=3
विक्की,vikki,count=5
विक्टर,victor,count=3
विक्रम,vikram,count=6
विक्षोभ,vikshob,count=3
विगत,vigit,count=3
विग्लर,wiggler,count=1
विघटन,vighatan,count=3
विघ्नहर्ता,vighnaharta,count=3
विचार,vichar,count=15
विचार,vichaar,count=2
विचारधारा,vichaardhaara,count=2
विचारों,vicharon,count=6
विचिटा,wichita,count=1
विज,vij,count=7
विजन,vijan,count=3
विजय,vijay,count=18
विजयकुमार,vijaykumar,count=3
विजयपत,vijaypat,count=3
विजयपुर,vijaypur,count=3
विजयवाड़ा,vijayawada,count=3
विजया,vijaya,count=12
विजयाराजे,vijayaraaje,count=3
विजयी,vijayi,count=1
विजेता,vijeta,count=12
विजेताओं,vijetaon,count=3
विज्ञप्ति,vigyapti,count=2
विज्ञप्ती,vigyapti,count=3
विज्ञान,vijnan,count=1
विज्ञापन,vigyapan,count=4
विटलसोर्स,vitalsource,count=3
विटामिन,vitaamin,count=15
विटामिन,vitamin,count=8
विट्ठलभाई,vitthalbhai,count=3
विडोडो,widodo,count=3
वितरण,vitran,count=9
वितरण,distribution,count=6
वित्त,vitt,count=17
वित्त,vitth,count=7
वित्त,vitta,count=3
वित्तीय,vittiya,count=13
वित्तीय,vaityik,count=2
विदाई,vidayi,count=3
विदेश,videsh,count=15
विदेशी,videshi,count=16
विदेशों,videshon,count=6
विद्या,vidya,count=1
विद्यार्थियों,vidyarthiyon,count=8
विद्यार्थियों,vidyaarthiyon,count=5
विद्यार्थी,vidyaarthi,count=3
विद्यालय,vidyalay,count=12
विद्यालय,vidyalaya,count=11
विद्युत,vidyut,count=6
विधवा,vidhwa,count=2
विधा,vidha,count=3
विधाएं,vidhaayein,count=3
विधान,vidhan,count=9
विधान,vidhaan,count=1
विधानसभा,vidhansabha,count=21
विधायक,vidhayak,count=46
विधायक,vidhaayak,count=5
विधायकों,vidhayakon,count=3
विधार्थियों,vidyarthiyon,count=3
विधि,vidhi,count=2
विधिक,vidhik,count=3
विनय,vinay,count=6
विनिता,vinita,count=3
विनिमय,vinimay,count=10
विनियमित,niyamit,count=5
विनियमित,viniremit,count=2
विनियमित,viniyamit,count=1
विनियमित,vinimiyit,count=1
विनीत,vinit,count=1
विनेश,vinesh,count=3
विनोद,vinod,count=9
विनोबा,vinoba,count=3
विन्नी,vinny,count=3
विन्यास,vinyas,count=3
विन्यास,vinyasa,count=3
विपक्ष,vipaksh,count=5
विपणन,vipanan,count=5
विपणन,vipan,count=2
विप्रो,wipro,count=4
विफई,wifi,count=1
विफल,viphal,count=3
विभा,vibha,count=3
विभाग,vibhag,count=66
विभाग,vibhaag,count=7
विभाग,vibhagon,count=2
विभागाध्यक्ष,vibhaagadhyaksh,count=2
विभागाध्यक्ष,vibhagadhyaksh,count=1
विभागीय,vibhagiya,count=3
विभागीय,vibhagiy,count=2
विभागों,vibhagon,count=3
विभागों,vibhaagon,count=3
विभाजित,vibhajit,count=3
विभिन्न,vibhinn,count=31
विभिन्न,vibhinna,count=1
विमर्श,vimarsh,count=3
विमान,vimaan,count=3
विमानन,vimaanan,count=3
विमानों,vimaan,count=1
विमेंस,womens,count=1
विमेन,women,count=3
विम्बलडन,wimbledon,count=3
वियतनाम,vietnam,count=2
विराट,virat,count=46
विराट,viraat,count=1
विराफिन,virafin,count=2
विरासत,virasat,count=6
विरुद्ध,viruddh,count=3
विरोध,virodh,count=9
विरोधी,virodhi,count=4
विल,will,count=3
विलय,vilay,count=3
विलास,vilas,count=3
विलियम्सन,williamson,count=3
विल्लियर्स,villiers,count=2
विल्सन,wilson,count=6
विवरण,vivaran,count=4
विवरण,vivaaran,count=2
विवाद,vivad,count=18
विवादित,vivadit,count=21
विवादित,vivaadit,count=6
विवादित,vividh,count=3
विवादों,vivadon,count=3
विवाह,vivah,count=2
विवि,viva,count=2
विविधता,vividhta,count=3
विवेक,vivek,count=6
विवेक,vivke,count=3
विवेकानंद,vivekananda,count=3
विवेकानंद,vivekanand,count=3
विवो,vivo,count=14
विशाखापट्टनम,vishakhapatnam,count=1
विशाखापत्तनम,vishakhapatnam,count=1
विशाल,vishal,count=21
विशेष,vishesh,count=38
विशेषकर,visheshkar,count=3
विशेषज्ञ,visheshagya,count=8
विशेषज्ञता,visheshgyata,count=3
विश्लेषण,vishleshan,count=3
विश्व,vishva,count=56
विश्व,vishwa,count=31
विश्व,vishv,count=20
विश्व,vishw,count=1
विश्वकप,vishvkap,count=2
विश्वकर्मा,vishwakarma,count=3
विश्वनाथ,vishwanath,count=2
विश्वबैंक,vishvabank,count=2
विश्वविख्यात,vishvavikhyat,count=2
विश्वविद्यालय,vishwavidyalay,count=33
विश्वविद्यालय,vishvavidyalay,count=22
विश्वविद्यालय,vishwavidyalaya,count=3
विश्वसनीय,vishwasniya,count=4
विश्वसनीय,vishvasniya,count=2
विश्वास,vishvas,count=6
विश्वास,vishvaas,count=3
विश्वास,vishwas,count=3
विश्वेन्द्र,vishvendra,count=6
विषय,vishay,count=32
विषयवार,vishaywar,count=2
विषयों,vishayon,count=6
विष्णु,vishnu,count=10
विस,vis,count=3
विसर्जन,visarjan,count=6
विस्तार,vistaar,count=14
विस्तार,vistar,count=9
विस्फोट,visphot,count=5
विस्फोट,visfot,count=3
विस्फोटक,visfotak,count=3
विस्फोटक,visphotak,count=1
विहार,vihar,count=6
विहारी,vihari,count=7
विज़न,vizyon,count=1
वी,vs,count=15
वी,v,count=12
वी,wei,count=3
वीं,viin,count=2
वीआईपी,vip,count=6
वीआरडीएल,vrdl,count=3
वीएफएससी,vfsc,count=3
वीएसपी,vsp,count=1
वीक,week,count=6
वीके,vk,count=4
वीकेंड,weekend,count=3
वीड,weed,count=3
वीपी,vp,count=3
वीमेन,women,count=5
वीर,veer,count=6
वीरता,veerta,count=3
वीरेंद्र,virender,count=3
वीरेंद्र,virendra,count=3
वीरेंद्र,veerendra,count=3
वीवीएस,vvs,count=2
वीवो,vivo,count=37
वुडन,wooden,count=3
वुमन,women,count=2
वुमेंस,womens,count=1
वूडी,woody,count=2
वृद्धि,vriddhi,count=6
वे,ve,count=32
वे,vo,count=9
वे,way,count=3
वें,ve,count=3
वेंकट,venkat,count=1
वेंकटेश,venkatesh,count=3
वेंकटेश्वर,venkateshwar,count=3
वेंकैया,venkaaiya,count=1
वेंगसरकर,vengsarkar,count=3
वेंचर्स,ventures,count=6
वेंटो,vento,count=1
वेंडर्स,vendors,count=3
वेअथेर,weather,count=1
वेकेशन,vacation,count=2
वेज,vej,count=3
वेटलिफ्टर,weightlifter,count=3
वेड,wade,count=3
वेणुगोपाल,venugopal,count=2
वेतन,vetan,count=8
वेतन,vetaan,count=3
वेद,ved,count=1
वेदांत,vedant,count=3
वेधा,vedha,count=3
वेन,wayne,count=1
वेपन,weapon,count=1
वेब,web,count=16
वेबदुनिया,webdunia,count=9
वेबसाइट,website,count=81
वेबसाइट,vebasaite,count=5
वेबसाइट,vebasite,count=5
वेबसाइट,vebasait,count=1
वेयब्रिज,weybridge,count=2
वेयरहाउस,warehouse,count=3
वेरिएंट,variant,count=71
वेरिएंट,variants,count=7
वेरिएंट,vairiyant,count=2
वेरिएंट्स,variants,count=1
वेलकम,welcome,count=3
वेलनेस,wellness,count=12
वेलार,velar,count=3
वेलिंगटन,velington,count=2
वेलिडिटी,validity,count=3
वेलुगु,velugu,count=3
वेल्तुंगेरहिल्फे,welthungerhilfe,count=2
वेल्थ,wealth,count=2
वेल्स,wales,count=4
वेव,vev,count=2
वेसेल,vessel,count=3
वेस्ट,waste,count=7
वेस्ट,west,count=4
वेस्ट,vest,count=3
वेस्टइंडीज,vestindij,count=2
वेस्टइंडीज़,vestindij,count=1
वेस्टपैक,westpac,count=2
वेस्टेज,wastage,count=2
वैकल्पिक,vaikalpik,count=3
वैकेंसी,vacancies,count=1
वैक्सीन,vaccine,count=55
वैक्सीन,vaccines,count=3
वैक्सीन,vaikseen,count=2
वैक्सीन,vaakseen,count=2
वैज्ञानिक,vaigyanik,count=8
वैज्ञानिकों,vaigyanikon,count=6
वैद्य,vaidya,count=9
वैन,van,count=6
वैभव,vaibhav,count=6
वैरिएंट,variant,count=18
वैल,vall,count=2
वैली,valley,count=6
वैलेंटाइन,valentine,count=1
वैशाख,vaishakh,count=1
वैश्विक,vaishvik,count=14
वैश्विक,vishvagat,count=3
वैश्विक,vishvavyaapi,count=3
वैसी,waisi,count=3
वैसे,vaise,count=18
वॉच,watch,count=3
वॉचओएस,watchos,count=3
वॉट,watt,count=3
वॉर,war,count=2
वॉरियर,warrior,count=2
वॉरियर्स,warriors,count=3
वॉर्न,warne,count=3
वॉर्नर,warner,count=7
वॉर्नर,varnar,count=3
वॉर्नर,vornaar,count=1
वॉल,wall,count=3
वॉलेट,wallet,count=15
वॉशिंगटन,washington,count=3
वो,vo,count=89
वो,wo,count=21
वो,vah,count=3
वो,woh,count=3
वोंग,wong,count=1
वोक,voc,count=3
वोकल,vocal,count=3
वोक्सवैगन,volkswagen,count=2
वोट,vote,count=4
वोटर,voter,count=3
वोटर्स,votron,count=3
वोटिंग,voting,count=3
वोटों,voteon,count=8
वोटों,voton,count=3
वोडाफोन,vodafone,count=11
वोडाफोन,vodaphon,count=3
वोरोनेज़,voronezh,count=2
वोलथाट,wohlthat,count=1
वोल्क्सवैगन,volkswagen,count=7
वोल्टई,volte,count=3
वोहरा,vohra,count=2
व्यक्त,vyakt,count=7
व्यक्ति,vyakti,count=32
व्यक्तिगत,vyaktigat,count=6
व्यक्तित्व,vyaktitva,count=6
व्यक्तियों,vyaktiyon,count=5
व्यवसाय,vyavsaay,count=3
व्यवसायी,vyavsayi,count=3
व्यवस्था,vyavastha,count=48
व्यवस्थाएं,vyavasthaen,count=6
व्यवस्थाएं,vyavasthaein,count=3
व्यवस्थाएं,vyavasthaayein,count=3
व्यस्तता,vyastata,count=3
व्यापक,vyapak,count=15
व्यापक,vyaapak,count=11
व्यापम,vyapam,count=2
व्यापार,vyapar,count=14
व्यापार,vyapaar,count=5
व्यापार,vyaapaar,count=4
व्यापारियों,vyapariyon,count=3
व्यापी,vyapi,count=3
व्यापी,vyaapi,count=2
व्यास,vyas,count=4
व्युत्पन्न,vyutpann,count=3
व्रत,vrat,count=2
व्रेस्टलिंग,wrestling,count=2
व्लादिमीर,vladimir,count=3
व्वे,wwe,count=2
व्स,vs,count=3
व्हाइट,white,count=5
व्हाट्सएप,whatsapp,count=34
व्हाट्सएप,waatsap,count=2
व्हाट्सप्प,whatsapp,count=1
व्हीकल,vehicle,count=6
व्हीकल,vaahak,count=2
व्हीकल्स,vehicles,count=1
व्हीलबेस,wheelbase,count=1
व्हेल,whale,count=3
शंकर,shankar,count=5
शंघाई,shanghai,count=2
शंतानु,shantanu,count=3
शक्कर,shakkar,count=3
शक्ति,shakti,count=11
शक्तिशाली,shaktishaali,count=3
शक्तिशाली,shaktishaalee,count=2
शक्तिसिंह,shaktisinh,count=3
शख्स,shakhs,count=9
शतक,shatak,count=10
शतक,satak,count=1
शतकऋषभ,shatakrishabh,count=3
शतकीय,shatakaya,count=1
शताब्दी,shatabdi,count=10
शनाया,shanaya,count=1
शनि,shani,count=3
शनि,saturn,count=1
शनिवार,shanivaar,count=40
शनिवार,shaniwar,count=4
शपथ,shapath,count=5
शब्द,shabd,count=3
शब्दों,shabdon,count=3
शमिता,shamita,count=7
शमी,shami,count=1
शरत,sharat,count=2
शरत,sarat,count=1
शरद,sharad,count=6
शराब,sharab,count=7
शराबबंदी,sharabbandi,count=5
शरीफ,sharif,count=3
शर्त,shart,count=5
शर्तों,sharton,count=3
शर्म,sharm,count=3
शर्मनाक,sharmnaak,count=3
शर्मा,sharma,count=125
शर्मिला,sharmila,count=3
शर्वम,sarvam,count=3
शव,shav,count=10
शस्त्र,shashtra,count=2
शस्त्र,shastra,count=1
शहद,shahad,count=3
शहनाज,shehnaz,count=3
शहर,shahar,count=43
शहर,shehar,count=4
शहर,sheher,count=1
शहरी,shahri,count=3
शहरी,shahari,count=3
शहरों,shaharon,count=14
शहरों,shahron,count=6
शहीद,shahid,count=5
शहीद,shaheed,count=3
शांति,shaanti,count=7
शांति,shanti,count=5
शाओमी,shaomi,count=4
शाकिब,shaakib,count=2
शाखा,shakha,count=9
शाखाओं,shakhaon,count=3
शादी,shaadi,count=70
शादी,shadi,count=3
शादी,shaadee,count=3
शान,shaan,count=3
शानदार,shaandaar,count=22
शानदार,shaandar,count=13
शानदार,shandar,count=3
शानदार,shandaar,count=1
शानन,shanan,count=3
शानू,shanoo,count=1
शाम,shaam,count=19
शामगढ़,shaamagadh,count=2
शामगढ़,shamgarh,count=1
शामिल,shaamil,count=92
शामिल,shamil,count=31
शामिल,samil,count=1
शायद,shayad,count=12
शारजाह,shaarjaah,count=5
शारजाह,sharjah,count=1
शारदा,saardha,count=2
शारीरिक,sharirik,count=2
शालिनी,shalini,count=3
शासकीय,shaaskiy,count=2
शासकीय,shaasakiy,count=1
शासन,shasan,count=3
शासनकाल,shasankaal,count=3
शासित,shashit,count=3
शासित,shasit,count=2
शासित,shaasit,count=2
शास्त्री,shastri,count=1
शाह,shah,count=46
शाहरान,shahraan,count=2
शाहरुख,shahrukh,count=14
शाहरुख,shaharukh,count=7
शाहरुख,shaahrukh,count=2
शाहरुख,shaaharukh,count=1
शाहाबाद,shahabad,count=2
शाहिद,shahid,count=19
शाहिद,shaahid,count=4
शाहिदी,shahidi,count=3
शाहीन,shaheen,count=1
शाहीर,shaheer,count=1
शाहू,shahu,count=3
शिंजो,shinzo,count=1
शिंदे,shinde,count=3
शिंसुके,shinsuke,count=3
शिंस्के,shinsuke,count=2
शिकंजा,shikanja,count=3
शिकंजा,shikanjha,count=1
शिकंजे,shikanje,count=3
शिकस्त,shikaast,count=3
शिकागो,shikago,count=2
शिकायत,shikayat,count=17
शिकायत,shikaayat,count=6
शिकायतों,shikayaton,count=3
शिकायतों,shikaayaton,count=2
शिकार,shikaar,count=13
शिक्षक,shikshak,count=28
शिक्षण,shikshan,count=2
शिक्षा,shiksha,count=97
शिक्षाधिकारी,shikshaadhikaari,count=3
शिक्षिका,shikshika,count=2
शिखर,shikhar,count=25
शिप,ship,count=6
शिपमेंट,shipment,count=3
शिपिंग,shipping,count=6
शिमला,shimla,count=14
शिरडी,shirdi,count=2
शिराला,shirala,count=2
शिर्डी,shirdi,count=1
शिलान्यास,shilanyas,count=6
शिल्पा,shilpa,count=23
शिव,shiv,count=8
शिवकुमार,shivkumar,count=3
शिवपाल,shivpal,count=2
शिवपूजन,shivpujan,count=2
शिवराज,shivraj,count=13
शिवराजसिंह,shivrajsingh,count=3
शिवहर,shivhar,count=3
शिवांगी,shivangi,count=4
शिवाजी,shivaji,count=9
शिवानंद,shivanaand,count=3
शिवाला,shivaala,count=2
शिवाला,shivala,count=1
शिविर,shivir,count=3
शिशु,shishu,count=3
शी,shi,count=4
शीघ्र,shighra,count=3
शीट,sheet,count=7
शीत,sheet,count=3
शीतकालीन,sheetkaleen,count=3
शीर्ष,shirsh,count=3
शीर्ष,sheershak,count=1
शीर्षक्रम,sheerakram,count=2
शीर्षक्रम,shirshkram,count=1
शुक्रवार,shukravaar,count=57
शुक्रवार,shukravar,count=3
शुक्रिया,shukriya,count=6
शुक्ला,shukla,count=37
शुगर,sugar,count=17
शुगर,shugar,count=2
शुगरकेन,shugarcane,count=3
शुदा,shuda,count=2
शुद्ध,shuddh,count=3
शुभकामनाएं,shubhkaamnaayein,count=4
शुभकामनाएं,shubhkamnayein,count=4
शुभकामनाएं,shubhkamaye,count=1
शुभकामनाएं,subhkaamnaye,count=1
शुभचिंतकों,subhchintako,count=1
शुभम,shubham,count=3
शुभमन,shubman,count=1
शुभारंभ,shubharambh,count=2
शुभारंभ,shubhaarambh,count=1
शुभारम्भ,shubharambh,count=3
शुमार,shumaar,count=4
शुमार,shumar,count=2
शुरु,shuru,count=14
शुरुआत,shuruaat,count=42
शुरुआत,shuruat,count=22
शुरुआती,shuruaati,count=9
शुरुआती,shuruati,count=3
शुरुवात,shuruvaat,count=3
शुरू,shuru,count=163
शुरू,start,count=3
शुरू,suru,count=1
शुरूआत,shuruaat,count=3
शुल्क,shulk,count=7
शुल्क,shulka,count=2
शूटआउट,shootout,count=2
शूटर,shooter,count=3
शूटिंग,shooting,count=24
शून्य,shunya,count=5
शून्य,shoonya,count=1
शेख,sheikh,count=6
शेख,shekh,count=2
शेखर,shekhar,count=2
शेट्टी,shetty,count=46
शेट्टी,shettie,count=2
शेठ,sheth,count=3
शेड्यूल,schedule,count=3
शेड्यूल,shedule,count=3
शेड्यूल,shedyuul,count=1
शेड्स,shades,count=2
शेन,shane,count=3
शेपर्ड,shepard,count=1
शेफर्ड,shepherd,count=3
शेफाली,shefali,count=3
शेयर,shaayar,count=2
शेयर्स,shares,count=6
शेरनी,sherni,count=4
शेरवानी,sherwaani,count=2
शेरावत,sherawat,count=4
शेरिंग,tshering,count=3
शेरिंग,shering,count=2
शेरिडन,sheridan,count=2
शेरी,sharry,count=1
शेलना,shelna,count=3
शेली,scheele,count=3
शेले,scheele,count=1
शेले,shelae,count=1
शेले,shelley,count=1
शेल्टर,shelter,count=3
शेषाद्रि,seshadri,count=3
शेख़,sheikh,count=2
शैक्षणिक,shaikshanik,count=6
शैक्षिक,shaikshik,count=4
शैडो,shadowtv,count=1
शैली,style,count=3
शॉ,shaw,count=9
शॉपिंग,shopping,count=5
शॉर्ट,short,count=11
शो,show,count=90
शो,sho,count=5
शो,shau,count=2
शोएब,shoaib,count=10
शोएब,shoeb,count=5
शोत्रिया,shotriya,count=3
शोध,shodh,count=3
शोधकार्य,shodhkaarya,count=3
शोधपत्र,shodhpatra,count=3
शोभित,shobhit,count=1
शोरूम,showroom,count=3
शोविक,shovik,count=3
शौक,shauk,count=3
शौकीन,shaukeen,count=3
शौचालय,shauchalay,count=6
शौर्य,shaurya,count=1
श्याम,shyam,count=9
श्यामक,shiamak,count=3
श्योराण,shyoran,count=3
श्रद्धा,shraddha,count=14
श्रद्धांजलि,shraddhanjali,count=6
श्रद्धालु,shraddhalu,count=3
श्रद्धालुओं,shraddhaluon,count=3
श्रम,shram,count=2
श्रमदान,shramdaan,count=3
श्रमिक,shramik,count=3
श्रमिकों,shramikon,count=3
श्रिया,shriya,count=3
श्री,shri,count=29
श्री,shree,count=3
श्रीकांत,shrikaant,count=3
श्रीखोले,shreekhole,count=1
श्रीदेवी,shridevi,count=10
श्रीदेवी,sridevi,count=4
श्रीनगर,shreenagar,count=2
श्रीनाते,shrinate,count=3
श्रीपद,shripad,count=1
श्रीपाद,shreepad,count=2
श्रीमाधोपुर,shrimadhopur,count=3
श्रीमान,shriman,count=1
श्रीमान्,shreemaan,count=2
श्रीलंका,srilanka,count=1
श्रीलंका,shreelanka,count=1
श्रीवत्स,shrivats,count=3
श्रीवास्तव,shrivastav,count=3
श्रीवास्तव,shrivastava,count=3
श्रीवास्तव,srivastava,count=3
श्रुति,shuruti,count=3
श्रृंखला,shrunkhala,count=7
श्रृंखला,shrenkhala,count=3
श्रृंखला,shrinkhla,count=2
श्रेणी,shreni,count=6
श्रेय,shrey,count=2
श्रेयस,shreyas,count=9
श्रेष्ठ,shrestha,count=2
श्रॉफ,shroff,count=13
श्वाना,shwaana,count=2
श्वाना,shwana,count=1
श्वाब,schwab,count=3
श्वेत,shwet,count=3
श्वेता,shweta,count=11
संकट,sankat,count=16
संकलित,sankalit,count=3
संकल्प,sankalp,count=9
संकेत,sanket,count=3
संकेतक,sanketaak,count=2
संकेतक,sanketkar,count=1
संकेतक,sanketak,count=1
संक्रमण,sankraman,count=26
संक्रमित,sankramit,count=16
संख्या,sankhya,count=15
संग,sang,count=11
संगठन,sangathan,count=37
संगठित,sangathit,count=2
संगर,sanger,count=3
संगीत,sangeet,count=3
संग्रहालय,sangrahalay,count=13
संग्रहालय,sangrahalaya,count=3
संग्रहालयों,sangrahalayon,count=3
संग्राम,sangram,count=3
संघ,sangh,count=18
संघर्ष,sangharsh,count=6
संघर्षों,sangharshon,count=3
संघसंचालक,sanghsanchalak,count=1
संचार,sanchar,count=3
संचालन,sanchalan,count=17
संचालन,sancharan,count=1
संचालित,sanchalit,count=18
संचालित,sanchaalit,count=5
संचालित,sancharit,count=1
संजना,sanjjanaa,count=1
संजय,sanjay,count=23
संजीव,sanjiv,count=3
संजू,sanju,count=3
संज्ञान,sanjnaan,count=3
संत,sant,count=2
संतकबीर,santkabir,count=1
संतोष,santosh,count=9
संदर्भ,sandarbh,count=5
संदिग्ध,sandigdh,count=7
संदिग्ध,sandigdha,count=2
संदीप,sandeep,count=9
संदेश,sandesh,count=15
संदेश,sandes,count=1
संधि,sandhi,count=3
संधू,sandhu,count=14
संन्यास,sanyaas,count=9
संन्यास,sanayas,count=4
संन्यास,sanyas,count=3
संपत्ति,sampatti,count=9
संपत्तियों,sampattiyon,count=2
संपदा,sampada,count=3
संपदा,sampda,count=1
संपन्न,sampann,count=4
संपन्न,sampaan,count=2
संपर्क,sampark,count=3
संबंध,sambandh,count=18
संबंधित,sambandhit,count=16
संबंधी,sambandhi,count=5
संबंधों,sambandhon,count=12
संबोधन,sambodhan,count=3
संबोधित,sambodhit,count=47
संभव,sambhav,count=6
संभाग,sanbhag,count=3
संभाल,sambhal,count=3
संभाला,sambhala,count=4
संभाला,sambhaala,count=2
संभाली,sambhaali,count=3
संभावना,sambhavana,count=6
संभावना,sambhaavna,count=3
संभावना,sambhavna,count=2
संभावना,sambhaavana,count=1
संभावनाएं,sambhavnaein,count=3
संभावनाएं,sambhavnayein,count=1
संभावनाओं,sambhaavnaon,count=3
संभावित,sambhavit,count=3
संयुक्त,sanyukt,count=30
संयुक्त,sanjukt,count=1
संयुक्त,sanayukt,count=1
संयोजक,sanyojak,count=3
संयोजन,sanjogan,count=2
संरक्षण,sanrakshan,count=18
संवाद,samvaad,count=6
संवाद,sanvaad,count=2
संवाद,samvad,count=1
संवाददाता,sanvaaddata,count=2
संवाददाता,sanvaddata,count=2
संवाददाता,samvadadata,count=1
संवादमुंबई,samvaadmumbai,count=1
संवादमुंबई,samvadmumbai,count=1
संविदा,sanvida,count=3
संवेदनशील,sanvedansheel,count=3
संवेदनशील,samvedansheel,count=3
संशोधन,sanshodhan,count=9
संसद,sansad,count=13
संसदीय,sansadiya,count=8
संसाधन,sansaadhan,count=3
संसाधन,sansadhan,count=1
संस्करण,sanskaran,count=6
संस्कार,sanskaar,count=5
संस्कृत,sanskrit,count=15
संस्कृति,sanskriti,count=7
संस्कृति,sanskruti,count=2
संस्था,sanstha,count=4
संस्थाएँ,sansthaein,count=3
संस्थाएं,sansthaen,count=3
संस्थाएं,sansthaein,count=3
संस्थाओं,sansthaon,count=6
संस्थान,sansthan,count=16
संस्थान,sansthaan,count=2
संस्थानों,sansthaanon,count=9
संस्थानों,sansthanon,count=3
संस्थापक,sansthaapak,count=7
संस्थापक,sansthapak,count=6
संस्थापक,sanshtaapak,count=4
सऊदी,saudi,count=6
सकता,sakta,count=138
सकती,sakti,count=40
सकते,sakte,count=159
सकरी,sakri,count=3
सका,sakaa,count=3
सका,saka,count=3
सकारात्मक,sakaraatmak,count=2
सकारात्मक,sakaratmak,count=1
सके,sake,count=9
सकें,saken,count=7
सकेंगे,sakenge,count=3
सकेगा,sakenga,count=4
सकेगा,sakega,count=4
सकेगी,sakegi,count=1
सक्रिय,sakriy,count=5
सक्रिय,sakriya,count=3
सक्षम,saksham,count=5
सख्त,sakht,count=5
सख्ती,sakhti,count=3
सगाई,sagai,count=3
सगाई,sagaai,count=1
सच,sach,count=1
सचिन,sachin,count=27
सचिव,sachiv,count=15
सचिवालय,sachivaalay,count=3
सचिवालय,sachivalay,count=2
सज,saj,count=2
सजग,sajag,count=3
सजा,saza,count=8
सजा,sazaa,count=3
सजा,saja,count=3
सज्जन,sajjan,count=2
सटीक,sateek,count=6
सटे,sate,count=9
सट्टा,satte,count=3
सडक़ों,sadkon,count=2
सड़क,sadak,count=19
सड़क,sarak,count=3
सड़कें,sadke,count=1
सड़कों,sadakon,count=1
सतना,satna,count=5
सतर्कता,satarkta,count=6
सता,sat,count=2
सता,sata,count=1
सतीश,satish,count=6
सत्ता,satta,count=4
सत्य,satya,count=2
सत्यपाल,satyapal,count=3
सत्येंद्र,satyendra,count=3
सत्येन्द्र,satyendra,count=6
सत्र,satr,count=8
सत्र,satra,count=3
सत्र,sattar,count=1
सत्संग,satasang,count=3
सदत,sadat,count=3
सदमे,sadme,count=3
सदस्य,sadasya,count=8
सदस्य,sadasy,count=4
सदस्यता,sadasyata,count=9
सदस्यीय,sadasya,count=1
सदस्यों,sadasyon,count=12
सदाकत,sadakat,count=3
सदियों,sadiyon,count=6
सदी,sadi,count=8
सद्भावना,sadbhavana,count=3
सद्भावना,sadbhavna,count=3
सन,sun,count=6
सन,san,count=6
सनराइज,sunrise,count=6
सनराइजर्स,sunrisers,count=12
सनराइजर्स,sanaraizars,count=1
सनसनी,sansani,count=3
सनसनीखेज,sansanikhaj,count=3
सनावद,sanawad,count=3
सनी,sunny,count=16
सन्,san,count=8
सन्डे,sunday,count=2
सन्तोष,santosh,count=2
सन्नाटा,sannaata,count=3
सपना,sapna,count=14
सपने,sapne,count=6
सपनों,sapno,count=3
सपूत,sapoot,count=3
सपॉर्ट,support,count=1
सपोर्ट,support,count=14
सपोर्टिंग,saporting,count=1
सपोर्टिंग,supporting,count=1
सप्ताह,saptah,count=6
सप्ताह,saptaah,count=5
सप्ताह,saaptaah,count=1
सप्लाई,supply,count=5
सप्लिमेंट,supplement,count=1
सफर,safar,count=5
सफल,safal,count=25
सफल,successful,count=3
सफलता,safalta,count=36
सफलतापूर्वक,safaltaapoorvak,count=4
सफलतापूर्वक,safaltapoorvak,count=3
सफ़ारी,safari,count=3
सफाई,safai,count=3
सफारी,safari,count=2
सफेद,safed,count=3
सब,sab,count=39
सब,sub,count=10
सबक,sabak,count=3
सबकी,sabki,count=6
सबके,sabke,count=2
सबकॉम्पैक्ट,subcompact,count=2
सबकॉम्पैक्ट,subkompak,count=1
सबको,sabko,count=17
सबकों,sabko,count=2
सबगुरु,sabguru,count=3
सबमेरीन,submarine,count=3
सबरीमाला,sabarimala,count=3
सबसिस्टम,subsystems,count=1
सबसे,sabse,count=233
सबारिया,sabariya,count=1
सबोटेज,sabotage,count=3
सब्जियां,sabziyan,count=6
सब्जी,sabzi,count=2
सब्सक्रिप्शन,subscription,count=3
सब्सिडियरी,subsidiary,count=3
सब्सिडी,subsidy,count=6
सभा,sabha,count=17
सभागार,sabhagar,count=4
सभापति,sabhapati,count=1
सभी,sabhi,count=136
सभ्यता,sabhyata,count=9
सभ्यताओं,sabhyataon,count=3
समकक्ष,samkaksh,count=3
समक्ष,samaksh,count=3
समझते,samajhte,count=6
समझने,samajhne,count=3
समझाइए,samjhaiye,count=3
समझौता,samjhauta,count=11
समझौते,samjhauta,count=6
समझौते,samjhautae,count=3
समन,saman,count=10
समन,summons,count=1
समन,summon,count=1
समन्वय,samanvaya,count=3
समन्वय,samanvay,count=2
समय,samay,count=162
समयपुर,samayapur,count=1
समर,samar,count=3
समर,summer,count=3
समर्थन,samarthan,count=26
समर्थित,samarthit,count=3
समर्पित,samarpit,count=9
समसामयिक,samasaamayik,count=3
समसेरगंज,samserganj,count=1
समस्त,samast,count=4
समस्या,samasya,count=6
समस्याओं,samasyaon,count=6
समांथा,samantha,count=3
समाचार,samachar,count=25
समाचारपत्र,samacharpatr,count=3
समाज,samaj,count=10
समाज,samaaj,count=1
समाजवादी,samajwadi,count=13
समाजवादी,samajvaadi,count=3
समाधान,samadhan,count=3
समान,samaan,count=6
समापन,samaapan,count=4
समाप्त,samapt,count=9
समाप्त,samaapt,count=5
समारोह,samaroh,count=14
समारोह,samaaroh,count=10
समारोह,samaroha,count=1
समाहरणालय,samaharnalay,count=1
समाहित,samaahit,count=6
समिट,summit,count=4
समिट,sammit,count=2
समिति,samiti,count=22
समीक्षा,sameeksha,count=11
समीक्षा,samiksha,count=2
समीप,samaip,count=2
समीरपुर,samirpur,count=3
समीरा,sameera,count=2
समुदाय,samuday,count=3
समुद्र,samandar,count=3
समुद्र,samudra,count=1
समुद्री,samudri,count=3
समूह,samuh,count=19
समूह,samooh,count=2
समृद्ध,samriddh,count=3
समेत,samet,count=26
समेत,sameet,count=6
सम्पदा,sampada,count=1
सम्बंधित,sambandhit,count=3
सम्मान,sammaan,count=3
सम्मान,samman,count=2
सम्मानित,sammanit,count=17
सम्मिलित,sammilit,count=2
सम्मेलन,sammelan,count=20
सम्राट,samrat,count=7
सर,sir,count=7
सर,sar,count=5
सरकार,sarkar,count=279
सरकार,sarkaar,count=31
सरकार,charkar,count=2
सरकार,charkaar,count=1
सरकारी,sarkari,count=28
सरकारी,sarkaari,count=13
सरकारी,sarkaaree,count=2
सरकारें,sarkaren,count=5
सरकारें,sarkaaren,count=3
सरकारें,sarkarein,count=1
सरकारों,sarkaaron,count=3
सरजमीं,sarzameen,count=2
सरत,sarat,count=3
सरदार,sardar,count=8
सरन,saran,count=3
सरयू,saryu,count=2
सरल,saral,count=31
सरस्वती,saraswati,count=3
सरायमीर,saraimir,count=2
सराहना,saarahan,count=3
सराहा,sarahaya,count=3
सराहा,sarahaabar,count=2
सरिता,sarita,count=3
सर्कल,circle,count=2
सर्कस,sarkas,count=3
सर्किट,circuit,count=2
सर्कुलेटिंग,circulating,count=3
सर्च,search,count=29
सर्जियो,sarjio,count=1
सर्टिफिकेट,certificate,count=3
सर्टिफिकेशन,certification,count=3
सर्बिया,serbia,count=3
सर्व,sarva,count=1
सर्वम,sarvam,count=2
सर्वर,server,count=4
सर्वर,sarvar,count=2
सर्वश्रेष्ठ,sarvshresth,count=3
सर्वश्रेष्ठ,sarvashreshth,count=2
सर्वश्रेष्ठ,sarvshreshth,count=1
सर्वाइवर,sarvivor,count=2
सर्वाइवर,survivor,count=1
सर्विस,service,count=29
सर्विसेज,services,count=13
सर्विसेज़,services,count=6
सर्वे,sarve,count=6
सर्वे,survey,count=3
सर्वोच्च,sarvochch,count=3
सर्वोदय,sarvoday,count=3
सलमान,salman,count=37
सलमान,salmaan,count=3
सलामी,salaami,count=13
सलामी,salami,count=8
सलाह,salaah,count=9
सलाह,salah,count=3
सलाहकार,salahkar,count=3
सलाहकार,salaahakaar,count=3
सलाही,salaahi,count=3
सलीम,salim,count=3
सल्फाइड,sulfide,count=1
सवा,sawa,count=3
सवाई,sawai,count=3
सवार,sawaar,count=2
सवार,sawar,count=1
सवारी,sawaari,count=2
सवाल,sawal,count=10
सवाल,sawaal,count=7
सवालों,sawalon,count=1
सशक्त,sashakt,count=6
सशक्तिकरण,sashaktikaaran,count=3
सशस्त्र,sashast,count=1
ससुर,sasur,count=3
ससुराल,sasural,count=4
सस्टेनेबल,sustainable,count=6
सस्ता,sasta,count=3
सस्ती,sasta,count=3
सस्ते,saste,count=3
सस्पेंड,suspend,count=3
सस्पेंस,suspense,count=1
सहकर्मी,sahakarmi,count=1
सहकारिता,sahakarita,count=3
सहगल,sehgal,count=1
सहजपाल,sehajpal,count=5
सहजपाल,sahajpal,count=1
सहनी,sahani,count=3
सहमति,sahmati,count=4
सहमति,sahamti,count=3
सहयोग,sahyog,count=44
सहयोग,sahayog,count=6
सहयोगियों,sahyogiyon,count=3
सहयोगी,sahyogi,count=6
सहवाग,sehwag,count=6
सहानी,sahani,count=3
सहाय,sahay,count=2
सहायक,sahayak,count=9
सहायता,sahaayata,count=3
सहायता,sahayata,count=3
सहारा,sahara,count=6
सहित,sahit,count=37
सही,sahi,count=16
सा,sa,count=6
सांख्यिकीय,sankhyikiya,count=2
सांख्यिकीय,sankhyiki,count=2
सांख्यिकीय,sankhiyakiya,count=1
सांग,song,count=1
सांगली,sangli,count=1
सांगा,sangha,count=3
सांघा,sangha,count=3
सांसद,sansad,count=23
सांसद,saansad,count=16
सांसदों,sansadon,count=2
सांस्कृतिक,saanskritik,count=3
साइकिल,saikil,count=5
साइक्लोन,cyclone,count=3
साइज,size,count=12
साइट,site,count=17
साइट्स,sites,count=6
साइड,side,count=3
साइडरेल,siderael,count=1
साइडस्मार्ट,sidesmart,count=1
साइडेनबर्ग,saiddenberg,count=2
साइन,sign,count=6
साइना,saina,count=3
साइमन,simon,count=1
साइलोस,silos,count=6
साई,sai,count=2
साईं,sai,count=3
साईट,site,count=1
साउंड,sound,count=3
साउथ,south,count=14
साउथ,saouth,count=2
साकार,sakar,count=3
साकार,saakaar,count=3
साकेत,saket,count=3
साक्षात,saakshaat,count=3
साक्षात्कार,saakshaatkaar,count=3
साक्षी,sakshi,count=9
साख,saakh,count=5
सागर,sagar,count=12
सागा,saga,count=3
साजिश,saajish,count=3
साजिश,saazish,count=3
साझा,sajha,count=13
साझा,saajha,count=11
साझा,saanjha,count=1
साझी,saanjhi,count=3
साझेदारी,saajhedaari,count=3
साझेदारी,sajhedaari,count=2
साझेदारी,saajhedari,count=1
साझेदारी,saanjhedari,count=1
साड़ी,saadi,count=2
साढ़े,saadhe,count=3
सात,saat,count=14
सातवां,saathva,count=2
सातवां,satvan,count=1
साथ,saath,count=500
साथ,sath,count=3
साथ,saathi,count=2
साथन्यूज,sathnyuj,count=1
साथियो,saathiyo,count=11
साथियों,saathiyon,count=14
साथियों,sathiyo,count=11
साथियों,sathiyon,count=6
साथियों,saathiyo,count=4
साथी,saathi,count=9
साधते,saadhte,count=6
साधना,sadhna,count=5
साधा,saadha,count=29
साधा,sadha,count=6
साधु,sadhu,count=1
साध्वी,saadhvi,count=2
साध्वी,sadhvi,count=1
साना,sana,count=1
सानिया,saniya,count=3
सानु,sanu,count=3
सानू,sanu,count=5
सापेक्ष,saapekshe,count=2
साफ,saaf,count=15
साबा,saba,count=3
साबालेन्का,sabalenka,count=1
साबित,sabit,count=6
साबित,saabit,count=3
सामंथना,samantha,count=1
सामग्री,saamagri,count=3
सामना,saamna,count=6
सामना,samna,count=5
सामने,saamne,count=81
सामने,samne,count=27
सामरिक,strategic,count=3
सामर्थ्य,saamarthya,count=3
सामाजिक,saamaajik,count=5
सामान,samaan,count=3
सामान्य,samanya,count=5
सामूहिक,saamuhik,count=2
सारण,saran,count=4
सारण,saaran,count=2
सारा,sara,count=28
सारा,saara,count=12
सारिणी,sarini,count=1
सारी,saari,count=9
सारी,saree,count=3
सारी,saare,count=3
सारे,saare,count=12
सार्क,saarc,count=2
सार्वजनिक,sarvajanik,count=3
साल,saal,count=215
सालगिरह,saalgirah,count=4
सालभर,saalbhar,count=4
साले,saale,count=2
सालों,saalon,count=16
सालों,salon,count=6
सावंत,sawant,count=9
सावधि,savdhi,count=4
सावन,sawan,count=4
सावन,saawan,count=2
सावरकर,savarkar,count=3
सावरेन,sovereign,count=1
सावेलेविच,savelevich,count=2
सास,saas,count=3
सासू,saasu,count=3
साह,sah,count=3
साहब,sahab,count=3
साहस,sahas,count=3
साहा,saha,count=3
साहित्य,sahitya,count=3
साहिब,sahib,count=6
साहिल,sahil,count=6
साहेब,saheb,count=6
साफ़,saaf,count=3
सिंक,sync,count=3
सिंक्रोट्रॉन,synchrotron,count=1
सिंक्रोनी,synchrony,count=3
सिंगर,singer,count=10
सिंगल,single,count=12
सिंगापुर,singapur,count=2
सिंगापुर,singapore,count=1
सिंघम,singham,count=3
सिंघल,singhal,count=3
सिंघानिया,singhania,count=3
सिंचन,sinchan,count=3
सिंचाई,sinchai,count=9
सिंचाई,sinchayee,count=3
सिंथेटिक,synthetic,count=3
सिंदरी,sindri,count=3
सिंध,sindh,count=4
सिंधिया,sindhiya,count=9
सिंधु,sindhu,count=8
सिंबा,simba,count=3
सिंह,singh,count=488
सिंहासन,sinhaasan,count=2
सिएरा,sierra,count=2
सिएरा,siyera,count=2
सिकागेन,sicagen,count=3
सिक्का,sikka,count=6
सिक्किम,sikkim,count=4
सिख,sikh,count=3
सिखाए,sikhaaye,count=3
सिखाया,sikhaaya,count=3
सिग्नल,signal,count=3
सिग्नेचर,signature,count=6
सिग्मा,sigma,count=4
सिटीग्रुप,citigroup,count=3
सिटीजन,citizen,count=3
सिट्वे,sittwe,count=3
सिडनी,sydney,count=3
सिडनी,sidni,count=2
सिडनी,sidney,count=1
सिडान,sedan,count=3
सिडैन,sedan,count=1
सिड्नी,sidni,count=2
सिड्नी,sydney,count=1
सितंबर,september,count=26
सितंबर,sitambar,count=25
सितम्बर,sitambar,count=4
सितम्बर,september,count=2
सितारंगज,sitaraanj,count=2
सितारंगज,sitarganj,count=1
सितारों,sitaron,count=6
सितारों,sitaaron,count=1
सिदगोड़ा,sidgora,count=2
सिदगोड़ा,sidgoda,count=1
सिद्दीकी,siddiqui,count=3
सिद्ध,siddh,count=5
सिद्धांत,siddhant,count=3
सिद्धार्थ,siddharth,count=31
सिद्धार्थ,sidharth,count=4
सिद्धिविनायक,siddivinayak,count=3
सिद्धू,siddhu,count=3
सिनर्जी,synergy,count=3
सिनेमा,sinema,count=8
सिनेमाघरों,cinemagharo,count=3
सिनोफार्मा,sinopharma,count=2
सिपाही,sipahi,count=1
सिफारिश,sifarish,count=3
सिम,sim,count=3
सिमडेगा,simdega,count=3
सिमर,simar,count=1
सिमी,simi,count=6
सिम्पल,simple,count=2
सिम्बल,symbol,count=3
सिया,siya,count=3
सियासी,siyaasi,count=8
सियासी,siyasi,count=5
सियोल,siyol,count=2
सिर,sir,count=3
सिरम,sirm,count=2
सिरम,serum,count=1
सिराज,siraj,count=4
सिरी,siri,count=3
सिरे,sire,count=3
सिरोही,sirohi,count=8
सिर्फ,sirf,count=51
सिर्फ़,sirf,count=3
सिलसिला,silsila,count=3
सिलसिले,silsile,count=8
सिलिंडर,cylinder,count=3
सिलिंडरों,silindron,count=2
सिलिंडरों,cylinderon,count=1
सिलेंडर,cylinder,count=16
सिलेंडर,silender,count=3
सिलेक्शन,selection,count=12
सिलेक्शन,selektion,count=1
सिल्क,silk,count=3
सिल्वरस्क्रीन,silverscreen,count=2
सिल्विया,sylvia,count=1
सिवान,sivan,count=1
सिवाना,sevana,count=3
सिविल,sivil,count=3
सिविल,seeval,count=1
सिसवा,sisva,count=2
सिसोदिया,sisodiya,count=5
सिसोदिया,sisodia,count=4
सिस्टम,system,count=40
सिस्टमे,systeme,count=1
सिस्टम्स,systems,count=5
सी,si,count=9
सी,sea,count=3
सी,see,count=3
सीआरपीएफ,crpf,count=9
सीएटल,seattle,count=3
सीकर,sikar,count=6
सीकर,seekar,count=1
सीक्रेट्स,secrets,count=2
सीक्वल,sequel,count=3
सीख,seekh,count=6
सीखने,seekhne,count=6
सीखा,seekha,count=3
सीखी,seekhi,count=3
सीजन,seezon,count=3
सीजन,sijan,count=3
सीजन,seeznn,count=1
सीट,seat,count=32
सीटें,seeten,count=3
सीटें,seaten,count=1
सीटों,seaton,count=13
सीटों,seats,count=2
सीडीएफडी,cdfd,count=3
सीड्स,seeds,count=2
सीतापति,sitapati,count=3
सीतापुर,sitaapur,count=3
सीताफल,sitaphal,count=3
सीतारमण,sitharaman,count=8
सीतारमण,sitaraman,count=4
सीतारामण,sitaraman,count=3
सीतारामय्या,sitaramayya,count=3
सीधा,seedha,count=10
सीधा,sidha,count=2
सीधी,sidhi,count=3
सीधे,seedhe,count=9
सीनियर,senior,count=3
सीनियर्स,seniors,count=3
सीनेटर,senator,count=1
सीमा,seema,count=12
सीमाओं,seemaon,count=1
सीमित,seemit,count=3
सीमेंस,siemens,count=2
सीरम,serum,count=3
सीरियल,serial,count=8
सीरियल,seerial,count=4
सीरीज,shreej,count=4
सील,seal,count=6
सीवर,sewer,count=3
सीवीपीपी,cvpp,count=4
सीहोर,sehore,count=3
सुंदर,sundar,count=8
सुंदरता,sundarta,count=3
सुंदरता,khubsurti,count=2
सुख,sukh,count=6
सुखद,sukhad,count=3
सुगम,sugam,count=3
सुज़ुकी,suzuki,count=6
सुजान,sujan,count=3
सुजुकी,suzuki,count=10
सुजुकी,suzuuki,count=2
सुझाव,sujhav,count=6
सुझाव,sujhaav,count=3
सुझावों,sujhavon,count=3
सुदृढ़ता,sudridhta,count=3
सुदेश,sudesh,count=6
सुधा,sudha,count=3
सुधांशु,sudhanshu,count=3
सुधाकर,sudhakar,count=3
सुधाजी,sudhaji,count=3
सुधार,sudhaar,count=15
सुधार,sudhar,count=4
सुधारने,sudharne,count=6
सुधारने,sudhaarne,count=3
सुधीर,sudhir,count=9
सुन,sun,count=3
सुनंदा,sunanda,count=3
सुनकर,sunkar,count=3
सुनते,sunte,count=2
सुननी,sunni,count=3
सुनने,sunne,count=1
सुनवाई,sunvaai,count=13
सुनवाई,sunvai,count=4
सुनवाई,sunwaai,count=3
सुनवाई,sunwai,count=2
सुनवाई,sunvaee,count=2
सुनवाई,sunvayi,count=1
सुनहरा,sunahara,count=3
सुनहरा,sunahra,count=3
सुनहरा,sunhara,count=1
सुना,suna,count=3
सुनाई,sunayi,count=3
सुनाई,sunai,count=3
सुनाए,sunaye,count=1
सुनाए,sunaaye,count=1
सुनारिया,sunaria,count=3
सुनिधि,sunidhi,count=3
सुनिश्चित,sunishchit,count=18
सुनी,suni,count=3
सुनील,sunil,count=13
सुनील,suniel,count=8
सुपर,super,count=75
सुपर,supar,count=3
सुपरकिंग्स,superkings,count=4
सुपरजूम,superzoom,count=3
सुपरवाइजर,supervisor,count=3
सुपरस्टार,superstar,count=23
सुपरस्टार,supershtar,count=2
सुपरस्टार्स,superstars,count=6
सुपरस्टार्स,superstar,count=1
सुपरहिट,superhit,count=6
सुपुर्द,supurd,count=3
सुप्रसिद्ध,suprasiddh,count=3
सुप्रिया,supriya,count=6
सुप्रीम,supreme,count=23
सुप्रीम,sumpreme,count=2
सुप्रीमो,supremo,count=8
सुप्रीमो,supremeo,count=2
सुबह,subah,count=36
सुभारती,subharti,count=1
सुभाष,subhash,count=10
सुभाष,subhaash,count=2
सुमन,suman,count=3
सुमित,sumeet,count=1
सुमीत,sumeet,count=3
सुमोना,sumona,count=3
सुर,sur,count=6
सुरक्षा,suraksha,count=33
सुरक्षित,surakshit,count=9
सुरजेवाला,surjewala,count=9
सुरेंद्र,surendra,count=10
सुरेश,suresh,count=9
सुर्खिंयों,surkhiyon,count=1
सुर्खियां,surkhiyan,count=6
सुर्खियों,surkhiyon,count=45
सुर्खियों,sukhiyon,count=4
सुर्खियों,sukhriyon,count=1
सुलझा,suljha,count=1
सुले,sule,count=3
सुविधा,suvidha,count=42
सुविधाएं,suvidhaen,count=9
सुविधाओं,suvidhaon,count=6
सुविधाजनक,suvidhajanak,count=3
सुशांत,sushant,count=60
सुशासन,susashan,count=2
सुशासन,sushasan,count=1
सुष्मिता,sushmita,count=3
सुहाना,suhana,count=5
सूचकांक,suchakank,count=3
सूचकांक,suchkank,count=1
सूचना,suchna,count=7
सूचना,soochna,count=6
सूचना,soochana,count=2
सूचनाएं,soochanaein,count=3
सूचित,suchit,count=2
सूची,suchi,count=12
सूची,soochi,count=2
सूत्र,sutra,count=3
सूत्रों,sutron,count=4
सूद,sood,count=4
सूपड़ा,soopda,count=3
सूफी,soofi,count=2
सूफी,sufi,count=1
सूबेदार,subedar,count=1
सूरज,suraj,count=3
सूरजपुर,surajpur,count=1
सूरजपोल,surajpol,count=3
सूरत,surat,count=11
सूरतगढ़,suratgarh,count=3
सूर्यकुमार,suryakumar,count=2
सूर्यकुमार,surykumar,count=1
सूर्यवंशी,sooryavanshi,count=3
सृजन,srijan,count=3
से,se,count=2239
से,pradesh,count=3
से,service,count=3
से,school,count=3
से,shreelanka,count=2
से,vskp,count=1
से,saalon,count=1
से,mas,count=1
से,superkings,count=1
से,sri,count=1
सेंट,saint,count=8
सेंट,sent,count=3
सेंट,st,count=3
सेंटर,sentar,count=4
सेंटीमीटर,centimeter,count=3
सेंट्रम,centrum,count=3
सेंट्रल,central,count=27
सेंट्रलाइज़्ड,centralized,count=3
सेंध,sendh,count=3
सेंस,sense,count=2
सेंसर,sensor,count=5
सेकंड,sekand,count=2
सेकंड,second,count=1
सेकंडरी,secondary,count=1
सेकेंड,second,count=4
सेकेंड,sekend,count=2
सेकेंडरी,secondary,count=23
सेकेड,sacred,count=3
सेक्टर,sector,count=59
सेक्टर,sekter,count=2
सेक्रेटरी,secretary,count=7
सेक्शन,section,count=9
सेगमेंट,segment,count=13
सेट,set,count=3
सेठ,seth,count=1
सेठानी,sethani,count=3
सेठी,sethi,count=3
सेडान,sedan,count=3
सेन,sen,count=11
सेनगुप्ता,sengupta,count=3
सेनन,sanon,count=6
सेनन,senon,count=2
सेनन,senan,count=2
सेना,sena,count=41
सेनानी,senaani,count=2
सेनानी,senani,count=1
सेनिटाइज़र,sanitizer,count=3
सेनेगल,senegal,count=3
सेनेटरी,sanitary,count=6
सेप्टिक,septic,count=3
सेफ्टी,safety,count=8
सेबी,sebi,count=11
सेमिनार,seminar,count=3
सेमी,semi,count=6
सेमीफाइनल,semifainal,count=9
सेमीफाइनल,semifinal,count=2
सेमीफाइनल,semiphainal,count=1
सेल,sale,count=3
सेल,sel,count=2
सेलजा,selja,count=3
सेलर,seller,count=3
सेलिब्रिटी,celebrity,count=2
सेलिब्रेट,celebrate,count=2
सेलीब्रेट,celebrate,count=2
सेलेक्शन,selection,count=1
सेलेनियम,selenium,count=3
सेलेरोन,celeron,count=2
सेल्टोस,seltos,count=9
सेल्फ,self,count=9
सेल्फी,selfie,count=7
सेल्फी,selfee,count=1
सेवक,sevak,count=2
सेवा,seva,count=105
सेवा,service,count=15
सेवा,services,count=9
सेवा,sarvis,count=3
सेवा,sevaa,count=3
सेवा,sewa,count=1
सेवाएं,services,count=6
सेवाएं,sevaayein,count=3
सेवाओं,services,count=5
सेवाओं,sevaon,count=3
सेवाओं,sewa,count=1
सेवारत,sevarat,count=1
सेविंग,seving,count=2
सेविंग,saving,count=1
सेविंग्स,sevinghs,count=1
सेविंग्स,savings,count=1
सेवी,sevi,count=3
सेवेंटी,seventy,count=3
सैंज,sainj,count=2
सैंट्रो,santro,count=5
सैंडविच,sandwich,count=3
सैक,saic,count=1
सैकड़ों,saikdon,count=3
सैक्रामेंटो,sacramento,count=3
सैगमेंट,segment,count=3
सैटलाइट,satellite,count=3
सैटेलाइट,satellite,count=6
सैथ,seth,count=7
सैन,san,count=3
सैनन,sanon,count=3
सैनिक,sainik,count=6
सैनिकों,sainikon,count=6
सैनिटाइजर,sanitizer,count=3
सैनी,saini,count=5
सैनेटोरियो,sanatorio,count=2
सैन्य,sainya,count=9
सैन्य,sainy,count=7
सैफ,saif,count=22
सैफ़,saif,count=3
सैफी,saifi,count=3
सैम,sam,count=3
सैमसंग,samsung,count=69
सैमसंग,samsang,count=1
सैमसंग,saamsang,count=1
सैमुअल,samuel,count=6
सैलरी,salary,count=3
सैलानियों,sailaniyon,count=2
सैलानियों,sailanion,count=1
सैलून,salon,count=3
सैलून,saloon,count=3
सॉइल,soil,count=18
सॉनेट,sonet,count=2
सॉन्ग,song,count=2
सॉफ़्टपीओएस,softpos,count=3
सॉफ़्टवेयर,software,count=3
सॉफ्ट,soft,count=12
सॉफ्टबैंक,softbank,count=3
सॉफ्टवेयर,software,count=8
सॉल्वेंट,solvent,count=3
सो,so,count=4
सोक,soc,count=2
सोकोलोव,sokolov,count=2
सोच,soch,count=9
सोचते,sochte,count=3
सोचने,sochne,count=3
सोढ़ी,sodhi,count=1
सोनम,sonam,count=6
सोनी,sony,count=12
सोनी,soni,count=4
सोनीलाल,sonilal,count=1
सोनू,sonu,count=5
सोने,sone,count=3
सोनोटेक,sonotek,count=3
सोफी,sophie,count=7
सोफी,sofi,count=3
सोमवार,somvaar,count=36
सोमवार,somwaar,count=1
सोयेब,soyeb,count=3
सोरेन,soren,count=4
सोलन,solan,count=6
सोलर,solar,count=33
सोलह,solah,count=3
सोसायटी,sosaayati,count=2
सोहो,soho,count=2
सौ,sau,count=6
सौ,soola,count=3
सौंप,saunp,count=3
सौंपा,saunpa,count=6
सौंपा,saumpa,count=3
सौंपी,saumpi,count=5
सौंपी,sumpi,count=2
सौंपी,sounpi,count=1
सौंपी,saunpi,count=1
सौगात,saugaat,count=3
सौतेली,sauteli,count=2
सौभाग्यवती,saubhagyavati,count=2
सौर,saur,count=6
सौर,solar,count=6
सौर,sor,count=1
सौरभ,sourabh,count=3
सौरमंडल,saurmandal,count=2
सौरव,sourav,count=7
सौरव,saurav,count=3
सौरव,saurov,count=2
सौराष्ट्र,saurashtra,count=1
स्काइप,skype,count=3
स्काई,sky,count=18
स्काईडाइवर,skydiver,count=1
स्काईबैग्स,skybags,count=3
स्किड,skid,count=3
स्किल,skill,count=4
स्की,ski,count=3
स्कीम,scheme,count=13
स्कूटर,scooter,count=12
स्कूप,scoop,count=2
स्कूल,school,count=68
स्कूल,schools,count=4
स्कूल,skool,count=2
स्कूली,schooli,count=5
स्कूलों,schoolon,count=10
स्कूलों,schools,count=6
स्केल,scale,count=7
स्केलिंग,scaling,count=3
स्कॉट,scott,count=1
स्कॉटलैंड,scotland,count=10
स्कॉलरशिप,scholarship,count=3
स्कॉलर्स,scholars,count=1
स्कोडा,skoda,count=6
स्कोर,score,count=19
स्कोर,skor,count=2
स्क्रिम्स,scrims,count=3
स्क्रीन,screen,count=8
स्क्रीनशॉट,screenshot,count=1
स्क्रैम्बलर,scrambler,count=3
स्टंट,stunt,count=3
स्टरनेक,sterneck,count=2
स्टाइरिस,styris,count=1
स्टाइल,style,count=8
स्टाइलिश,stylish,count=6
स्टाइलिस्ट,stylist,count=3
स्टाइल्स,styles,count=5
स्टाफ,staff,count=39
स्टाफ,staaf,count=3
स्टाफ,staph,count=1
स्टाफिंग,staffing,count=1
स्टार,star,count=66
स्टारर,starrer,count=15
स्टार्ट,start,count=9
स्टार्टअप,startup,count=19
स्टार्टअप्स,startups,count=9
स्टार्स,stars,count=8
स्टिंग,sting,count=3
स्टीरियो,stereo,count=1
स्टील,steel,count=8
स्टीव,steve,count=10
स्टीव,steev,count=2
स्टुअर्ट,stuart,count=3
स्टूडियो,studio,count=4
स्टूडेंट,student,count=3
स्टूडेंट्स,students,count=3
स्टेंट,stent,count=3
स्टेक,stake,count=3
स्टेकहोल्डर्स,stakeholders,count=3
स्टेट,state,count=43
स्टेटमेंट,statement,count=3
स्टेटस,status,count=3
स्टेटा,stata,count=3
स्टेडियम,stadium,count=34
स्टेडियम,stediyam,count=2
स्टेन,steyn,count=3
स्टेनकोविक,stankovic,count=1
स्टेनली,stanley,count=3
स्टेबिलिटी,stability,count=2
स्टेशन,station,count=161
स्टेशनों,steshanon,count=4
स्टेशनों,stationon,count=3
स्टेशनों,stations,count=2
स्टैंड,stand,count=4
स्टैंडर्ड,standard,count=6
स्टैंडर्ड्स,standards,count=5
स्टॉक,stock,count=19
स्टो,stowe,count=2
स्टोक्स,stokes,count=1
स्टोन्स,stones,count=9
स्टोर,store,count=23
स्टोरी,story,count=9
स्टोरीलाइन,storeelin,count=1
स्टोरेज,storage,count=63
स्टोरेज,storij,count=2
स्टोरेज,storaaj,count=2
स्ट्राइक,strike,count=2
स्ट्रिंगर्स,stringers,count=3
स्ट्रीट,street,count=24
स्ट्रीप,streep,count=2
स्ट्रीम,stream,count=6
स्ट्रीमिंग,streaming,count=6
स्ट्रेचर,stretcher,count=3
स्ट्रेटेजिक,strategic,count=3
स्ट्रेन,strain,count=2
स्ट्रोम,strom,count=2
स्ट्रोमैन,strowman,count=2
स्तंभों,stambhon,count=3
स्तब्ध,stabdh,count=3
स्तर,star,count=35
स्तर,satar,count=1
स्त्री,stree,count=3
स्त्रोत,strot,count=5
स्थगित,sthagit,count=8
स्थगित,sthitgit,count=1
स्थल,sthal,count=8
स्थलों,sthalon,count=2
स्थलों,sthaloon,count=1
स्थान,sthaan,count=8
स्थान,sthan,count=1
स्थानांतरण,sthanantaran,count=3
स्थानांतरित,sthaanantarit,count=3
स्थानीय,sthaaniya,count=6
स्थानों,sthanon,count=3
स्थापक,sthaapak,count=1
स्थापना,sthaapna,count=11
स्थापना,sthapana,count=6
स्थापना,sthaapnaa,count=2
स्थापित,sthapit,count=15
स्थापित,sthaapit,count=2
स्थायी,sthaayee,count=2
स्थायी,sthayi,count=1
स्थावर,sthaavar,count=1
स्थित,sthit,count=89
स्थिति,sthiti,count=18
स्थितियां,sthitiyan,count=3
स्थिर,sthir,count=4
स्थिरता,sthirta,count=3
स्थिरता,sthirata,count=3
स्नातकों,snaatak,count=3
स्नान,snan,count=3
स्नूकर,snooker,count=3
स्नेल,snell,count=2
स्नैपडील,sanpdeal,count=2
स्नैपडील,snapdeal,count=1
स्नैपड्रैगन,snapdragon,count=15
स्पर्धा,spardha,count=1
स्पष्ट,spasht,count=6
स्पाइडर,spyder,count=3
स्पाइनल,spinal,count=3
स्पाइसजेट,spicejet,count=1
स्पाई,spy,count=3
स्पिन,spin,count=6
स्पिनर,spinner,count=12
स्पिनर,spiner,count=1
स्पिनरों,spinron,count=1
स्पिरिट,spirit,count=3
स्पीकर,speaker,count=6
स्पीकर्स,speakers,count=3
स्पीच,speech,count=3
स्पीड,speed,count=12
स्पीति,spiti,count=6
स्पुतनिक,sputnik,count=3
स्पेंड,spend,count=2
स्पेन,spain,count=7
स्पेनिश,spanish,count=3
स्पेशल,speshal,count=4
स्पेशल,special,count=4
स्पेशलिस्ट,speshalisht,count=1
स्पैटियल,spatial,count=1
स्पैनिश,spanish,count=3
स्पॉट,spot,count=3
स्पोर्ट,sport,count=3
स्पोर्टिंग,sporting,count=3
स्पोर्ट्ज,sportz,count=2
स्पोर्ट्ज,sports,count=1
स्पोर्ट्स,sports,count=32
स्प्रिंकलर,sprinkler,count=4
स्प्रिंग,spring,count=7
स्प्लैश,splash,count=3
स्बेरबैंक,sberbank,count=2
स्मरण,smaran,count=3
स्माइल,smile,count=3
स्मारकों,smaarakon,count=3
स्मार्ट,smart,count=26
स्मार्टफ़ोन,smartphone,count=3
स्मार्टफोन,smartphone,count=73
स्मार्टफोन,smaartfone,count=12
स्मार्टफोन,smartphones,count=1
स्मार्टफोन्स,smartphone,count=3
स्मार्टफोन्स,smaartfonon,count=1
स्मार्टफोन्स,smartfons,count=1
स्मार्टवॉच,smartwatch,count=1
स्मिता,smita,count=1
स्मिथ,smith,count=13
स्मृति,smriti,count=19
स्मैकडाउन,smackdown,count=15
स्मॉग,smog,count=3
स्मॉल,small,count=2
स्रोत,strot,count=1
स्लाइड,slide,count=3
स्लैश,slash,count=3
स्लो,slo,count=3
स्लोगन,slogans,count=3
स्व,swargiya,count=1
स्वच्छ,swachh,count=3
स्वच्छता,swachhta,count=13
स्वजनों,swajan,count=3
स्वतंत्रता,swatantrata,count=9
स्वतंत्रता,svatantrata,count=1
स्वयं,swayam,count=3
स्वयंभू,swayambhu,count=3
स्वरा,swara,count=3
स्वरूप,swaroop,count=3
स्वर्णिम,swarnim,count=3
स्वागत,swagat,count=16
स्वागत,swaagat,count=1
स्वाति,swati,count=3
स्वान,swan,count=3
स्वामित्व,swamitwa,count=1
स्वामी,swami,count=15
स्वायत्त,swaayatt,count=3
स्वास्थ्य,swasthya,count=50
स्वास्थ्य,swaasthya,count=15
स्वास्थ्य,svaasthya,count=6
स्वास्थ्य,swaasthy,count=5
स्वास्थ्य,svaasthy,count=3
स्वास्थ्य,svasth,count=1
स्विटजरलैंड,switzerland,count=3
स्विट्ज़रलैंड,svitzarland,count=2
स्विफ्ट,swift,count=9
स्विफ्ट,swwift,count=1
स्विस,swiss,count=8
स्वीकार,sveekaar,count=2
स्वीकारते,svikaarate,count=3
स्वीकृत,sveekrit,count=3
स्वीकृति,swikriti,count=3
स्वीडन,sweden,count=2
स्वीडिश,swedish,count=2
स्वीडिश,svedish,count=1
स्वीप,sweep,count=2
स्वेट,sweat,count=3
स्वैगर,swaagar,count=1
स्वैगर,swagger,count=1
सड़कें,sadaken,count=3
हंगरी,hungary,count=3
हंगेरियन,hungarian,count=1
हंसी,hansi,count=5
हकीकत,haqeeqat,count=1
हकीम,hakim,count=3
हज,haj,count=3
हजरत,hazrat,count=3
हज़ार,hazaar,count=9
हजार,hazaar,count=30
हजार,hajaar,count=8
हजार,hazar,count=5
हजारे,hazare,count=5
हजारे,hazaray,count=1
हजारों,hazaaron,count=12
हटाए,hataaye,count=1
हटाकर,hatakar,count=6
हटाने,hatane,count=9
हटाने,hataane,count=2
हटाया,hataaya,count=3
हत्या,hatya,count=9
हत्या,hatyaa,count=3
हत्यारों,hatyaaron,count=3
हथियार,hathiyar,count=2
हथियार,hathiyaar,count=2
हथियारों,hathiyaron,count=3
हनी,honey,count=6
हनुमा,hanuma,count=5
हनुमान,hanuman,count=2
हनुमानगढ़,hanumaangadh,count=3
हनुमानगढ़,hanumangadh,count=3
हनुमानजी,hanumanji,count=1
हफपोस्ट,huffpost,count=3
हफीज,hafeez,count=3
हफ्ते,hafte,count=26
हफ्ते,haphte,count=1
हफ्तों,hafte,count=3
हफ्तों,hafteyon,count=3
हब,hub,count=3
हम,hum,count=172
हम,ham,count=15
हमने,humne,count=85
हमने,hamne,count=7
हमने,hamen,count=2
हमने,hamane,count=1
हमनें,hamne,count=3
हमर,hummer,count=3
हमला,hamla,count=23
हमलावर,hamlaavar,count=3
हमले,hamle,count=7
हमशक्ल,humshakl,count=3
हमशक्ल,hamshaakl,count=2
हमशक्ल,humshakal,count=1
हमसे,humse,count=2
हमसे,hamse,count=1
हमारा,hamara,count=18
हमारा,hamaara,count=9
हमारा,humara,count=9
हमारी,hamari,count=35
हमारी,hamaari,count=17
हमारी,hamara,count=6
हमारी,humara,count=3
हमारे,hamare,count=90
हमारे,hamaare,count=67
हमारे,humare,count=14
हमारे,humaare,count=1
हमास,hamas,count=2
हमीरपुर,hamirpur,count=4
हमें,hamein,count=38
हमें,humein,count=20
हमेशा,hamesha,count=22
हर,har,count=62
हरदीप,hardeep,count=3
हरनाज,harnaaz,count=2
हरफनमौला,harfanmaula,count=3
हरभजन,harbhajan,count=6
हरमन,harman,count=2
हरमनप्रीत,harmanpreet,count=3
हरा,hara,count=12
हराकर,harakar,count=14
हराकर,haraakar,count=5
हराया,haraya,count=11
हराया,haraaya,count=3
हरित,harit,count=3
हरिद्वार,haridwar,count=2
हरिप्रसाद,hariprasad,count=3
हरियर,hariyar,count=3
हरियाणवी,haryanvi,count=8
हरियाणा,haryana,count=70
हरियाणा,hariyana,count=11
हरिलाल,harilal,count=1
हरिवंशराय,harivanshrai,count=2
हरी,hari,count=3
हरे,hare,count=3
हर्बल,herbal,count=1
हर्ष,harsh,count=3
हर्षवर्धन,harshavardhan,count=3
हर्षवर्धन,harshvardhan,count=3
हलके,halke,count=3
हलचल,halchal,count=7
हलवड़,halvad,count=1
हल्का,halka,count=2
हल्की,halki,count=4
हल्दिया,haldia,count=4
हल्दिया,haldiya,count=2
हल्दी,haldi,count=6
हल्द्वानी,haldwani,count=8
हवा,hawa,count=3
हवाई,havaee,count=3
हवाई,hawai,count=3
हवाई,hawaii,count=3
हवाई,havaai,count=3
हवाला,hawala,count=3
हवाले,hawale,count=3
हवाले,hawaale,count=3
हवेली,haveli,count=2
हशमतउल्लाह,hashmatullah,count=3
हसन,hasan,count=4
हसनंदानी,hansandani,count=3
हसी,hussey,count=2
हसीजा,hasija,count=1
हस्तक्षेप,hastakshep,count=1
हस्तशिल्प,hastashilp,count=3
हस्ताक्षर,hastakshar,count=6
हस्तियां,hastiya,count=1
हाँ,haan,count=4
हां,haan,count=3
हांग,hong,count=3
हाइक,hike,count=2
हाइड्रोइलेक्ट्रिक,hydroelectric,count=2
हाइड्रोजन,hydrogen,count=1
हाइब्रिड,hybrid,count=2
हाइलाइट,highlight,count=3
हाइलाइट्स,highlights,count=5
हाई,high,count=15
हाईकोर्ट,highcourt,count=1
हाईवे,highway,count=13
हाईवे,highways,count=3
हाईवे,haivay,count=1
हाईस्कूल,highschool,count=3
हाउडी,howdy,count=6
हाउस,house,count=11
हाउस,houses,count=2
हाउस,haus,count=1
हाउसफुल,housefull,count=2
हाउसिंग,housing,count=4
हाजिर,haazir,count=1
हाटों,haaton,count=3
हातोद,haatod,count=3
हाथ,haath,count=18
हाथरस,haathras,count=3
हाथी,haathi,count=3
हाथों,haathon,count=5
हादसा,haadsa,count=3
हादसे,haadse,count=7
हादसे,haadsae,count=2
हादसे,haadsa,count=2
हानि,haani,count=3
हायरिंग,hiring,count=1
हार,haar,count=23
हार,har,count=1
हारने,haarnae,count=2
हारने,haarne,count=1
हारे,hare,count=3
हार्ट,heart,count=5
हार्डवेयर,hardware,count=3
हार्डी,hardy,count=1
हार्दिक,hardik,count=10
हार्दिक,haardik,count=3
हार्बर,harbour,count=3
हार्म,harm,count=3
हार्ली,harley,count=1
हार्वर्ड,harvard,count=1
हाल,haal,count=79
हालत,haalat,count=8
हालत,haalath,count=1
हालाँकि,haalaanki,count=3
हालांकि,halaanki,count=9
हालांकि,haalaanki,count=5
हालांकि,haalanki,count=5
हालात,haalaat,count=3
हालात,haalat,count=2
हालात,haalaton,count=1
हालिया,haaliya,count=1
हाशमी,hashmi,count=3
हासन,haasan,count=6
हासिल,haasil,count=23
हासिल,hasil,count=6
हाहाकार,haahaakaar,count=7
हाहाकार,haahakaar,count=1
हिंडाडीह,hindadiha,count=1
हिंडालको,hindalco,count=3
हिंदी,hindi,count=90
हिंदुस्तान,hindustan,count=19
हिंदुस्तानी,hindustani,count=1
हिंदू,hindu,count=11
हिंसक,hinsak,count=2
हिंसा,hinsa,count=14
हिट,hit,count=6
हित,hit,count=1
हितों,hiton,count=6
हिना,hina,count=11
हिन्द,hind,count=3
हिन्दुस्तान,hindustan,count=10
हिन्दुस्तानी,hindustani,count=1
हिमांश,himansh,count=3
हिमांशी,himanshi,count=1
हिमाचल,himachal,count=85
हिमालय,himalaya,count=3
हिमालयन,himalayan,count=2
हिरण,hiran,count=3
हिरानी,hirani,count=5
हिरासत,hiraasat,count=1
हिल,hill,count=5
हिल्स,hills,count=4
हिसाब,hisab,count=6
हिसाब,hisaab,count=2
हिसार,hisar,count=3
हिसार,hisaar,count=3
हिस्टरी,history,count=3
हिस्सा,hissa,count=54
हिस्से,hisse,count=3
हिस्सेदारी,hissedari,count=11
हिस्सेदारी,hisseadaari,count=2
हिस्सों,hisson,count=6
ही,hi,count=558
ही,hee,count=13
ही,match,count=2
हीट,heat,count=1
हीरा,heera,count=2
हीरो,hero,count=9
हीरोइन,heroine,count=3
हीलिंग,healing,count=3
हीली,healy,count=1
हीली,heelee,count=1
हु,who,count=1
हुंडई,hyundai,count=14
हुंडई,hundai,count=2
हुआ,hua,count=212
हुआ,hue,count=2
हुई,hui,count=150
हुई,hua,count=4
हुई,huee,count=3
हुई,shuruaat,count=3
हुईं,hui,count=4
हुए,hue,count=223
हुए,huye,count=21
हुए,shared,count=3
हुए,hairaan,count=1
हुए,hua,count=1
हुगली,hugli,count=2
हुगली,hoogli,count=1
हुबली,hubli,count=3
हुराकन,huracan,count=6
हुलास,hulas,count=3
हुलु,hullu,count=3
हुसैन,hussain,count=1
हूँ,hoon,count=22
हूं,hoon,count=34
हूं,kehta,count=3
हूं,hai,count=2
हूडा,huda,count=1
हृदयपूर्वक,hridaypoorvak,count=3
हृदयेश,hridyesh,count=2
हृदयेश,hridayesh,count=1
हेक्टर,hector,count=8
हेगले,hagley,count=2
हेजल,hazel,count=1
हेड,head,count=7
हेडली,hadlee,count=3
हेतल,hetl,count=2
हेतल,hetal,count=1
हेतु,hetu,count=10
हेतु,hethu,count=2
हेनैप,henap,count=3
हेमंत,hemant,count=7
हेमन,heyman,count=2
हेमा,hema,count=1
हेम्सवर्थ,hemsworth,count=3
हेयर्स,hairs,count=2
हेरिटेज,heritage,count=3
हेलमेट,helmet,count=3
हेलिकॉप्टर,helicopter,count=6
हेलियोस्फियरिक,heliospheric,count=3
हेलीकॉप्टर,helikopter,count=2
हेलीकॉप्टर,helikaaptor,count=2
हेलीकॉप्टर,helicopter,count=1
हेल्थ,health,count=65
हेल्थकेयर,healthcare,count=9
हेल्प,help,count=9
हेल्पलाइन,helpline,count=18
हेव,have,count=3
हेवी,heavy,count=3
है,hai,count=5030
है,hain,count=84
है,he,count=12
है,hi,count=4
है,nahin,count=3
है,hoon,count=2
हैं,hain,count=1781
हैं,hai,count=133
हैं,he,count=4
हैं,khatkhataya,count=1
हैंक्स,hanks,count=3
हैंगमैन,hangman,count=2
हैंडबैग,handbag,count=3
हैंडल,handle,count=5
हैंडलर,handler,count=3
हैंडलिंग,handling,count=3
हैंडसम,handsome,count=1
हैंडसेट,handsets,count=3
हैंडसेट,handset,count=3
हैकथॉन,hekethon,count=3
हैकाथॉन,hackathons,count=3
हैचबैक,hatchback,count=10
हैथवे,hathway,count=3
हैदराबाद,hyderabad,count=25
हैदराबाद,hyderaabaad,count=2
हैदराबाद,haaidaraabaad,count=1
हैप्पी,happy,count=12
हैमरस्मिथ,hammersmith,count=1
हैरान,hairaan,count=8
हैरान,hairan,count=2
हैरासमेंट,harassment,count=3
हैरियट,harriet,count=2
हैरियर,harrier,count=3
हैरिस,harris,count=4
हैरिसन,hairisan,count=2
हैल्लो,hello,count=3
हैशटैग,hashtag,count=3
हैहस्ट,hayhurst,count=1
हॉकी,hockey,count=15
हॉकी,hoki,count=2
हॉग,hogg,count=1
हॉट,hot,count=18
हॉटस्टार,hotstar,count=6
हॉपकिंस,hopkins,count=3
हॉर्न,horn,count=2
हॉल,hall,count=7
हॉलीवुड,hollywood,count=16
हॉल्स,halls,count=3
हॉस्टल,hostel,count=3
हॉस्पिटल,hospital,count=18
हॉस्पिटल,aspataal,count=3
हॉस्पिटैलिटी,hospitality,count=3
हो,ho,count=608
हों,hon,count=12
हों,ho,count=6
होंगी,hongi,count=6
होंगे,honge,count=79
होंगे,hongee,count=2
होंडा,honda,count=15
होकर,hokar,count=3
होगा,hoga,count=172
होगा,hongi,count=3
होगा,hogi,count=3
होगा,rahega,count=1
होगी,hogi,count=63
होटल,hotel,count=6
होटल्स,hotels,count=3
होता,hota,count=79
होता,hoti,count=3
होती,hoti,count=63
होती,hota,count=6
होती,hote,count=3
होते,hote,count=53
होते,hoti,count=3
होना,hona,count=45
होनी,honi,count=10
होने,hone,count=222
होने,hona,count=3
होने,honi,count=2
होम,home,count=36
होमउत्तर,gharuttar,count=2
होमउत्तर,homeuttar,count=1
होराइज़न,horizon,count=3
होलिस्टिक,holistic,count=6
होली,holi,count=23
होलैंडर,hollander,count=3
होल्डर्स,holders,count=3
होल्डिंग्स,holdings,count=15
होस्ट,host,count=3
होस्टल,hostal,count=2
होस्ट्स,hosts,count=3
हौसले,honsle,count=1
ह्युंडई,hyundai,count=5
ह्यूमन,human,count=6
ह्यूराकैन,huracan,count=3
ह्रितिक,hrithik,count=6
हक़ीक़त,haqeeqat,count=1
िनालको,inalco,count=1
ज़हाँग,zhang,count=1
ज़हेनडोंग,zhendong,count=1
०६,navambar,count=2
०७,december,count=1
१,ferguson,count=2
१०,pichle,count=1
१०,mein,count=1
१२वीं,barahvi,count=3
१३,terah,count=2
१५,pandrah,count=2
१६,mein,count=3
१६,solah,count=2
१८,xviii,count=1
१८९५,janm,count=2
१९,pakistan,count=2
२,ii,count=2
२००८,hain,count=1
२००८,edition,count=1
२०१९,bhopal,count=2
२०१९,naveenatam,count=2
२०१९,election,count=2
२०१९,unnais,count=1
२०२०,date,count=3
२०२०,final,count=2
२०२०,season,count=1
२०२०,gaye,count=1
२०२१,ke,count=3
२३००,mein,count=2
२४,nyooz,count=1
२५,february,count=1
२६,jaaniye,count=3
२६,xxvi,count=1
२७,prani,count=1
३०,narzo,count=1
३००,police,count=2
३००,dhoni,count=2
४,dilli,count=1
४००,issues,count=2
४२,aur,count=1
४७,parivaro,count=1
६१,waan,count=1
७,shaharon,count=1
७,redmi,count=1
८३,aaj,count=1
