native,freq
में,38716823
लिए,8501516
किया,7731885
गया,7558330
हैं,7244594
नहीं,6617030
सिंह,5604587
पुलिस,4679264
दिया,4557405
करने,4462110
कहा,4429093
रहे,4036223
कुमार,3886457
बाद,3835536
करें,3635545
साथ,3615628
रहा,3506850
रही,3469754
बताया,3320111
हुए,3298415
कमेंट,3233368
लोगों,3221755
उन्होंने,3008175
होने,2575891
गांव,2352693
लेकर,2306084
जिला,2288308
इसके,2193032
एवं,2136470
क्षेत्र,2120770
द्वारा,2048189
हुई,2015721
लेकिन,2000386
लिया,1963333
सरकार,1932019
अपने,1916641
विभाग,1820620
मोबाइल,1808515
वाले,1800612
दौरान,1797281
आदि,1766125
सभी,1751406
मौके,1671344
फोटो,1669587
देखने,1654782
जागरण,1654565
जाने,1636167
दिन,1612377
नगर,1609984
तथा,1586529
जाएं,1558357
निवासी,1520131
लोग,1514844
वीडियो,1510302
बैठक,1502762
शुरू,1498271
कोई,1490462
हुआ,1489913
ताजा,1487706
करते,1486108
स्कोर,1480923
खबरें,1473633
लाइव,1473507
समय,1421537
यादव,1419317
जाएगा,1416557
तीन,1411931
मामले,1406885
रुपये,1385228
कारण,1382181
पहले,1380993
थाना,1367375
पूर्व,1356079
विकास,1354999
संवाददाता,1332564
अन्य,1327415
जानकारी,1326446
कुछ,1324917
दर्ज,1307889
शर्मा,1288385
जांच,1273059
अध्यक्ष,1257925
स्कूल,1235104
यहां,1232836
अधिकारी,1228920
किसी,1201110
उनके,1175106
कार्य,1165437
पास,1163659
स्थित,1158700
कार्यक्रम,1158290
अस्पताल,1151277
वहीं,1150928
पंचायत,1125158
बात,1116855
पानी,1114938
किए,1097294
मांग,1095961
बच्चों,1095560
खिलाफ,1095055
बार,1091819
रूप,1086203
बजे,1084937
काम,1062079
उन्हें,1053296
कार्रवाई,1049604
तरह,1049038
देने,1046598
प्रदेश,1046355
महिला,1044789
उसे,1040565
वर्ष,1039594
मौजूद,1032101
अपनी,1024843
उसके,1019026
शहर,1017352
चुनाव,1011178
हजार,1009232
सूचना,983541
दोनों,980364
केंद्र,972524
निर्माण,962084
सहित,959174
टीम,959109
देवी,952452
घटना,950263
सड़क,947131
विद्यालय,946860
मुख्य,942552
शिक्षा,941798
चार,936649
बीच,935216
प्रशासन,926177
बिजली,923482
रात,918460
शामिल,917560
जिले,916148
होगा,912923
कार्यालय,908315
संवाद,907199
इससे,892344
मौत,876614
उपस्थित,868782
करीब,864443
लाख,864331
सुबह,864031
दिए,855598
नाम,852742
पांच,847779
अधिकारियों,847569
कराया,839875
जाएगी,839797
आयोजित,834371
राम,826876
कहना,819341
जारी,815352
इसी,811670
निर्देश,811216
काफी,804866
करना,802022
प्रधान,800932
जाता,795049
प्रखंड,794485
जबकि,786670
व्यवस्था,782814
आने,781141
प्रसाद,777707
घायल,768373
आरोप,767238
किसानों,764994
योजना,761770
तहत,761628
लगा,748229
भाजपा,747978
आयोजन,747178
दिल्ली,745051
वाली,738413
अवसर,737298
सोमवार,735467
संख्या,735100
अधिक,730890
शिकायत,726461
ग्रामीणों,726438
उनकी,725018
बंद,719243
इसमें,717335
राज्य,716098
समिति,715917
परीक्षा,712927
अलावा,712645
अभियान,712574
मामला,712413
ऐसे,711977
अनुसार,711402
चाहिए,711382
युवक,710320
मंदिर,703672
पहुंचे,702070
सचिव,699799
ग्राम,697872
रोड,691585
पत्र,691321
पुत्र,688965
मंगलवार,686411
उसकी,684855
जहां,680669
होगी,680311
शनिवार,680052
मिल,679331
कराने,677366
पूरी,669944
बुधवार,669564
शुक्रवार,667720
छात्र,664840
पार्टी,662853
विभिन्न,658766
रविवार,658164
फिर,649665
मंत्री,646484
शाम,646362
साल,639532
गुप्ता,639134
अभी,634065
आरोपी,630838
गयी,626960
जाए,624354
स्वास्थ्य,622942
जिसमें,617834
वहां,615632
गिरफ्तार,614945
स्थानीय,612394
निगम,611626
विधायक,610557
प्रभारी,609594
समेत,601559
बनाने,601170
माह,597027
लाल,592972
श्री,587267
परिवार,585744
दिनों,578203
प्रदर्शन,576440
इसकी,575810
प्रयास,569689
सरकारी,565662
सामने,564225
ग्रामीण,562954
जिससे,561839
सदस्य,560383
बैंक,558165
समाज,556392
सुरक्षा,551034
वाहन,548179
समस्या,546872
किसान,545100
पूरा,543187
कांग्रेस,542676
देश,541038
बारे,539198
चलते,538341
लगाया,538071
हत्या,537029
रहने,536547
मिलने,535560
बाहर,531060
बाजार,530712
सहयोगी,529374
स्थिति,527424
कालेज,525832
दूसरे,525276
लगे,520058
पदाधिकारी,516812
चोरी,515934
शिक्षक,515589
प्रतियोगिता,514892
भाग,514209
मार्ग,513209
रिपोर्ट,509600
मुख्यमंत्री,509516
स्थान,509160
प्रतिनिधि,508460
सफाई,506234
रेलवे,502922
सकता,501110
छात्रों,498802
मंडल,497969
मिली,497238
होती,497112
कर्मचारियों,494711
आदेश,492795
पहुंच,492716
पिछले,491086
लेने,489524
होता,487714
विरोध,487388
नेता,484961
प्राप्त,483648
जगह,481609
तैयार,479556
सेवा,479232
उनका,477818
परिजनों,475115
अपना,474954
देर,474189
जनता,474106
चालक,469792
चौधरी,466881
प्रति,466106
मिला,464987
गंभीर,463667
संबंध,461069
संघ,460950
अलग,459970
जमीन,459416
भवन,456555
अध्यक्षता,456520
जाती,455815
कॉलेज,455240
वालों,453672
उक्त,452778
कर्मचारी,452352
जल्द,449203
बाइक,448729
प्रकाश,448363
राष्ट्रीय,447924
गुरुवार,447781
बना,446432
जाम,446304
करेंगे,444224
विशेष,442869
स्तर,435877
स्टेशन,434894
व्यक्ति,434691
लगी,434318
महिलाओं,433528
थाने,432817
होकर,432595
कमेटी,429618
गये,428887
राय,428715
उसने,428608
परिसर,428480
देते,427964
देकर,425741
वार्ड,421612
संबंधित,421104
नंबर,419511
तरफ,417733
पूरे,417244
समारोह,415413
उपलब्ध,414574
प्रथम,413720
वर्मा,412221
सात,411037
शिविर,408431
शिक्षकों,407690
भारत,407664
सभा,407550
बच्चे,407368
लगभग,406563
इसका,406525
आगे,404987
विजय,403434
राशि,402566
संजय,401865
भर्ती,401624
अशोक,401203
दूर,398793
वर्ग,395834
परिषद,395556
दिवस,392451
मां,391947
लाइन,391586
होते,390368
मारपीट,389963
घंटे,389348
पंजाब,388126
प्रमुख,386285
पिता,386141
रखा,386072
छात्राओं,384959
पहुंची,384455
आया,383146
उसका,382738
अवैध,382691
कौर,381139
इसे,380885
दुकान,380785
अगर,379004
पता,378714
इलाज,376518
जमा,375730
जिस,375454
कोतवाली,374564
राजेश,370794
आधार,370775
विद्यार्थियों,369355
जेल,369217
नजर,367824
मतदान,367109
ज्यादा,366657
लगाने,366259
जिलाधिकारी,365675
खेल,362744
यदि,362139
कर्मियों,362055
दोपहर,357560
सबसे,357144
पांडेय,356712
बोर्ड,356071
चौक,356058
भाई,355381
प्रशिक्षण,354998
शराब,354846
ट्रक,354301
सवार,353705
बावजूद,353349
पूजा,351814
सदर,351534
जाते,351151
डीएम,350243
करोड़,349663
हालत,348734
गांवों,348106
निरीक्षण,346835
आरोपियों,346680
हालांकि,346272
युवा,345366
चुकी,345114
सदस्यों,345046
वाहनों,344750
सके,343933
कार,343897
बरामद,343493
विद्युत,343318
पड़ा,341786
भारी,341784
भेज,341467
एसपी,341354
अनिल,341314
बड़ी,341277
चुके,340828
जिसके,338264
जीवन,336852
अग्रवाल,336181
तिवारी,335793
नेतृत्व,333065
चला,332405
सहयोग,331841
मनोज,330178
भारतीय,329383
वापस,327242
बनाया,326020
मार्च,325408
वितरण,325140
कुमारी,325048
परेशानी,322767
करके,322197
कंपनी,321106
प्राथमिक,320864
प्रकार,320098
कार्यकर्ताओं,319362
कही,319044
कराई,318090
वजह,316564
स्कूलों,316458
कृषि,316240
पति,315004
ध्यान,314910
कोर्ट,314741
संगठन,313572
होना,313381
जाएंगे,311930
दूसरी,311589
संबोधित,310430
आपूर्ति,309694
ताकि,309214
लाभ,308232
माध्यम,306621
निर्णय,306613
हाथ,306139
बढ़,305417
मुताबिक,305023
बारिश,303668
मिले,303308
होंगे,303051
एसडीएम,302296
सामान,302205
विवाद,301973
जैन,301317
पाया,301087
ऐसा,300830
वाला,300700
राज,300638
सकते,299953
संचालन,299637
बिना,299258
अजय,299154
आंदोलन,298999
जाना,298097
वरिष्ठ,296635
विधानसभा,296442
राकेश,294445
देख,294284
कुल,293952
हाल,293733
आवेदन,293671
बने,292835
भेजा,292680
देखते,292056
रखने,291922
मंडी,291885
तेज,291300
चुका,291262
मुकदमा,291147
धरना,290329
जिलाध्यक्ष,289594
भूमि,289218
ठाकुर,288876
अदालत,288303
पत्नी,288231
इसलिए,288140
बनी,287815
रैली,286631
जैसे,286547
प्रतिशत,285955
करा,285671
कहीं,285511
भीड़,284466
मिश्र,284266
सूत्र,283970
फरार,282282
क्या,281679
सूची,281581
परेशान,281018
तैनात,280690
बिहार,280148
साफ,279680
तहसील,279110
बनाए,278227
अंदर,278064
शासन,276735
सुनील,276072
सुविधा,276060
गाव,275717
भगवान,274841
दर्जन,274479
बाबा,274353
लगातार,274206
उधर,273222
पक्ष,271454
समस्याओं,270929
अतिथि,270890
क्षेत्रों,270867
अभियंता,270136
मुख्यालय,269160
फसल,268899
मुखिया,268376
करता,268364
यात्रा,268047
निदेशक,267978
आवास,267871
चर्चा,267152
शादी,266888
सहायक,266056
थानाध्यक्ष,265943
उपाध्यक्ष,265373
वर्षीय,265307
एसोसिएशन,265281
ट्रेन,265234
सांसद,265056
निजी,264508
आसपास,263971
सकती,262470
विनोद,262439
मिश्रा,262352
कार्ड,261722
दास,261484
जान,261268
प्रत्याशी,259911
तैयारी,259728
अप्रैल,259589
ब्लाक,258963
बाल,257372
सिविल,256646
भुगतान,256279
पीड़ित,255723
क्लब,255535
शिव,255261
पहचान,255124
खराब,254747
सेक्टर,254288
पूछताछ,253213
सम्मानित,252971
जनवरी,252457
मेडिकल,252246
अधीक्षक,251958
ज्ञापन,251118
प्रवेश,251103
स्थल,250585
प्रबंधक,250433
इंटर,249472
प्रक्रिया,249316
विचार,248879
उच्च,248786
कभी,248124
बड़े,247700
अहमद,247283
पीछे,247166
लगाए,247138
कमी,246153
इलाके,245567
प्रो,244001
जाकर,243958
जमकर,243881
आश्वासन,243052
वेतन,242444
फोन,242373
जून,241561
हरियाणा,241433
सप्ताह,240813
गांधी,240473
तहरीर,239779
यही,239554
रेल,239192
हासिल,238975
रमेश,238894
बताते,238158
श्रीवास्तव,238085
विश्वविद्यालय,237653
यूनियन,237470
केवल,237307
मदद,237099
उत्तर,236790
मैदान,236547
खंड,236510
मौसम,236053
मरीजों,235847
मगर,235840
स्वागत,235714
मकान,235393
रोक,234979
निर्धारित,234773
खुद,234529
बेहतर,234095
नदी,234077
पुल,233553
अंतिम,232917
ठीक,232524
पेश,232315
लगाई,231542
खर्च,231429
सड़कों,231218
सिर्फ,230434
लूट,230414
बहुत,230100
जरूरत,229410
कार्यकर्ता,228608
प्रभावित,227822
बेटी,227010
कर्मी,226985
राजीव,226689
द्वितीय,226586
गाड़ी,226407
दें,226305
नेताओं,226148
घरों,226004
सका,225599
उपचार,225526
महतो,225178
केन्द्र,224746
समीप,224246
सही,224083
सुरेश,224074
उपायुक्त,223450
मार,223408
पोस्टमार्टम,223396
सपा,222754
जनपद,222706
तौर,222044
योजनाओं,221835
हादसे,221619
कृष्ण,221222
उर्फ,221119
विद्यालयों,220678
लगाकर,219555
यात्रियों,219526
अंतर्गत,218949
फरवरी,218404
संयुक्त,217821
चेयरमैन,217543
हड़ताल,217499
पार्षद,217087
लगने,216946
संस्था,216866
गेहूं,216846
अमित,216147
मृतक,216099
देखा,216075
दीपक,215957
रहता,215305
उद्घाटन,214924
कल्याण,214424
पहुंचा,214370
राहत,213947
संतोष,213770
प्रदीप,213748
घोषित,213573
कालोनी,212287
प्रस्ताव,212276
सफल,211858
नामांकन,211628
पाल,211439
आयोग,211262
लोक,211043
सिटी,210501
पेयजल,210390
मीटर,210314
जुलाई,210310
पहली,210164
प्रबंधन,209964
कक्षा,209783
न्यायालय,209597
चौहान,209415
प्रदान,209174
रहते,208841
बदमाशों,208756
गंगा,208677
धान,208669
सीमा,208277
करवाया,207325
सामना,206254
नही,206195
दिसंबर,205109
इधर,205100
मांगों,204484
महासचिव,204232
अतिक्रमण,204189
जीत,203755
स्थानों,203707
पदाधिकारियों,202968
तलाश,202958
टक्कर,202822
मैच,202802
नुकसान,202690
कार्यो,202459
माता,202171
अज्ञात,201783
लागू,201026
जरूरी,200526
मंच,200391
दिनेश,200148
राजकीय,200114
छात्रा,199930
बीडीओ,199919
युवकों,199895
दिशा,199263
अतिरिक्त,198993
शीघ्र,198949
दिवसीय,198661
उसी,198275
पार्क,198257
प्रेम,198112
रास्ते,197853
चलने,197764
प्रत्येक,196643
ऐसी,196383
संस्थान,196214
विरुद्ध,196154
घोषणा,196074
पड़े,195955
गेट,195823
सुभाष,195725
प्राथमिकी,195715
बल्कि,195590
अपील,195363
चौकी,195271
चंद,194313
चंद्र,194162
कब्जे,193127
मनाया,192892
केंद्रीय,192756
तभी,192397
कहते,192357
रखे,191687
गोली,191573
अली,191438
बयान,190874
जवाब,190742
मोदी,190049
मोहन,190031
प्रयोग,188869
युवाओं,188325
गर्मी,187821
पड़ी,187777
नारायण,187632
लखनऊ,187345
रखी,187169
सामाजिक,187118
आनंद,187017
चयन,186787
लक्ष्य,186694
खान,186384
किशोर,186164
नीचे,186122
आते,185953
सीओ,185629
सरपंच,185545
गुरु,185314
केंद्रों,184664
महीने,184525
प्राचार्य,184412
लापरवाही,184231
कोशिश,183633
तीनों,183474
बजट,183262
पड़ता,183255
क्योंकि,183223
प्रधानमंत्री,183210
किनारे,183179
चोरों,182782
पेंशन,182728
राजेंद्र,182460
युवती,181992
समाधान,181762
पहुंचने,181669
समाप्त,181580
पासवान,181104
पालिका,180723
श्रद्धालुओं,180294
तमाम,180083
प्रस्तुत,180023
कदम,179766
बनने,179720
संजीव,179470
सवाल,179446
खरीद,179266
वोट,179029
चिकित्सक,178220
शाखा,178198
गैस,177575
अचानक,177548
करती,177079
इनमें,176983
राहुल,176969
जिसे,176782
चले,176039
पवन,175848
नवंबर,175691
जागरूक,175650
करवाने,175243
व्यक्त,175201
छोटे,174901
हिस्सा,174729
मतदाता,174651
देना,174490
सुधार,174480
विभागीय,174407
विषय,173986
सेंटर,173277
संघर्ष,173241
दुर्घटना,173215
चेतावनी,172909
मध्य,172828
रहती,172765
बता,172165
कैंप,171756
अगस्त,171339
सम्मेलन,171143
आयुक्त,171093
गिरफ्तारी,170922
संपन्न,170919
मेला,170832
अक्टूबर,170472
जम्मू,170343
किये,169735
दुकानों,169555
थीं,169488
हजारों,169454
यातायात,169359
मुकेश,168799
प्रताप,168411
छोड़,168089
साइकिल,167555
काबू,167350
तालाब,167058
खाली,166851
खेत,166565
समीक्षा,165911
लिये,165598
संबंधी,165523
मेले,165494
मोटरसाइकिल,165483
सैकड़ों,165464
शांति,165453
स्टाफ,165394
पूर्ण,165367
कड़ी,165319
गायब,165151
संदीप,164991
हंगामा,164988
समक्ष,164752
मात्र,164376
पब्लिक,164246
आकर,164186
उससे,163647
अधिकार,163575
परिजन,163518
आलम,163513
स्वामी,162503
हमला,162404
दिखाई,162397
बड़ा,162319
शंकर,162219
कब्जा,162214
कानून,162146
लेते,161959
दर्जनों,161855
चिकित्सा,161724
दवा,161700
चलाया,161570
बनाकर,161516
केस,161470
संपर्क,161081
बीते,160679
गठन,160625
चपेट,160371
रोजगार,160293
महाविद्यालय,160127
सौंपा,160052
माध्यमिक,160052
भविष्य,159945
अंसारी,159592
विज्ञान,159377
तत्काल,159371
सकी,159242
सम्मान,159138
सत्र,159072
दुष्कर्म,158956
चरण,158689
हेतु,158604
निरीक्षक,158603
जिन,158329
त्रिपाठी,158281
क्रम,158191
फैसला,157745
समर्थन,157679
आर्थिक,157668
रुपए,157627
खां,157553
परियोजना,157493
अवगत,157281
साढ़े,157206
पुरस्कार,157192
चिकित्सकों,157190
लाखों,157175
बैठे,157096
राणा,156877
डेढ़,156859
एक्सप्रेस,156623
रोकने,156549
बस्ती,156537
सामान्य,156273
भूमिका,156201
नरेंद्र,156160
पंकज,156153
सैनी,155797
मजदूर,155777
खड़े,155165
वर्षो,154891
स्थापित,154653
जासं,154650
पाई,154580
राजकुमार,154478
दर्शन,154143
निज,154113
शुभारंभ,154078
राजस्व,153952
निकाली,153818
मिलकर,153672
माहौल,153571
दूसरा,153384
सिन्हा,153137
बेटे,152946
वर्तमान,152862
योग,152836
उम्मीद,152652
स्थापना,152651
साहिब,152057
फीसद,151913
बनाई,151821
पढ़ाई,151780
डिग्री,151697
हाउस,151613
विश्व,151530
एसडीओ,151426
जिम्मेदारी,151246
रहेगा,151169
नरेश,150954
सफलता,150930
आवश्यक,150791
करेगी,150756
सितंबर,150686
परिणाम,150579
भगत,150366
सहायता,150347
पहुंचकर,150104
गंदगी,150072
मजदूरों,150034
स्वयं,149947
धर्म,149630
मनरेगा,148712
पर्व,148518
संत,148441
रवाना,148367
इंतजार,148367
राशन,148285
फार्म,148246
आधा,148243
रोष,148134
तरीके,148101
सुनवाई,148041
बातचीत,147820
गलत,147481
झारखंड,147459
खिलाड़ियों,147410
मालिक,147367
मामलों,147288
हमारे,147215
घायलों,147008
प्रमाण,146412
लाने,146060
बिल,145745
जख्मी,145740
चोर,145636
प्रशासनिक,145426
धमकी,145395
ड्यूटी,145198
सतीश,145018
ट्रैक्टर,144961
सीनियर,144915
महिलाएं,144792
क्षेत्रीय,144771
सुरेंद्र,144126
क्रिकेट,144098
साह,143930
इंडिया,143861
फिलहाल,143517
गरीब,143317
खत्म,143089
प्रधानाचार्य,142832
लौट,142646
पंचायतों,142461
अधिवक्ता,142265
उपभोक्ताओं,142251
यात्री,142230
दुकानदारों,142150
इनके,141835
तोड़,141779
पटना,141521
दैनिक,141028
निकट,140554
पहल,140508
मरम्मत,140445
जायेगा,140405
मोर्चा,140358
अरुण,140329
उसमें,140198
विद्यार्थी,140052
होली,139861
हमें,139802
आगामी,139769
रवि,139586
पक्षों,139458
तार,139456
इलाहाबाद,139062
दाखिल,138992
मिलेगा,138814
जाति,138287
डाला,138285
भ्रष्टाचार,138186
प्रमोद,138180
प्रचार,138085
बचाने,137956
मिलते,137911
निकाला,137830
करनी,137819
साबित,137756
पाए,137692
सप्लाई,137636
पकड़,137601
अपर,137535
तृतीय,137418
उठाया,137202
पुत्री,136879
ऊपर,136750
गिर,136657
हिरासत,136317
स्तरीय,136313
नोटिस,136220
सजा,136028
मरीज,135712
जुड़े,135617
वक्त,135072
कमरे,134803
पशु,134652
असर,134556
पर्यावरण,134485
व्यापारियों,134441
नया,134200
दौड़,133806
नियुक्ति,133391
अंजाम,133354
घाट,133211
रंग,133158
अमृतसर,132938
खबर,132887
भारती,132850
इतना,132831
ताला,132788
पहला,132664
चली,132599
व्यापारी,132583
तहसीलदार,132572
जागरूकता,132270
पाने,131981
अभाव,131883
गोयल,131853
उनसे,131848
विभागों,131799
एसएसपी,131656
संचालित,131011
राजू,130524
कुलदीप,130493
देखकर,130389
परंतु,130387
निर्वाचन,130179
रेफर,130164
खेती,130110
देंगे,129870
कस्बे,129788
मेरठ,129733
श्याम,129691
सूत्रों,129676
अंक,129564
शुल्क,129502
जयंती,129341
उठा,129169
तेजी,129147
ज्ञान,128876
आह्वान,128744
टिकट,128741
चेक,128729
ट्रांसफार्मर,128592
पटेल,128444
पैसे,128389
एंड,128312
नारेबाजी,128054
मोहम्मद,127938
पेड़,127853
इंस्पेक्टर,127639
वसूली,127573
लगाते,127489
चलाने,127468
देव,127463
पार,127443
रात्रि,127296
नौकरी,127248
शहीद,127227
कराए,127175
जुलूस,127155
निकल,127150
नहर,127090
दिलाने,126999
करे,126881
रानी,126821
चालकों,126698
चंडीगढ़,126435
बढ़ाने,126373
मुक्त,126338
डीसी,126131
गोपाल,126124
संयोजक,126106
तिथि,125494
शौचालय,125407
अगले,125249
सांस्कृतिक,125180
भोजन,124953
संभव,124755
राजनीतिक,124652
खाद्य,124555
कला,124384
जिसकी,124238
कैसे,124164
संरक्षण,124137
पंडित,123568
नोएडा,123453
बीमारी,123413
खड़ा,123358
वार्ता,123343
नियमित,122949
फर्जी,122860
उद्देश्य,122713
खड़ी,122671
करेगा,122171
आवाज,122149
फिल्म,122016
आगरा,121800
बदमाश,121763
बरसात,121737
खुशी,121052
मशीन,120857
दुकानदार,120678
शिकार,120411
विवि,120379
गौतम,120119
दिये,120068
महत्वपूर्ण,120049
जोर,119926
मैं,119887
बसपा,119095
ठंड,119059
तीसरे,118934
बाबत,118852
कीमत,118764
वितरित,118648
नेशनल,118618
कथा,118579
मतदाताओं,118576
तुरंत,118442
खास,118419
जगदीश,118173
पालन,117863
रहेगी,117796
मुश्किल,117793
जिसका,117666
मिनट,117617
जमशेदपुर,117563
धारा,117281
शुरुआत,117243
किलो,117049
पैसा,116979
बूथ,116969
पैदा,116670
सिंचाई,116658
विजेता,116611
बरेली,116596
जन्म,116474
दावा,116464
लड़की,116376
जिलों,116264
मजबूर,116232
छापेमारी,116201
आशा,116035
करवा,115977
प्रत्याशियों,115923
इलाकों,115802
खेतों,115655
डीएसपी,115608
मौका,115605
बढ़ा,115577
मिट्टी,115574
कनेक्शन,115381
विशाल,115366
हटाने,115210
अरविंद,115085
मानव,115078
रहीं,114975
भरा,114924
रांची,114852
गर्ग,114750
संदेश,114598
बालिका,114580
ब्लॉक,114544
निकाल,114348
जालंधर,114298
बचाव,114193
महेश,114102
लोकसभा,114058
बधाई,114032
नाथ,113944
विस्तार,113794
स्टेडियम,113685
पुरानी,113386
दुर्गा,113350
सिर,113243
शुक्ला,113159
ठेकेदार,113105
ट्रैफिक,113039
आर्य,113034
उपाध्याय,113028
उचित,113023
बसों,112972
होटल,112916
बातें,112866
वैसे,112768
क्यों,112730
व्यापार,112729
कटौती,112694
खुलासा,112553
सेना,112482
दबाव,112455
नशे,112360
परिवहन,112269
जब्त,112232
मार्केट,112232
अफसरों,112218
आशंका,112200
उत्पादन,112199
अपराध,112163
पाठक,112105
पुराने,112080
समापन,112078
यूपी,111973
मान,111893
कानपुर,111749
रामपुर,111510
उद्योग,111498
हालात,111459
रावत,111404
संकट,111302
जताया,110818
योगदान,110805
पीने,110716
सुशील,110598
नियमों,110526
प्रबंध,110506
मारने,110030
दहेज,109774
उनको,109755
बिक्री,109747
सीट,109703
बाढ़,109654
परिवारों,109607
रोडवेज,109440
हुसैन,109423
सख्त,109403
महामंत्री,109285
लागत,109270
संदिग्ध,109232
वारदात,109162
गली,109071
अध्यापक,109070
बहादुर,109048
लाया,108997
पकड़े,108945
गोरखपुर,108888
सामग्री,108785
विधान,108680
रहेंगे,108663
अधिकांश,108637
प्रिंसिपल,108570
रोग,108536
जताई,108255
अर्चना,108245
तापमान,108244
प्रतिदिन,108200
संभावना,108160
अपहरण,108085
स्वच्छता,107980
महाराज,107953
आरक्षण,107890
करवाई,107578
विनय,107572
मुआवजा,107503
शहरी,107462
संकल्प,107422
मिशन,107342
निकले,107226
पूजन,107177
स्पष्ट,107162
इस्तेमाल,106877
सरस्वती,106816
खाते,106794
मोहल्ला,106734
लिखा,106714
मुहैया,106643
गीत,106632
टैक्स,106400
स्टैंड,106269
कार्यरत,106187
खनन,106090
बहन,106037
खाद,105904
गंभीरता,105803
मांगी,105768
जोशी,105702
हमेशा,105616
न्याय,105576
हाई,105571
मोड़,105397
जूनियर,105256
गौरव,105224
माल,104658
मिलेगी,104657
गठित,104611
किशोरी,104521
गणेश,104348
माना,104213
सुरक्षित,104083
तत्वावधान,104063
सोनू,104062
ज्योति,104001
शरीर,103994
नीरज,103990
शांत,103943
किलोमीटर,103885
मनीष,103806
अपराधियों,103609
जायसवाल,103603
पिटाई,103551
धार्मिक,103473
आदर्श,103296
प्राधिकरण,102979
रास्ता,102966
मुकाबले,102926
ग्रुप,102784
बाबू,102690
एटीएम,102650
नवीन,102647
उमेश,102501
याद,102488
अभिभावकों,102483
बढ़ने,102230
मजबूत,101949
कॉलोनी,101873
सिपाही,101648
छानबीन,101507
जोन,101486
मजिस्ट्रेट,101288
मीडिया,101235
कश्मीर,101180
सौंप,101146
महेंद्र,101081
निस्तारण,101033
चारों,100993
घटनाओं,100787
आबादी,100746
कक्ष,100731
आलोक,100722
रंजन,100695
दोषी,100609
कन्या,100540
प्रोजेक्ट,100525
ब्यूरो,100496
होनी,100456
चक्कर,100354
महोत्सव,100352
अच्छी,100345
गुहार,100285
दुबे,100272
ग्रहण,100182
प्रतिमा,100159
ढंग,100155
सोनी,100152
पदों,100067
भक्तों,100045
जवानों,99872
दौरा,99864
लंबी,99846
आये,99771
उम्मीदवार,99624
सोने,99506
कमल,99477
इंदिरा,99456
सुविधाएं,99379
शक्ति,99379
नृत्य,99293
अहम,99269
राजनीति,99216
जितेंद्र,99174
जायजा,98936
नीति,98790
नामजद,98741
गति,98436
अनेक,98369
मास्टर,98324
सुमन,98119
एजेंसी,97990
जंगल,97711
शोर,97709
पैदल,97669
खाने,97667
फाइनल,97658
गीता,97529
दूरी,97446
देहरादून,97423
सुनिश्चित,97410
गरीबों,97361
बीज,97206
स्टेट,97205
लंबे,97105
हाईकोर्ट,97094
कार्यशाला,97094
लेना,97018
हूं,96954
उपभोक्ता,96951
संस्कृति,96911
मोटर,96693
गृह,96674
प्रवीण,96572
गिरोह,96559
भीतर,96550
खूब,96516
अनुमति,96462
खुले,96371
अखिलेश,96255
दीप,96049
आती,96034
चौराहे,95833
सब्जी,95782
चालू,95687
दूध,95634
बादल,95560
नियुक्त,95504
वीरवार,95501
नियंत्रण,95465
कार्यकारिणी,95453
आंगनबाड़ी,95347
अनुमंडल,95340
सक्रिय,95327
जवान,95321
प्रवक्ता,95299
ओमप्रकाश,95229
आता,95191
लिखित,95071
काट,95030
जर्जर,94990
अध्यापकों,94924
अफसर,94911
नकदी,94843
वार्षिक,94816
संचालक,94797
पावर,94731
अजीत,94719
आदमी,94686
मिलता,94583
विवाह,94524
विश्वास,94495
वृद्धि,94435
नाले,94427
विरोधी,94232
डाल,94232
यज्ञ,94222
निकासी,94129
निकला,93979
इन्हें,93846
कार्यक्रमों,93608
चालान,93438
सुविधाओं,93296
सभागार,93248
बच्ची,93192
किस,93181
शेष,93140
शपथ,93038
राजा,93032
वाराणसी,92784
जरिए,92782
बीस,92762
आक्रोश,92654
ओवर,92559
इकाई,92477
गैर,92442
लाइसेंस,92441
डाक्टर,92383
पुरुष,92382
दरबार,92262
धनराशि,92235
कुशवाहा,92232
दोबारा,92202
न्यायिक,92059
टोला,92021
खिलाड़ी,92019
इनकी,91963
पाठ,91893
तैनाती,91878
बताई,91840
गन्ना,91776
बालक,91269
तकनीकी,91203
उपस्थिति,91193
डॉक्टर,91153
वही,90880
जरूर,90865
लक्ष्मी,90747
जुर्माना,90744
उपयोग,90717
दिलीप,90703
संगठनों,90559
कमिश्नर,90473
वित्तीय,90470
जुट,90423
निकलने,90378
जैसी,90357
धरने,90252
उम्र,90211
साथी,89958
प्रतिभा,89940
जगहों,89842
समूह,89827
आवश्यकता,89760
प्राइवेट,89735
रक्षा,89698
बतौर,89623
वित्त,89578
भरने,89499
संस,89482
एक्ट,89448
श्रद्धालु,89411
डालने,89312
प्रदूषण,89198
पौधे,89088
दौर,89050
सर्वे,89044
कंप्यूटर,88934
टूट,88796
घटनास्थल,88687
डिप्टी,88580
चाहते,88451
बकाया,88444
हवा,88397
महत्व,88242
एके,88188
अभिषेक,88149
भजन,88136
सुधीर,88128
गुप्त,88015
आजाद,87931
प्रेरित,87914
लुधियाना,87865
दिखा,87838
अनशन,87801
बाधित,87798
पकड़ा,87753
बजाय,87710
मुरादाबाद,87637
माग,87458
लगता,87445
सामुदायिक,87359
छोड़कर,87307
सीधे,87263
अलीगढ़,87072
जाच,86979
हमले,86944
रफ्तार,86907
आना,86792
तेल,86752
उत्तराखंड,86701
विधि,86577
स्वच्छ,86502
फायर,86439
बदल,86438
दुकानें,86289
पशुओं,86232
पहुंचाने,86149
पेट्रोल,86137
उठाने,86072
रिकार्ड,86032
इसको,85784
वंचित,85738
अंत,85690
अधिनियम,85649
बुरी,85589
एकड़,85536
भेजी,85531
आशीष,85505
पूर्वी,85496
प्रधानाध्यापक,85494
खाना,85411
पाकर,85380
गौरतलब,85259
आरके,85249
चुनावी,85232
विकेट,85231
आश्रम,85059
उत्साह,84906
बेहद,84900
कहां,84879
रोशन,84828
पंप,84762
मथुरा,84752
क्षतिग्रस्त,84742
मूल्य,84729
संस्कार,84559
सुनीता,84476
महज,84467
शिमला,84432
चिकित्सालय,84389
मृत,84355
ट्रेनों,84204
रोज,84056
छोटी,83878
साथियों,83833
लंबित,83786
बेचने,83715
वक्ताओं,83678
बढ़ती,83649
आपदा,83629
कारोबार,83608
सिस्टम,83598
हिमाचल,83442
बाकी,83168
छात्राएं,83134
मदन,83014
शास्त्री,82911
प्रारंभ,82691
रोहित,82676
प्लांट,82676
मैनेजर,82655
हिसाब,82651
नजदीक,82634
कराकर,82617
एसओ,82382
प्रार्थना,82329
कुलपति,82219
सीएम,82201
पुतला,82118
दिक्कत,82003
अरोड़ा,81934
मुलाकात,81916
धूप,81821
इंचार्ज,81820
भेजने,81733
सोसायटी,81658
लड़कियों,81499
मतगणना,81486
पप्पू,81468
पटियाला,81463
देता,81428
जिम्मेदार,81412
इतनी,81377
राजेन्द्र,81357
मेहता,81269
नियम,81241
सार्वजनिक,81207
सर्जन,81111
हनुमान,81099
जायेगी,81059
कांड,81039
मद्देनजर,81014
जमानत,80985
कोषाध्यक्ष,80909
स्कूली,80867
पुष्टि,80786
रूम,80782
पड़ेगा,80770
पुन,80711
अखिल,80701
अच्छा,80689
अनाज,80683
धर्मशाला,80597
बीमा,80499
कानूनी,80417
मात्रा,80357
वीरेंद्र,80254
विवेक,80241
हरिद्वार,80189
देवेंद्र,80073
समस्याएं,80065
विहार,80054
आवागमन,79932
खतरा,79886
प्रतिनिधियों,79885
रखते,79867
मांगा,79829
भरे,79755
लें,79721
अर्जुन,79690
विद्या,79667
फुटपाथ,79366
मजदूरी,79232
पाण्डेय,79202
श्रेणी,79183
कौन,79110
यमुना,79071
खोलने,79046
सुंदर,79044
चीनी,79042
मारकर,79037
ओपी,79011
भ्रमण,78994
चेकिंग,78950
आत्महत्या,78901
रोहतक,78877
पोल,78775
नागरिक,78775
अंचल,78753
जिनमें,78707
चयनित,78632
पाइप,78573
लेंगे,78528
ससुराल,78504
उन्हे,78489
एसके,78432
सामूहिक,78413
रक्तदान,78410
जुटे,78336
द्विवेदी,78299
निकालने,78280
पदक,78100
मिलती,78060
महंगाई,78018
चिंता,78000
क्षमता,77979
फरीदाबाद,77854
कृष्णा,77803
किमी,77754
निर्मल,77681
समर्थकों,77659
गोदाम,77626
अकाली,77590
आक्रोशित,77580
रंजीत,77547
मुंह,77537
भाव,77529
फायदा,77312
कौशल,77227
पत्रकारों,77113
अमर,76988
यूनिट,76912
मुद्दे,76785
अंकित,76759
अच्छे,76716
पीड़िता,76716
फोर्स,76713
प्रदर्शनी,76706
बृहस्पतिवार,76663
टूर्नामेंट,76625
सीएमओ,76573
बैंकों,76552
फसलों,76535
काली,76528
अंबाला,76325
अब्दुल,76286
निगरानी,76250
न्यायाधीश,76198
स्वरूप,76181
कार्यवाही,76082
याचिका,76067
भरोसा,76052
भेंट,75971
भेजे,75952
समुदाय,75915
अनुसूचित,75912
बैग,75865
घंटों,75856
पहुंचाया,75848
हाथों,75687
गुणवत्ता,75549
बांध,75496
हरीश,75467
करायी,75461
कस्बा,75455
एडवोकेट,75450
ढाई,75428
नाटक,75416
कमलेश,75377
शुक्ल,75365
धीरे,75348
दुरुस्त,75265
रुपया,75210
फूल,75199
हमारी,75090
मानदेय,75085
नेपाल,75071
सकेंगे,75044
गुरुद्वारा,74967
उनमें,74957
सागर,74923
कौंसिल,74910
ममता,74892
बदलाव,74862
गिरने,74739
व्यवसायी,74691
जदयू,74606
मेहनत,74587
सेवक,74516
बुलाया,74499
काग्रेस,74421
संध्या,74229
कूड़ा,74174
अभ्यर्थियों,74149
परीक्षण,74084
काटने,74014
इंतजाम,73935
हरी,73879
फैसले,73855
मलिक,73854
मना,73838
हथियार,73816
कोच,73686
दफ्तर,73650
पर्यटन,73569
धूमधाम,73553
पर्याप्त,73551
घेराव,73529
पुरस्कृत,73524
सौंपी,73523
लाइट,73476
उरांव,73463
स्वर्ण,73416
मेरे,73355
गुड़गांव,73297
स्व,73251
ऑटो,73130
टाटा,73121
फीस,73120
शाह,73079
सदन,72945
प्राथमिकता,72878
डायरेक्टर,72854
पूनम,72624
भव्य,72573
श्रीराम,72551
मोहल्ले,72506
पाकिस्तान,72493
कैलाश,72421
कलाकारों,72379
मेयर,72302
सत्ता,72285
आरती,72264
संगीत,72241
बेसिक,72238
पश्चिम,72068
टीमों,72055
प्रभाव,71962
अस्पतालों,71957
संसाधन,71870
त्यागी,71840
भारद्वाज,71776
लड़ाई,71588
बेटा,71546
विशेषज्ञ,71535
तत्कालीन,71517
नामक,71500
लापता,71415
बोल,71286
निकली,71170
दीवार,71088
खाता,71055
शुरु,70897
पत्थर,70779
अधिशासी,70766
नेहरू,70750
राजमार्ग,70743
शिक्षण,70712
राजधानी,70711
उपरांत,70671
राज्यों,70594
देखरेख,70576
एडीएम,70552
जोड़ने,70531
डाक्टरों,70473
रेखा,70439
साहब,70436
अवकाश,70389
रुप,70321
बैनर,70273
पठानकोट,70251
प्रभु,70207
बच्चा,70084
सड़क,70054
भरी,70046
व्याप्त,70037
आपसी,70026
अगुवाई,70008
चावल,69977
विक्रम,69968
सेल,69947
भले,69835
संपत्ति,69744
औद्योगिक,69663
बढ़ी,69652
पश्चिमी,69643
दर्द,69594
सहारनपुर,69567
यहा,69538
रोजाना,69475
रखकर,69436
जिन्हें,69346
आभार,69343
वरीय,69287
सारी,69275
बताए,69254
चलता,69231
इनका,69215
कायम,69211
एकता,69196
सुनाई,69037
मुन्ना,69011
दलों,69009
हादसा,68952
सक्सेना,68870
पूछा,68869
हवाले,68816
डॉक्टरों,68753
राख,68691
मुस्लिम,68683
नाराजगी,68631
यूनिवर्सिटी,68572
मंत्रालय,68501
सलाह,68415
पार्किंग,68404
अनुदान,68364
डिपो,68212
निधन,68209
रणनीति,68112
सूरज,68039
गोष्ठी,68014
मुझे,67896
सिलेंडर,67880
नये,67860
फैक्ट्री,67855
छूट,67766
श्रद्धांजलि,67597
बहाल,67566
जुटी,67563
हाईवे,67504
बीमार,67482
इंजीनियर,67364
स्वीकृति,67352
कंपनियों,67284
मंदिरों,67234
लीटर,67221
तीसरा,67136
डीएवी,67116
कपड़े,67114
जीआरपी,67032
भागने,67030
भक्ति,67016
प्रेस,67004
नीतीश,66989
अंबेडकर,66969
इतिहास,66937
दिलाया,66926
समझ,66900
हाईस्कूल,66887
मॉडल,66815
सुरेन्द्र,66777
सीएचसी,66775
गड़बड़ी,66679
विकसित,66666
हित,66656
पड़ताल,66649
अमन,66557
प्रश्न,66501
बढ़ावा,66489
शोक,66371
सहमति,66350
फीसदी,66344
बिहारी,66227
महावीर,66224
मुहल्ला,66057
सूबे,66052
सकें,65958
समान,65892
मित्तल,65883
निजात,65865
अंडर,65862
शोभायात्रा,65847
वातावरण,65719
जाएंगी,65674
दुनिया,65665
अपराधी,65620
प्रेमी,65587
मुंबई,65572
विपिन,65546
लाठी,65517
जानी,65439
कीर्तन,65434
अंग्रेजी,65424
खरीदने,65388
परिवर्तन,65352
तोड़कर,65306
स्वीकृत,65196
उत्पन्न,65132
भावना,65128
उतर,65124
भागलपुर,65050
माने,65043
राज्यपाल,65004
कंट्रोल,64937
अभिभावक,64889
ईश्वर,64888
आरंभ,64869
नागरिकों,64861
घुस,64817
रकम,64810
नाला,64799
अधिकतर,64787
हिसार,64618
बदले,64573
चोट,64556
बदलने,64510
बलिया,64504
छुट्टी,64478
बैठा,64463
जेई,64427
कार्यपालक,64421
अक्सर,64382
विगत,64370
हों,64365
खून,64361
आचार्य,64347
पीड़ितों,64347
सत्यापन,64338
एंबुलेंस,64280
समन्वयक,64239
व्यवहार,64198
धन्यवाद,64189
फायरिंग,64169
लिखे,64108
सुनने,64101
जाया,64087
साहू,64080
सकेगा,64057
मूल,64032
अवधेश,63956
मुहिम,63951
बीएसए,63947
राव,63919
मूल्यांकन,63918
हड़कंप,63884
गुजर,63877
दायर,63831
पढ़ने,63744
निलंबित,63687
हत्याकांड,63621
पोलियो,63593
बीमारियों,63593
न्यूनतम,63578
क्रय,63509
वर्षा,63502
प्रकरण,63479
बुजुर्ग,63439
पैर,63439
इनसेट,63404
कराना,63374
तैयारियां,63347
भूषण,63332
हाइवे,63234
नीतियों,63173
अंकुश,63101
करवाए,63099
बंसल,63045
सचिन,63021
अथवा,62983
आवासीय,62940
मांगे,62832
मानें,62806
करोड़ों,62798
सफर,62772
भाषा,62743
प्रस्तुति,62703
रहना,62449
आयु,62379
ट्रस्ट,62379
गतिविधियों,62244
दीक्षित,62207
चौराहा,62199
दर्जा,62181
ऑनलाइन,62177
गाजियाबाद,62136
जलकर,62111
दीपावली,61971
हस्ताक्षर,61948
नाराज,61938
खोल,61922
तलाशी,61897
फांसी,61882
लोहिया,61875
दाम,61872
समाचार,61817
देवरिया,61803
दिखाया,61799
बनकर,61796
अंतरराष्ट्रीय,61771
शिरकत,61768
निशान,61722
तनाव,61675
बाग,61670
सुनकर,61635
विवाहिता,61627
सदस्यता,61490
मैनपुरी,61473
तैयारियों,61443
फैल,61420
आवंटन,61418
राजद,61395
चंदन,61376
डीजल,61331
नशा,61272
सरोज,61205
मंजूरी,61178
कविता,61139
दरअसल,61132
देरी,60905
ऊर्जा,60901
टाउन,60901
महाजन,60884
जाहिर,60881
बीपीएल,60854
कोतवाल,60819
बसें,60796
मान्यता,60753
जोरदार,60751
देहात,60735
सालों,60734
अदा,60685
प्रावधान,60634
महाप्रबंधक,60630
संस्थाओं,60610
कपूर,60565
प्रगति,60388
पंजीकरण,60375
छापामारी,60364
सोच,60330
मालूम,60317
सीटों,60300
पदार्थ,60282
दलित,60263
गले,60186
पचास,60167
रोका,60148
उत्सव,60133
विश्वकर्मा,60115
बाजारों,60106
दिख,60080
बैठ,60049
बदायूं,60039
बाहरी,60027
प्रस्तावित,59973
डेंगू,59964
कोर्स,59935
परीक्षार्थी,59867
कारणों,59858
स्वीकार,59857
ललित,59835
टेस्ट,59832
केन्द्रों,59787
कागजात,59786
मूर्ति,59783
राष्ट्रपति,59744
मनमानी,59730
सेवानिवृत्त,59709
दहशत,59685
समाजसेवी,59673
कार्यकारी,59666
महसूस,59543
चलाई,59437
चढ़,59401
चाय,59394
थानों,59388
खरीदारी,59299
अर्पित,59255
सारे,59242
उम्मीदवारों,59221
मस्जिद,59190
मुहम्मद,59114
महानगर,59085
राजस्थान,59009
सेवाएं,58950
बगैर,58894
खेलों,58847
शिकायतों,58803
विदेशी,58802
मानसिक,58772
अनुपस्थित,58716
पड़ने,58709
चुना,58709
करार,58703
लिहाजा,58685
आखिर,58646
घरेलू,58610
मुजफ्फरपुर,58595
हिदायत,58591
डाक,58512
होशियारपुर,58503
मौर्य,58452
धाम,58439
एकत्र,58400
पीटा,58321
पारा,58310
यूथ,58303
सेहत,58298
शिकायतें,58263
ट्रैक,58260
आसमान,58257
फतेहपुर,58251
योजनाएं,58173
काल,58165
सिलसिला,58165
देती,58153
सेकेंडरी,58144
राहगीरों,58141
रामलीला,58140
वकील,58136
सुराग,58101
पुराना,58094
कार्यकाल,58088
लक्ष्मण,58063
सीबीआइ,58051
नीलम,58022
हाथरस,57916
पेपर,57885
पूर्णिया,57875
गिरी,57860
मनाने,57836
बचने,57832
निवास,57824
सहारा,57805
आवंटित,57700
मांगने,57694
सपना,57619
शरण,57618
आयी,57617
एकत्रित,57594
पड़ोसी,57500
न्यू,57449
श्रम,57396
सेमिनार,57394
होम,57376
बंगाल,57324
प्रणाली,57192
व्यक्तियों,57183
गलियों,57174
विमर्श,57116
सूर्य,57115
मचा,57095
सीसीटीवी,57086
आग्रह,57075
मनोहर,57054
अधिकतम,57040
पंजाबी,57018
काला,56995
सौरभ,56985
बंदी,56865
उल्लेखनीय,56864
चुनौती,56836
प्रांगण,56796
हार,56747
करनाल,56636
टेंडर,56633
नेगी,56612
पाते,56579
इंकार,56570
दिल,56528
रामगढ़,56528
जिंदगी,56498
प्रसार,56477
परमजीत,56470
किरण,56396
परिचय,56332
खोला,56328
पानीपत,56303
प्रात,56288
जवाहर,56282
श्रमिकों,56275
अवतार,56271
वृद्ध,56246
पंजीकृत,56239
त्योहार,56203
आधारित,56192
बबलू,56183
वैज्ञानिक,56176
सुखदेव,56070
अनदेखी,56017
तले,55992
स्वतंत्रता,55926
सारा,55860
गाड़ियों,55860
बूथों,55842
कहने,55818
थोड़ी,55798
वाटर,55779
ठोस,55737
चलेगा,55729
ग्राहकों,55710
शिशु,55695
मुफ्त,55684
पकड़ने,55679
नाबालिग,55673
मृतका,55634
मुंगेर,55588
परीक्षार्थियों,55541
बीती,55519
फेंक,55495
अंतर,55493
नगला,55437
पाली,55321
मृत्यु,55282
द्वार,55247
विकलांग,55245
साजिश,55242
सीवरेज,55231
दरवाजा,55215
स्मृति,55173
अमरजीत,55078
कलश,55065
भीषण,55050
सर्विस,55040
जनरल,54977
काउंटर,54955
अवधि,54944
पांडे,54923
बोकारो,54916
श्रीनगर,54915
मंजू,54871
तीस,54849
समस्त,54846
टीमें,54832
बालू,54819
सतपाल,54810
अररिया,54744
स्नान,54685
राष्ट्र,54677
अधिवक्ताओं,54663
कुरुक्षेत्र,54662
डाली,54654
बचा,54621
संगत,54567
भक्त,54562
प्रकट,54553
बारह,54552
उन्होने,54511
आंखों,54499
चेहरे,54399
सीवर,54398
स्थायी,54363
शिनाख्त,54358
खन्ना,54332
तारीख,54324
मनुष्य,54301
बनवाने,54274
सुमित,54268
भोला,54258
सुझाव,54226
मीना,54222
चलाए,54198
शाहजहांपुर,54191
बर्बाद,54190
सचिवालय,54120
संज्ञान,54111
बहिष्कार,54078
योगेश,54060
एटा,54045
ट्राली,53965
मारी,53932
प्रेरणा,53912
बांका,53895
शारीरिक,53852
व्यापक,53851
एनएच,53835
पड़ती,53814
कॉलेजों,53789
हमारा,53773
कामना,53746
उत्पीड़न,53672
समाजवादी,53638
प्रतापगढ़,53599
अवर,53598
सहकारी,53567
कलेक्ट्रेट,53552
मुक्ति,53548
प्रतिभागियों,53504
कैद,53475
समझा,53450
विदेश,53420
नकल,53386
सायं,53374
जिनके,53364
हमीरपुर,53306
तत्वों,53301
अनियमितता,53239
पंच,53213
कश्यप,53206
सख्ती,53206
बुरा,53198
चांदी,53180
मांझी,53160
जाय,53099
चन्द्र,53067
स्टोर,53063
वीर,53051
बीत,53001
हवन,52997
निधि,52979
नगरपालिका,52948
मौलाना,52924
लघु,52916
नायक,52890
छेड़छाड़,52877
हादसों,52843
पंचायती,52811
शायद,52797
देखी,52745
गार्ड,52689
सराहना,52688
शुरूआत,52673
गश्त,52646
अनिवार्य,52638
संग,52599
कोलकाता,52582
रिक्त,52580
वेलफेयर,52556
चुनावों,52545
पटरी,52514
खुला,52498
मुद्दा,52462
कैमरे,52434
रूट,52377
केके,52377
मौजूदा,52330
पारित,52317
मंगल,52312
विजयी,52306
मौजूदगी,52289
समझौता,52260
रखना,52243
पार्षदों,52228
नरेन्द्र,52202
बैठने,52135
शानदार,52119
सुरजीत,52108
एरिया,52096
बर्दाश्त,52073
होंगी,52069
रोशनी,52051
कैप्टन,52011
आसनसोल,52007
इतने,51991
आसानी,51947
जौनपुर,51927
देवघर,51926
राउरकेला,51871
लगते,51839
चेन,51753
अभियुक्त,51753
संसदीय,51753
सरदार,51728
दान,51698
डालकर,51693
कार्यालयों,51691
सैनिक,51629
अनूप,51614
खुली,51603
जबरन,51583
निप्र,51557
नोट,51555
रिक्शा,51545
शोभा,51446
दक्षिण,51417
तलब,51414
कालेजों,51411
पट्टी,51391
ग्रेटर,51389
स्थलों,51297
गाय,51275
आपस,51256
चाहती,51236
पीलीभीत,51223
श्रमिक,51184
जहा,51179
सीडीओ,51162
कमजोर,51037
हसन,51021
बलदेव,50982
स्पेशल,50978
राधा,50894
भाषण,50866
बराबर,50861
परेशानियों,50845
निरस्त,50818
मायके,50775
चौबे,50764
हिंदू,50762
रखें,50760
तस्करी,50759
पलट,50681
सिरसा,50648
अनियंत्रित,50609
टेंपो,50555
पहुंचते,50527
ऐतिहासिक,50496
भिवानी,50472
वंदना,50461
पेट,50405
आजमगढ़,50384
विशिष्ट,50374
रेट,50355
बागपत,50348
मेरी,50329
बोलेरो,50286
जेपी,50268
दरवाजे,50255
गोविंद,50203
खारिज,50148
छोटा,50131
हैंडपंप,50100
बुखार,50079
ढेर,50076
उसको,50070
नाली,50068
राह,50052
कवायद,49976
रहें,49940
छावनी,49929
साव,49920
नष्ट,49902
रिमांड,49873
कप्तान,49803
पौधरोपण,49801
मशक्कत,49795
पश्चात,49762
आजादी,49723
शिक्षिका,49700
शशि,49654
आस्था,49634
मनाई,49623
गाजीपुर,49582
कचहरी,49545
फेल,49521
बनाना,49515
जींद,49470
बढ़ता,49458
घटनाएं,49455
हटा,49428
क्राइम,49296
रविंद्र,49296
एएसपी,49279
भरत,49252
ज्यादातर,49236
पत्रों,49189
खेला,49188
दिखाकर,49180
अतुल,49156
आधुनिक,49151
उदय,49136
प्रभात,49134
प्रतिनिधिमंडल,49114
उल्लंघन,49097
यहीं,49059
उठाए,49035
प्रकाशित,49019
मुकाबला,49018
हिंदी,49018
एकजुट,49016
गईं,48984
अमल,48974
सहारे,48967
ट्रेनिंग,48883
उठे,48807
सेंट्रल,48770
खेलकूद,48716
आधे,48715
मोहित,48711
शहरों,48655
हुये,48641
मुंडा,48587
नियोजन,48580
कबड्डी,48570
संस्थानों,48555
बोले,48526
अगली,48515
अधिग्रहण,48477
सास,48395
छापा,48330
कैंसर,48328
मोगा,48320
मुहल्ले,48309
प्लेटफार्म,48291
गिरा,48290
मधुबनी,48274
दिखे,48263
लेखपाल,48252
खतरे,48236
सलाहकार,48226
जितेन्द्र,48213
आलू,48198
पीएचसी,48176
लकड़ी,48175
नवादा,48155
कोयला,48101
सड़कें,48098
रतन,48059
छात्रवृत्ति,48014
मील,47988
आरपीएफ,47982
पोस्टर,47963
प्रजापति,47959
कुशीनगर,47954
अनुरूप,47913
भाइयों,47908
काटकर,47854
प्रोफेसर,47831
संहिता,47815
छीन,47736
राधेश्याम,47735
भूख,47711
हटाया,47628
क्षति,47587
पीछा,47582
सेल्सियस,47536
हेड,47463
सूचित,47433
उपकरण,47411
चित्र,47355
रंजिश,47353
स्वस्थ,47349
अतिथियों,47341
सांस,47341
नींद,47330
प्रियंका,47312
सभासद,47299
उपजिलाधिकारी,47267
सोनीपत,47263
अल्पसंख्यक,47238
गाली,47186
लूटपाट,47176
सत्संग,47135
बंधक,47098
क्विंटल,47088
आरा,47062
तकरीबन,47058
रूपये,47055
पोस्ट,47037
चाहे,47014
हिस्से,46993
कपिल,46951
कौशिक,46930
अनीता,46913
ठेका,46891
प्रांतीय,46888
निकालकर,46876
निश्चित,46873
जयप्रकाश,46856
संसू,46854
बदला,46852
बचाओ,46847
दौरे,46838
शांतिपूर्ण,46827
बिलासपुर,46789
प्रकोष्ठ,46785
शोषण,46777
नमाज,46776
गर्म,46771
बुलंदशहर,46748
साइंस,46675
दबोच,46673
बरतने,46661
मानक,46659
पैक्स,46648
जीता,46609
गौर,46528
नायब,46514
नकद,46503
कवि,46477
महीनों,46446
मित्र,46435
बढ़ते,46385
स्मार्ट,46358
सर्व,46269
महादेव,46256
बढ़ोतरी,46250
सर्दी,46247
आनन,46235
सोनिया,46233
वासियों,46227
हरि,46224
उपलक्ष्य,46199
चलें,46195
दूबे,46185
विवश,46160
पंद्रह,46110
पीके,46101
छपरा,46072
फानन,46043
प्रसिद्ध,46038
दशा,45989
मासूम,45985
विवेकानंद,45962
मार्गो,45960
दाखिला,45937
संरक्षक,45923
रणजीत,45900
डिवीजन,45878
डेरा,45857
श्रीकृष्ण,45829
सेवन,45812
सर्वाधिक,45804
डीलर,45771
फाटक,45765
मारा,45727
नारे,45724
गोल,45724
नवरात्र,45711
मेट्रो,45649
पलवल,45647
फीरोजाबाद,45644
पात्र,45638
दादरी,45632
श्रवण,45616
रोगियों,45615
रामनगर,45611
महेन्द्र,45578
करंट,45573
उठाई,45567
चुने,45553
दर्शकों,45550
अभय,45534
किराया,45521
विस्तृत,45513
गावों,45509
शैक्षणिक,45420
नलकूप,45416
बठिंडा,45357
संस्कृत,45355
झुलस,45323
तकनीक,45312
जेवर,45300
मांगें,45300
समर्थक,45243
पूछे,45241
अनुरोध,45232
सुख,45222
प्रशांत,45204
पाच,45196
दरभंगा,45179
रहकर,45173
उठाकर,45012
प्लाट,44951
कपूरथला,44944
पहलवान,44942
निशाना,44928
सवा,44928
राजन,44913
अवस्था,44879
समर्पित,44877
देगी,44871
विदाई,44869
वार्डो,44860
सिवान,44852
जनप्रतिनिधियों,44836
सर्वसम्मति,44824
अति,44802
निकाय,44737
इनेलो,44730
चलाकर,44728
अख्तर,44683
लाकर,44644
पाता,44622
बारी,44613
गणित,44604
इकबाल,44530
नतीजा,44528
नालियों,44496
आशुतोष,44493
विषयों,44482
व्यस्त,44450
आकाश,44449
दत्त,44440
जिन्होंने,44417
बनाये,44408
आपरेशन,44390
महात्मा,44349
संदर्भ,44250
प्रतियोगिताओं,44238
दोस्त,44236
दशक,44224
गर्भवती,44214
चाकू,44201
कांग्रेसी,44186
मालिकों,44177
सीतामढ़ी,44171
वीके,44171
स्थगित,44167
दस्तावेज,44164
एसएस,44147
लाश,44136
हाजी,44131
इटावा,44109
बढ़ाया,44097
सहरसा,44082
टोल,44078
भट्ट,44072
घुसकर,44071
रजत,44052
खुल,44046
पत्रकार,44042
प्लान,44014
तालाबों,44010
जेब,44004
फूंका,43996
अवश्य,43988
आचार,43985
औचक,43951
बेगूसराय,43927
संचालकों,43898
महराजगंज,43896
आटो,43850
परिस्थितियों,43842
दबिश,43836
कितने,43823
टूटी,43820
संगीता,43802
दयाल,43769
तोमर,43724
बैठकर,43723
बरती,43691
कुंवर,43688
जहर,43687
पुलिसकर्मियों,43652
पुलिया,43595
विष्णु,43592
बीएलओ,43566
भाटिया,43546
टीकाकरण,43535
फंड,43517
कार्यों,43516
मीरजापुर,43500
लोड,43498
वेबसाइट,43481
बक्सर,43475
एएनएम,43461
फंसे,43436
ब्रांच,43428
चलती,43424
गन्ने,43379
जीप,43373
वापसी,43350
मैन,43345
टीवी,43307
झंडी,43288
सुप्रीम,43268
फिरोजपुर,43244
भूपेंद्र,43209
चौरसिया,43194
सिख,43167
फाइल,43152
प्रसव,43151
गंदा,43141
खाद्यान्न,43084
उत्पाद,43060
सराहनीय,43055
जल्दी,43036
दिखाने,43023
सूरत,43019
गुजरने,42934
आएगी,42896
उपप्रधान,42888
जगत,42865
यानी,42860
पीजी,42839
हराया,42839
एससी,42837
मैनेजमेंट,42804
मुद्दों,42744
सूद,42743
राजपूत,42729
संवेदनशील,42671
कन्हैया,42638
बगल,42579
भेजकर,42528
रिश्तेदार,42515
फीट,42482
वैन,42479
शिलान्यास,42476
जमुई,42475
किशन,42465
दायित्व,42463
कैंट,42459
जुड़ी,42395
सोनभद्र,42392
पर्चा,42368
मुजफ्फरनगर,42364
तस्वीर,42345
जाट,42324
परिचालन,42313
ब्लड,42299
फीडर,42270
कराते,42262
महंत,42225
हेक्टेयर,42219
अनुज,42196
जताते,42170
गला,42146
खातून,42143
लुटेरों,42139
डाले,42133
कामकाज,42128
सुनी,42107
मानना,42105
अभ्यर्थी,42104
किल्लत,42048
आबकारी,42045
मिलाकर,42045
दंडाधिकारी,42020
जिप,41978
शोध,41968
मारे,41964
खुलने,41940
देगा,41938
मुकदमे,41934
आरपी,41895
ससुर,41894
सील,41861
घंटा,41857
निंदा,41855
लगेगा,41781
मिलन,41772
ध्वस्त,41727
उच्चाधिकारियों,41726
पथराव,41716
तीसरी,41695
रेवाड़ी,41636
आतंकी,41618
खगड़िया,41612
मेन,41570
निदान,41560
सत्य,41553
आत्मा,41547
लेन,41541
लिमिटेड,41534
विरूद्ध,41510
मनोरंजन,41505
हकीकत,41496
प्रखंडों,41463
महासंघ,41416
रुख,41413
अमरोहा,41411
आपराधिक,41404
कलाकार,41396
लड़के,41388
वेद,41378
ओझा,41376
आला,41365
बिजनौर,41354
इंडियन,41338
घोटाले,41325
निपटने,41305
खेलने,41286
भागवत,41269
सीता,41197
साधन,41174
चीफ,41146
पिछड़ा,41119
विमल,41068
कैबिनेट,41047
बवाल,41032
नितिन,40984
साहित्य,40975
गड्ढे,40963
मामूली,40952
अकादमी,40948
चतुर्वेदी,40935
बिष्ट,40896
एसएचओ,40892
चाहता,40865
बेच,40859
लाई,40854
पसंद,40850
मिनी,40844
रजिस्ट्रेशन,40826
स्नातक,40825
बसंत,40817
राज्यमंत्री,40815
मिड,40813
हवाई,40774
लाभुकों,40768
जाये,40762
गठबंधन,40729
गणमान्य,40728
आदित्य,40713
जंक्शन,40680
विधायकों,40674
जानने,40668
कहकर,40664
रामचंद्र,40658
चौथे,40602
इंटरनेशनल,40601
हर्ष,40582
सदस्यीय,40557
चार्ज,40540
शाही,40518
खासी,40516
हुड्डा,40483
भागीदारी,40454
जानलेवा,40434
कराएं,40432
स्कीम,40426
गुट,40424
जेसीबी,40400
भत्ता,40397
माफिया,40371
गायत्री,40358
चंद्रशेखर,40342
कबीर,40342
आगमन,40287
अमरनाथ,40286
आएंगे,40280
बीएड,40250
मंजूर,40233
मंचन,40216
पुस्तक,40210
चंबा,40193
नंद,40179
पूर्ति,40174
श्रद्धा,40169
कंबल,40146
लिपिक,40035
छोड़ने,40028
कटिहार,40017
विक्रेता,40009
लंगर,39983
ताले,39976
उतार,39966
बलजीत,39933
खड़गपुर,39931
देखे,39903
गिल,39899
मिठाई,39897
कटान,39892
गोस्वामी,39887
गिरिडीह,39847
जलापूर्ति,39827
लगाना,39799
कारोबारी,39790
दिनभर,39790
ऑपरेशन,39789
दसवीं,39772
जूझ,39770
जैसा,39755
मियां,39749
बीएसएनएल,39739
महासभा,39716
जलभराव,39711
दिलाई,39708
ग्यारह,39704
तिलक,39689
खासकर,39672
परंपरा,39664
अड्डे,39650
मेरा,39630
माल्यार्पण,39626
मानते,39597
कलां,39589
बीबी,39588
उपमंडल,39586
खुर्द,39534
चाचा,39521
तब्दील,39507
आधी,39496
मासिक,39495
कैथल,39484
प्राचीन,39481
इंस्टीट्यूट,39478
जीटी,39465
ऊधमपुर,39455
सोरेन,39448
स्पष्टीकरण,39403
कोहराम,39395
फटकार,39390
केजरीवाल,39379
लोगो,39379
प्यार,39372
कामयाब,39342
कमला,39326
स्टील,39322
ड्राइवर,39302
बाक्स,39288
पुलिसकर्मी,39272
मिलना,39264
बाला,39258
देशों,39258
रजिस्टर,39155
ग्रीन,39101
कूड़े,39080
रवींद्र,39074
ग्राउंड,39057
अरूण,39053
फंस,39014
राठौर,39009
तोड़फोड़,39007
दक्षिणी,38996
आसान,38991
दमकल,38990
हजारीबाग,38988
भूकंप,38956
बुलाकर,38947
व्यवसाय,38940
बाधा,38940
नेहा,38887
गुरदासपुर,38882
खालसा,38868
लैब,38843
आपत्ति,38835
होश,38821
गुरप्रीत,38798
ग्राहक,38795
अश्वनी,38782
विधिक,38771
जागरुकता,38762
अनुराग,38736
काटा,38726
समाहरणालय,38699
पुरी,38680
मजबूती,38679
बताने,38674
प्रदर्शनकारियों,38669
दुख,38658
हरकत,38655
पहाड़ी,38654
प्रतिबंध,38645
लिखकर,38627
संविदा,38602
मुर्मू,38601
गुलाब,38533
बेटियों,38525
एसी,38524
प्रमाणपत्र,38519
गुजरात,38518
दोषियों,38503
फुट,38499
सटे,38457
प्राइमरी,38456
वाद,38439
अधीन,38439
वकीलों,38434
तोड़ने,38429
जेवरात,38426
संसद,38407
आशीर्वाद,38373
कोहरे,38362
पौधों,38362
नर्सिग,38358
टावर,38357
जलस्तर,38342
लोहरदगा,38326
शुद्ध,38317
शेखर,38310
चैंपियनशिप,38304
रक्त,38277
डांस,38261
बचे,38222
भीम,38203
सरिता,38195
वादा,38178
चलना,38142
शैलेंद्र,38139
निभाई,38127
प्रतीक,38091
रामकुमार,38086
धोखाधड़ी,38066
ठगी,38063
योगेंद्र,38059
उत्तम,38056
बजाए,38053
उजागर,38043
रविदास,38012
सवारी,37974
पाठशाला,37953
लौटने,37947
गुमला,37933
सुबोध,37908
उत्तरी,37905
सेवाओं,37896
दूषित,37881
काले,37853
अविलंब,37822
सीताराम,37814
हमने,37814
गुल,37778
ऊना,37776
समागम,37746
बेरोजगार,37742
आदिवासी,37734
संगरूर,37710
कर्ज,37707
इंजीनियरिंग,37700
बेहोश,37697
धनबाद,37696
लाभार्थियों,37683
विकल्प,37670
बीए,37668
जोड़ा,37649
वार,37648
रसोई,37646
फगवाड़ा,37645
बातों,37616
गुस्सा,37594
बनता,37579
यशपाल,37559
वाल्मीकि,37556
लड़ने,37532
शहीदों,37528
एकेडमी,37519
वहा,37517
समस्तीपुर,37517
हेमंत,37490
संशोधन,37477
साई,37453
जरिये,37438
गीतों,37413
अंधेरे,37411
करेंगी,37397
सीजन,37396
हेल्थ,37374
पक्का,37362
भदोही,37355
योग्य,37345
समुचित,37332
चौकीदार,37320
पंडाल,37280
अवार्ड,37269
सराय,37256
पुष्पा,37251
मधेपुरा,37247
टैंकर,37237
शारदा,37228
इन्कार,37205
विपरीत,37193
अविनाश,37170
गोपालगंज,37160
धीरज,37154
मनमोहन,37149
हरदोई,37141
सैनिकों,37130
रामेश्वर,37123
निर्वाचित,37087
ड्रेस,37062
विलंब,37024
धर्मेद्र,37023
सोशल,37020
कुल्लू,37019
कमर,37010
ज्ञात,37008
पीएम,37006
विक्की,36992
सूत्री,36989
बीके,36953
बुक,36936
मुखर्जी,36931
पेड़ों,36920
गिरकर,36885
एजेंसियों,36842
मकसद,36836
नकली,36829
दावे,36807
तर्ज,36804
रोटी,36778
जावेद,36764
प्राकृतिक,36757
गुरमीत,36750
निष्पादन,36745
राजपाल,36741
चिन्हित,36736
करोड़,36728
अनुसंधान,36708
टंकी,36708
औरंगाबाद,36679
वासी,36657
एएसआइ,36652
खोले,36634
डीआइजी,36632
खुश,36612
घनश्याम,36606
जिनका,36582
सहनी,36565
शौच,36563
कहानी,36541
अड्डा,36535
जोनल,36503
धरती,36501
हाजिर,36494
लगती,36493
रेंज,36473
उपेक्षा,36414
कूद,36397
आंख,36381
रजक,36304
मलेरिया,36298
आपको,36278
बुझाने,36277
पवित्र,36271
सेविका,36263
कचरा,36263
क्रमश,36246
जनहित,36220
कुर्सी,36198
बनेगा,36192
सकारात्मक,36187
आकर्षक,36187
सुल्तानपुर,36161
लिस्ट,36110
आकर्षण,36072
नालों,36063
स्ट्रीट,36053
घूम,36004
फैजाबाद,35994
नारी,35983
निष्पक्ष,35890
श्रीमती,35887
लटका,35859
जिनकी,35808
बोतल,35805
नोडल,35751
शिक्षित,35749
मीटिंग,35740
पोषण,35734
प्रशिक्षित,35725
हुडा,35681
साहु,35673
धाराओं,35651
वोटर,35602
प्रवचन,35567
बुलंद,35554
प्रधानों,35550
मेजर,35538
सीडीपीओ,35537
अनुमान,35533
रंगारंग,35518
रुक,35512
प्रकोप,35478
आउट,35457
निषाद,35449
कितना,35423
छाया,35406
दरोगा,35398
कुश्ती,35394
प्रभावी,35393
लोकतंत्र,35390
अव्वल,35386
समितियों,35386
गंदे,35382
सोसाइटी,35380
विश्वनाथ,35358
बांटे,35356
नगदी,35335
गुड्डू,35335
गुरूवार,35315
प्रीति,35303
बोझ,35291
सेंट,35278
चावला,35237
चंदौली,35235
मुख्यातिथि,35195
उपाय,35140
पराजित,35116
भरपूर,35080
भार,35079
टूटने,35075
पूर्वक,35056
रुड़की,35043
प्रशिक्षक,35019
सर्किट,35013
कॉल,35005
बल्लेबाजी,34999
निर्मित,34986
धर्मपाल,34974
प्रोग्राम,34973
बरकरार,34936
भेदभाव,34922
जनसंपर्क,34913
हाथी,34907
माडल,34900
भरकर,34896
काटे,34883
कपड़ा,34865
अन्यथा,34861
वीरेन्द्र,34854
ऋषिकेश,34827
पान,34807
बलवीर,34800
लखीसराय,34797
त्वरित,34796
भवनों,34794
रुचि,34770
शेख,34753
ग्रेड,34748
इत्यादि,34735
फुटबाल,34718
घोष,34702
सिद्धार्थनगर,34701
यमुनानगर,34698
व्यय,34692
बनाते,34689
प्वाइंट,34683
झगड़ा,34612
कैंपस,34598
पदोन्नति,34581
डकैती,34570
लगाये,34564
समझाने,34563
पहिया,34561
फेडरेशन,34557
हमलावरों,34506
लालू,34473
परशुराम,34470
सोना,34465
लौटा,34462
पीट,34460
पीढ़ी,34435
पीएसी,34405
रेस,34405
पूछने,34398
बीघा,34374
डीईओ,34374
मनजीत,34372
पुख्ता,34368
फ्री,34358
दवाओं,34348
आंधी,34339
अपेक्षा,34337
मेदिनीपुर,34326
बलबीर,34320
सुधारने,34320
संधू,34307
अध्ययन,34298
अन्तर्गत,34293
जंग,34277
इनाम,34253
डाटा,34244
सिरे,34242
धक्का,34242
देवेन्द्र,34230
पड़ोस,34228
चिकित्साधिकारी,34217
व्रत,34199
चतुर्थ,34198
लड़कों,34186
कच्ची,34172
रमन,34151
शंभू,34116
निदेशालय,34096
उपलब्धि,34085
इमरजेंसी,34072
वैशाली,34065
संविधान,34065
गढ़वा,34058
इंद्रजीत,34056
केन्द्रीय,34055
नानक,34030
झंडा,34017
लहर,33982
मंशा,33973
प्राप्ति,33971
देनी,33961
क्षेत्राधिकारी,33952
पुजारी,33951
उद्यान,33945
स्टेशनों,33929
तंग,33915
चढ़कर,33909
आरक्षित,33900
बाईपास,33809
सिंगला,33803
खिताब,33802
अधिकारों,33799
नगरी,33787
रामपाल,33783
किलोग्राम,33776
छोड़ा,33743
धूल,33743
अक्षय,33740
पीठ,33736
दयानंद,33735
जलाकर,33729
भाकियू,33690
रंगदारी,33684
संस्थापक,33670
बहाने,33668
इंजन,33660
स्थानांतरण,33656
दबोचा,33655
कतार,33650
देशी,33635
चोटें,33634
किंतु,33607
साक्षरता,33590
वर्षों,33584
गलती,33558
दिक्कतों,33551
डोर,33541
सीधा,33536
दुमका,33502
इन्होंने,33497
क्लास,33488
तारों,33486
घाटों,33444
परीक्षाओं,33440
कर्नल,33406
नेटवर्क,33393
बढ़कर,33379
हॉल,33377
वाणिज्य,33374
कहासुनी,33359
निर्माणाधीन,33349
उग्र,33346
ठेके,33339
सेट,33331
कड़े,33246
मौन,33245
विधवा,33232
गैंग,33217
जनप्रतिनिधि,33213
तबादला,33169
दंपती,33167
अग्निशमन,33124
पैमाने,33121
कोडरमा,33121
रजनीश,33084
कासगंज,33083
सलीम,33081
बुलाई,33061
बिगड़,33055
भंडारी,33046
आदेशों,33046
आमंत्रित,33038
सुचारू,33028
निवासियों,33024
मैंने,32993
तस्कर,32989
पाक,32978
अलाव,32967
आरएस,32965
मेमोरियल,32963
मानी,32955
हाजीपुर,32948
मध्याह्न,32944
गायक,32939
उपकेंद्र,32931
कारतूस,32859
एसडीपीओ,32858
सीटें,32829
दबंगों,32814
बढ़ाकर,32793
ट्रायल,32781
सविता,32778
कराये,32776
आवाजाही,32768
हल्की,32753
एफआइआर,32749
गणतंत्र,32723
लीला,32712
सुन,32680
हृदय,32667
आभूषण,32663
निरंजन,32661
फतेहाबाद,32626
नंगल,32611
लौटे,32599
शेर,32595
किराए,32586
ब्रिगेड,32581
मंजिल,32579
पिछली,32555
वसूल,32554
इस्लाम,32515
संदेह,32514
पाती,32513
झज्जर,32498
कमरों,32497
सेवकों,32497
निर्देशों,32479
रूपनगर,32469
दहन,32424
सुपौल,32413
हीरा,32407
पकड़कर,32394
निशा,32390
पर्स,32366
फोरम,32349
उप्र,32322
ट्रकों,32299
उन्हीं,32262
डाउन,32260
तस्करों,32214
खोज,32212
दाल,32212
अनुभव,32205
इलाका,32184
अयोध्या,32183
महान,32170
मुआयना,32152
टकरा,32150
चांद,32148
संबोधन,32124
एड्स,32115
गाड़ियां,32109
रीता,32102
लाइंस,32090
फूड,32083
कटाई,32083
उतरने,32069
बरनाला,32058
आफिस,32052
निर्देशित,32046
बीईओ,32030
मेल,32013
पारिवारिक,32010
गाइड,32001
जला,31988
सुषमा,31982
कमान,31975
गोद,31965
महायज्ञ,31951
निरंतर,31950
परन्तु,31943
मतों,31923
ताकत,31917
अमेरिका,31911
गहरा,31895
पार्टियों,31870
आरोपों,31861
भूल,31857
चिह्नित,31833
शैक्षिक,31805
नेत्र,31802
एनएसएस,31799
स्मारक,31795
गरीबी,31792
कागज,31775
ओपीडी,31763
विसर्जन,31734
माला,31716
इजाफा,31710
मकानों,31686
भगवती,31677
संपूर्ण,31671
शुभम,31655
केवी,31641
चुरा,31627
निर्धारण,31583
इच्छा,31559
लाए,31547
मजबूरी,31547
प्रारंभिक,31543
बांदा,31513
बदहाल,31511
वेस्ट,31506
ऋषि,31496
भोजपुर,31474
चूंकि,31407
प्रीतम,31402
ठेकेदारों,31400
अमृत,31397
मेवात,31388
होमगार्ड,31346
उतरे,31327
इंसान,31326
खुदाई,31320
औरैया,31316
तमंचा,31296
आएगा,31292
हिमांशु,31227
सकेगी,31224
जिम्मा,31223
शिफ्ट,31222
पर्यवेक्षक,31212
कितनी,31195
बृजेश,31188
काशी,31187
नम्बर,31181
हलका,31179
कोसी,31178
निश्शुल्क,31148
निकाले,31132
आमने,31089
रीना,31080
चौराहों,31071
पढ़ें,31061
टूटा,31059
घेर,31055
विशेषज्ञों,31053
साहिबगंज,31051
एलान,31049
रामदेव,31008
हितों,30999
जिम्मेवारी,30994
बनर्जी,30983
कलक्ट्रेट,30979
दुर्घटनाओं,30971
हस्तक्षेप,30948
एसएन,30932
उठाना,30930
धर्मवीर,30916
शाहपुर,30897
जसवंत,30891
अस्तित्व,30888
फर्रुखाबाद,30888
डायरिया,30866
दृष्टि,30863
गुलाम,30855
भंडारे,30850
गलौज,30827
उड़ा,30821
विपक्ष,30774
मचाया,30745
बेहाल,30733
रसीद,30714
किशनगंज,30713
सिपाहियों,30711
रनों,30691
हवाला,30664
निशुल्क,30661
गौड़,30647
मुआवजे,30639
कैदियों,30638
डीडीसी,30634
मेडल,30630
एनसीसी,30626
डाकघर,30619
बाध्य,30615
अलावे,30608
कांस्टेबल,30589
एजुकेशन,30559
चोपड़ा,30552
भंग,30544
फौजी,30530
मुलायम,30530
एमडी,30523
बाजी,30519
अभ्यास,30483
पुष्प,30446
बहाली,30445
यूरिया,30428
सीआरपीएफ,30420
महापौर,30412
भांति,30402
सोलर,30392
बहस,30388
कथित,30366
जीतने,30357
रजनी,30329
अपराह्न,30318
मैट्रिक,30316
मधु,30303
रमजान,30288
फैली,30268
एएसआई,30262
पुरुषों,30253
संवादसूत्र,30240
उर्दू,30240
रविन्द्र,30231
उदासीनता,30230
पर्ची,30216
झेलनी,30211
बहनों,30197
संचार,30179
धारण,30162
व्यवसायियों,30158
इन्हीं,30156
पकड़ी,30152
रायबरेली,30145
चिन्ह,30139
छवि,30125
संगोष्ठी,30110
मोतिहारी,30106
निराकरण,30046
जुटा,30035
अन्ना,30014
पर्यटकों,30006
खराबी,30005
घटिया,29995
आजम,29933
कुरैशी,29920
दोनो,29912
बंटी,29912
संभाल,29900
इंटरनेट,29879
मछली,29876
आयकर,29871
भाकपा,29853
प्रयासों,29843
निर्देशन,29829
पलामू,29821
मोनू,29785
जीएम,29785
रोगी,29777
उठाते,29766
आपके,29763
भैंस,29755
अवस्थी,29741
अगवा,29722
आखिरी,29716
हमलावर,29714
चापाकल,29711
उठानी,29671
पोशाक,29663
पहाड़,29663
परीक्षाएं,29655
शिकायतकर्ता,29635
बर्तन,29632
धर्मेन्द्र,29616
माकपा,29616
संसाधनों,29599
तुलना,29587
इमारत,29582
सीमित,29549
राखी,29521
निसं,29519
बढ़े,29507
उत्थान,29493
यूं,29491
सेठ,29486
मानसून,29479
मंजीत,29475
प्रवीन,29474
सफेद,29464
बनती,29452
दवाएं,29441
एयरपोर्ट,29432
दिवाकर,29426
डीके,29419
रिजल्ट,29412
विस,29411
शीला,29404
जोड़,29378
बलविंदर,29372
भोग,29368
निर्गत,29367
नवांशहर,29349
उमड़,29340
वाष्र्णेय,29329
तीर्थ,29316
जीव,29305
गोंडा,29301
प्रताड़ित,29285
दायरे,29268
आइजी,29266
मीरा,29263
प्रोत्साहन,29246
साक्षात्कार,29241
सावन,29234
कहर,29225
सोहन,29198
शर्त,29197
विंग,29165
मिथिलेश,29147
फरमान,29140
जयपुर,29136
स्टार,29123
कड़ा,29120
छिड़काव,29117
मचाने,29115
सेमेस्टर,29106
फतेहगढ़,29105
ब्याज,29097
क्रांति,29089
जलाने,29089
नवजात,29065
निर्णायक,29044
लोहे,29025
सीबीएसई,29020
अंदाजा,29016
कल्पना,28985
वृंदावन,28953
बचत,28917
गिरावट,28915
आतंक,28912
बढ़ाई,28906
पूर्णिमा,28905
बॉक्स,28897
प्रोत्साहित,28895
जिक्र,28894
मुसीबत,28884
नक्सली,28884
प्रभार,28878
कारोबारियों,28877
बजरंग,28857
रोगों,28846
उन्नाव,28826
निर्मला,28807
शेड,28758
सुना,28748
माले,28720
विधिवत,28701
शिवम,28700
साधना,28696
गुर्जर,28685
पीडब्ल्यूडी,28682
आरसी,28650
अनिता,28636
जिंदा,28630
बलराम,28622
तिराहे,28619
हिन्दी,28617
सापेक्ष,28617
अफरा,28592
कहती,28573
जनजाति,28563
कारावास,28557
तफरी,28547
फैला,28544
संकेत,28531
सुरिंदर,28513
बड़ी,28509
सघन,28507
हरप्रीत,28506
मची,28500
युवतियों,28497
फूलों,28491
विवरण,28478
हथियारों,28466
हिस्सों,28449
सम्भल,28445
नजारा,28425
कस्तूरबा,28414
लोन,28402
मोनिका,28394
जनसंख्या,28393
सब्सिडी,28388
ब्रिज,28384
अभियुक्तों,28372
घटे,28365
नक्सलियों,28364
सुखबीर,28361
बुजुर्गो,28360
दलजीत,28355
वृद्धा,28338
फाउंडेशन,28322
मिलेंगे,28311
प्रिया,28303
पैसेंजर,28289
प्रमंडल,28282
बैठी,28280
उत्तीर्ण,28280
कमाई,28268
युद्ध,28226
अधूरा,28207
वृक्ष,28200
सतनाम,28173
खासा,28172
केशव,28168
विजिलेंस,28163
इमाम,28162
टूटे,28160
हलके,28156
डंडे,28128
शमशेर,28110
कांगड़ा,28105
कक्षाओं,28064
स्काउट,28051
जोकि,28041
खामियाजा,28038
लावारिस,28030
बिल्कुल,28014
कमीशन,28008
परेड,27997
ब्रजेश,27995
जाप्र,27991
फैलने,27989
नर्सरी,27984
जुड़ा,27983
जहानाबाद,27982
नियमानुसार,27975
जनसभा,27961
सैंपल,27959
मेरिट,27949
शाहिद,27948
धीमान,27934
लूटने,27934
पौने,27932
रजिस्ट्री,27930
सबको,27929
कैदी,27920
खेड़ा,27920
उत्क्रमित,27919
निवारण,27913
घाटी,27907
देखभाल,27905
उतरी,27894
नदियों,27882
छात्रावास,27863
निर्भर,27843
कीमती,27834
सारण,27810
चलेगी,27782
संभावित,27739
मेहमान,27727
ट्यूबवेल,27713
कोठी,27708
राठी,27698
उदाहरण,27695
बरामदगी,27693
सोलन,27672
दिखी,27667
ईमानदारी,27649
चलकर,27645
झेल,27638
गुस्साए,27611
बेरोजगारी,27596
अकेले,27592
थानाक्षेत्र,27584
गोल्ड,27575
महकमे,27570
बीआरसी,27566
तरसेम,27563
फैलाने,27562
दाखिले,27557
प्रकृति,27532
उमाशंकर,27525
कांफ्रेंस,27520
प्राचार्या,27519
खाक,27517
गायन,27511
युग,27510
किराये,27509
बाप,27503
प्लास्टिक,27501
परिषदीय,27497
हरा,27481
एजेंट,27477
जिसको,27468
एमडीएम,27456
खतरनाक,27456
बलवंत,27447
धीमी,27428
कोचिंग,27421
उमा,27418
बिल्डिंग,27416
रखरखाव,27409
वारदातों,27404
काउंसिल,27396
रामजी,27395
जश्न,27393
अनुपालन,27386
विदित,27361
समझौते,27361
जीतकर,27332
आठवीं,27313
मानसा,27312
गोलियां,27307
भड़क,27307
सन्नाटा,27283
कर्म,27275
जेएनएन,27268
जगन्नाथ,27254
दलाल,27237
प्रशंसा,27236
डेयरी,27204
शिकंजा,27196
कुंदन,27190
बताकर,27182
ट्रेनें,27180
बीएससी,27166
दिसम्बर,27164
ऑफिस,27154
मल्होत्रा,27120
सत्येंद्र,27117
मिलीभगत,27107
बोली,27107
इमरान,27106
अनवर,27101
भ्रूण,27097
बारात,27095
तुलसी,27092
सुनाया,27091
सच्चाई,27084
अखंड,27077
भुवनेश्वर,27059
उपेंद्र,27058
फ्लैट,27056
रखेंगे,27043
व्यक्तिगत,27040
अंजू,27032
उर्मिला,27031
परिक्रमा,27028
अनुशासन,27023
कार्यप्रणाली,27012
मरांडी,27010
चेतना,27004
कपड़ों,27003
आगाज,26994
अधिसूचना,26991
गोला,26979
बहू,26969
भगा,26959
झील,26957
वर्कर,26930
एसएसबी,26910
ठोकर,26899
क्वार्टर,26893
कर्तव्य,26887
चौपाल,26881
लेखा,26869
खाई,26867
अश्विनी,26865
वजन,26855
कुएं,26844
दारोगा,26818
सवालों,26815
रोहतास,26812
रजा,26789
धूम,26787
सन्नी,26785
परमात्मा,26781
वाइस,26766
भरोसे,26749
नाकाम,26723
प्रतिबंधित,26707
रवैया,26695
कार्तिक,26695
गहरी,26686
तारा,26675
प्रभाकर,26657
देखना,26623
पाएगा,26619
करवाकर,26612
धनंजय,26604
रवैये,26600
पंवार,26589
अर्जी,26570
टैक्सी,26566
सम्पन्न,26550
धारकों,26547
टोली,26544
बेहतरीन,26514
लालगंज,26488
कोट,26482
जाल,26481
भाजयुमो,26475
मूलभूत,26473
सासद,26471
बांटी,26463
कलाम,26443
बिक,26430
पायी,26429
रोकथाम,26423
लिखी,26415
गूंज,26405
उपर,26395
शकील,26389
डूब,26387
जीते,26385
रचना,26373
वसूला,26343
वशिष्ठ,26343
कालोनियों,26336
कंचन,26331
वैश्य,26320
बेड,26311
सिद्ध,26295
गिरि,26289
परिचालक,26282
सर्किल,26260
जिंदल,26256
तंत्र,26248
निपटारा,26246
गोहाना,26237
शातिर,26223
रहमान,26216
कैमूर,26192
विफल,26191
पंचकूला,26188
तरनतारन,26178
सिद्धू,26174
बेंच,26152
जरूरतमंद,26137
कुलवंत,26131
बुकिंग,26092
स्थानांतरित,26087
हरपाल,26068
चालीस,26068
सीतापुर,26045
उषा,26044
साक्ष्य,26041
ऐलान,26031
मोह,26030
गेस्ट,26018
पाये,26016
सेमीफाइनल,26008
रणधीर,25982
महाराष्ट्र,25969
सेठी,25945
रोटरी,25943
हिम्मत,25939
लगायी,25937
इकट्ठा,25904
जमीनी,25902
झामुमो,25899
फाल्ट,25896
बेरोजगारों,25888
हरियाली,25878
सियासी,25866
बनना,25866
सावित्री,25847
पड़ते,25839
रावण,25830
एक्सईएन,25825
चलाते,25819
गिरीश,25818
गुरदीप,25808
सुशीला,25785
जन्मदिन,25781
पुरुषोत्तम,25775
रेत,25775
हराकर,25769
ख्याल,25759
कालाबाजारी,25755
महकमा,25751
वर्दी,25736
चहल,25724
कम्प्यूटर,25722
प्रतिवेदन,25709
नौजवान,25697
विद्युतीकरण,25689
इंटरमीडिएट,25689
सिद्दीकी,25686
बांटा,25675
जायेंगे,25670
देसी,25665
डीपीओ,25657
वैदिक,25656
शवों,25649
पशुपालन,25645
उपेन्द्र,25644
सत्यनारायण,25642
आयोजक,25630
गवाह,25629
नाजुक,25615
शब्द,25602
इस्तीफा,25602
ललन,25573
निशानदेही,25567
पदार्थो,25546
गुलशन,25543
पुस्तकालय,25539
लेता,25535
दोस्तों,25528
सतर्कता,25526
खेलते,25520
विक्रेताओं,25513
हॉकी,25510
कन्नौज,25504
चक्रधरपुर,25501
धांधली,25494
समन्वय,25491
झांकी,25491
खेले,25488
अंधेरा,25483
कीचड़,25457
मदरसा,25448
अंदाज,25444
शिकायती,25434
सराफा,25432
कार्यभार,25425
तमंचे,25425
बजाज,25423
दून,25419
आखिरकार,25411
केपी,25409
चैन,25405
जबरदस्त,25388
सौंपने,25367
वीरभद्र,25367
प्रदेशाध्यक्ष,25361
निकलना,25350
कर्ण,25346
एडीसी,25320
कठिन,25308
रोल,25304
राउंड,25290
जसपाल,25287
पिस्तौल,25283
पिस्टल,25277
मवेशी,25260
मेधावी,25255
कृपा,25252
रिकॉर्ड,25226
दामों,25225
जितनी,25224
विश्राम,25222
पड़ा,25217
बहराइच,25214
वर्करों,25202
जंगली,25186
कैश,25182
चाईबासा,25167
जमालपुर,25166
सीज,25159
सुदेश,25157
दूसरों,25149
सर्वेश,25144
लोकल,25128
एम्स,25124
क्लीनिक,25119
चरित्र,25109
बीडीसी,25097
शामली,25096
सीमेंट,25095
अबतक,25091
मंत्रियों,25073
प्लस,25072
एकमात्र,25070
मेहरा,25067
डीआरएम,25057
खरीदा,25052
स्थाई,25051
अश्लील,25040
भुगतना,25034
हाजिरी,25033
रुद्रपुर,25025
हल्द्वानी,25018
खोजबीन,25015
महानिदेशक,25006
मरने,25004
शेखपुरा,25004
झांसा,24994
एमपी,24980
बुला,24980
पांव,24978
नवम्बर,24976
मणि,24969
करेगे,24968
गुणगान,24958
सीख,24957
नगद,24954
सूत्रीय,24938
सक्षम,24937
मुरारी,24906
नसीब,24906
पर्यटक,24904
लगवाने,24893
शिवकुमार,24890
छेड़खानी,24887
दिखाते,24881
बहरहाल,24876
संगम,24872
शिक्षामित्रों,24862
भंडारा,24851
बेगम,24842
प्रपत्र,24837
सहाय,24821
रिश्वत,24814
सब्जियों,24808
पार्वती,24803
नैनीताल,24767
करवाना,24767
विभागाध्यक्ष,24762
हाट,24757
लैस,24741
छात्रसंघ,24725
राजवीर,24713
आर्ट,24705
लेट,24704
लोधी,24684
सतर्क,24671
शासनादेश,24668
वरुण,24653
नालंदा,24635
व्यास,24622
सेवी,24620
हापुड़,24615
शीतल,24611
टांडा,24610
काउंसिलिंग,24603
सुध,24594
फाजिल्का,24586
वालिया,24584
खंभे,24573
मनाली,24567
रौनक,24565
लातेहार,24557
वार्षिकोत्सव,24553
चीख,24544
भनक,24539
उमस,24515
युक्त,24502
गुमराह,24500
भजनों,24495
चर्च,24495
ब्रेक,24487
माया,24430
सुजीत,24429
बसे,24422
गार्डन,24399
वाहिनी,24397
सहकारिता,24385
मिस्त्री,24384
जीने,24367
कौशांबी,24366
सूखे,24327
फॉर्म,24321
मीट,24312
परवेज,24303
समीर,24301
धंधा,24300
एसआई,24283
क्रियान्वयन,24282
प्रसंग,24270
पार्किग,24249
डयूटी,24246
बचाया,24246
फ्लू,24244
चीन,24241
मनीषा,24234
खिड़की,24224
हजरत,24222
पलायन,24219
अनिश्चितकालीन,24218
निहाल,24209
लंबा,24209
तत्व,24206
मंथन,24195
वेतनमान,24194
पुण्य,24191
दिखाए,24188
उत्कृष्ट,24177
मानस,24160
निर्वाची,24160
नर्स,24160
नुक्कड़,24153
सरसों,24151
मानने,24147
डालते,24137
हरिओम,24105
आराम,24105
कान,24100
संसार,24093
लाला,24087
मंडियों,24081
करो,24068
बेतिया,24056
पड़,24048
निराश,24042
थोड़ा,24035
सलमान,24023
रेड,24020
बाइपास,24011
लेनी,24003
प्रतिष्ठा,23998
साइबर,23993
निवेश,23991
बहादुरगढ़,23986
पाना,23978
पिकअप,23978
आइटीआइ,23974
रिश्तेदारों,23963
वारंट,23963
राजनैतिक,23954
गिरफ्त,23944
शटर,23941
पुनीत,23933
शरीफ,23929
साइड,23928
रिहा,23918
विजेताओं,23912
ट्रांसपोर्ट,23902
शौचालयों,23897
मोहाली,23895
रजिस्ट्रार,23894
पढ़ाने,23882
बुनियादी,23875
माफी,23874
जानवरों,23861
फुटबॉल,23859
नमूने,23857
वोल्टेज,23853
कठुआ,23850
हीं,23848
लूटी,23845
लिख,23841
मतलब,23819
विवेचना,23814
दीवान,23809
समर,23803
महंगा,23784
दुआ,23755
जिसने,23752
पड़ाव,23752
लायक,23738
खिलवाड़,23737
हरजीत,23734
पीटकर,23732
रिटायर्ड,23731
रस्तोगी,23731
झोपड़ी,23730
बंदियों,23720
उत्साहित,23718
जसबीर,23712
बालिकाओं,23708
दहिया,23686
बांटने,23683
एक्शन,23682
सुधा,23673
उतारने,23670
कागजों,23660
महिमा,23656
मंडलायुक्त,23653
लैपटॉप,23647
कोटेदार,23644
दबंग,23634
जलने,23624
टैंक,23611
लाना,23608
गोप,23591
उतारा,23590
चढ़ा,23582
रेहड़ी,23565
किताब,23563
कनीय,23561
मीट्रिक,23558
पुरवा,23552
बेदी,23550
अमनदीप,23548
सैयद,23547
अर्थ,23543
महर्षि,23543
जसवीर,23543
सजाया,23540
दीं,23533
नीतू,23524
पीजीआइ,23507
गौरी,23503
अस्थायी,23486
बेस्ट,23471
झगड़े,23462
जाली,23456
अभद्रता,23455
पैदावार,23451
वस्तु,23448
बाली,23435
शून्य,23434
सुपुर्द,23429
हत्यारों,23425
एवज,23422
मुंशी,23416
वैकल्पिक,23414
व्यक्तित्व,23400
हरे,23393
बीतने,23379
बैंड,23374
तरक्की,23366
आतिशबाजी,23366
विज्ञापन,23361
मैजिक,23359
सेनानी,23341
परियोजनाओं,23340
बूंद,23334
एमएलसी,23316
आवेदकों,23311
सीसी,23306
राजाराम,23296
जोश,23293
गोशाला,23273
निर्विरोध,23271
कहे,23269
शब्दों,23254
अंचलाधिकारी,23253
सुपरवाइजर,23252
चक्का,23251
रिंकू,23245
कगार,23237
संग्रह,23234
अनुबंध,23230
रूबरू,23206
छोटू,23202
आमजन,23202
हां,23197
साधु,23186
तड़के,23182
डीजीपी,23169
हिन्दू,23162
अधीक्षण,23158
नदारद,23156
महादलित,23155
विनीत,23153
गुर,23143
बुद्ध,23139
ओवरब्रिज,23122
नियोजित,23120
कदर,23120
कटरा,23117
राजिंदर,23115
त्याग,23112
प्रशिक्षु,23111
ब्योरा,23106
साहनी,23104
एसएमएस,23092
किस्म,23090
नहरों,23090
निकलते,23077
ऊंची,23069
सुदर्शन,23053
नेताजी,23047
संकाय,23038
क्रासिंग,23036
शैलेन्द्र,23028
प्रभारियों,23028
घास,23026
पंत,22994
बटालियन,22992
खातों,22984
हफ्ते,22978
शस्त्र,22977
वीं,22969
सार्थक,22968
साहिल,22960
उमर,22959
लुटेरे,22955
मार्गदर्शन,22942
इसीलिए,22921
तादाद,22918
आमरण,22912
रुकने,22896
दिक्कतें,22896
तरुण,22887
सुखविंदर,22882
बनेगी,22874
दत्ता,22872
प्रेषित,22872
गाधी,22869
कामयाबी,22854
चरणों,22851
प्राण,22848
वादों,22842
गिनती,22836
घटी,22830
युगल,22829
अमेठी,22822
एनके,22815
सूख,22815
राहगीर,22813
उठने,22811
योग्यता,22809
बड़ौत,22806
सनातन,22801
शहरवासियों,22760
कठोर,22740
अंप्र,22731
शुभ,22723
भाटी,22713
मनप्रीत,22706
पारदर्शिता,22698
गंगवार,22696
बगहा,22696
अधूरे,22689
पाबंदी,22685
असलम,22676
प्लेट,22675
सिनेमा,22675
दरगाह,22674
महुआ,22671
स्पीड,22668
टीबी,22657
कोल,22650
उद्योगों,22646
गढ़वाल,22631
सनसनी,22631
योगेन्द्र,22624
सर्टिफिकेट,22624
केबल,22621
हवाओं,22618
लेती,22609
सोनकर,22577
बचपन,22571
केशरी,22561
बावत,22556
दशहरा,22551
रुपयों,22540
नपा,22523
हवलदार,22512
ऊषा,22511
शरद,22511
जानकारियां,22510
उपरोक्त,22507
टिप्पणी,22505
निभा,22503
उपचुनाव,22496
बैजनाथ,22487
सबब,22486
निबंधन,22461
महोबा,22461
संबद्ध,22459
बराड़,22442
जितना,22437
एकल,22430
कुसुम,22425
फुटेज,22424
अरविन्द,22423
जहरीला,22421
सुपर,22415
बिट्टू,22405
कराएंगे,22404
स्टाल,22403
शिवानी,22397
डीपी,22393
सक्रियता,22376
खुलासे,22361
आशय,22355
थानेदार,22353
प्रहार,22352
टायर,22344
मिलों,22340
जसविंदर,22325
हेम्ब्रम,22323
जागृति,22318
जगजीत,22311
गुलजार,22310
खुलेआम,22305
जोरों,22299
करण,22299
हसनपुर,22296
पाएंगे,22294
पासपोर्ट,22292
हिंसा,22288
वर्कर्स,22285
झूठे,22284
खाकर,22284
संतुलन,22282
जामा,22280
कच्चे,22279
अभियंताओं,22271
गोड्डा,22261
बदतर,22250
अधेड़,22221
नागर,22221
प्रकाशन,22218
राजभर,22206
असली,22185
त्रिवेदी,22181
शाक्य,22179
नारा,22167
देन,22161
मशीनों,22148
वाजपेयी,22147
विपक्षी,22145
भगवानपुर,22142
विमला,22141
चमन,22132
जीना,22117
प्याज,22117
समझाया,22116
मसले,22106
मनी,22106
ट्राफी,22106
पृथ्वी,22104
डंपर,22100
नंदलाल,22099
लाइनों,22094
चतरा,22094
केदारनाथ,22090
कोमल,22068
पठन,22062
पिंकी,22052
जीर्णोद्धार,22051
तृणमूल,22032
महीना,22030
शोरूम,22021
लीग,22021
सिलसिले,22015
फरीदकोट,22014
मेगावाट,22007
लदे,21994
व्यवसायिक,21979
हेलमेट,21979
एसीपी,21960
दस्तक,21957
सर्वश्रेष्ठ,21956
पाठन,21955
सतबीर,21938
टेलीफोन,21937
लिंक,21934
डूबने,21926
पोलिंग,21923
बढ़ोत्तरी,21922
शिवशंकर,21904
अपनाने,21903
सशक्त,21899
झटका,21898
डोगरा,21896
मानवाधिकार,21893
सिद्धार्थ,21891
इंद्र,21889
सर्राफ,21885
आनलाइन,21879
उद्यमियों,21879
काजल,21870
वैज्ञानिकों,21869
गणना,21868
सौंपे,21867
संबलपुर,21863
कोटा,21859
मुन्नी,21847
आतंकियों,21847
सबक,21844
बची,21839
पुनर्वास,21833
केसरी,21832
यानि,21831
सीएस,21831
वादी,21829
कमरा,21815
हरदीप,21805
भटक,21802
सिमडेगा,21794
अग्रिम,21792
बिगड़ने,21789
उमड़ी,21783
हटाकर,21780
तंबाकू,21766
मास,21758
यंत्र,21757
अंग,21749
नियंत्रित,21741
दयनीय,21730
आवारा,21729
भतीजे,21729
एमए,21720
बलरामपुर,21715
वर्गो,21707
नींव,21707
तर्क,21706
प्रतिभागी,21700
आतंकवाद,21696
अनंत,21695
बेकार,21687
देवता,21669
भट्ठा,21669
घुसे,21651
कांग्रेसियों,21649
पाउडर,21641
नारनौल,21633
लक्षण,21632
पड़ेगी,21631
मुलाजिमों,21631
वादे,21631
गुटों,21618
हावड़ा,21611
पैनल,21604
उल्लेख,21599
उपहार,21596
शमीम,21592
भागे,21589
देवर,21587
इनसे,21581
शुगर,21576
अकबरपुर,21566
हॉस्टल,21538
साप्ताहिक,21535
एनजीओ,21532
पुकार,21526
शिक्षामित्र,21520
आंकड़ों,21518
ट्रेड,21517
रोजा,21492
परिस्थिति,21480
शहादत,21472
अल्ट्रासाउंड,21467
मोती,21466
एमएम,21456
सिलाई,21446
उपलब्धता,21445
जानवर,21436
पंखे,21435
प्रबंधकों,21416
पूर्वाचल,21408
लटक,21407
डीजे,21397
ईवीएम,21394
रबी,21394
हड़ताल,21393
राजबीर,21393
कारपोरेशन,21390
उपलब्धियों,21389
रेणु,21383
भौतिक,21372
अत्याचार,21352
कांस्य,21350
खैर,21350
साइट,21347
बाराबंकी,21346
हत्थे,21337
आकर्षित,21331
गहन,21326
सुजानपुर,21319
मसीह,21312
सपने,21301
जयपाल,21298
तृकां,21291
पाठ्यक्रम,21278
कुत्तों,21278
कुंतल,21272
आंसू,21267
फेसबुक,21265
गबन,21260
रिजर्व,21246
मामा,21244
निर्दलीय,21242
जलाभिषेक,21240
गुलाल,21236
सेन,21216
समाप्ति,21208
पलटने,21205
बैच,21195
आंखें,21187
पक्की,21186
टीचर,21185
सीएमएस,21182
अभिनंदन,21173
सुचारु,21168
सीधी,21166
ओंकार,21158
बरात,21153
सामानों,21136
लोनिवि,21136
कारगर,21133
मानकों,21131
स्वरोजगार,21122
निर्देशानुसार,21120
दर्शक,21118
बाबूलाल,21118
पीकर,21091
बीएस,21090
भिड़ंत,21087
दुर्गापुर,21078
डैम,21075
प्रतिमाह,21066
क्रिसमस,21059
जत्था,21057
पिंटू,21055
तेवर,21049
कोताही,21044
पौधा,21044
सबके,21036
पारी,21011
लोहा,21010
डिमांड,21006
बिजेंद्र,21006
वीसी,21005
साहा,21004
स्वतंत्र,21003
साध्वी,20998
शिरोमणि,20997
वस्त्र,20991
खरीदी,20979
बदली,20973
स्वाइन,20966
जानकी,20962
धरातल,20959
ठहराव,20959
रणवीर,20941
प्रमुखता,20941
रैंक,20930
ताज,20923
भोले,20917
न्यायमूर्ति,20916
जुर्माने,20914
डीसीएम,20904
पेशी,20892
मुकाबलों,20888
हांसदा,20874
दराज,20869
गश्ती,20848
भलाई,20839
कृषक,20837
सर्वेक्षण,20827
शुभकामनाएं,20824
कसर,20812
जनगणना,20807
परमिट,20805
बोलने,20803
काउंसलिंग,20801
चादर,20799
इजहार,20790
चैंबर,20787
दवाई,20781
प्रतिभाग,20776
नियंत्रक,20767
चारा,20766
नाव,20766
तोड़ा,20759
रानीगंज,20754
नीलामी,20731
संस्तुति,20726
जानते,20711
घोर,20703
अंकों,20701
नसीम,20696
कारागार,20695
उपकरणों,20691
निलंबन,20690
लगाम,20676
साकार,20673
बनाएं,20672
समाहर्ता,20651
नंदन,20650
मच्छरों,20640
राज्यसभा,20640
बिंदुओं,20639
प्यास,20637
धावा,20632
विकलांगों,20626
वस्तुओं,20623
लिहाज,20619
अमरीक,20601
लूटा,20599
फिरोज,20596
तालाबंदी,20596
किला,20596
कक्षाएं,20591
श्रीकांत,20585
कार्यशैली,20584
वक्ता,20574
बौद्ध,20570
चौबीस,20569
संजू,20565
अप्र,20561
उठी,20545
असामाजिक,20542
सदैव,20540
मुहर,20538
सिंघल,20530
गढ़ी,20527
नवल,20512
लखीमपुर,20501
बीआर,20494
काशीपुर,20486
शैलेश,20482
चिह्न,20477
लोकेश,20468
रघुनाथ,20463
पंसस,20462
रोककर,20459
अनुपम,20451
पटवारी,20440
लेबर,20432
अवध,20432
रास्तों,20431
अभिलेख,20429
चुप्पी,20427
श्वेता,20421
प्रिंस,20420
जितने,20413
मिस,20398
नजदीकी,20397
फादर,20389
भाईचारे,20386
बारहवीं,20385
पढ़ा,20371
इरफान,20364
स्नातकोत्तर,20360
हंगामे,20359
रिसर्च,20351
रेनू,20344
प्रज्ज्वलित,20336
आजसू,20329
संकीर्तन,20318
किरन,20314
निकेतन,20312
कसने,20311
कल्लू,20297
आवेदक,20293
बर्बादी,20280
प्रदर्शित,20280
मानवता,20278
टेबल,20265
चंदा,20264
मीनाक्षी,20261
बीमारियां,20257
बीएसएफ,20255
हटाए,20229
चाह,20229
कल्याणकारी,20223
विरेंद्र,20222
गुरू,20206
कोटे,20204
रालोद,20189
गड्ढों,20186
खोलकर,20181
कोर,20179
सीईओ,20179
सिफारिश,20176
साक्षी,20175
शिअद,20173
कोष,20152
अहसास,20151
कचरे,20147
बर्फबारी,20140
चक्रवर्ती,20136
मित्रों,20122
सुदामा,20108
कालिया,20105
ओवरलोड,20094
धंधे,20093
उपनिरीक्षक,20092
डीआईजी,20090
आयुष,20088
दशरथ,20082
घेराबंदी,20079
बांट,20078
जनक,20071
कार्ययोजना,20041
श्रेय,20036
सितम्बर,20031
किताबें,20021
पढ़,20018
टिहरी,20017
बुलाने,20011
अलर्ट,20010
मनदीप,20004
कैंटर,20004
नवनीत,19994
मवेशियों,19993
संतों,19981
कांप्लेक्स,19976
आंकड़े,19975
मुक्तसर,19958
बनते,19957
कैमरा,19938
दंगल,19932
पीसी,19898
अंकुर,19897
जरनैल,19893
सीजेएम,19889
सत्येन्द्र,19884
नाक,19883
सीमावर्ती,19854
जनपदों,19853
चरणजीत,19850
पूर्वाह्न,19849
कुलसचिव,19840
पटाखे,19836
घूमने,19824
राघव,19816
लायंस,19812
धोखा,19803
जासंकें,19789
अबोहर,19789
अभियोजन,19787
लड़कियां,19782
बदहाली,19777
कमांडेंट,19775
अटल,19748
अधिवेशन,19737
परवीन,19737
सलेमपुर,19722
आरिफ,19708
हरेंद्र,19707
फेंकने,19703
खुशबू,19702
बल्लभगढ़,19674
इजाजत,19670
अध्यक्षों,19634
बनारस,19628
रणबीर,19617
मृतकों,19611
ईदगाह,19603
प्रतियोगिताएं,19597
नीयत,19592
एनसीआर,19587
पावन,19587
क्षुब्ध,19581
सीडी,19574
कापी,19571
पीड़ा,19571
अवलोकन,19567
ऊंचा,19564
बैडमिंटन,19563
शकुंतला,19548
घोटाला,19547
ओलावृष्टि,19542
कोहली,19537
मत्स्य,19519
एंटी,19518
एक्स,19515
आकलन,19513
बोस,19506
गुजरना,19503
अव्यवस्था,19501
उरई,19490
रघुवीर,19457
रवीन्द्र,19453
विचारों,19440
बदौलत,19437
हौसला,19435
दुरुपयोग,19420
किन्तु,19418
अपहृत,19412
हरबंस,19405
फंसा,19398
साक्षर,19394
पेंटिंग,19394
आएं,19385
साठ,19383
तालमेल,19383
इच्छुक,19379
प्लाजा,19379
भंडार,19373
पड़ोसियों,19367
रंगों,19366
रविंदर,19365
संकुल,19356
स्वर्णकार,19356
रामनिवास,19354
नक्शा,19351
तांता,19351
आरएन,19338
पात्रों,19335
शूटिंग,19334
सहगल,19324
जयराम,19322
लता,19312
दादा,19309
खुराना,19306
सीपी,19295
आवासों,19285
सुप्रीमो,19284
घाघरा,19268
खुराक,19263
आरटीआइ,19256
बंदरों,19254
गिरे,19251
प्रोन्नति,19245
गारंटी,19243
माजरा,19243
रोजी,19239
लाइटें,19236
मोहल्लों,19229
व्यावसायिक,19228
ठंडे,19227
प्रतिनिधित्व,19226
गहरे,19223
लगन,19221
दलितों,19215
सचदेवा,19204
कोड,19200
समग्र,19192
फेंका,19185
विस्फोट,19184
स्कूटी,19184
सेवानिवृत,19180
सजग,19175
नववर्ष,19175
जस्टिस,19168
केदार,19166
आराधना,19153
प्रदूषित,19138
पालिकाध्यक्ष,19137
दिखने,19133
जत्थेदार,19133
भोर,19126
नैतिक,19123
झाविमो,19114
शिक्षिकाओं,19110
मोटी,19109
निर्वहन,19098
सीसीएल,19093
रद्द,19080
सुनते,19078
अनमोल,19069
जूझना,19068
बोरी,19066
बर्खास्त,19062
मीनू,19059
नौजवानों,19056
दृश्य,19054
बैठकों,19053
डीआरडीए,19043
बोरा,19039
लैपटाप,19037
चिंतित,19036
वोटरों,19035
पद्धति,19033
कराटे,19032
चित्रकूट,19025
ताल,19013
भिड़,19010
लेगी,19005
अधर,19001
कुत्ते,18993
चेहरा,18990
ओडिशा,18983
घटनाक्रम,18980
चीज,18971
जागरुक,18968
इंडस्ट्री,18963
पांचों,18955
विहीन,18950
मंडलीय,18950
दिनदहाड़े,18949
नवनिर्वाचित,18942
महाराजा,18932
हल्का,18925
वर्कशाप,18918
अल्मोड़ा,18918
शाहाबाद,18913
नियत,18912
ईंट,18912
नंबरदार,18895
डायट,18894
सेक्रेटरी,18889
इनको,18883
पहुचे,18880
लाभार्थी,18876
आढ़तियों,18872
प्रधानाचार्या,18861
समृद्धि,18853
बिरादरी,18850
ग्रोवर,18849
एसआइ,18847
बटाला,18846
निखिल,18842
रामनरेश,18839
आंकड़ा,18835
फार्मासिस्ट,18828
नालियां,18824
कुशल,18824
हुयी,18820
सहन,18815
ब्लाकों,18798
हीरालाल,18791
सेशन,18786
लिखने,18784
प्रथा,18778
डिप्लोमा,18763
गायों,18759
लौटना,18749
रश्मि,18747
बड़े,18736
विकासनगर,18736
रमण,18732
चीमा,18728
फसलें,18727
पिछड़े,18725
पैरवी,18722
लेखन,18721
उठाव,18713
मनोनीत,18710
निकलकर,18704
जरुरत,18700
चक्र,18698
बोला,18696
सिकंदर,18684
जोड़ी,18683
अफरातफरी,18682
संभालने,18682
पीस,18673
गोवर्धन,18657
तरस,18653
एयर,18653
पुण्यतिथि,18645
एसटी,18635
पारंपरिक,18612
डीपीआरओ,18600
पिलाने,18589
विमान,18585
राजौरी,18583
लाइफ,18581
भाजपाइयों,18575
गुना,18575
लोजपा,18574
संतुष्ट,18572
रस्म,18563
निराशा,18562
चरम,18560
कमांडर,18558
सशस्त्र,18552
फील्ड,18537
पल्स,18528
नमी,18528
ब्राह्मण,18513
थ्री,18509
साधारण,18502
पहुंचना,18495
वसीम,18492
केसी,18492
नूरपुर,18491
फूंक,18488
जंगलों,18483
पोखर,18481
मताधिकार,18477
प्रयासरत,18470
कटारिया,18463
दविंदर,18459
जुड़,18458
अस्थाई,18455
कालीन,18442
ललिता,18442
प्रतिष्ठान,18439
पसीना,18439
हत्यारोपी,18438
वास्तविक,18436
चलाना,18433
आरडब्ल्यूए,18432
आढ़ती,18430
सिक्योरिटी,18429
इंसाफ,18422
महत्ता,18422
फलों,18413
मलबा,18410
पाकुड़,18396
फूट,18389
ज्ञानपुर,18371
लालच,18364
बेल्ट,18363
बदबू,18358
डटे,18358
मांस,18344
गुजरते,18339
बतायी,18339
सुंदरनगर,18333
कोल्ड,18324
ओपन,18313
मंत्रमुग्ध,18310
तूफान,18294
टाल,18291
मुफ्ती,18290
प्रेमिका,18287
रहित,18274
तिर्की,18272
ग्रंथ,18272
मुस्कान,18265
प्रयोगशाला,18264
चौदह,18259
गहने,18255
कारखाना,18250
डंडा,18246
दस्ते,18243
एआरटीओ,18234
बंदूक,18234
उपनिदेशक,18230
जरा,18230
मच्छर,18228
खुफिया,18221
गगन,18215
जनार्दन,18214
सूबेदार,18211
कूलर,18211
कोने,18211
अघोषित,18208
शिष्टमंडल,18207
रामनवमी,18200
तत्वाधान,18187
राजेश्वर,18187
वर्जन,18186
इसपर,18185
अन्याय,18176
चौथी,18176
खींच,18175
क्रीड़ा,18171
रामनाथ,18170
रिलीज,18165
डिलीवरी,18164
निवर्तमान,18157
जुआ,18156
संग्राम,18153
अनुशंसा,18141
मागों,18137
जीएस,18135
पैकेज,18134
आत्म,18134
रंगोली,18132
उपाधीक्षक,18130
भीड़,18124
पोद्दार,18124
पहुंचेगी,18121
खण्ड,18110
प्रांत,18109
खदान,18109
कुख्यात,18101
एक्साइज,18098
सर्जरी,18098
मौर्या,18089
नियमावली,18082
बदलते,18074
भला,18073
प्रतिक्रिया,18062
किस्त,18060
शताब्दी,18049
दंड,18048
रोस्टर,18044
पसरा,18034
असफल,18025
ऊंचाई,18024
ठहराया,18001
माफ,17992
राउत,17988
मीणा,17984
चटर्जी,17969
विहिप,17966
अभिलेखों,17966
अर्जित,17960
पदस्थापित,17959
संभाला,17953
नेपाली,17953
अनुष्ठान,17952
सचिवों,17950
समा,17948
नवनियुक्त,17945
शैली,17941
फॉर,17941
माफियाओं,17941
सौहार्द,17940
इंजेक्शन,17935
पार्ट,17933
आदोलन,17928
पिथौरागढ़,17927
लोकार्पण,17923
आइआइटी,17917
आइएएस,17912
जोखिम,17910
ब्लैक,17906
राजपुर,17904
ग्रिड,17897
वसूलने,17896
दिलबाग,17895
यूपीए,17893
एमएस,17889
पैलेस,17886
रामायण,17884
पक्षी,17876
राजकिशोर,17875
मधुबन,17873
ग्रांट,17869
माहेश्वरी,17854
छठी,17851
गजेंद्र,17842
प्रतिवर्ष,17840
मंत्र,17834
टीईटी,17830
होटलों,17826
धीरेंद्र,17823
नवोदय,17817
बिजलीघर,17813
सहभागिता,17810
आर्मी,17807
ध्वजारोहण,17804
फेरी,17777
लड़का,17774
प्रतीत,17768
धारक,17765
जगदीशपुर,17758
आफिसर,17754
जामताड़ा,17744
बबीता,17735
बैरियर,17728
चैंपियन,17724
डीएफओ,17713
किन,17712
पारस,17709
डेवलपमेंट,17709
संवेदक,17706
आसार,17699
खुलवाने,17688
सावधानी,17677
वन्य,17671
लगेगी,17669
फैक्टरी,17668
भाग्य,17663
आहत,17661
प्राधिकार,17659
विवादित,17651
खुर्शीद,17642
दूरभाष,17641
एसडी,17639
कहाकि,17627
जले,17623
बांसल,17623
घातक,17617
सिम,17617
महाविद्यालयों,17605
रिहायशी,17603
बांधकर,17595
अंजनी,17592
सालाना,17589
गवाही,17587
मस्ती,17586
ट्रांसफर,17585
बलों,17576
उल्टी,17562
विमोचन,17551
खरीददारी,17547
सोलंकी,17547
घेरे,17546
पर्दाफाश,17542
चौटाला,17542
माथा,17527
मिर्जापुर,17522
अत्यंत,17521
आश्वस्त,17518
स्कूटर,17517
झटके,17516
धड़ल्ले,17514
वर्क,17510
संयंत्र,17504
दुर्घटनाग्रस्त,17500
रायपुर,17499
अग्निहोत्री,17496
देवताओं,17493
सांप्रदायिक,17492
हरभजन,17491
बार्डर,17482
धार,17481
पंजी,17478
सर्राफा,17475
अधिशाषी,17454
तत्पर,17451
फेज,17451
थर्मल,17445
पंचनामा,17442
कमाल,17435
दामाद,17427
परामर्श,17425
उज्ज्वल,17420
बनेंगे,17418
राजनाथ,17410
रखता,17404
नूर,17399
लूटे,17399
धारदार,17384
महा,17370
खबरों,17368
मारुति,17362
सिग्नल,17358
संतोषजनक,17343
आगजनी,17343
निभाने,17336
सांप,17334
सतेंद्र,17322
फीता,17317
हाथियों,17308
डीएस,17304
टाइम,17300
बिजाई,17298
शिवसेना,17297
एकजुटता,17289
हायर,17286
निर्दोष,17277
रामदास,17276
किग्रा,17276
सेक्शन,17273
नशीला,17271
दीक्षा,17261
नामित,17260
जनजीवन,17254
क्विज,17249
मुनि,17240
लौटते,17217
बागवानी,17213
डबल,17211
अल्लाह,17205
सगे,17204
शार्ट,17195
गढ़,17191
चूना,17187
निगाह,17182
बोनस,17177
तलवार,17171
चंदेल,17171
कोलियरी,17167
पीयूष,17164
कामरेड,17158
भाईचारा,17157
रेडक्रास,17154
हड्डी,17152
थोक,17144
लौटी,17141
अब्बास,17138
नक्सल,17127
सत्यप्रकाश,17127
प्रहलाद,17120
पहुंचेंगे,17115
डंडों,17112
देशभर,17109
मिजाज,17108
बीएन,17100
ज्वाइंट,17100
बेबी,17091
नमूना,17083
दीनदयाल,17082
संक्रामक,17080
चाइल्ड,17076
बुझाकर,17066
भड़के,17055
सीबीआई,17048
बीडीपीओ,17041
राइस,17039
लाइब्रेरी,17035
छापे,17033
खुलकर,17033
पहलुओं,17028
तबादले,17024
बर्फ,17019
शिवहर,17017
सौदा,17016
तथ्य,17015
निबंध,17007
लगेंगे,17004
आरओ,17002
लदा,17002
रामानंद,17001
अध्यापिका,16992
दवाइयां,16987
हैप्पी,16984
रविशंकर,16982
मशीनें,16975
बांस,16969
भास्कर,16965
हल्ला,16943
मालगाड़ी,16940
रामबाबू,16937
तबाही,16928
खरीदे,16926
सबूत,16918
विजेंद्र,16888
दुराचार,16885
आयुर्वेदिक,16878
शरारती,16875
आरक्षी,16871
भंडारण,16864
दादी,16863
बघेल,16862
बहुमत,16852
अर्थदंड,16849
ब्रज,16848
टंडन,16848
एथलेटिक्स,16843
संलिप्त,16840
क्लिक,16835
सरयू,16824
अग्रसेन,16824
बढ़ेगी,16822
मंगला,16816
बख्शा,16816
तत्पश्चात,16801
दरों,16801
कंपनियां,16798
कौशाम्बी,16797
सहायिका,16792
गुमशुदगी,16789
धुंध,16789
खोदाई,16788
दुखी,16779
कतई,16773
कटाव,16769
कब्रिस्तान,16759
परहेज,16757
क्रेडिट,16755
बढ़ाए,16752
जोड़कर,16751
सांत्वना,16743
सहज,16728
रौशन,16726
अभिनव,16726
आजीवन,16726
पुस्तकें,16724
प्रतिनियुक्त,16713
टिप्स,16709
चंद्रा,16709
मेगा,16709
सरकारों,16707
पक्षियों,16699
टुडू,16697
नरिंदर,16695
बिछाने,16691
माली,16679
डिवाइडर,16675
करन,16675
आमदनी,16672
बोर,16670
ओबीसी,16669
परंपरागत,16661
अवनीश,16661
बेटियां,16658
झूठा,16656
जैविक,16651
अनुपात,16648
सुलझाने,16647
डीडीए,16640
लोकेशन,16629
झाँसी,16623
चैनपुर,16623
जेके,16615
कार्यदायी,16612
सर्वोच्च,16607
स्वर,16607
कार्मिक,16603
समायोजन,16603
होड़,16600
जनस्वास्थ्य,16599
फिल्मों,16595
अकेला,16593
त्रिस्तरीय,16593
कश्मीरी,16590
समझते,16580
केयर,16579
छोड़ी,16578
लखन,16567
आनंदपुर,16562
सासाराम,16552
ठंडा,16538
प्रशासक,16530
रस्सी,16525
एडीओ,16521
मुश्किलें,16520
बंधन,16520
रामलाल,16520
कमलजीत,16519
नसीहत,16518
सबका,16517
मेंबर,16516
धुनाई,16510
नशीले,16506
कोहरा,16505
जोगिंदर,16497
दीपा,16491
नागेंद्र,16489
अंबेडकरनगर,16487
रिश्ते,16477
खरीफ,16477
फाइलों,16471
झांसी,16463
तबीयत,16459
कामेश्वर,16455
लापरवाह,16452
झड़प,16445
छाए,16442
ढोल,16439
सराहा,16437
ब्यौरा,16428
पंजीयन,16427
बच्चियों,16423
नाकाबंदी,16415
उपविजेता,16415
किट,16412
चढ़ने,16405
नमन,16400
चैनल,16395
खोली,16395
निशाने,16394
लगाएं,16391
पांचवें,16388
रिजवान,16384
कीटनाशक,16383
हाथापाई,16375
प्रॉपर्टी,16360
छाबड़ा,16356
पढ़ाओ,16356
सरायकेला,16353
मुलाजिम,16346
राधे,16345
पार्को,16345
राजी,16332
दुर्गेश,16326
समर्पण,16319
टेनिस,16312
चौपट,16303
छठे,16297
धर्मेंद्र,16297
निष्ठा,16295
छुटकारा,16290
लगना,16286
केवीए,16285
दीन,16284
डीलरों,16283
दिला,16282
दलालों,16282
विस्थापित,16281
पालमपुर,16280
झाड़,16272
अग्नि,16271
इलेवन,16271
चांदनी,16252
जलालपुर,16250
राज्यस्तरीय,16245
नवीनीकरण,16242
बीपी,16237
सास्कृतिक,16233
भक्तिमय,16231
छोटेलाल,16230
अनारक्षित,16228
इकाइयों,16227
टॉप,16226
बहने,16211
सातवें,16209
टीका,16206
दस्तावेजों,16204
पसीने,16201
मातम,16197
कांत,16192
उर्स,16182
गरिमा,16168
अखाड़ा,16162
मौलिक,16158
अदायगी,16151
बलिदान,16149
प्रताड़ना,16148
ढिल्लों,16146
खानपुर,16144
भैया,16143
सौंपकर,16140
प्री,16137
उपज,16134
साउथ,16134
टेक,16125
क्लर्क,16109
अमीर,16104
जायज,16100
मशहूर,16099
श्रेष्ठ,16093
मुहल्लों,16090
प्राध्यापक,16088
परमार,16085
पेटी,16082
घेरा,16080
अंबार,16079
खामियां,16077
बड़ा,16076
बडे़,16070
बाबूराम,16066
स्पीकर,16064
निर्माता,16058
दिव्य,16053
वें,16053
खत्री,16050
बनवा,16045
आपकी,16040
अरब,16040
विचाराधीन,16036
पूरन,16030
झलक,16028
खलबली,16017
फारबिसगंज,16016
मुस्तैद,16014
बेचा,16010
आसिफ,16009
रमाकांत,16005
प्रेरक,16004
साझा,16002
अगलगी,16000
महंगी,15999
पंडा,15996
अंतर्राष्ट्रीय,15989
घड़ी,15986
खौफ,15984
खफा,15984
टै्रक्टर,15983
गेहू,15977
स्वयंसेवी,15973
तरीका,15971
फर्नीचर,15959
भभुआ,15956
कार्यवाहक,15951
मैसेज,15951
बाजवा,15948
अमिताभ,15947
घुसने,15943
आंदोलनकारियों,15941
सवारों,15940
असुविधा,15938
हैदर,15935
प्लॉट,15928
सचेत,15925
बहाना,15921
त्रस्त,15916
रूबी,15914
मयंक,15905
आटा,15901
एसएमओ,15901
स्वाभिमान,15895
भावनाओं,15892
पैसों,15885
गौशाला,15880
भाभी,15877
खपत,15876
जयनगर,15875
लहूलुहान,15874
मंडली,15870
जमावड़ा,15865
अधिकृत,15865
पॉलीथिन,15864
गंतव्य,15861
बीडी,15857
टेम्पो,15836
श्रीमद्भागवत,15829
चढ़ाने,15826
कुपोषण,15826
ट्रीटमेंट,15825
बिलों,15825
रूपरेखा,15822
सरल,15818
चरस,15816
दौड़ा,15814
रामप्रकाश,15810
अंजली,15809
प्रौद्योगिकी,15804
शिविरों,15803
बैक,15803
अजित,15802
बहुगुणा,15801
मॉल,15796
छीनने,15790
ताबड़तोड़,15778
हर्षोल्लास,15776
मुफस्सिल,15775
निस्तारित,15773
जतिंदर,15767
सरगना,15764
मुखी,15763
पुरूष,15756
बीना,15754
साहेब,15753
सबकुछ,15752
बनायी,15750
दुल्हन,15745
सोमनाथ,15743
कुचल,15733
एमएल,15732
विदेशों,15723
सभासदों,15720
परिचित,15719
बेटों,15717
इंट्री,15714
मलबे,15710
कुंडा,15707
सैन्य,15707
रक्षक,15697
तिराहा,15696
बहला,15692
खातिर,15682
चीजों,15665
ज्ञानी,15657
गोलीबारी,15652
मायावती,15651
उपयोगिता,15642
अवशेष,15641
व्यवस्थाओं,15635
ग्लोबल,15633
राजपुरा,15630
आवेदनों,15627
चौकसी,15626
जगतार,15625
कागजी,15621
फंदा,15610
खुदकुशी,15606
उत्तरकाशी,15601
मजबूरन,15596
रैन,15594
बयां,15594
अधूरी,15594
पर्चे,15592
बंदर,15590
तंवर,15590
सेंटरों,15583
मंटू,15582
शख्स,15581
फैशन,15581
इनकार,15579
अफवाह,15579
नयी,15576
चूक,15575
रहेंगी,15572
सेतु,15572
नौशाद,15571
मंडप,15559
हाफिज,15550
कीमतों,15549
मानगो,15549
पठानिया,15548
जगमोहन,15541
जता,15540
प्रापर्टी,15539
शिक्षाधिकारी,15538
रूपए,15524
बदलकर,15523
दीपिका,15516
नाग,15510
रोपाई,15509
नौबत,15508
बढ़ेगा,15508
एनडीए,15504
अविश्वास,15501
नामों,15496
पैकेट,15496
जोड़े,15494
एंट्री,15490
नाते,15486
चुप,15485
प्रज्वलित,15485
गुरदेव,15484
श्रोताओं,15482
माइनर,15474
आईजी,15471
जाकिर,15466
चकबंदी,15457
धुन,15456
शान,15454
परमानंद,15453
विधेयक,15453
पीएन,15445
बेहोशी,15443
त्रिवेणी,15439
पीडि़त,15430
वैट,15430
दुग्ध,15426
इरशाद,15422
तौल,15417
वैभव,15415
अजमेर,15415
रंजना,15412
भीमराव,15411
एफआईआर,15410
बेला,15408
हरिशंकर,15407
खोकर,15402
शीतला,15393
प्रमोशन,15383
स्कार्पियो,15381
विविध,15380
गर्व,15375
छत्तीसगढ़,15372
रामवीर,15363
संगठित,15362
गाड़ी,15362
एसटीएफ,15356
उठता,15354
नवाबगंज,15354
तटबंध,15349
गु्रप,15347
श्रावस्ती,15347
सवारियों,15344
पुस्तकों,15340
जयंत,15337
सूखा,15337
बिल्डर,15334
पीसीसी,15333
यौन,15330
सदा,15325
आहूत,15320
छप्पर,15320
सड़कों,15316
शहीदी,15313
माधव,15311
डुमरी,15308
पैतृक,15307
बत्ती,15305
बादलों,15299
अग्रणी,15296
बस्तियों,15289
साकेत,15282
भगदड़,15281
शाखाओं,15279
उत्पादों,15276
पहने,15276
सकुशल,15271
क्रास,15269
कुआं,15267
गतिविधि,15256
लाइटों,15248
हटवाने,15242
राशिद,15242
मालवीय,15238
कोषांग,15231
अनुमोदन,15226
लक्की,15225
जनरेटर,15225
चेतन,15223
मलकीत,15218
चरखी,15212
जमाने,15208
चेताया,15205
हैंडपंपों,15196
अपराधों,15178
विद्यापीठ,15172
मुश्किलों,15172
सद्भावना,15168
कनिष्ठ,15155
कामर्स,15154
धरोहर,15152
वीणा,15137
परमिंदर,15135
दावेदार,15133
नेट,15132
डिजाइन,15132
सरबजीत,15131
बंगला,15131
शीर्ष,15131
सईद,15130
कठिनाई,15120
लुत्फ,15115
आड़े,15112
साहित्यकार,15110
बैंकिंग,15108
प्रेशर,15107
मुकाम,15106
मिसाल,15105
क्षेत्रवासियों,15099
अग्निकांड,15095
प्रतिकूल,15094
एनओसी,15091
लेवल,15090
टोप्पो,15088
मुगलसराय,15085
ओलंपिक,15081
चंचल,15077
गुस्से,15075
कुजूर,15072
जिलास्तरीय,15069
चेकअप,15066
बाई,15057
टूटकर,15051
चिंगारी,15037
मुकम्मल,15033
करतार,15031
पोषाहार,15028
विज,15024
संशोधित,15018
स्त्री,15017
पिलाई,15013
मुखबिर,15009
खुशियां,15002
जमाव,15001
नवनिर्मित,14998
हंस,14997
खलासी,14994
जन्मोत्सव,14992
शीशे,14991
स्वर्गीय,14990
बापू,14989
मृत्युंजय,14983
नंदा,14981
शाति,14975
टेक्नोलॉजी,14973
साड़ी,14972
किताबों,14972
हंसराज,14969
खंडपीठ,14967
चित्रकला,14963
जोगेंद्र,14959
कटने,14958
रत्न,14958
कामों,14945
वाया,14944
सृजन,14943
करनैल,14943
पाकिस्तानी,14937
रमाशंकर,14932
पक्के,14927
बरी,14924
उद्यमी,14922
सेक्टरों,14920
झंडे,14913
विशेषकर,14910
असिस्टेंट,14910
दिलचस्पी,14907
कुलविंदर,14905
पहलवानों,14902
जुगाड़,14902
पढ़े,14900
दीनानाथ,14891
रोहिणी,14887
कूपन,14886
पीठासीन,14886
पुस्तिका,14885
कॉपी,14884
साढे़,14872
प्रयुक्त,14867
मात,14857
जुटाने,14849
देवराज,14845
नकेल,14840
भूमिगत,14836
पैरों,14832
लादकर,14827
खस्ताहाल,14824
अपमान,14817
प्रतिनियुक्ति,14816
फ्लैग,14814
पीर,14807
भदौरिया,14806
सरपंचों,14801
इशारे,14798
मालती,14796
मिथलेश,14795
उठान,14794
खेली,14790
हरदेव,14785
कत्ल,14776
आलोचना,14776
पढ़ाया,14775
सुमित्रा,14770
आवक,14769
मकर,14766
ध्वज,14765
आदमपुर,14756
चर्चित,14753
सस्ते,14753
चाल,14740
मनमाने,14740
जन्माष्टमी,14737
पढ़ी,14732
जननी,14730
लिप्त,14726
मुकुल,14723
हटाओ,14718
समझने,14712
भिजवाया,14699
वोटों,14699
झोंक,14698
दीवाली,14695
रसायन,14689
नतीजतन,14689
सियाराम,14688
आर्या,14686
ड्राइविंग,14684
नन्हें,14679
रोड़,14676
खानापूर्ति,14676
पटाखों,14674
वासुदेव,14669
मानकर,14664
सोलह,14661
निविदा,14653
चस्पा,14644
लाभान्वित,14642
गतिविधियां,14639
जलजमाव,14630
सेविकाओं,14623
पल्ला,14615
आहार,14603
कमेटियों,14590
भोजपुरी,14589
पायल,14589
हालाकि,14589
सचल,14585
हौसले,14584
ऑफिसर,14581
मेदिनीनगर,14577
बजकर,14577
फैले,14572
तत्परता,14572
ड्रग,14569
एहसास,14550
वृक्षारोपण,14548
पीएचई,14540
जगी,14539
उज्जवल,14532
नगीना,14524
लाईन,14522
सुलभ,14514
दुर्घटनाएं,14513
स्लोगन,14512
फिट,14511
मूल्यों,14510
आयोजकों,14508
रसूलपुर,14507
विरासत,14504
उन्मूलन,14503
उतरकर,14502
होर्डिग,14498
खुर्जा,14497
सरिया,14493
मुठभेड़,14491
देशभक्ति,14490
वैद्य,14486
उदासीन,14483
ताक,14466
प्रेक्षक,14464
भरमार,14457
लाइनें,14456
घोसी,14455
एबीवीपी,14452
डीएन,14443
शालिनी,14441
फरियाद,14433
रामा,14427
मुसलमानों,14424
बकरी,14423
दफ्तरों,14422
उर्वरक,14422
कृपाल,14420
लीकेज,14416
प्रेमियों,14416
हैदराबाद,14412
बागेश्वर,14405
प्रधानाध्यापिका,14400
सर्वप्रथम,14395
थमने,14393
केरोसिन,14389
फर्म,14387
ग्रामसभा,14386
उत्पात,14382
कॉलोनियों,14382
महाशिवरात्रि,14378
कच्चा,14377
नौवीं,14372
धवन,14372
अमीन,14371
ध्वनि,14370
खस्ता,14370
अलमारी,14369
संवेदना,14367
आंगन,14362
एएमयू,14359
भूखंड,14358
बोलते,14355
बिरसा,14345
पाएगी,14336
तबाह,14335
पीओ,14334
गंज,14334
व्यवस्थापक,14332
रितेश,14330
वैध,14326
शशिकांत,14325
आपात,14324
सीटू,14323
लकड़ा,14318
दलबीर,14312
विस्थापितों,14311
पीटने,14310
तूल,14310
बिंद,14307
दस्ता,14307
सैकड़ों,14306
अखबार,14304
पटनायक,14304
समूहों,14301
मिलनी,14301
स्वयंसेवकों,14292
बालाजी,14291
बोगी,14290
सूचनाएं,14290
खादी,14288
पौधारोपण,14281
प्रधानाध्यापकों,14279
सर्कल,14275
धुत,14269
अनहोनी,14268
परमेश्वर,14264
प्रश्नपत्र,14260
सलामी,14258
पहनाकर,14257
जेनरेटर,14256
बेवजह,14251
मिलावट,14250
बलराज,14247
व्यवस्थाएं,14246
सरेआम,14243
हुईं,14242
वीपी,14241
ग्रस्त,14241
हेरोइन,14233
प्रभा,14231
कुर्की,14229
सभाओं,14229
जरूरतमंदों,14225
फरियादियों,14222
गर्भ,14222
सिमट,14209
अभद्र,14207
कैंटीन,14201
नारायणपुर,14201
अत्याधुनिक,14201
इशारा,14199
मक्का,14190
सुलह,14187
करियर,14184
पीडीपी,14181
गुरुकुल,14177
मधुर,14176
परम,14174
बावा,14169
अवरुद्ध,14165
रिवाल्वर,14158
बनवाया,14144
पीसीआर,14142
कारा,14142
करवाएं,14140
लिफ्ट,14131
लाभुक,14126
लाइसेंसी,14125
साधा,14117
खिलाडि़यों,14112
अकबर,14104
केबिल,14100
फंदे,14096
गुरनाम,14094
बचाई,14079
बुआई,14079
गाज,14079
पासी,14077
सत्यपाल,14075
बूंदाबांदी,14074
डीन,14070
नतीजे,14061
प्रतिभाओं,14051
आकस्मिक,14045
हार्ट,14038
दबाकर,14037
विकराल,14036
फ्रंट,14035
रामविलास,14028
द्वारका,14026
मारवाड़ी,14024
बांधा,14023
पात्रता,14016
विज्ञप्ति,14007
गोबिंद,14006
रमा,13994
बलवान,13994
कानूनगो,13990
श्रृंगार,13981
रादौर,13975
पतंजलि,13973
चाबी,13972
घटित,13970
टमाटर,13964
गर्दन,13955
शास्त्र,13952
लैंड,13949
पीएचडी,13948
गजरौला,13947
गुरमेल,13942
गाकर,13941
सेफ्टी,13940
बहाव,13938
वसुंधरा,13934
घंटाघर,13933
हजारे,13932
टेंट,13931
अंग्रेजों,13930
चुंगी,13929
फौज,13928
चंद्रवंशी,13926
अवहेलना,13922
लीज,13921
बिंदु,13919
लाडवा,13914
सवारियां,13911
मांगपत्र,13900
बंदोबस्त,13896
कन्याओं,13895
अस्त,13895
आनी,13893
वांछित,13870
चलाता,13866
बयानों,13865
बीटीसी,13863
दोस्ती,13858
बेरमो,13852
निपटाने,13846
एक्का,13845
स्टाक,13842
जफर,13841
अकेली,13839
केडी,13835
प्र,13834
बीटेक,13830
भल्ला,13826
सिलीगुड़ी,13823
दुर्दशा,13810
चंगुल,13806
लेगा,13804
रेडियो,13786
दीपू,13784
परचम,13782
बाजे,13782
जतायी,13781
शेड्यूल,13780
कड़ाके,13778
सिंहभूम,13774
मोर,13774
दलीप,13772
कुर्बानी,13772
प्रदेशों,13768
गगनदीप,13767
पैनी,13762
चौड़ीकरण,13762
बानो,13760
धक्के,13759
गुरजीत,13757
चंद्रपाल,13749
नशीली,13748
अलका,13744
गुलदार,13742
चाहा,13739
मिटाने,13737
बैटरी,13737
वोटिंग,13736
पुनरीक्षण,13727
जबाव,13727
आमिर,13726
आयुर्वेद,13720
अभिनय,13716
गाने,13714
अर्बन,13713
पदयात्रा,13708
मिलीं,13705
दोष,13705
दांव,13702
हीरो,13691
निचले,13688
चोटिल,13687
सच्चे,13685
किश्त,13681
उड़ान,13680
तारीफ,13677
भवानी,13673
जबरदस्ती,13670
फर्क,13668
नहाने,13667
फेर,13665
काटी,13660
इंटक,13657
जीरो,13657
थानाध्यक्षों,13642
लीक,13640
दामोदर,13637
मोहनपुर,13634
भयभीत,13623
बृज,13620
माथुर,13619
वायु,13617
सुसाइड,13613
मुकदमों,13606
कीट,13605
विवादों,13603
गुणा,13601
गांजा,13599
गहराई,13598
आइडी,13593
लड्डू,13584
आरएसएस,13578
एम्बुलेंस,13575
तैसे,13574
एसजीपीसी,13574
सुथरा,13574
दया,13562
रामकृष्ण,13561
हाकी,13561
बंधे,13550
जमील,13549
क्षेत्रफल,13544
उतना,13544
हैरान,13543
अभिमन्यु,13542
अत्यधिक,13542
अपलोड,13538
तुम,13535
सहयोगियों,13534
रेस्टोरेंट,13533
हरसंभव,13531
सीखने,13526
किस्मत,13526
लेखपालों,13524
परिवेश,13521
रफीक,13520
सहूलियत,13518
संभावनाएं,13515
कुरीतियों,13513
सेब,13512
वरदान,13511
महापंचायत,13510
चारदीवारी,13493
कौल,13490
असहाय,13488
हावी,13481
आरडी,13478
मध्यम,13471
अपडेट,13469
उच्चतर,13467
छोर,13464
जुड़ने,13453
दाना,13453
बढि़या,13451
तेरह,13448
काव्य,13447
बैरिया,13446
अंदेशा,13445
बेखौफ,13441
बनाम,13441
डीआइओएस,13430
चौथा,13430
मशाल,13429
एचएस,13425
पदभार,13406
मायूस,13405
पर्षद,13403
बालेश्वर,13403
रोकना,13400
बोरिंग,13400
फटने,13399
स्टॉल,13393
अकाल,13393
पड़ता,13392
पौड़ी,13387
शिखा,13386
पड़ी,13385
निशांत,13385
जेएस,13382
ंिसह,13381
ट्रामा,13379
फिरौती,13374
लोकपाल,13371
दबा,13371
बदनाम,13365
सिमरन,13365
नंदकिशोर,13355
हुनर,13350
पांचवीं,13348
उठकर,13347
दोपहिया,13347
कोटद्वार,13343
जानकारों,13339
लेनदेन,13334
बुराइयों,13322
मनोबल,13322
आपरेटर,13320
जलालाबाद,13320
औसत,13318
कॉमर्स,13314
रेफरल,13311
बब्बू,13308
हास्पिटल,13307
पुत्रों,13304
समां,13301
नागपाल,13300
डिटेल,13299
लेखक,13292
स्टूडेंट,13290
गृहस्थी,13290
सभापति,13288
आर्डर,13287
केक,13284
डिजिटल,13275
रामस्वरूप,13271
सुधांशु,13271
राइफल,13266
वरना,13265
नवाब,13262
वापिस,13262
बेरी,13259
कांवड़,13256
कार्यसमिति,13255
बीसी,13253
आंतरिक,13251
पासबुक,13250
अंगूठी,13243
आमद,13242
पार्टियां,13238
दंपति,13237
कैशियर,13232
उपवास,13228
कैम्प,13225
सियासत,13222
भगाने,13221
कटड़ा,13219
संजीत,13217
यूजीसी,13215
उपमुख्यमंत्री,13212
अतिक्रमणकारियों,13211
स्वार्थ,13210
खुलवाया,13206
सपनों,13204
खाकी,13204
मधुपुर,13203
क्रमिक,13199
लगीं,13187
सैफई,13181
रोकर,13177
चचेरे,13174
आख्या,13163
एंव,13162
वास्तव,13156
दस्त,13156
नईम,13154
रिकवरी,13152
मायने,13151
तहसीलों,13143
दावों,13135
थमा,13133
लाठीचार्ज,13132
फोरलेन,13130
रुके,13125
मुरली,13124
बताये,13123
सम्पर्क,13113
प्रत्यक्षदर्शियों,13112
आरोपित,13102
वर्णन,13101
बताती,13094
मेहमानों,13093
बिहारशरीफ,13092
नवदीप,13088
हल्के,13086
हाईकमान,13084
शासकीय,13082
जलाया,13080
चलो,13078
सरोवर,13078
भूपिंदर,13078
आपका,13074
असम,13073
ओल्ड,13072
हाईटेंशन,13072
कोषागार,13069
बढ़त,13065
जमाया,13065
सौजन्य,13058
स्टांप,13057
खैरा,13056
खरा,13054
क्वालिटी,13053
बाज,13049
प्रारूप,13047
ससुरालियों,13041
सुदृढ़,13040
नाका,13034
राना,13032
दोहरे,13031
सोम,13030
अलीगंज,13026
प्रसन्न,13024
नागेन्द्र,13018
धुआं,13017
एडमिशन,13015
नलकूपों,13014
एमके,13013
दर्शाया,13011
महागठबंधन,13005
अब्दुल्ला,13004
चार्जशीट,12996
हरजिंदर,12996
बिजनेस,12996
सहदेव,12993
अनुपस्थिति,12991
संक्रमण,12991
पौध,12990
औषधि,12989
जीवित,12988
दूभर,12979
परवाह,12977
कंवर,12971
प्रतिष्ठित,12971
नमक,12968
टीएमसी,12966
अंतराल,12954
अशरफ,12954
रौंद,12952
योगी,12951
रुका,12944
चिराग,12943
डूबे,12937
महंगे,12928
सौंदर्यीकरण,12927
आध्यात्मिक,12926
परिवारीजनों,12926
वर्षीया,12919
त्यौहार,12918
चमोली,12918
कड़ी,12915
हैरत,12914
कटियार,12913
वेदप्रकाश,12911
मूर्तियों,12909
गिरते,12906
प्रतीक्षा,12905
जगाधरी,12905
भटकना,12902
भूपेन्द्र,12899
मातृ,12891
भरण,12886
आफताब,12881
देशराज,12880
एसबीआई,12874
वैष्णो,12869
हाहाकार,12869
फुल,12868
दूरदराज,12867
बेशक,12866
रामचन्द्र,12864
सम्बोधित,12864
फिराक,12859
उन्नति,12854
आनन्द,12852
बिखरा,12850
साकची,12849
एकाएक,12848
केसीसी,12845
रुकी,12844
मजाक,12843
एनआरएचएम,12843
मिलान,12843
बहा,12842
चौड़ा,12838
फ्लाईओवर,12837
जीती,12830
मस्जिदों,12825
शिवा,12823
रिहाई,12820
तफ्तीश,12819
राघवेंद्र,12817
जगदेव,12817
अस्सी,12816
जेएनयू,12812
चकिया,12808
धूमल,12803
सर्विलांस,12801
सैलाब,12800
अता,12798
पावरकॉम,12790
नदीम,12788
इस्पात,12788
माझी,12783
उपयोगी,12782
यशवंत,12776
काका,12774
विरेन्द्र,12774
प्रशिक्षुओं,12771
बाइकों,12763
सर्च,12758
कोआर्डिनेटर,12754
वसूले,12752
खालिद,12749
भरपाई,12748
डीआईओएस,12748
चूल्हे,12746
टास्क,12746
छात्रवृति,12745
महापर्व,12744
महल,12739
चास,12735
नवाजा,12735
दिवंगत,12732
मैराथन,12731
गेंद,12726
गुरचरण,12724
एमबीए,12718
झुमरीतिलैया,12717
गोपी,12712
शिवाजी,12710
बीएचयू,12708
प्रज्जवलित,12699
शांतिपूर्वक,12694
आइटी,12693
इलेक्ट्रानिक,12691
दरिया,12687
रोहताश,12685
शत्रुघ्न,12681
मानसी,12680
प्रभातफेरी,12679
मर्जी,12673
सीटी,12664
दिव्या,12664
मनु,12664
हटवाया,12663
रंगे,12662
समाजिक,12658
रामू,12655
उखाड़,12649
मजार,12647
सीने,12640
निकायों,12639
टॉस,12627
घूमते,12624
हरेन्द्र,12617
रघुवर,12601
गुड़िया,12596
सौर,12593
ड्रा,12592
प्रतिष्ठानों,12588
फेस्टिवल,12587
सीआइए,12585
अभिनेता,12581
ड्रेन,12579
तेजाब,12574
लालजी,12572
बरवाला,12569
पीएनबी,12567
हॉस्पिटल,12567
वृक्षों,12566
हेल्पलाइन,12558
अरशद,12554
गुमटी,12552
आत्मनिर्भर,12549
एपीएल,12544
दौड़े,12540
पहुंचीं,12539
वीना,12538
नामाकन,12536
खाया,12533
साजिद,12528
बाघ,12522
भट्ठे,12522
संक्रांति,12521
विपणन,12516
नौशहरा,12512
पटाखा,12498
कल्याणपुर,12495
केमिकल,12494
कांशीराम,12493
वीरपाल,12493
ठिकाने,12493
आरटीओ,12492
जमे,12486
भार्गव,12484
कुंड,12484
मिडिल,12483
दबाने,12482
परीक्षक,12481
जन्मदिवस,12479
प्रिंट,12478
हत्यारे,12478
हास्य,12473
एनआइटी,12472
एडवांस,12471
आदत,12470
असल,12469
बरसाती,12466
गणपति,12466
हरविंदर,12463
सावधान,12462
मार्शल,12459
क्रेन,12455
डीपीएस,12453
उसपर,12451
नरवाना,12450
गेंहू,12449
बहल,12449
मोदीनगर,12448
अल्टीमेटम,12440
लोहड़ी,12439
निर्देशक,12436
पूंजी,12425
नैन,12423
प्रतिमाओं,12422
पहलू,12421
कमाने,12419
मक्खन,12418
बैल,12414
सच्चिदानंद,12411
शुरुआती,12410
बेकाबू,12410
अनिरुद्ध,12408
लीड,12403
केएस,12398
चन्दौसी,12389
जॉब,12388
पीडी,12387
बस्ते,12384
जिद,12384
रोते,12383
सस्ती,12374
अफजल,12365
गर्मियों,12358
असुरक्षित,12346
नन्हे,12343
झुलसी,12343
अग्रहरि,12341
आपातकालीन,12339
खरीदकर,12336
मुहम्मदाबाद,12328
एनटीपीसी,12326
खासे,12324
ठंडी,12322
धीर,12320
मुबारक,12318
महिंदर,12317
शकर,12311
एपी,12307
सजावट,12304
महेंद्रगढ़,12302
पुरोहित,12300
रक्षाबंधन,12298
टीके,12298
छोड़,12296
सैर,12293
सोचा,12293
छोड़े,12292
लाइनमैन,12291
लगवा,12291
वीडियोग्राफी,12287
रिम्स,12286
गिट्टी,12284
आश्रितों,12282
खेड़ी,12278
कीर्ति,12275
छिपे,12274
प्रदर्शनकारी,12273
सोनपुर,12272
नाके,12270
हरिश्चंद्र,12269
अप्रिय,12267
बरौनी,12263
कारी,12261
एकाउंट,12260
गयीं,12258
नार्थ,12242
शिवरात्रि,12238
प्रेमचंद,12236
दीवारों,12234
रेशम,12233
स्वराज,12231
आकार,12230
कैमरों,12226
पायलट,12220
उम्मीदें,12219
प्रजाति,12218
दिलवाने,12218
प्रमिला,12215
बिस्तर,12213
गुम,12211
भ्रष्ट,12211
पैमाइश,12211
कुणाल,12208
मालदा,12201
सिह,12191
रिहर्सल,12185
कोयले,12185
अनु,12182
समर्थित,12179
महमूद,12179
डंप,12177
पेट्रोलियम,12173
आश्रित,12173
काफिला,12171
गिफ्ट,12169
मेहंदी,12166
सबकी,12164
उलझ,12163
अनुराधा,12152
कतारें,12150
गुलाटी,12149
बबली,12149
औपचारिकता,12148
तनवीर,12136
आंशिक,12136
धज्जियां,12136
दीवानी,12135
टाइगर,12131
सीरीज,12130
यादगार,12129
वसंत,12127
दावेदारी,12121
वर्कशॉप,12118
एसओजी,12117
तिरंगा,12117
सुरेद्र,12117
सेंध,12114
असंतोष,12114
सृष्टि,12111
तेंदुए,12109
धर्मबीर,12107
एक्सरे,12106
शिष्य,12105
रिफर,12105
उधार,12100
बंगाली,12099
जरुरी,12098
कदाचार,12098
गुजारा,12096
गलियां,12096
चप्पे,12095
पेंशनर्स,12090
किराना,12090
खामियों,12087
निष्कासित,12084
रंधावा,12084
सुल्तान,12081
चंद्रभान,12079
उनपर,12079
श्यामलाल,12074
ठहरने,12071
विश्वविद्यालयों,12071
खुशहाली,12069
जौहर,12068
सच्ची,12067
भाजपाई,12065
यीशु,12060
पीएस,12059
जादू,12054
तेजपाल,12053
भोज,12051
झुग्गी,12048
तथ्यों,12046
बेस,12045
लूटकर,12044
भत्ते,12044
सीढ़ी,12041
स्वास्थ,12041
लचर,12041
प्रणव,12040
चेयरपर्सन,12035
जगदीप,12027
अड़े,12026
सुंदरीकरण,12023
पहुच,12023
सती,12021
पर्दा,12020
रामप्रसाद,12016
नेत्री,12015
आजकल,12011
ब्रेकर,12003
छलांग,12002
आंचल,11999
गोपालपुर,11998
होलिका,11998
तराई,11997
गवाहों,11996
फार,11996
भटनागर,11992
प्रखण्ड,11987
दिनांक,11985
शिवपाल,11983
चाहिये,11982
मंत्रिमंडल,11980
थियेटर,11979
रेंजर,11976
कुंज,11974
छतों,11971
टकराई,11968
सोनम,11967
पर्वतीय,11965
जमीनों,11960
आईटीआई,11957
अचेत,11955
एसबीआइ,11955
सजी,11954
रामगोपाल,11953
केएन,11951
पेमेंट,11950
शमशाद,11950
ट्रेनर,11941
नीम,11940
सैदपुर,11936
अमरेन्द्र,11934
अनीस,11934
सभ्यता,11931
दुरूस्त,11928
रुद्रप्रयाग,11925
सलाम,11924
गोपनीय,11923
पेंच,11922
कुष्ठ,11921
नजरअंदाज,11920
संतान,11916
उपप्रमुख,11912
फास्ट,11906
झांकियां,11901
अदालतों,11901
वायदा,11900
जिम्मेवार,11899
करीबी,11895
नजीबाबाद,11890
प्रश्नों,11887
रियासी,11886
रोके,11884
न्यूज,11883
गोलियों,11883
सिल्वर,11878
आंकलन,11877
कंधे,11876
समूचे,11875
जेठ,11873
असमर्थ,11866
सिगरेट,11857
मुमताज,11854
विदा,11853
ध्रुव,11846
नोकझोंक,11845
राजभवन,11843
झूम,11842
बसेरा,11841
हैरानी,11840
ओवरटेक,11839
काजी,11832
महबूब,11832
खंडों,11826
परिवर्तित,11824
हमलोग,11823
वायरल,11822
रूपेश,11819
औसतन,11819
गुजरी,11810
मौखिक,11810
बाकायदा,11808
जत्थे,11807
क्रशर,11806
निकलता,11804
सदानंद,11802
घुमारवीं,11797
मुहर्रम,11796
अभाविप,11796
परिहार,11792
गैरहाजिर,11790
उदघाटन,11789
साहस,11781
प्रसारण,11779
जयवीर,11776
दंश,11773
स्रोत,11772
लदी,11772
पराशर,11771
बागान,11771
चांदपुर,11767
बुद्धि,11764
कलम,11762
तहकीकात,11749
सातवीं,11744
फोर,11743
जुड़े,11743
बैठाकर,11742
झूठी,11741
दशकों,11740
मोर्चे,11740
शशांक,11740
जमाल,11738
पालकी,11735
अलबत्ता,11735
तख्त,11734
तालियां,11732
चना,11731
लंबाई,11730
दवाइयों,11721
रिश्ता,11717
कहता,11717
सांगवान,11709
प्रीत,11707
सिकंदरपुर,11707
अगुआई,11705
माथे,11703
विपुल,11703
नसबंदी,11698
बिलावर,11697
भावी,11693
ग्रामों,11693
काबिज,11692
लक्ष्मीपुर,11688
महाराणा,11685
पडे़,11683
ठेला,11679
जलाशय,11678
मिस्टर,11678
शनि,11674
खिलाड़ी,11674
दिमाग,11671
अलख,11670
फर्श,11666
नंबरों,11664
प्लेसमेंट,11659
शीशा,11659
नाजायज,11656
राजकुमारी,11651
विकासखंड,11650
बैराज,11650
अपनाया,11649
गोदामों,11649
बैठकें,11645
उगाही,11645
पट्टा,11642
भूरा,11639
झेलना,11637
प्रमंडलीय,11637
डायरी,11634
अम्बेडकर,11631
मुस्तफा,11630
विनीता,11625
प्रशस्ति,11625
बलात्कार,11622
जानकार,11619
सस्ता,11618
संरक्षित,11616
घने,11610
भानु,11609
कटक,11606
संयोजन,11606
कार्यकत्रियों,11606
आईं,11603
माधोपुर,11602
पहुंचती,11599
बंधी,11595
सेकेंड,11587
निराला,11582
दरकिनार,11578
लाठियां,11577
रामकिशन,11574
मिंट्टी,11571
नौनिहालों,11564
बुराई,11564
रूपी,11563
सुशांत,11563
संबधित,11559
आत्मदाह,11556
सर्द,11551
वारंटी,11551
ब्राह्माण,11550
उम्मीदों,11542
फोड़,11536
बंगा,11535
नगरीय,11531
उद्योगपति,11529
स्पर्धा,11527
रथयात्रा,11523
बताएं,11518
उपयुक्त,11517
निमंत्रण,11516
डग्गामार,11516
मल्लिक,11515
सीए,11511
खाका,11508
इमारतों,11507
कस्बों,11507
रखती,11506
सम्राट,11503
खड्ड,11502
ऑपरेटर,11501
जाहिद,11500
राजमहल,11498
पूनिया,11496
श्मशान,11496
थापा,11489
पूरनपुर,11487
मधुमेह,11486
ठिकाना,11484
स्वस्थ्य,11479
कबूल,11478
रूचि,11477
बलकार,11475
बारीकी,11475
सृजित,11472
अभियोग,11468
धैर्य,11465
गल्ला,11464
दीक्षांत,11462
चाक,11461
कैनाल,11454
ओबरा,11450
व्यायाम,11450
असीम,11449
वर्णवाल,11445
दिग्विजय,11439
दिनचर्या,11435
सम्मिलित,11433
अंजलि,11422
डिफेंस,11422
एजाज,11418
स्वयंसेवक,11416
उतनी,11413
जागृत,11408
पुस्तिकाओं,11408
हाउसिंग,11404
तांती,11401
श्रीनिवास,11398
आदिवासियों,11398
निरंकारी,11396
चक्की,11394
गेंदबाजी,11389
छीनकर,11387
नाबार्ड,11387
रुझान,11382
प्यारे,11380
रिजवी,11379
मेधा,11378
अफीम,11378
गान,11378
मनमोहक,11376
विभोर,11376
व्याख्यान,11374
शिथिलता,11368
त्रिलोक,11363
फेस,11359
शर्ट,11358
पंडालों,11358
सत्यवीर,11357
चकमा,11345
उवि,11345
मिंज,11344
दंगा,11343
बेची,11341
गिराने,11339
मर्यादा,11336
डीटीओ,11327
दांतों,11326
फायदे,11325
बंधु,11325
गुरुनानक,11323
नाइट,11320
लवली,11320
कलानौर,11318
चढ़े,11318
पोषक,11317
छीना,11311
टूंडला,11309
बिचौलियों,11308
चलाये,11302
निरीक्षकों,11301
स्वत,11301
जिनसे,11298
अगला,11298
बीकॉम,11295
तंगी,11293
आकृष्ट,11286
देवेश,11284
शिवलिंग,11281
बरही,11280
पढ़कर,11274
चीजें,11270
पिपरा,11269
तुरत,11268
ज्यों,11258
पेज,11248
पंचायतें,11239
खलीलाबाद,11239
श्यामा,11235
बोरे,11235
झूठ,11234
पहुंचाना,11230
बैरंग,11228
टैगोर,11227
किडनी,11227
सनी,11222
साहिबाबाद,11219
कारों,11217
प्रचारक,11217
सेवानिवृत्ति,11215
झूमने,11214
करारी,11214
तोहफा,11213
गुरविंदर,11212
डकैतों,11212
गवर्नमेंट,11211
लाली,11208
कैंडल,11203
झुंड,11200
पड़े,11192
खंडेलवाल,11188
पुरा,11187
खरखौदा,11183
कीं,11182
बताओ,11178
पंचमी,11177
चहारदीवारी,11175
जुबान,11175
न्यास,11167
रामफल,11167
बिल्ला,11158
सुनीं,11157
कृषकों,11156
एरियर,11155
सर्बजीत,11154
ऊपरी,11154
बांग्लादेश,11153
सादाबाद,11152
गढ्डे,11149
मुनाफा,11147
हेल्प,11147
विजयपाल,11143
घाटे,11143
गोबर,11142
नादौन,11141
अनुकूल,11140
पुंडीर,11139
अबीर,11138
संयोग,11135
प्रवर्तन,11135
दबदबा,11134
नक्शे,11127
बीईईओ,11123
उनलोगों,11117
प्लानिंग,11108
रेलखंड,11106
दियारा,11103
आयरन,11102
भट्टी,11099
संलिप्तता,11096
देखें,11095
टेक्निकल,11094
इफ्तार,11092
बुंदेलखंड,11089
हानि,11086
उतरा,11084
पुष्पेंद्र,11081
फिटनेस,11077
बेरहमी,11075
चकराता,11075
इंजीनियरों,11067
इंप्लाइज,11061
भूस्खलन,11060
गोंड,11060
हमलोगों,11055
अध्यक्षा,11054
मिलावटी,11053
फंसी,11051
ग्रसित,11050
बढ़ाना,11047
ठिकानों,11046
बनवारी,11044
मशीनरी,11043
रहस्यमय,11036
ग्राम्य,11035
बख्शी,11035
वाणी,11026
कुवि,11025
मुख्तार,11025
तबियत,11024
नारियल,11024
मंजर,11023
धरपकड़,11021
अंकिता,11018
तीज,11015
रशीद,11014
महाराजगंज,11012
बखूबी,11008
मुख्यालयों,11008
दखल,11002
संस्थाएं,11001
प्रबल,11000
प्रयाग,10998
कौशल्या,10997
खेप,10997
उपेक्षित,10997
बेचकर,10994
निपटा,10980
जाटव,10979
धर्मपुर,10977
दफा,10977
साध,10963
छापामार,10954
झोलाछाप,10949
बीपीओ,10949
पशुपालकों,10945
पेंशनरों,10941
गोल्डी,10936
मदान,10935
सच्चा,10931
कष्ट,10930
माननीय,10929
भरना,10927
डीपीआर,10926
एचआर,10925
रिश्तेदारी,10924
फंसाने,10923
पंखा,10922
निजीकरण,10920
प्रधानाचार्यो,10919
अंजना,10918
लड़की,10917
लीगल,10911
बहुजन,10909
हरिजन,10909
पीपल,10908
प्रेरकों,10906
साबिर,10906
दर्दनाक,10903
खिसक,10901
मक्कड़,10900
कटकर,10900
मंतर,10897
जिलाधीश,10893
पखवारे,10893
झूमे,10889
पाप,10883
अमरेंद्र,10883
आरबी,10882
मिर्च,10881
उल्लास,10872
डिस्ट्रिक्ट,10870
बताना,10870
रतिया,10868
हटने,10868
करूंगा,10867
सीमांत,10862
बहादुरपुर,10858
अंबिका,10853
व्यापारिक,10851
आयोजनों,10849
पूरब,10846
गृहस्वामी,10843
दावत,10841
पूर्वोत्तर,10841
परिवाद,10839
नागेश्वर,10837
सुनाकर,10837
पढ़ेंः,10836
चेन्नई,10831
पते,10826
जाग,10825
कासिम,10824
रेगुलर,10823
पढ़ते,10821
नबी,10812
ब्रांड,10809
बसंती,10808
अश्रि्वनी,10808
इंदू,10808
सत्यम,10806
बिग्रेड,10797
भागों,10795
व्यवस्थित,10794
फाइनेंस,10792
तलाशने,10791
ट्रॉली,10787
रोकी,10786
त्योहारों,10781
स्टेज,10780
खर्चा,10780
रामलखन,10778
अग्रसर,10774
ब्रह्मा,10771
अमरेश,10770
कांता,10769
देहाती,10765
झाझा,10759
सीसे,10757
वाटिका,10756
क्रिया,10756
अकरम,10754
नौकर,10752
कुंभ,10751
अवमुक्त,10751
साधे,10750
सफाईकर्मी,10748
तबके,10746
आपत्तिजनक,10744
रिपोर्टर,10743
दयाशंकर,10742
साले,10739
खटीमा,10736
अभिजीत,10736
अपनों,10736
ईस्ट,10736
नगरोटा,10732
एमजीएम,10731
जिम्मेदारों,10730
डिविजन,10725
खिलाकर,10722
संबंधों,10721
सरना,10720
मटर,10720
फाड़,10715
संपदा,10714
बागी,10712
असमंजस,10710
बढ़ाते,10707
टीचर्स,10706
जीडीए,10704
मसूरी,10702
हेराफेरी,10699
स्टॉक,10697
अनावश्यक,10697
ग्रेवाल,10697
बहनोई,10691
जंतर,10687
परीक्षाफल,10686
अंग्रेज,10683
सिटीजन,10683
वाहवाही,10681
भयंकर,10677
पीलिया,10674
छिबरामऊ,10673
डिस्पेंसरी,10673
बेग,10670
सौगात,10658
फेरबदल,10657
धनतेरस,10656
पाडेय,10652
ओवरों,10652
डालें,10648
त्रिभुवन,10643
कालका,10642
राई,10642
अन्दर,10641
गड्ढा,10638
अंतत,10636
आफत,10634
पिछड़ी,10632
आन्दोलन,10631
चुनी,10631
अर्थात,10629
सूखने,10628
बिश्नोई,10627
मेहर,10626
मुसलमान,10625
बमुश्किल,10624
सुंदरगढ़,10623
चौड़ी,10623
सीपीएस,10621
सरफराज,10620
सुस्त,10605
परेशानियां,10601
प्रस्तावों,10597
डोईवाला,10593
अनेकों,10593
खरे,10592
विश्वजीत,10588
पोखरे,10586
जयकारे,10582
बकरीद,10576
बरामदे,10562
निराधार,10561
डीयू,10558
जवाबदेही,10556
लल्लन,10555
चिंताजनक,10555
रामसेवक,10554
मवि,10552
रैक,10548
सता,10542
वायदे,10542
तीखी,10537
कटा,10536
कलह,10531
लखविंदर,10530
पहुंचता,10529
बीजद,10527
अंश,10518
सांसदों,10517
लाएं,10516
महानिरीक्षक,10515
यापन,10513
आशु,10512
लोकायुक्त,10507
टोहाना,10506
सिस्टर,10500
मण्डल,10500
ट्रॉफी,10496
सैंकड़ों,10487
प्रज्ञा,10485
डीसीपी,10485
उमाकांत,10485
केरल,10483
कब्जों,10478
राही,10473
भागा,10470
जरूरतों,10469
वरिंदर,10469
अन्यत्र,10467
मोहर,10461
दाग,10459
अजीज,10458
बौद्धिक,10457
प्राय,10455
प्रगतिशील,10454
डिब्बे,10453
पंचम,10451
रखवा,10448
मनाए,10448
सेल्स,10448
बरनवाल,10440
अराजकता,10437
साईं,10436
जिसपर,10428
दुश्मन,10424
अहमदाबाद,10422
अमेरिकी,10421
पॉलिसी,10414
अपेक्षित,10411
खसरा,10411
ढाबे,10410
एक्सटेंशन,10410
ब्यास,10405
लटके,10405
दिग्गज,10404
आचरण,10398
शिकोहाबाद,10394
दयाराम,10393
एजूकेशन,10393
पेय,10393
लामबंद,10391
शराबी,10390
कारखाने,10389
झुलसे,10388
प्रतिपक्ष,10387
घुसा,10387
करवाते,10387
शशिभूषण,10384
आगनबाड़ी,10382
पुलिसिया,10382
कर्नाटक,10379
इंडस्ट्रीज,10379
हलचल,10374
हेलीकॉप्टर,10373
झाड़ियों,10372
मुकदमें,10371
चौकीदारों,10368
पहुंचाई,10367
लगानी,10362
बद्री,10359
पुष्कर,10359
गोकुल,10358
ग्राफ,10358
कंडक्टर,10357
गेम्स,10353
सुगम,10352
समाधि,10351
वारदातें,10350
नरायन,10349
मैरिज,10348
परवान,10344
पेंशनर,10340
घाटशिला,10339
प्रेसवार्ता,10336
छुंट्टी,10334
सस्पेंड,10333
एनएसयूआइ,10332
सर्वजीत,10330
कुपोषित,10329
प्राणी,10329
जताने,10327
उन्नत,10327
सिल्ट,10326
भतीजा,10325
रोचक,10323
ज्ञानेंद्र,10322
दंगे,10322
धमाके,10321
आश्चर्य,10317
सचान,10314
दायित्वों,10313
दुबारा,10312
सज्जन,10312
आर्यन,10311
नवमी,10311
सर्वागीण,10309
अनजान,10306
जुडे़,10304
कटे,10303
रोने,10300
शिक्षिकाएं,10299
फतेह,10297
आइएमए,10294
महेश्वर,10291
शब्बीर,10288
गोलू,10288
अरवल,10287
ईमानदार,10286
बल्लेबाज,10283
चन्द्रशेखर,10276
अराजक,10273
शौकत,10271
तोड़,10270
हरेक,10266
आत्मसमर्पण,10265
स्मैक,10265
बंटवारे,10265
हेमराज,10264
जूस,10263
बयानबाजी,10257
माई,10256
डीएसओ,10253
हुजूम,10252
मजा,10251
जातियों,10249
पेराई,10248
सहिया,10247
ऊंचे,10247
कवियों,10247
माओवादी,10246
कड़ाई,10245
अपार्टमेंट,10242
करानी,10242
नॉन,10240
पत्रिका,10240
गोवंश,10239
फिल्मी,10236
छिपा,10231
आसन,10230
अर्चन,10230
बब्लू,10229
शोकसभा,10228
निरोधक,10227
खंभों,10223
सिखों,10223
बिष्टुपुर,10218
बिकने,10216
भट्टाचार्य,10216
भोपाल,10211
मोतीलाल,10210
आनाकानी,10210
डीएपी,10209
मधुसूदन,10207
वार्डन,10207
क्षतिपूर्ति,10207
चमक,10206
हरिहर,10203
गिरधारी,10200
भाईयों,10199
जसप्रीत,10196
बिगड़ी,10194
मार्गों,10193
जेटली,10193
गुटखा,10190
राधिका,10190
आधिकारिक,10188
दिनहाटा,10187
कम्पनी,10186
मानसिकता,10181
सर्वशिक्षा,10179
श्रमदान,10178
परिश्रम,10176
सुधाकर,10175
झाड़ू,10173
अरोरा,10171
खूंटी,10168
कार्यकत्री,10168
आबिद,10168
माधुरी,10155
भूजल,10155
बैनामा,10154
मानो,10154
उम्रकैद,10151
यकीन,10150
ब्लू,10143
कंबोज,10142
कटी,10141
देहरा,10140
कुमाऊं,10131
आहूजा,10129
अवस्थित,10127
जलकल,10127
बनाएंगे,10126
मूड,10121
खाप,10107
समालखा,10105
एमएससी,10103
कहें,10103
रुकवा,10103
मार्केटिंग,10101
इरादे,10100
छूटे,10100
गुणवत्तापूर्ण,10098
मनाते,10097
बसंतपुर,10096
युवराज,10093
बरियारपुर,10093
छाप,10092
भोगांव,10091
पल्सर,10091
अंशकालिक,10089
बॉडी,10087
चेंबर,10085
अध्ययनरत,10081
फर्जीवाड़ा,10080
पत्रक,10079
दीदार,10079
एतराज,10078
तनेजा,10076
फरीद,10072
रास,10070
दर्जनभर,10069
नूंह,10065
गनीमत,10064
फुसलाकर,10061
बुझा,10060
विमलेश,10059
अनुश्रवण,10058
बीसीए,10058
टिकी,10057
नौटियाल,10057
सुन्दर,10055
बिन,10051
तरीकों,10049
इंच,10049
कूप,10049
जलवा,10044
खेतीबाड़ी,10041
भागकर,10040
विरोधियों,10039
चेयर,10038
गरम,10036
भरथना,10036
दानिश,10035
चार्ट,10034
लोनी,10025
लिंग,10025
पेड़,10025
बल्ब,10021
जनों,10020
विराट,10017
कसा,10017
आत्मविश्वास,10014
इंसेट,10012
बेचे,10011
कैरियर,10011
चेहरों,10005
टोटा,10002
देवबंद,10001
चंद्रिका,9999
बाजपुर,9999
पेशे,9998
ड्राफ्ट,9997
प्रस्थान,9995
गुड़,9994
प्रतिस्पर्धा,9992
छिपी,9992
बेचते,9986
शासनकाल,9985
मिलें,9983
संभाग,9981
खलिहान,9976
इंदिरापुरम,9976
दामन,9975
ओमकार,9974
मुहाल,9973
शिवजी,9972
भयावह,9971
नाट्य,9969
बाट,9967
जिनको,9967
कांवरियों,9966
गोमती,9966
दुर्गध,9959
होनहार,9955
महाबीर,9954
खुशहाल,9953
पुणे,9950
पुरजोर,9946
कनौजिया,9936
अपार,9935
वरीयता,9934
ट्यूशन,9934
सुर,9932
मैचों,9930
दंत,9929
वकालत,9927
टकराव,9926
सट्टा,9926
लपटें,9923
भेजना,9923
हरित,9920
डीडी,9920
सिक्के,9919
अभिकर्ता,9919
सिंगल,9917
पिलाकर,9916
ढुलाई,9915
आदेशानुसार,9910
जूडो,9910
हलकान,9909
युवतियां,9907
सुलझा,9902
मैडम,9901
रसड़ा,9901
बेसहारा,9896
मानवीय,9893
गोगरी,9890
मल्ल,9889
महत्वाकांक्षी,9886
अहले,9883
चंद्रप्रकाश,9879
विस्फोटक,9879
आशियाना,9875
एचपी,9875
बोध,9871
बराबरी,9869
दुपहिया,9867
रविकांत,9863
खीर,9862
कारवाई,9856
शक्ल,9856
रसोइया,9856
धालीवाल,9847
आकांक्षा,9847
दबे,9846
कर्मजीत,9844
दरार,9843
कनाडा,9842
गोविंदपुर,9840
संप्रदाय,9838
श्रृंखला,9838
फौरन,9838
ढूंढने,9837
जुगल,9832
एमबीबीएस,9832
प्रसन्नता,9828
खोजने,9827
बॉलीवुड,9825
खजाना,9818
रूटों,9818
चौबंद,9816
उपासना,9814
कारगिल,9811
संग्रहालय,9810
रामप्रवेश,9809
श्रद्धासुमन,9807
मादक,9807
प्रत्यक्ष,9806
पारदर्शी,9805
पनप,9805
राहों,9802
दावेदारों,9801
लांच,9801
रखाव,9800
निषेध,9799
दोहन,9799
रिटायर,9797
जीजा,9792
तेजधार,9792
मुक्की,9787
निर्यात,9784
एनजीटी,9784
पीपी,9779
आजीविका,9777
मनायी,9774
जली,9774
बिछाई,9771
पच्चीस,9771
मनोहरपुर,9768
बूटा,9767
शिवराज,9760
दांत,9759
दृष्टिकोण,9759
निकटवर्ती,9759
जहरीली,9756
कृत्रिम,9752
मूर्तियां,9749
कवर,9749
लोडिंग,9748
बेघर,9748
लाद,9746
भटकते,9743
शॉप,9742
पडरौना,9741
गहनता,9740
पदम,9738
चिकित्सीय,9738
केएल,9736
कानों,9736
रियाज,9735
यंत्रों,9726
सफारी,9723
ताहिर,9720
वालीबाल,9720
पटरियों,9719
मगध,9718
सत्यदेव,9717
डबवाली,9715
विराम,9714
फैंसी,9706
पहुची,9705
शाहगंज,9705
कार्मिकों,9705
पलटी,9704
चौड़ाई,9703
रईस,9698
तलवंडी,9695
मरे,9686
एग्रो,9685
दंडित,9685
जीविका,9685
विचारधारा,9684
अख्तियार,9683
पहाड़ों,9682
मंदीप,9682
एशिया,9678
स्टाइल,9676
जुर्म,9675
वीआइपी,9672
केबिन,9671
बीजेपी,9670
मध्यप्रदेश,9668
मोटर्स,9667
मंडलों,9665
सशक्तिकरण,9664
कांवड़ियों,9659
पुनर्गठन,9656
अरहर,9653
सुनिल,9642
बाउरी,9641
मोड़,9639
शीर्षक,9637
खंगाला,9634
आडिट,9634
बचाना,9630
फोटोग्राफी,9629
वां,9628
टोले,9628
हितैषी,9627
उपलब्धियां,9626
गुरुद्वारे,9625
गोपेश्वर,9622
कैराना,9621
किशोरियों,9619
समृद्ध,9619
पोखरा,9617
अमरपुर,9613
रूख,9611
जुटने,9607
वृद्धावस्था,9607
लल्लू,9607
भागते,9605
सबस्टेशन,9603
चारपाई,9602
डूबा,9602
धीरेन्द्र,9601
देवीलाल,9600
परीक्षकों,9599
स्नेह,9598
ताइक्वांडो,9598
हवाएं,9598
नारंग,9597
बीएल,9595
ननद,9593
आदर्शो,9593
थ्रो,9592
यूनाइटेड,9588
एफसीआई,9585
ऋषिपाल,9585
खासतौर,9585
बकौल,9584
सेमी,9584
उपाधि,9583
इंग्लिश,9583
झूला,9580
राजगीर,9576
विराजमान,9574
एडीजे,9572
आंदोलनकारी,9570
दनकौर,9567
सिलेंडरों,9566
प्ले,9565
अल्पसंख्यकों,9564
कूदकर,9562
काफिले,9556
मंजिला,9556
जालौन,9551
एसएम,9551
पाला,9547
गौरीशंकर,9547
समझकर,9543
चैक,9543
नामी,9537
रागी,9536
माताओं,9534
चिकित्सकीय,9533
लोकतांत्रिक,9533
जोहड़,9530
रामपुरा,9528
जूते,9527
बोधगया,9523
सांपला,9522
टोपी,9522
अकसर,9521
बनवाए,9520
पीपीपी,9519
शिकस्त,9519
चढ़ाया,9519
सरकारें,9515
थानांतर्गत,9513
पूल,9510
कठेरिया,9509
रितु,9505
यासीन,9500
संतुलित,9500
जहमत,9499
सहमे,9499
मुद्रा,9498
जीपीएस,9497
गंगाराम,9496
स्वाति,9495
उपमुखिया,9491
जज्बा,9490
मिथिला,9487
रीति,9485
संभवत,9485
गुत्थी,9484
प्रवासी,9481
दिलशाद,9481
ट्रांसफार्मरों,9477
घरवालों,9477
रिसाव,9476
तपिश,9473
सैलानियों,9472
सिखाया,9468
राजनगर,9465
पुतले,9463
लड़ी,9461
आजिज,9459
रामनारायण,9458
नामांकित,9458
अचल,9457
हाईटेक,9454
स्टडी,9453
रावल,9450
बलि,9442
घाटा,9438
डीसीएलआर,9435
बढ़चढ़,9434
बदसलूकी,9433
पीएचईडी,9432
चुस्त,9428
शेयर,9426
भरते,9425
फेंके,9424
विकलांगता,9423
पुर,9420
नूतन,9420
पापा,9419
स्मरण,9419
प्रक्षेत्र,9414
होशियार,9409
शिखर,9409
बैलेट,9407
अफसोस,9405
मायूसी,9405
खूनी,9405
अकाउंट,9402
खडे़,9402
मेंहदी,9399
श्रुति,9399
आईडी,9399
यूनियनों,9399
सुखपाल,9389
जख्म,9389
फीडिंग,9387
बरत,9386
करहल,9386
कराएगा,9385
टॉपर,9378
तीव्र,9377
बनारसी,9374
शौक,9370
जीवनी,9370
कुंडल,9369
नैनी,9368
जलमग्न,9366
किसने,9364
समझी,9362
प्राणायाम,9360
मोक्ष,9359
पट्टे,9356
बचाकर,9355
खानपान,9354
इनामी,9353
फहराया,9346
एसएमसी,9342
बसोहली,9341
बग्गा,9336
खुदरा,9336
शेरपुर,9327
वार्डों,9324
निर्भय,9321
रक्सौल,9320
बजाने,9315
कलावती,9314
सुनसान,9314
बेबुनियाद,9314
वहन,9310
क्षत्रिय,9308
हवालात,9308
लालपुर,9303
किरदार,9302
भरकम,9302
नासिर,9301
नवजोत,9299
दसूहा,9298
एनपी,9295
रिंग,9294
डोडा,9290
अभिकरण,9290
होंडा,9288
एक्सचेंज,9287
हेलीकाप्टर,9284
पत्थरों,9282
हास्टल,9281
पुलों,9281
धरा,9280
महापात्र,9276
अपै्रल,9271
राठ,9271
खिल,9270
जलपाईगुड़ी,9269
होडल,9267
रिटर्निग,9267
रामगंगा,9267
नारायणगढ़,9266
जगाने,9264
नर्सिंग,9263
सुखवीर,9261
झूले,9254
बलाचौर,9253
आमसभा,9251
कोल्हान,9249
रोपण,9249
विभा,9248
बीयर,9246
प्रशिक्षकों,9240
भिजवा,9240
बनें,9238
बलजिंदर,9238
जनमानस,9237
गौरा,9237
लगवाए,9236
स्वाद,9236
आइपीएस,9236
अंत्योदय,9233
खड़े,9232
पीबी,9228
केला,9224
तारिक,9222
प्यारा,9220
पाले,9214
चारो,9213
पहरा,9212
अंगद,9207
निगमों,9205
एशियन,9202
परे,9198
अत्री,9198
केसों,9198
विद्वान,9197
जनसेवा,9195
जोड़ों,9194
उठाएं,9193
रीढ़,9193
लाते,9191
व्यर्थ,9189
निजामुद्दीन,9186
दरकार,9182
बिसरा,9176
उतारकर,9175
महक,9175
गोविन्द,9170
रामकिशोर,9170
गजल,9169
गाजे,9166
गृहमंत्री,9160
शबनम,9158
लोकप्रिय,9157
कमियों,9156
सेनानियों,9155
जयशंकर,9154
लक्सर,9154
गाए,9153
असगर,9153
असलहा,9150
कुल्हाड़ी,9149
एवेन्यू,9149
शर्तो,9148
कारीगर,9147
अनियमित,9141
वैक्सीन,9138
द्वारिका,9135
आहुति,9133
शास्त्रीय,9131
इंटरसिटी,9130
ढाका,9128
समाजसेवा,9127
प्रबंधों,9126
बजरी,9126
डेहरी,9126
अनपरा,9124
पटल,9124
कोटला,9123
ठेले,9123
लक्ष्मीकांत,9122
नजीर,9120
गुंजन,9120
जाप,9119
पखवाड़े,9118
निकाह,9114
सटीक,9114
टीन,9114
परगना,9108
मानिकपुर,9107
बादशाह,9105
प्रेमपाल,9103
संस्थागत,9101
कन्नौजिया,9099
स्वामियों,9098
एलईडी,9095
घात,9094
अनुमंडलीय,9093
सर्विसेज,9091
जाका,9090
स्थलीय,9089
पत्रावली,9087
शतरंज,9085
मौसमी,9084
चुन,9081
अंशु,9081
क्लीन,9081
सूर्यदेव,9080
सुनाते,9080
दुर्गापूजा,9078
पहुंचेगा,9076
कूड़ेदान,9074
यार्ड,9068
कोटकपूरा,9067
पौराणिक,9065
बसी,9065
सरवर,9060
दबकर,9057
दिखता,9057
जीतू,9056
कायरें,9055
पीले,9055
इंश्योरेंस,9054
मृदा,9049
हत्यारोपियों,9048
एमसी,9046
योगा,9042
दौलत,9042
मन्दिर,9039
फर्ज,9039
कुचलकर,9035
व्यतीत,9034
कूचबिहार,9034
पीजीआई,9033
मांगते,9031
बेल,9025
गुण,9025
ढाबा,9024
फोकस,9020
अटूट,9019
दौलतपुर,9015
सूफी,9014
ऋतु,9011
मल्टी,9011
ताजिया,9007
पूछ,9006
प्रमाणित,9002
जोत,9000
संस्कारों,9000
मदनपुर,8998
प्रतिद्वंद्वी,8997
संशय,8996
सेवादार,8991
जच्चा,8990
गुरबचन,8990
धनखड़,8989
फिसल,8987
इंद्रपाल,8986
डुमरा,8984
खूबसूरत,8980
बैठेंगे,8974
रूपया,8972
पैक्सों,8970
भुखमरी,8969
कागजातों,8967
सभाकक्ष,8967
लेक्चरर,8967
आदित्यपुर,8965
मदर,8963
यजमान,8961
नहरी,8961
फीड,8959
सिखाने,8955
रेडक्रॉस,8954
माहिर,8954
सेल्समैन,8951
कंटेनर,8950
पारसनाथ,8949
विक्रांत,8948
मार्का,8947
जिम,8945
धरे,8944
सीजीपीए,8940
भानू,8934
अधीनस्थ,8934
चप्पल,8932
बनीं,8931
हैंड,8931
सीआइएसएफ,8931
अंधाधुंध,8929
मोहर्रम,8927
एजेंसियां,8925
गंडक,8923
झज्जार,8920
बकेवर,8918
हजारी,8916
लंका,8909
मीर,8909
उमंग,8908
करीम,8906
कस्टम,8906
फ्लोर,8905
पीला,8905
प्रवाहित,8901
आदी,8901
भुल्लर,8900
कैडेटों,8897
गम्हरिया,8896
शहरवासी,8895
चिंतन,8892
बांटकर,8891
जलेसर,8890
कबाड़,8888
पिहोवा,8888
पर्वत,8887
सराबोर,8884
करनेवाले,8884
भाड़ा,8881
नाभा,8881
डीडीओ,8881
एमओ,8878
सदमे,8877
बांधने,8871
आधारभूत,8869
अमला,8865
सर्वर,8865
एस्टेट,8864
थाली,8862
उतारू,8857
खांसी,8855
नोटों,8852
महंती,8850
खिचड़ी,8847
धोने,8846
एक्सपर्ट,8844
सहायकों,8843
मुनीष,8841
संतोख,8840
एसई,8839
दिगंबर,8838
फरियादी,8836
दबंगई,8836
सासनी,8836
दोहरी,8834
प्रतियोगी,8830
बच्चन,8829
जोगेंद्रनगर,8828
वर्चस्व,8827
जगबीर,8826
किश्तवाड़,8825
जापान,8825
पीएमसीएच,8824
महापुरुषों,8824
कट्टा,8824
जनविरोधी,8822
हुंकार,8819
मोमबत्ती,8817
जीवों,8816
हीरानगर,8815
सागवान,8813
संगीन,8813
शुमार,8812
समायोजित,8811
रघुनाथपुर,8805
हालातों,8803
सादे,8803
खजाने,8797
रायफल,8796
मीठा,8794
झमाझम,8794
आंगनबाड़ी,8792
डांट,8792
नेक,8790
सवालिया,8786
संरचना,8785
प्रभावितों,8784
शफीक,8783
चरमरा,8781
अलविदा,8780
सद्भाव,8779
शालू,8778
खरीदना,8770
साइन,8768
एकदम,8763
निचली,8761
चम्पावत,8756
कैडर,8756
हेमा,8756
नील,8753
डुबकी,8753
घटा,8752
दुष्यंत,8751
अमरदीप,8749
अन्न,8748
ओमपाल,8748
मिर्जा,8747
नरेद्र,8746
खड़ा,8746
जीडी,8745
घुटने,8742
लायन,8741
कैलेंडर,8740
एजेंटों,8740
कृष्णपाल,8738
मारामारी,8737
मैक्स,8734
डालना,8734
प्रभाग,8732
भूखे,8732
इंद्रदेव,8730
भगवत,8728
लाभकारी,8727
प्रवृत्ति,8727
एएस,8726
पधारे,8725
तेंदुआ,8725
अपराधिक,8725
दौड़,8722
दही,8722
दंग,8720
गंगोत्री,8719
बिमला,8716
चारे,8716
उड़ाने,8715
वीजा,8715
असंतुलित,8714
दिलाए,8713
सत्यवान,8712
पीना,8712
खरी,8711
घूमकर,8710
भ्रम,8708
बकाए,8706
चिल्लाने,8705
कूच,8704
कायाकल्प,8703
खुशियों,8703
जोगिंद्र,8701
कनीना,8699
क्लीनर,8693
हनी,8692
संवैधानिक,8690
मित्रा,8690
बोलकर,8688
सरगर्मी,8687
बैंस,8684
बाजपेई,8681
मनोरमा,8680
कैडेट,8680
अपग्रेड,8678
हनीफ,8677
बहनें,8677
उपद्रव,8673
चुनने,8671
उपराज्यपाल,8671
मदवि,8670
ओवरलोडिंग,8668
टकराने,8665
संतराम,8664
आमतौर,8663
माओवादियों,8663
ससमय,8662
आपने,8659
सज्जा,8659
लंदन,8659
बीड़ी,8657
बैसाखी,8657
सिद्धांत,8653
गांववासियों,8651
परिषद्,8651
क्रांतिकारी,8651
प्लाटों,8649
कालड़ा,8649
प्रख्यात,8648
जॉन,8646
खातुन,8641
प्रश्नोत्तरी,8640
अहलावत,8639
सोन,8639
गैंगस्टर,8638
लगाएंगे,8635
पैन,8628
मिलक,8626
वाई,8623
सब्जियां,8621
उदयवीर,8620
सफीदों,8619
कर्तव्यों,8619
लपटों,8617
साफ्टवेयर,8617
बाधक,8616
महिपाल,8616
निकालना,8613
छाई,8612
डोली,8611
वीरपुर,8610
काटते,8601
चूल्हा,8598
मंसूर,8597
अर्से,8589
स्कीमों,8588
कान्वेंट,8585
वत्स,8585
कप्तानगंज,8584
राग,8582
मुनीश,8580
भूगोल,8578
बजरंगी,8576
लेफ्टिनेंट,8574
एचएम,8574
क्लिनिक,8572
प्रेमलता,8567
अंचलों,8567
नित्यानंद,8566
किसके,8564
ब्यूटी,8564
आरटीआई,8562
चंदवा,8562
लौटाने,8560
कभार,8555
मीरगंज,8549
बड़ौदा,8548
सूचक,8547
तपन,8547
कपिलदेव,8541
प्राक्कलन,8540
शहजाद,8538
किरासन,8538
मेकिंग,8535
वायरस,8533
लोडर,8531
यूके,8529
कैप्शन,8525
ब्रिटिश,8524
जेलों,8522
प्रभावशाली,8521
दलील,8519
शराबबंदी,8519
स्त्रोत,8516
बाह,8516
बुरे,8514
सिंहा,8514
गिर्द,8510
पहन,8509
परिचर्चा,8509
आभा,8503
जाखड़,8502
सीकरी,8500
ज्वाला,8497
डुमरियागंज,8497
माइक्रो,8494
माइंस,8493
रानीपुर,8491
रची,8490
स्टूडेंट्स,8489
हासी,8487
बीट,8486
मंत्रोच्चारण,8483
चरणबद्ध,8482
घोटालों,8482
उखड़,8478
दूल्हे,8477
सांख्यिकी,8474
प्याऊ,8473
गेम,8471
लाजपत,8470
दक्षता,8469
नरकटियागंज,8469
वित्तविहीन,8468
जेबीटी,8467
राजदेव,8466
अरसे,8466
झुलसा,8466
सिकंदराराऊ,8465
निकालते,8465
बंजार,8464
गलौच,8461
तालीम,8457
बकायेदारों,8456
मूंग,8454
देवा,8450
दृष्टया,8448
सूमो,8447
आगाह,8447
अष्टमी,8445
नेत्रदान,8445
करतारपुर,8445
सैय्यद,8440
चंडी,8439
लौह,8438
एडिशनल,8436
दुर्गावती,8436
गजेन्द्र,8435
लेंगी,8432
दायरा,8431
खुलेगा,8431
चंद्रमोहन,8429
रिया,8429
अंशुल,8428
घटने,8426
परिधि,8425
एमटी,8424
शुभारभ,8419
सुशासन,8418
उपचाराधीन,8418
सेंगर,8416
प्रीती,8412
पालीवाल,8412
सिखाए,8408
श्रोता,8407
गांधीनगर,8405
प्रबुद्ध,8404
उमड़े,8404
जौहरी,8404
हड़पने,8403
इण्टर,8402
कानूनों,8401
तीमारदारों,8400
पत्राचार,8399
पीली,8396
खदेड़,8395
चुनौतियों,8395
किस्कू,8394
अतरौली,8394
उत्पादक,8391
अमृता,8388
सत्तर,8388
बेचैनी,8388
टर्मिनल,8384
उद्योगपतियों,8382
मानपुर,8382
फ्रिज,8379
सूक्ष्म,8379
शायर,8378
नावाडीह,8378
डीएसई,8378
फोरेंसिक,8376
लथपथ,8375
व्यवधान,8373
भुइयां,8372
पुरातत्व,8369
बरहड़वा,8369
नाटिका,8365
बत्रा,8364
उनियाल,8364
अनावरण,8364
अनुचित,8363
झंडोत्तोलन,8362
अर्थशास्त्र,8362
अभियंत्रण,8362
चाहत,8362
विंडो,8361
डागर,8360
कटवा,8360
अंजान,8360
प्रिय,8358
इबादत,8357
स्टोन,8356
नकाबपोश,8356
संभाली,8355
झरिया,8355
घिरे,8354
नर्सो,8354
जानबूझकर,8354
बरौली,8353
नितेश,8345
दुर्भाग्यपूर्ण,8342
लीडर,8339
मूक,8339
संवारने,8339
सिमरिया,8338
कंस्ट्रक्शन,8338
नेकां,8338
शिवनाथ,8337
औपचारिकताएं,8334
म्यूजिक,8332
बजते,8332
भुवन,8332
प्रवास,8331
फैकल्टी,8324
चाइनीज,8322
प्रा,8321
सैफी,8319
रूक,8317
एजेंडा,8316
बोलबाला,8314
शरीक,8314
जानना,8313
लिखाई,8312
दवाब,8312
ऋषभ,8311
दिबियापुर,8310
बकाएदारों,8306
बैरक,8304
चैत्र,8303
गंगाजल,8303
फंसाया,8302
लेखाधिकारी,8302
अधिप्राप्ति,8301
बरसे,8299
हमीद,8298
रिश्तों,8297
पंडितों,8296
चकाई,8295
तमन्ना,8295
जगराओं,8291
प्राध्यापकों,8289
बोतलें,8282
अपितु,8281
राधाकृष्ण,8273
दोआबा,8273
कयास,8271
पिलर,8266
स्टे,8266
खड़ी,8262
बढ़ना,8262
टास,8260
हवेली,8258
रहस्य,8257
मंसूरी,8256
त्वचा,8256
उर्जा,8254
रेलिंग,8250
सोहना,8248
सूर्यगढ़ा,8248
शुभारम्भ,8246
हिस्सेदारी,8237
डेंटल,8236
ऊंचाहार,8235
असलहे,8234
प्रेमनगर,8233
चरन,8232
जमुआ,8231
पलटा,8228
सत्ताधारी,8228
साधू,8228
एसएफसी,8225
यशोदा,8223
पन्द्रह,8222
पीरो,8222
उल्टा,8220
संयम,8218
रोड़ा,8218
ओमवीर,8217
झांकियों,8215
सूरी,8214
बेहरा,8214
स्क्रीन,8214
तेरे,8213
ठेकेदारी,8213
जीएमसी,8213
कांटे,8212
फंसने,8210
जद्दोजहद,8208
व्रतियों,8204
शिल्पी,8204
सिरदर्द,8201
फुटपाथों,8201
प्रस्तुतियों,8198
पंचों,8197
मुनासिब,8197
परसा,8194
डिपार्टमेंट,8193
अमावस्या,8193
पीआरओ,8192
स्थिर,8189
बैट्री,8188
निखारने,8188
खींचने,8188
निर्धन,8185
बिगुल,8185
समझना,8184
परिणामों,8183
स्टैड,8183
पात,8183
बालकृष्ण,8182
आपबीती,8178
डीवीसी,8176
दरम्यान,8171
अन्नू,8171
डुमरांव,8170
ललितपुर,8170
पिकनिक,8170
आहवान,8167
खंभा,8164
मंहगाई,8164
चुघ,8162
पगड़ी,8161
रामाश्रय,8160
मेजबान,8158
मजरे,8156
गुटबाजी,8155
इम्तियाज,8154
संभागीय,8152
खीरी,8149
सौरव,8147
त्रासदी,8145
बरसी,8145
विजेन्द्र,8144
टैंपो,8142
वालीबॉल,8142
अद्यतन,8140
मेहरोत्रा,8140
संवर्ग,8138
दुद्धी,8137
सिराथू,8136
पालना,8136
लौटकर,8136
कुत्ता,8135
सानिध्य,8132
रामशंकर,8130
प्रावधानों,8126
हुसैनाबाद,8125
जेलर,8124
रेशमा,8123
वस्तुएं,8122
औपचारिक,8119
करवाएंगे,8117
बॉबी,8114
घोषणाएं,8110
मजरा,8108
बर्नपुर,8108
दबोचे,8107
हैड,8104
लटकी,8103
कैसा,8102
सर्वोदय,8101
तहां,8099
सांय,8098
कक्कड़,8098
चितरंजन,8097
सशक्तीकरण,8094
उफान,8088
बेतरतीब,8088
रंगीन,8087
मुश्ताक,8085
आशाओं,8084
बनाओ,8084
रघुबीर,8084
जागीर,8083
बंध्याकरण,8081
सरेंडर,8078
टै्रफिक,8077
सोते,8077
तुषार,8075
बदरीनाथ,8074
नीतियां,8070
जरिया,8066
गुजरती,8066
गर्भपात,8064
हथीन,8064
बारा,8061
दाह,8061
पहनने,8060
दूरसंचार,8058
सुंदरता,8055
छिपाने,8054
पकड़,8053
संक्षिप्त,8051
कमियां,8049
कांडों,8048
समझाकर,8047
चर्चाएं,8047
सिकंदरा,8045
आरआर,8044
देंगी,8044
मान्य,8042
रैकेट,8041
फीडरों,8041
भिड़े,8039
अरदास,8039
शाल,8038
उपरात,8038
फजीहत,8038
तांत्रिक,8036
विभूति,8035
पकड़ा,8033
चड्ढा,8033
सजाने,8031
बरतें,8031
सुरक्षाकर्मी,8030
कलस्टर,8026
बेसरा,8025
हरेराम,8025
बड़ों,8024
जोखा,8022
हटिया,8021
उठाएंगे,8017
निकटतम,8015
बरारी,8014
नपं,8014
अरमान,8009
बर्मन,8007
गतिरोध,8003
सरोकार,8003
पल्लवी,7998
वक्फ,7998
सपाइयों,7996
पैरा,7996
अतर,7994
बिगहा,7994
टुकड़े,7993
नकोदर,7993
हाऊस,7990
छुड़ाने,7987
जमुना,7986
जवाबी,7986
अथारिटी,7985
पार्सल,7983
पूर्णत,7983
धनी,7983
बिगड़ती,7981
बसर,7979
सुस्ती,7976
एचआइवी,7975
तलाक,7975
अनधिकृत,7975
मोहनियां,7975
जयकारों,7975
सजे,7974
जीएनडीयू,7973
चौकस,7973
कंडी,7970
जाटों,7970
परचून,7967
फाइलें,7967
खजूरिया,7965
बावल,7961
वजीर,7961
भाखड़ा,7960
प्रवाह,7959
कापियां,7956
दिलों,7954
दुर्लभ,7953
मोटे,7952
पिकेट,7952
रोमांचक,7950
बुद्धिजीवियों,7950
त्रुटि,7949
ट्रासफार्मर,7948
अक्तूबर,7947
रासायनिक,7943
एजेंडे,7942
एलटी,7942
लिफ्टिंग,7935
कोटेदारों,7935
उड़ाया,7935
आतंकवादी,7933
ज्वाइन,7932
धामपुर,7931
श्रीप्रकाश,7931
जीवंत,7930
देह,7930
स्वाभाविक,7926
खेकड़ा,7925
न्योता,7924
बड़हिया,7924
खामी,7921
गुड्डी,7920
श्रीमद्,7920
हरियाणवी,7919
काज,7917
फरोख्त,7916
स्टाप,7915
आधारशिला,7915
नारों,7915
भराव,7914
खनिज,7909
भूसा,7909
बासमती,7908
निगाहें,7905
गलन,7902
सदुपयोग,7901
कालू,7901
रातभर,7900
वूमेन,7899
सतत,7898
पत्रकारिता,7898
सताने,7897
खागा,7897
रचा,7893
चौंकाने,7892
नंदी,7891
ढाणी,7891
इर्द,7886
प्रारम्भ,7886
मोड,7885
स्लीपर,7883
देवकी,7883
थीम,7882
जातीय,7881
दिखाना,7881
पचौरी,7881
विर्क,7879
ताजपुर,7879
एसआइटी,7878
जयभगवान,7878
नवाज,7877
सुपरिंटेंडेंट,7875
लहराया,7874
अंजुमन,7868
टिंकू,7867
तोड़े,7867
एसएफआइ,7865
ढांचे,7865
केंद्रित,7864
मिंटू,7863
रोना,7863
सांबा,7862
अथक,7860
मनोकामना,7854
कैडेट्स,7852
मापी,7849
गेंदबाज,7846
जेएन,7845
गजराज,7842
पेंट,7842
नकलची,7840
चन्द,7839
तपस्या,7839
इंदु,7839
उपनगर,7839
कराता,7838
पालीथिन,7835
उच्चस्तरीय,7834
रामसिंह,7834
दुर्गम,7833
सैकड़ा,7830
पीतल,7830
धमाल,7828
कटोरिया,7827
फैक्ट्रियों,7826
जिलांतर्गत,7826
बदन,7825
महीपाल,7824
शंभु,7824
बनाता,7823
अर्जन,7822
बाल्मीकि,7820
जल्दबाजी,7819
बुवाई,7814
शिवालिक,7814
रीजनल,7812
खरवार,7812
कुंडी,7810
धनौरा,7809
सारस्वत,7807
झारसुगुड़ा,7805
समाना,7799
सहमत,7799
सूट,7798
प्रायोगिक,7797
जानता,7796
समानता,7795
भुक्तभोगी,7793
नगरवासियों,7791
अमिता,7787
विख्यात,7787
लॉक,7785
बाजपेयी,7784
धंस,7784
रामअवतार,7784
संभल,7782
छाता,7781
बैठते,7781
कमा,7780
उस्मान,7778
हनन,7778
भिन्न,7778
पहनकर,7773
बद्दी,7772
सुच्चा,7772
एहतियात,7772
कुशवाह,7772
पीते,7769
थापर,7769
लाचार,7769
घोड़े,7767
सुपारी,7766
बैठाने,7764
छुट्टियों,7763
सद्दाम,7762
तलवाड़ा,7761
लालबाबू,7759
रिसीव,7758
बंधा,7757
कुल्टी,7757
रोजमर्रा,7756
डीएनए,7754
इंटरव्यू,7754
परिक्षेत्र,7754
श्योराण,7753
आइपीएच,7752
ऑडिट,7751
सूखी,7750
बराड़ा,7750
मसलन,7750
कुंडू,7749
एलपीजी,7749
प्रोफेशनल,7748
अध्यादेश,7747
आइपीएल,7744
आहट,7742
गद्दी,7738
उतारी,7737
बहता,7736
एडीजी,7736
ईसीएल,7732
प्रयोगात्मक,7730
अनाथ,7729
चीका,7729
इन्द्रजीत,7726
मुबारकबाद,7724
मतभेद,7724
वेरका,7722
नफीस,7721
मिलियन,7720
टेल्को,7720
तोशाम,7720
छापने,7719
कालसी,7716
लोहरा,7714
किसे,7713
खर्चे,7711
नांगल,7711
विकट,7709
दहाड़े,7708
गुरुजी,7708
सोचने,7707
बंदोबस्ती,7707
सतवीर,7707
रूपा,7702
कपास,7702
पुंछ,7702
टेका,7701
शाहबाद,7701
केरकेट्टा,7699
शाहरुख,7698
ब्लास्ट,7697
लगवाया,7695
ट्रिब्यूनल,7691
कसया,7690
अखाड़े,7688
रागिनी,7688
चौसा,7687
शाहदरा,7686
बीबीए,7685
हिंदुस्तान,7685
इनोवा,7683
कलर,7680
सुर्खियों,7679
जहरीले,7679
खिलाने,7678
भुगतने,7674
इंसपेक्टर,7674
नीरू,7674
ढांचा,7672
एबीएसए,7668
घनी,7667
रजौन,7662
कनाल,7661
चिलचिलाती,7657
हेडमास्टर,7655
पालकों,7652
बीइओ,7652
दर्शनों,7647
किनारों,7646
पेट्रोलिंग,7646
शीतलहर,7646
जतिन,7645
एसबी,7645
नाश्ता,7644
सूरजपुर,7643
चुराने,7643
बाउंड्री,7642
सूचियों,7641
बिंदकी,7640
नान,7637
नरसिंह,7636
बाथरूम,7635
पालीटेक्निक,7635
निकलती,7634
ठेस,7634
टनकपुर,7631
वैवाहिक,7630
दिलचस्प,7630
दीपेंद्र,7628
कृत्य,7627
सनसनीखेज,7627
शाहनवाज,7626
बुलाए,7626
मूलरूप,7625
बकायदा,7624
अबकी,7622
जाओ,7620
नहंी,7619
जोगा,7617
देशवाल,7617
थानान्तर्गत,7617
एमवीए,7612
अमरिंदर,7612
अमलीजामा,7611
फलदार,7610
हिमालय,7609
जीके,7609
नाना,7604
भूतपूर्व,7603
गम्भीर,7602
नजफगढ़,7598
पुत्रगण,7597
पतंग,7597
दाने,7597
वैली,7597
फलस्वरूप,7596
खोखे,7596
रखनी,7595
सुकून,7595
मेंस,7594
फेयर,7594
गायिका,7591
जगजीवन,7589
गुरमुख,7588
आसाराम,7586
बांसी,7585
संदिग्धों,7585
भवानीपुर,7584
सिकंदराबाद,7584
राजभाषा,7581
सिमरी,7580
बखरी,7580
पॉवर,7579
सोचना,7576
जयदेव,7576
दलदल,7575
मोहनलाल,7570
तिल,7569
जनपदीय,7568
भिखारी,7568
कार्डो,7568
विपन,7566
ड्रामा,7565
खुलते,7564
स्विच,7563
होल्डर,7563
कलेक्शन,7562
गमगीन,7562
कामगार,7562
मददगार,7559
कायमगंज,7559
इंग्लैंड,7557
धराया,7557
ठहराते,7556
दिलाना,7554
पहुचने,7554
लम्बी,7552
दिखायी,7551
उंटारी,7550
बीसलपुर,7550
कुरान,7549
बैठना,7548
थैला,7548
कहावत,7545
सांकेतिक,7544
दूंगा,7541
गुफा,7541
एस्टीमेट,7539
बीएओ,7537
गोवा,7536
वनों,7535
नाच,7532
पंपों,7529
दार्जिलिंग,7528
घोड़ा,7525
डीए,7525
शशी,7524
इलेक्ट्रिक,7523
कामगारों,7522
ऑयल,7519
जुल्म,7519
बेहतरी,7518
बखान,7516
एनएस,7516
गोल्डन,7515
ज्ञापित,7514
भेद,7513
एतिहासिक,7513
हाफ,7513
बिस्कुट,7511
तरजीह,7511
याचिकाकर्ता,7509
बैद्यनाथ,7508
ड्रिल,7507
मयूर,7504
जनकपुरी,7502
मुल्क,7500
चर्चाओं,7497
प्रलोभन,7497
गाते,7497
एण्ड,7496
बेलहर,7494
सत्याग्रह,7491
खेमे,7489
असंध,7489
रोहन,7488
पैक,7488
नीलकंठ,7484
छोड़ना,7483
शिवालयों,7482
रेस्ट,7482
सादा,7482
पीडब्लूडी,7480
बेमियादी,7478
नाहर,7477
सरला,7474
अनामिका,7473
बुआ,7472
बीबीएमबी,7470
डेस्क,7469
आस्ट्रेलिया,7469
अटैक,7469
फुंक,7465
सौतेला,7463
कामता,7462
बतरा,7461
विंध्याचल,7460
ओवरफ्लो,7459
तकरार,7459
रिपेयर,7459
तेवतिया,7458
कापियों,7457
धर्मराज,7456
आंवला,7452
उड़ीसा,7451
खोसला,7449
बेवर,7448
लात,7448
महफूज,7447
जयघोष,7440
दीनानगर,7439
वंश,7436
समेकित,7436
गिद्धौर,7436
सुजाता,7433
लाहुल,7433
विलास,7428
दफन,7428
रजौली,7427
मसूद,7425
कारपोरेट,7424
केबी,7418
हानिकारक,7416
अनिवार्यता,7414
मुकेरियां,7414
फूलपुर,7412
प्रकाशोत्सव,7412
रहमत,7412
चुनार,7410
कलेक्टर,7410
बीर,7409
थर्ड,7408
मिष्ठान,7408
दिवाली,7408
मद्धेशिया,7408
ब्रिगेडियर,7404
खतौली,7403
एसआर,7403
तादात,7403
अमृतपाल,7402
हटवा,7399
नारद,7399
निगल,7398
मातहतों,7398
एनडीपीएस,7397
सामग्रियों,7394
गुरुदेव,7393
इतर,7393
परिसीमन,7390
पहर,7389
गंगनहर,7388
जनवितरण,7386
संजीवनी,7379
बीड़ा,7379
लड़ाई,7377
श्रीलंका,7376
बायो,7375
वृहद,7373
मिमी,7373
समरसता,7371
दुग्गल,7370
महेश्वरी,7369
ओएसडी,7369
घुसपैठ,7368
धमकियां,7367
मंगत,7367
विक्षिप्त,7365
गोपनीयता,7364
पाठ्य,7363
महम,7362
मेहरबान,7362
रैंप,7361
सुमेर,7360
सेवायोजन,7358
कराएगी,7357
पहना,7356
समीकरण,7352
पालियों,7352
सरैया,7350
प्रदेशभर,7349
दुखद,7349
ईसाई,7348
आठवें,7347
पवार,7346
जैदी,7345
अखंडता,7345
बल्लभ,7344
फिल्में,7341
पॉलीटेक्निक,7341
घबरा,7339
संचालिका,7338
गौरीगंज,7338
देय,7335
धमका,7333
टकराकर,7333
लगाव,7330
एफसीआइ,7330
नित्य,7328
लवकुश,7327
आपत्तियां,7325
सुदूर,7325
स्टॉफ,7322
गंझू,7321
मैदानी,7320
कर्मवीर,7319
एआरएम,7319
बिछा,7319
किचन,7316
कलायत,7314
उल्टे,7312
रणविजय,7311
रसूल,7310
रखेगी,7310
धारीवाल,7309
त्राहि,7306
पौष्टिक,7306
दरें,7303
शौकीन,7303
सिक्का,7302
वोहरा,7298
भौगोलिक,7296
पतरातू,7295
एकादशी,7294
समझे,7294
प्रीमियम,7293
विनायक,7291
निभाते,7288
उछाल,7288
करतब,7288
रेफरी,7285
निर्वाचक,7285
रामवृक्ष,7284
बीआरपी,7282
बक्से,7280
धमकाने,7279
आईएएस,7278
ढ़ाई,7277
अनुमानित,7277
ग्रामोद्योग,7276
गन्नौर,7275
पलक,7275
टोकन,7275
याकूब,7273
बली,7271
जिम्मे,7269
मुख्याध्यापक,7267
सर्दियों,7267
अनाधिकृत,7266
जानबूझ,7265
विषम,7265
विद्यासागर,7264
हटाना,7263
मुस्लिमों,7262
दरियापुर,7262
मस्त,7260
महराज,7259
ग्वालियर,7257
अंडरपास,7256
नीलू,7255
शगुन,7252
ढोने,7252
केन,7252
कार्डधारकों,7251
प्रांतों,7251
शंकराचार्य,7250
धूरी,7245
काल्पनिक,7245
ड्रेनेज,7245
निम्न,7243
अंजुम,7241
सुलतानपुर,7238
गुजरा,7238
अनवरत,7237
सौभाग्य,7236
बांधे,7235
जानमाल,7230
कुंडली,7228
देखेंगे,7228
ईनाम,7228
कम्युनिटी,7227
मुस्तैदी,7226
गल्ले,7225
अन्नपूर्णा,7224
त्रिलोचन,7221
घंटी,7218
गालियां,7218
रमनदीप,7216
शिवपुरी,7213
पीसीएफ,7213
गैलरी,7212
स्केल,7211
जेसी,7210
दूरस्थ,7208
सोए,7207
गुजरे,7207
इग्नू,7207
पीसीएस,7207
मारते,7206
सेल्फ,7206
इंडस्ट्रियल,7205
रसोइयों,7204
खादर,7203
मोबाईल,7202
गुहला,7200
कीड़े,7200
इलियास,7200
जहांगीर,7199
स्प्रे,7199
नैतिकता,7198
देसराज,7197
प्रावि,7197
कंवलजीत,7197
कार्यान्वयन,7196
औचित्य,7195
बेमौसम,7192
अपनाई,7190
मुन्ने,7189
उतरते,7187
नागपुर,7187
अभिनेत्री,7187
नकारात्मक,7187
इंजीनियर्स,7183
ससुरालीजनों,7182
फर्जीवाड़े,7180
मंदी,7180
गढ़शंकर,7179
बदलना,7179
झूमते,7179
गिराया,7179
बीआरजीएफ,7178
कुलभूषण,7176
रिक्शे,7175
एसीएमओ,7172
टेक्नीशियन,7170
लटकता,7168
खट्टर,7167
नीता,7166
कैफे,7165
शाखाएं,7165
केवट,7164
देवाशीष,7164
किले,7163
हकदार,7163
उबाल,7163
फारूक,7162
पाउच,7161
करवट,7160
साधनों,7160
अहमियत,7158
राममूर्ति,7158
टोनी,7156
मसला,7156
बचना,7154
स्टोरेज,7153
ताऊ,7151
छूटने,7151
वचन,7150
अनुबंधित,7149
अंगुली,7148
धोखे,7148
नलों,7147
ईशा,7145
रिटर्न,7145
ढूंढ,7143
ज्वालामुखी,7141
आदान,7140
उत्तरप्रदेश,7139
चुराकर,7138
मनमर्जी,7136
परिचालकों,7136
निभाया,7133
एसएसआई,7132
भट्ठों,7129
वार्डेन,7127
सुखद,7125
टारगेट,7125
नत्थू,7121
पुष्पांजलि,7120
आपत्तियों,7119
कर्बला,7119
वीआईपी,7119
प्रोडक्शन,7118
सॉफ्टवेयर,7115
बुद्धिजीवी,7114
आएंगी,7112
बस्सी,7112
उठती,7112
चित्रगुप्त,7111
कल्याणी,7110
रिचार्ज,7110
औराई,7109
खोखा,7108
तान,7107
नाजिर,7107
बिन्दुओं,7107
वाजिब,7105
भंडाफोड़,7105
लगाता,7104
अभिरक्षा,7103
केसर,7103
मंझनपुर,7103
वेंडर,7103
अर्थव्यवस्था,7102
गुलाबी,7102
अंधकार,7101
वषरें,7098
अंकेक्षण,7097
जीरा,7097
कोसली,7096
सगीर,7094
जलती,7094
ब्रजराजनगर,7094
तेरा,7093
दोगुना,7092
श्रेया,7090
प्रागण,7090
गिरता,7088
बिगाड़ने,7086
रकबा,7085
दैवीय,7085
सूचनाओं,7084
बीएसएल,7083
थावे,7083
हुड़दंग,7082
ढलते,7081
सरीन,7081
बीघे,7076
एएन,7075
बांके,7073
अथॉरिटी,7073
रेलमंत्री,7072
चौकियों,7071
मुरलीधर,7071
तानाशाही,7068
वर्षगांठ,7068
हिंसक,7068
नोक,7068
परत,7067
बबिता,7067
गुणों,7064
टूर,7064
महफिल,7063
घोल,7063
भुक्की,7060
हेम,7059
वित्तमंत्री,7057
निवेशकों,7057
गुरेज,7056
ढक्कन,7055
बाढड़ा,7054
ग्रेजुएट,7052
अवमानना,7051
खटखटाया,7051
बनाएगी,7051
मौज,7051
मंत्रोच्चार,7050
टेकने,7049
एडी,7048
टीपी,7048
दूल्हा,7047
बानगी,7042
ज्योतिष,7042
मेघा,7041
शाकिर,7039
अमूमन,7037
मुबारकपुर,7035
शॉल,7034
कढ़ाई,7034
सोया,7031
आरएसपी,7030
पर्दे,7030
सोनारी,7029
रामबाग,7028
उद्भेदन,7027
सीरियल,7026
जहीर,7025
डॉग,7024
जाब,7024
पीटना,7023
मिलेंगी,7023
इको,7022
ड्राप,7021
थानेदारों,7021
लड़कियों,7021
महारानी,7021
स्तुति,7020
कक्षों,7019
समितियां,7019
तेग,7018
तिर्वा,7018
सम्बन्धित,7017
अनियमितताओं,7017
व्यथा,7017
टांग,7016
खरसावां,7016
लोकप्रियता,7012
एजीएम,7012
जबर्दस्त,7011
एपीजे,7011
वारसी,7010
नाकेबंदी,7010
भाष्कर,7009
ठगा,7009
बुजुर्गों,7008
हेमलता,7007
बजा,7004
विस्तारपूर्वक,7004
मुखर,7004
बंजर,7003
शराबियों,7003
अयूब,7002
छटा,7001
नरवाल,7001
प्रण,7001
बृजमोहन,7000
कसी,7000
गाया,6999
हैसियत,6998
खुदा,6997
प्लेस,6995
मतदेय,6995
गोताखोरों,6994
सुअर,6994
इकलौता,6991
सोनाली,6988
निबंधक,6987
मौतों,6987
अम्ब,6985
रामराज,6981
जसीडीह,6981
क्रमांक,6981
जुटाई,6979
अजहर,6978
अगल,6974
नयन,6970
उभर,6969
कलीम,6969
जस्सी,6965
बब्बर,6965
बिल्लू,6965
यूसुफ,6965
फूंकने,6964
मौलवी,6964
एबी,6963
स्वर्णकारों,6962
सत्या,6960
चिट्ठी,6959
दानापुर,6957
आकाशीय,6956
रेख,6955
सकेंगी,6955
आयाम,6954
मैने,6953
जलवायु,6953
पक्षपात,6953
परबत्ता,6953
गिद्दी,6951
राष्ट्रपिता,6949
खामोश,6949
गुंडा,6949
सीवन,6948
वॉलीबाल,6948
जोगी,6947
ख्वाजा,6947
आक्सीजन,6945
केजी,6943
सैन,6943
जीआइसी,6942
बरते,6941
आदिल,6940
कांवरिया,6940
मौजा,6937
घटती,6934
प्रसारित,6933
पुन्हाना,6932
लाटरी,6932
हजकां,6931
बिक्रम,6929
दमखम,6926
प्रायोजित,6921
बाल्टी,6920
सेमवाल,6920
हिंदुओं,6919
कथावाचक,6919
जांचने,6918
रामाशीष,6918
स्लैब,6917
डीएलएफ,6914
नारकीय,6914
रजिस्टर्ड,6914
जोड़ना,6912
अतिसंवेदनशील,6912
घंटो,6911
मदरसे,6910
पीएफ,6909
क्षण,6909
अक्षर,6908
जिलेभर,6908
खुलेंगे,6905
सीआईए,6905
कुछेक,6904
पेन,6903
गोरखनाथ,6902
प्रतिद्वंदी,6900
ढिल्लो,6898
एकादश,6897
लखनपुर,6897
खिला,6894
वज्रपात,6890
डायन,6889
दांगी,6888
लोअर,6887
सलाखों,6886
मिठाइयां,6885
मोहलत,6885
सिरमौर,6884
चोरियों,6883
बीरबल,6880
छतरपुर,6879
कदमा,6877
छाती,6877
दीर्घायु,6876
बटन,6876
ब्रह्म,6875
कुलबीर,6874
आयल,6873
तेरी,6872
तकलीफ,6871
ग्रिल,6871
नीली,6871
बरस,6871
उड़ाए,6870
आमंत्रण,6869
पशुपालक,6868
बिगाड़,6868
देवानंद,6867
नाकाफी,6863
बिल्डरों,6861
पहनाने,6861
धौनी,6861
नाबाद,6858
सबों,6855
गगरेट,6855
सन्,6854
जटिल,6854
सुधर,6852
नुमाइश,6852
जाटी,6849
ठाकुरद्वारा,6849
सोरों,6846
टीचिंग,6845
जबतक,6845
ट्वीट,6844
खलारी,6843
प्रभुनाथ,6842
एनआरआइ,6842
कॉम,6841
जंप,6841
शंभूनाथ,6840
जुगसलाई,6837
सेन्हा,6835
तीर,6834
मुखातिब,6834
कर्मकार,6832
हजका,6831
कतरा,6830
दिनकर,6825
शौर्य,6825
केमिस्ट,6825
लड़ा,6825
लेख,6824
अजीम,6824
स्क्वायड,6823
सुखी,6822
सब्र,6822
असमर्थता,6821
मसाला,6820
त्रिलोकी,6818
उड़ाई,6817
जिया,6817
साख,6815
स्कैन,6815
अनिश्चित,6814
शक्तिनगर,6813
प्रचंड,6813
निसार,6813
तांडव,6812
अरुणा,6811
गिरिराज,6811
कोटि,6809
चढ़ाकर,6808
मंगा,6807
सरासर,6804
रामरतन,6803
शांता,6802
संलग्न,6802
खोया,6799
कादरी,6798
गोलमाल,6797
गवर्नर,6797
फौजदारी,6794
मौदहा,6794
चांसलर,6793
घोषणाओं,6793
नौकरियों,6793
हर्षित,6793
मलोट,6792
काटना,6792
प्रैक्टिस,6789
ज्वैलर्स,6789
एयरफोर्स,6788
भागी,6784
मजीठिया,6783
संपादक,6782
इंडोर,6782
इब्राहिम,6781
घेरने,6780
भावभीनी,6778
तनावपूर्ण,6775
रहीम,6773
वजूद,6771
स्वावलंबी,6770
रखवाली,6770
खींचतान,6768
पन्ना,6768
थप्पड़,6767
हल्दी,6767
मालाओं,6765
सोढी,6765
महेद्र,6763
शुक्लागंज,6763
मोटरसाइकिलों,6762
कोआपरेटिव,6762
इटवा,6760
कार्पोरेशन,6759
उड़े,6759
मुम्बई,6757
पुराण,6754
प्रतापपुर,6753
फिंगर,6752
अतिशीघ्र,6750
मिलाप,6749
झिरका,6747
नमो,6747
संभावनाओं,6746
साहित्यिक,6744
बूते,6740
टेढ़ी,6739
हथियारबंद,6736
फुरकान,6736
सीढि़यों,6735
नस्ल,6735
सितारगंज,6734
पाइपलाइन,6733
मुकुट,6732
दुर्भाग्य,6732
वाल,6731
सुरक्षाकर्मियों,6730
छबील,6729
सुरंग,6728
हाटा,6727
छांव,6727
डलहौजी,6721
शीत,6721
इज्जत,6720
जीतेंद्र,6718
दर्शाता,6715
माइनिंग,6714
नोटिफिकेशन,6710
एसीजेएम,6710
एमजी,6709
ट्रांसपोर्टर,6708
शिवराम,6707
एकतरफा,6706
आईटी,6706
रिवाज,6704
डीजी,6704
मेटल,6703
गुंडागर्दी,6702
मैया,6701
गोपीगंज,6700
ट्रालियों,6699
नाथनगर,6699
मापदंड,6699
पंथ,6696
जगपाल,6695
मिलाने,6695
सफाईकर्मियों,6695
महताब,6694
बेदिया,6692
जानें,6692
लेवी,6692
कटाक्ष,6690
भीख,6690
बचन,6688
डीजीएम,6687
तकनीकि,6686
अनुदेशकों,6685
दौड़ते,6685
रणदीप,6684
परिवारीजन,6682
स्वयंसेवियों,6680
दीदी,6677
हिलसा,6677
तमिलनाडु,6675
मिलाया,6674
चढ़ाई,6673
दंगों,6673
हाकिम,6671
पुनर्निर्माण,6670
कुलश्रेष्ठ,6670
स्ट्रांग,6670
क्यूसेक,6668
रैना,6668
चंपा,6665
धामी,6663
तारकेश्वर,6661
मोटा,6661
परतु,6661
जुगत,6659
तारापुर,6658
हिंद,6658
प्रार्थनापत्र,6658
उच्चाधिकारी,6656
श्रीपाल,6656
डुमरिया,6654
जया,6653
समझें,6652
यशवीर,6652
हलवाई,6651
साबुन,6650
फकीर,6650
नजरें,6648
भयमुक्त,6645
खेलना,6645
स्वदेशी,6645
हीलाहवाली,6643
भाषाओं,6642
फौगाट,6640
साज,6638
लांबा,6636
गुरदयाल,6636
उच्चतम,6634
जनजातीय,6634
शिवपुर,6634
ट्रेडर्स,6633
बंदरबांट,6632
संग्रामपुर,6630
आत्मसात,6630
सम्पत्ति,6628
सांई,6625
मठिया,6623
रोसड़ा,6622
अनुदानित,6618
भतीजी,6618
बल्ले,6618
बाहुल्य,6618
धुएं,6617
सटा,6617
आतंकवादियों,6617
विक्रय,6617
पकड़े,6616
गुलेरिया,6615
झोला,6615
डीटीसी,6611
चैतन्य,6610
पर्यवेक्षिका,6610
तल्ख,6609
गहमागहमी,6608
झूल,6607
ड्रम,6606
स्पॉट,6606
सौंदर्य,6604
पुपरी,6604
बिधूना,6602
लेटर,6601
आईआईटी,6600
बही,6600
थोड़े,6599
रानीखेत,6598
उप्पल,6597
शिशुओं,6597
महेशखूंट,6596
ठाक,6595
दक्ष,6594
मस्तिष्क,6593
खंडहर,6591
डुवार्स,6589
अव्यवस्थाओं,6588
धनघटा,6587
पार्लर,6584
शील्ड,6583
अपात्रों,6582
कसबा,6582
सम्पूर्ण,6582
गडकरी,6580
पालक,6575
दलवीर,6575
पूंडरी,6574
सरकाघाट,6574
धराए,6572
राजगांगपुर,6570
नाटकों,6569
झांसे,6569
मुसाफिर,6567
चलाएं,6567
राजविंदर,6566
प्रसूता,6565
जर्मनी,6563
शबद,6562
महेशपुर,6561
पड़ेंगे,6561
कर्पूरी,6559
बसा,6557
अपनाना,6556
धमाका,6555
डिंपल,6552
पैंट,6551
उपायों,6551
पसर,6549
झंझारपुर,6548
गांठ,6548
पायदान,6548
मानचित्र,6548
जीटीए,6545
लबालब,6545
जोधपुर,6545
अहंकार,6543
रिफाइनरी,6543
इवेंट,6541
दौड़ने,6541
कनेक्शनों,6541
जलाई,6540
वास्तविकता,6538
मनचलों,6538
इस्लामपुर,6537
सज्जाद,6537
निवासीगण,6536
दिखती,6535
उपद्रवियों,6535
क्रिकेटर,6534
जनजागरण,6531
अटेली,6529
कट्टे,6528
संतकबीर,6527
पर्यवेक्षण,6527
जैतपुर,6527
आगोश,6526
शालीमार,6526
हेलीपैड,6525
भगवंत,6524
लाखन,6522
कम्युनिस्ट,6521
शुभकामना,6520
एनएन,6520
धनुष,6513
प्रतिपूर्ति,6513
प्रजातियों,6511
भू्रण,6511
जहाज,6509
पहाड़पुर,6509
रुहेलखंड,6509
जुनेजा,6509
रीतू,6507
पखवारा,6505
राघवेन्द्र,6505
बेबस,6504
भेजें,6504
पत्ते,6502
शिवपूजन,6498
आंध्र,6497
उपजाऊ,6497
अपनाकर,6497
कांबोज,6497
किशोरों,6496
बैठाया,6496
स्विफ्ट,6495
कांति,6494
नकार,6493
आइएस,6491
लाभदायक,6488
पाटिल,6486
नगरा,6484
शूटर,6484
रीडिंग,6483
पीयू,6483
बनाती,6483
जयनारायण,6482
राजगढ़,6482
वैसा,6482
मजीठा,6481
गोरख,6479
रेप,6479
जूता,6479
उद्देश्यों,6475
अकेडमी,6474
लोको,6473
लियाकत,6472
फरीदपुर,6472
हरिमंदिर,6468
सिसई,6467
जुलाना,6467
समता,6467
ठगने,6466
उठते,6466
खलील,6465
चाट,6464
चुकाने,6463
चिंतपूर्णी,6462
कोरम,6462
प्रेमचंद्र,6460
बेचना,6458
प्रशस्त,6458
झेलने,6457
पालिसी,6457
हड़ताली,6457
कांठ,6456
इचार्ज,6453
कांफ्रेंसिंग,6453
पाट,6451
लाडी,6450
दुश्वार,6450
अपनाए,6448
रेलकर्मी,6448
झारसुगुड़ा,6445
दबी,6445
सरवन,6444
रचनात्मक,6444
इकट्ठे,6443
विरत,6442
राजस्थानी,6442
कदमों,6441
इस्तीफे,6440
लेखराज,6437
हालचाल,6437
किच्छा,6436
पूर्वजों,6433
चौंक,6433
सामंजस्य,6432
चलेंगी,6432
श्रावण,6431
गुंजायमान,6430
मासूमों,6429
रिमझिम,6428
किनारा,6427
उमड़ा,6426
सहोता,6420
बूढ़े,6420
रामशरण,6419
पारिश्रमिक,6418
गंवा,6418
जीपी,6418
सीएनजी,6417
इसरार,6417
विडंबना,6417
जब्ती,6416
जनाधार,6414
महाआरती,6414
बहजोई,6414
जागो,6414
रेडीमेड,6413
बहादुरगंज,6412
सोनुवा,6409
शिवानंद,6409
अदिति,6409
अफरोज,6407
डीइओ,6405
बंगले,6405
दारू,6401
वोल्ट,6400
एलआइसी,6400
यूटी,6400
आशिक,6399
आदर,6398
भरमौर,6397
लाउडस्पीकर,6396
मलिन,6394
धमकाया,6394
विभाजन,6394
ब्लॉकों,6392
बुनकरों,6392
मंडरा,6391
धर्मो,6391
जलाए,6389
मुन्नालाल,6387
मैकेनिकल,6387
लश्कर,6386
मन्नत,6385
दीप्ति,6385
अशफाक,6385
पत्रांक,6385
आईपीसी,6384
सीएमडी,6384
मूलचंद,6383
माइक,6381
तदर्थ,6380
अद्भुत,6377
फार्मेसी,6376
सुखराम,6375
सभाएं,6375
शास्त्रीनगर,6375
टाउनशिप,6374
बोआई,6373
सीखा,6372
अदद,6369
थैले,6367
महामाया,6363
दिव्यांग,6362
विजन,6360
असलहों,6360
हितेश,6356
ज्ञातव्य,6356
अनापत्ति,6355
गाना,6353
कॉरपोरेशन,6353
जगन्नाथपुर,6349
प्राची,6349
उत्खनन,6348
नाता,6347
रेलगाड़ी,6347
पोर्टल,6345
कुडू,6345
दुबई,6343
मुर्गी,6342
नाश,6341
अफ्रीका,6340
कंधों,6340
बटोरी,6338
कमजोरी,6336
अक्षम,6332
सिफारिशों,6331
बंगाणा,6330
होम्योपैथिक,6330
कराह,6330
भंडरा,6329
उपकेन्द्र,6326
सुधि,6326
कच्छप,6326
कांटा,6326
जात,6325
टूरिज्म,6325
बोरियो,6321
सराफ,6320
कविताओं,6320
घटक,6319
साक्ष्यों,6316
नरेला,6316
उचाना,6315
आखों,6315
फंसकर,6315
बॉक्सिंग,6314
रंजू,6314
तालियों,6314
भूप,6312
एमआर,6311
भान,6311
कुर्सियां,6311
हराम,6310
विषयक,6310
लग्जरी,6310
कठिनाइयों,6309
व्यंजन,6307
बेमानी,6305
रिले,6304
अपमानित,6303
चंपारण,6301
निकास,6300
देखिए,6300
चलेंगे,6299
सतेन्द्र,6299
बताता,6299
विलय,6299
बनवाकर,6298
खींचकर,6297
त्यों,6296
सुहाग,6294
दृढ़,6293
चंद्रभूषण,6293
करमा,6290
भीड़भाड़,6290
एसोसिएट,6289
मानिक,6289
रतनपुर,6288
चुन्नी,6287
सीमाओं,6287
वरिष्ठता,6286
आत्मरक्षा,6285
आरएम,6284
स्लिप,6283
बरवाडीह,6282
मानती,6275
भागीरथ,6275
चलन,6274
माप,6271
अटैची,6269
तिहाई,6267
केसरवानी,6267
अनभिज्ञता,6266
कतिपय,6266
आंगनवाड़ी,6265
हरिपुर,6265
ठगे,6265
क्लबों,6263
जिपं,6262
वेलेंटाइन,6261
पिछड़,6261
ढींगरा,6259
अनुदेशक,6259
कामर्शियल,6255
काशीनाथ,6255
अबरार,6254
नीले,6251
सांझा,6251
असंभव,6250
बास्केटबाल,6250
चौथ,6249
कारीगरों,6249
काग्रेसी,6249
बन्द,6248
भावुक,6246
सुरभि,6244
बढ़नी,6240
कबाड़ी,6240
गिरदावरी,6239
एकड़,6239
वधवा,6238
जेईई,6237
दलबल,6237
प्लास्टर,6237
लगवाई,6236
उदयभान,6234
कोशिशों,6233
तिहाड़,6233
मार्कशीट,6232
संपति,6232
कराती,6230
बॉल,6228
सूरजभान,6228
ढीली,6226
उपदेश,6226
ड्राइव,6226
ढेरों,6225
प्रशिक्षणार्थियों,6221
डोभा,6221
टेल,6220
जालसाजी,6220
दिमागी,6218
डीआर,6217
आशू,6217
कराधान,6215
लालचंद,6215
भूमिहीन,6213
छूने,6213
इंसानियत,6213
धमके,6213
म्यूजिकल,6212
छेड़ा,6210
चाही,6208
शर्मनाक,6208
दारा,6207
एआरओ,6206
हिल,6205
सोमा,6205
खोद,6205
आजतक,6204
श्रावणी,6203
सौंपते,6202
जुकाम,6201
लोहाघाट,6200
क्षमा,6200
चिट,6198
चपरासी,6197
जोसेफ,6196
पम्प,6194
रंगमंच,6194
ईडी,6193
पिला,6193
मालेरकोटला,6190
लेखाकार,6190
साउंड,6190
रचनाओं,6190
कामत,6189
ढींडसा,6189
व्यवहारिक,6188
तरूण,6187
शिकारपुर,6186
सुधरने,6183
एडीए,6182
प्रफुल्ल,6182
ऊंट,6179
रिंकी,6179
बेनाचिति,6179
पिंजौर,6178
मेवा,6177
मोना,6175
आश्रय,6174
टीसी,6174
लोकगीत,6171
जूझते,6171
हरकतों,6168
समेट,6168
वाचक,6168
महादलितों,6167
किशनी,6167
जेना,6166
पुष्टाहार,6165
अकील,6165
स्वभाव,6164
चित्रों,6163
पाराशर,6162
जामताड़ा,6157
नकवी,6155
रिलायंस,6155
राइंका,6153
स्वेटर,6153
औषधीय,6151
तृतीया,6151
छोड़कर,6150
रघुनंदन,6150
जेएंडके,6149
पाठ्यक्रमों,6149
बोरियों,6149
राइट,6148
जनसमस्याओं,6148
कुचला,6148
वरूण,6147
फायदेमंद,6146
धमदाहा,6146
परिणामस्वरूप,6144
बीवी,6144
मागी,6142
भसीन,6142
भाड़े,6142
साढे,6142
यथा,6142
डब्लू,6139
प्रतिरक्षण,6139
निगमायुक्त,6139
कीमतें,6139
बोहरा,6138
वर्गीय,6137
कुलजीत,6136
नवयुवक,6136
पौनी,6136
ननिहाल,6136
मुस्तफाबाद,6134
पागल,6133
बच्चू,6132
राजग,6131
गुरजंट,6130
कालाकोट,6130
कर्नलगंज,6129
पहाड़िया,6127
ईश्वरीय,6127
प्रियदर्शी,6125
बालकों,6121
ठाकुरगंज,6121
ट्यूब,6119
सम्बन्ध,6119
अनुमोदित,6118
सादात,6116
शीट,6114
तुरी,6110
गंगाघाट,6109
एकेडमिक,6109
आरएल,6108
फ्लाई,6106
प्रविष्टि,6105
विवेचक,6105
मनवीर,6105
वेटिंग,6105
कैरो,6105
ठाकरे,6104
फिल्लौर,6104
गजब,6104
विपत्र,6104
ऑपरेटिव,6103
गदगद,6103
वाकिफ,6103
तवज्जो,6102
भराई,6101
मनाना,6099
लाले,6099
परियोजनाएं,6098
रौंदा,6097
कंधा,6094
शिशिर,6094
मागे,6094
रंगा,6093
एथलीट,6091
हबीब,6090
तापस,6089
इस्लामिया,6088
किशनपुर,6088
मुगल,6087
जिसमे,6086
पॉलीथीन,6084
जिलाधिकारियों,6083
सरोजनी,6082
यंग,6081
सतलुज,6080
नीलाम,6080
पूर्णाहुति,6077
रजिंदर,6076
त्यूणी,6076
ऑफर,6075
जहरखुरानी,6075
उन्नयन,6074
टॉवर,6074
नेम,6074
इंडिका,6073
भागीरथी,6073
जोड़ने,6072
जेएच,6071
सिद्धांतों,6071
हार्दिक,6071
रामाधार,6071
जसवंतनगर,6068
होर्डिग्स,6068
बलविंद्र,6067
करोड़ों,6066
भयानक,6066
नीटू,6065
मुकुंद,6065
दाउदनगर,6065
कुम्हार,6064
मीठे,6063
बनानी,6063
सुबूत,6062
शिबू,6062
बुनकर,6062
संभाले,6061
पखवाड़ा,6061
कासं,6060
सेवादल,6058
कौम,6058
प्रस्तुतियां,6056
यथावत,6055
उतारे,6055
अमजद,6055
कोरी,6055
प्रदेशीय,6054
क्रॉस,6053
संगीतमय,6052
भरवाने,6051
दशमेश,6047
सजाई,6047
सीबी,6047
झोली,6046
राजनेता,6046
रेवती,6045
एफडीआइ,6045
वास,6043
घेरकर,6040
टाइप,6039
मर्डर,6039
लोहारू,6038
सहेली,6038
सादिक,6037
ताराचंद,6035
राजनेताओं,6034
बीरेंद्र,6034
वेदपाल,6032
नाजिम,6032
चोक,6032
मदरसों,6031
मतपत्र,6031
सिहं,6031
ज्वेलर्स,6031
बनमनखी,6030
घिर,6029
रॉड,6029
डरा,6029
बेचैन,6027
राशनकार्ड,6026
संताल,6024
हंसी,6024
मेराज,6022
बुझाई,6022
अपनाते,6017
घूस,6017
उन्होनें,6017
दोहरा,6016
ज्वैलरी,6016
सभ्रवाल,6013
लोकदल,6011
रामानुज,6010
विटामिन,6008
ऐलनाबाद,6007
थाम,6006
बाड़ी,6004
रैगिंग,6003
हरकतें,6002
नकुल,6002
नाज,6002
ख्याति,6001
टीटीई,5999
बिसौली,5996
बेलगाम,5994
लक्ष्मीबाई,5993
डूडा,5992
पंपिंग,5992
अतीत,5992
प्रहरी,5990
रंगाई,5989
शिवालय,5988
धोबी,5986
गोबिंदगढ़,5985
शमसाबाद,5984
मांडू,5983
पूंजीपतियों,5983
उलट,5983
ट्रांजिट,5981
मिल्क,5980
सवेरे,5980
पिलाया,5979
संपत्तियों,5978
वारिस,5978
पीडि़ता,5977
मूकदर्शक,5976
रसूलाबाद,5976
बचें,5975
ब्रेन,5973
राजबाला,5973
ढाबों,5973
मौसी,5973
कालरा,5973
सीएल,5969
पॉश,5969
स्नेहा,5965
घटकर,5964
एक्टिवा,5964
राष्ट्रवादी,5964
एंक्लेव,5963
चौरासी,5962
हटकर,5962
मोहम्मदपुर,5962
जिम्मेदारियों,5961
लगनी,5960
विवाहित,5960
खरीदारों,5959
आलमारी,5958
असंगठित,5957
कर्ता,5957
हेल्पर,5956
डॉट,5955
करप्शन,5954
अराजपत्रित,5951
बौंसी,5951
शिया,5951
भेजते,5951
अवरोध,5950
निंदनीय,5949
लुटेरा,5948
पत्ता,5945
रछपाल,5943
रखीं,5941
प्रादेशिक,5940
माघ,5939
बहुल,5939
गूंजा,5939
संजीदा,5939
समतल,5939
फातिमा,5938
नीना,5938
दलहन,5936
बजाकर,5936
ट्रेलर,5936
कोर्सो,5934
अजब,5932
किशुन,5932
विषाक्त,5932
हरमीत,5930
व्रती,5930
कृपाशंकर,5928
रिटेल,5927
कव्वाली,5927
शिशुपाल,5926
जिन्हे,5925
सुलेमान,5924
मैकेनिक,5924
सुंदरबनी,5924
बयार,5924
भोलेनाथ,5923
जैव,5922
हकीम,5921
पदोन्नत,5919
भूत,5919
आत्मिक,5919
दोहराया,5918
क्राफ्ट,5918
सेमीनार,5915
चलीं,5914
अटका,5914
अध्यात्म,5913
छुट्टियां,5913
मदनलाल,5912
जबाब,5912
भिनगा,5912
साधकों,5910
सुनाए,5909
सैल,5909
बक्सा,5908
नंदू,5908
महाभारत,5908
ठगों,5906
माइंड,5905
हांडा,5904
कुरावली,5903
बाड़ा,5902
छठा,5901
एडीसीपी,5901
एचआईवी,5900
कंग,5899
उत्साहवर्धन,5898
पॉल,5897
निश्चय,5897
गेंदों,5896
बशीर,5896
तिलहर,5894
आशाराम,5893
वाह,5892
व्यस्तता,5892
मनोनयन,5890
तायल,5888
साया,5887
मुर्गा,5887
भ्रूणहत्या,5886
विसर्जित,5885
रामजीत,5884
राजापुर,5884
खरीदते,5881
स्किल,5881
महासम्मेलन,5880
आइसीयू,5880
शीतकालीन,5880
उपसमाहर्ता,5880
हरदयाल,5879
देवरी,5879
काश्तकारों,5879
रौतेला,5876
शीश,5875
सिवाय,5875
पर्यवेक्षकों,5875
अर्थी,5875
आभूषणों,5875
अभियोजक,5873
बच्चो,5872
सेफ,5871
लिंगानुपात,5871
श्यामसुंदर,5870
उच्चारण,5869
छिन,5869
बंटवारा,5869
निष्क्रिय,5868
नवविवाहिता,5867
उपविकास,5867
सुनैना,5867
चोटी,5865
मुनीम,5865
मधुकर,5864
प्रगट,5861
क्षय,5861
नानी,5860
आहुजा,5858
पिकप,5856
मिथुन,5855
अंधविश्वास,5855
व्हील,5855
घाटमपुर,5854
डीएल,5854
पैंथर्स,5853
चायल,5852
टाटानगर,5851
डेट,5850
लाठियों,5850
समीपवर्ती,5849
तस्वीरें,5849
चमकौर,5849
जुड़ी,5849
डाकघरों,5848
फैक्स,5848
साधते,5848
सूरजकुंड,5847
रेन,5846
चढ़ी,5845
उतरेंगे,5843
मालवा,5842
इसने,5841
परमाणु,5840
प्रचलन,5840
लीवर,5837
एसएसए,5837
कालपी,5836
हिमानी,5836
टिकटों,5835
पत्ती,5834
चैती,5833
मजलिस,5832
पास्ट,5832
इलेक्ट्रॉनिक,5831
ऑनर,5830
अल्प,5829
धोरैया,5827
ईयर,5827
भादवि,5827
कल्चर,5826
सीआरपी,5825
चने,5825
बिजेन्द्र,5825
स्वर्ग,5824
जुड़कर,5824
सहसवान,5824
जेडी,5824
अनुपमा,5823
आइटम,5823
विनाश,5821
बनवाई,5820
संचयन,5820
असलियत,5819
टीटू,5819
बीकाम,5819
अभिशाप,5819
पढ़ती,5816
ईटों,5815
भूना,5810
हिस्ट्रीशीटर,5809
बेअसर,5809
हामिद,5809
कटिंग,5808
छोटूराम,5808
गायकों,5807
पार्थिव,5806
कार्यवाई,5805
हरिंदर,5804
नालागढ़,5801
वेयर,5800
मेटाडोर,5800
कार्टून,5800
उद्धार,5799
शीशम,5799
ट्राला,5799
लोस,5798
खदानों,5798
विशेषता,5797
तिगांव,5797
अनुसरण,5796
पुताई,5796
स्टेशनरी,5795
भटनी,5794
होनेवाले,5794
सुग्रीव,5794
आंदोलित,5790
एग्रीमेंट,5788
डाक्टरी,5788
विद्यानंद,5788
अंतरिम,5786
जीसी,5786
आंखे,5785
रफी,5785
विद्वानों,5785
बंडल,5783
करायें,5783
ज्वेलरी,5780
बुलेट,5779
सिडकुल,5778
निर्मली,5778
षड्यंत्र,5778
गोरा,5778
घटतौली,5777
धूम्रपान,5775
बागवानों,5774
डेरे,5774
तबतक,5772
शिक्षामंत्री,5772
पंक्ति,5771
साहित्यकारों,5770
फिल्टर,5769
रेणुका,5769
झपट,5768
ताकतों,5767
टैंकरों,5766
प्रेषण,5764
अपात्र,5764
संकल्पित,5761
मशरक,5761
किसानी,5760
कटवाने,5760
एलएलबी,5759
ठंडक,5758
फुटकर,5757
रिजर्वेशन,5755
सदी,5753
बबन,5753
लुभाने,5753
जवाहरलाल,5753
पैगाम,5752
भांजे,5752
चश्मा,5752
जमानती,5751
गानों,5751
करम,5751
राघोपुर,5750
बारादरी,5750
टम्टा,5750
लाडली,5749
सुई,5748
पीटर,5745
पड़ोसी,5743
रोजेदारों,5742
हर्षवर्धन,5742
दिहाड़ी,5741
बिरंगी,5740
चंपत,5740
कादिर,5740
मोहा,5740
करुणा,5737
किसकी,5737
समुद्र,5732
प्रणाम,5732
आरटीपीएस,5731
कैब,5730
स्वीटी,5730
निर्बाध,5728
स्लम,5727
बासुदेव,5726
अमूल्य,5726
सुश्री,5724
लीलावती,5723
केएम,5723
शिवनारायण,5722
मांझा,5722
खानी,5722
एमडीए,5721
ढुल,5721
लकी,5721
नदियां,5721
तैराकी,5720
कैसी,5719
संक्रमित,5719
शिल्पा,5718
स्वेच्छा,5718
सीआइडी,5717
भड़ाना,5716
प्रधानगी,5716
नियुक्तियां,5715
एलसीडी,5715
सतगुरु,5713
मुकर,5712
बंट,5710
केडिया,5710
मचाते,5709
करतूत,5709
फर्द,5709
भीमसेन,5707
राजेश्वरी,5707
गहलोत,5706
फोकल,5705
इक्का,5705
समुदायों,5704
हाइकोर्ट,5703
गरमा,5701
खिलौने,5699
खंगाल,5698
बलिराम,5697
रासलीला,5696
उठाये,5695
इलाकाई,5695
लाये,5695
पुत्रवधू,5695
ठेकों,5694
फ्रांस,5694
सैणी,5694
भीटी,5693
फूस,5692
सपरिवार,5692
दौड़ाकर,5692
म्यूनिसिपल,5692
सनौली,5691
बाइकर्स,5688
सरन,5688
ढिलाई,5686
बेनीपुर,5684
निपटारे,5683
जायें,5683
कटोच,5683
योगाभ्यास,5682
चुपचाप,5680
बेतहाशा,5679
कान्हा,5678
निवासिनी,5677
गिद्दा,5675
संतोषी,5673
योगेश्वर,5673
छेड़,5672
शक्तियों,5671
लेबल,5670
यथाशीघ्र,5669
बेअंत,5667
लार,5667
राजवंशी,5666
स्वरुप,5665
भट्ठी,5665
व्यवसाई,5665
टालमटोल,5664
पढ़ता,5663
आमलोगों,5662
एनआरआई,5660
किन्नर,5660
पहाड़ी,5659
रखेगा,5659
धुंआ,5659
प्रतिबद्ध,5658
परमहंस,5657
हड़प,5657
बादली,5656
बर्तनों,5656
मुहूर्त,5655
सहसचिव,5653
चलायी,5653
सुल्तानगंज,5653
कुंडहित,5653
स्रोतों,5651
बदलवाने,5651
मोहताज,5650
शंका,5650
लीची,5649
निर्वाह,5648
रोबिन,5647
छपरौली,5645
बैलेंस,5644
निभाएंगे,5643
मेनका,5642
सरूप,5642
उत्सुकता,5642
पढ़ना,5642
सौम्या,5641
नेत्रपाल,5641
नाममात्र,5639
गुरबख्श,5638
सुब्रत,5637
ड्राइवरों,5637
पासवर्ड,5637
मानों,5636
शक्तिपीठ,5636
कूड़ा,5636
चंद्रकांत,5636
सदियों,5636
लॉकर,5634
कलाई,5634
कसरत,5633
गुड,5632
इडिया,5632
सत्यापित,5631
हियुवा,5631
डिक्की,5630
कमालपुर,5626
मालिकाना,5626
गाबा,5624
इगलास,5624
राजबहादुर,5623
भूगर्भ,5623
हमलों,5622
व्हीलर,5622
तनख्वाह,5622
फिसलने,5620
हाय,5620
कविताएं,5619
मजिस्ट्रेटों,5619
साधक,5618
तोले,5616
बीआरओ,5616
कंसल,5616
उपमुख्य,5615
सैफ,5614
वृद्धों,5614
चालीसा,5614
सिसोदिया,5614
सअनि,5612
कारखानों,5612
उमेद,5611
जगरूप,5610
जानकर,5610
जगवीर,5609
बीजों,5608
बिखर,5607
घमासान,5606
चहेतों,5605
कैटेगरी,5605
शानू,5603
भूरे,5602
अधिकाधिक,5602
कनपटी,5602
लीलाओं,5601
अपूर्ण,5601
सर्वोत्तम,5598
हैलट,5598
मरा,5598
मुझसे,5598
वैसी,5597
मिट,5597
कोटली,5596
मिहिजाम,5594
जलनिगम,5592
कम्यूनिटी,5591
गुरसेवक,5590
बिलकुल,5590
मूंगफली,5590
साम्राज्य,5589
एथलेटिक,5589
जलनिकासी,5588
श्रमायुक्त,5587
बरातियों,5587
हुकूमत,5586
पुनिया,5585
हुकम,5585
मेज,5585
गैंगरेप,5584
क्लेम,5584
बेताब,5583
खचाखच,5583
डकैत,5583
छिनतई,5581
जैकेट,5579
शिक्षकेत्तर,5579
हस्तशिल्प,5579
तीमारदार,5577
अनार,5577
पिछला,5577
जीतन,5576
हारे,5574
सेंधमारी,5574
दिखते,5573
बिलारी,5573
मनाएं,5573
निरुद्ध,5573
शासक,5572
चिल्ड्रेन,5569
सबमर्सिबल,5567
दुश्मनी,5564
जागेश्वर,5564
चढ़ाव,5563
राड,5563
सिसौदिया,5562
बैंच,5561
खरीदार,5559
तनु,5559
पांचाल,5556
उतरना,5555
लम्बे,5555
रियासत,5553
सातों,5553
गोराया,5553
मंगलौर,5551
मरहम,5551
बुलडोजर,5549
छेदी,5548
कुदरत,5544
महामंडलेश्वर,5543
बगवां,5542
रामबहादुर,5542
बिखरे,5542
पोस्टल,5542
प्रतिमाएं,5541
मोहब्बत,5540
वोकेशनल,5539
ढांढस,5537
बड़हरा,5536
लखबीर,5535
यकीनी,5535
जब्बार,5535
भोगनीपुर,5534
दृष्टिगत,5534
बरहज,5533
जरुर,5532
चौके,5531
इंस्टीच्यूट,5530
कांस्टेबिल,5529
चूड़ी,5529
हिमपात,5526
पटवन,5524
थाप,5524
सुनिता,5524
सश्रम,5524
सुनियोजित,5522
नें,5522
फेंककर,5522
तिग्गा,5522
डायल,5521
मारापीटा,5519
मछलियों,5519
फुसला,5518
स्थानान्तरण,5518
गोरखा,5518
भैरव,5517
मकसूद,5516
उझानी,5515
जुस्को,5515
पहिए,5515
फ्लाइट,5514
सऊदी,5513
एटक,5513
प्रभजोत,5512
पूर्णतया,5512
टेंशन,5510
स्टार्ट,5509
वतन,5508
जमाए,5507
पीआर,5507
तोड़ी,5506
क्रेज,5506
तिथियों,5505
अंत्येष्टि,5505
आपरेटरों,5505
कौमी,5505
शादाब,5504
रचने,5503
सेमरा,5502
प्रेमा,5501
सड़के,5501
न्यायालयों,5499
सुखाड़,5499
गुरुओं,5497
रोहतांग,5497
कंट्रोलर,5497
उद्गार,5496
अधिकारिक,5496
कटिया,5496
सत्रह,5495
हमे,5495
कार्यकत्र्ताओं,5495
गैरसैंण,5494
याची,5494
अलवर,5494
व्यंजनों,5493
मत्था,5492
बूढ़ी,5492
शुक्र,5492
बॉर्डर,5490
दुक्का,5490
उदयपुर,5490
उपभोग,5489
सुमेरपुर,5488
धूमिल,5488
प्रतिभावान,5488
उतने,5488
जीबी,5486
अशांति,5485
ईरानी,5485
लहरा,5485
दरारें,5484
शहनवाज,5483
मनीराम,5476
चरनजीत,5475
आडवाणी,5475
इंद्री,5474
लड़ेंगे,5472
सर्वोपरि,5471
अंर्तगत,5471
मुरादनगर,5471
पंजिका,5469
दबोचने,5468
जोकीहाट,5468
तारकोल,5468
रोपड़,5467
साईकिल,5465
अड्डों,5465
मोतीपुर,5465
कुंती,5463
मंद,5463
मम्मी,5463
पुआल,5460
कर्मबीर,5460
मुरसान,5459
भारतीयों,5459
लुक,5458
स्पर्श,5457
चाची,5457
ब्रांडेड,5456
पड़ेगा,5455
डाउनलोड,5455
नक्षत्र,5454
बसाने,5453
करारा,5452
इरादा,5452
दिशानिर्देश,5451
लालबत्ती,5451
असमाजिक,5451
वल्लभ,5448
पांचवे,5446
सुंदरी,5445
हरीराम,5442
बाक्सिंग,5441
अलीनगर,5438
रूरल,5437
दिलाते,5437
जापानी,5436
रजनीकांत,5436
बदलापुर,5435
खतौनी,5435
हल्दिया,5434
डीएमआरसी,5434
बूटी,5434
धनीराम,5433
हैफेड,5432
नमस्कार,5431
कादियान,5431
नाचते,5429
मुस्तकीम,5428
सहम,5428
निवेदन,5428
लिपिकों,5428
हर्रैया,5427
शराबा,5426
उलूम,5425
सिवाच,5424
रातों,5423
साला,5423
अतर्रा,5421
माडर्न,5419
उदित,5419
तेजिंदर,5418
जंजीर,5417
मनचले,5417
ठहरा,5416
शिवमंदिर,5414
गोभी,5414
भेजेंगे,5412
रिसोर्स,5411
जुनून,5410
फर्राटा,5408
डेविड,5407
प्यासे,5406
पीडीएस,5406
ज्वलंत,5406
मण्डी,5405
वादन,5404
अखबारों,5403
श्रीधर,5403
रीतेश,5402
सुने,5402
संगठनात्मक,5401
मरकच्चो,5400
तोड़ते,5399
अलीपुर,5398
टाप,5398
बर्थ,5397
पार्टनर,5396
मनिहारी,5396
रजरप्पा,5396
चट्टी,5396
लड़ते,5393
सिरोही,5392
पिछड़ों,5391
कल्चरल,5391
फैसल,5391
मानता,5390
मक्खी,5390
भरो,5390
ऑक्सीजन,5389
स्वैच्छिक,5388
खड़ंजा,5387
रहेगे,5387
हड़कंप,5386
विधवाओं,5386
ट्रस्टी,5383
राप्ती,5383
टिकैत,5383
आजमा,5381
फूले,5380
अनियमितताएं,5379
जुटाए,5375
अहिंसा,5375
उपजिला,5374
स्वार,5374
हताहत,5374
बजने,5373
निजाम,5372
आयात,5372
जग्गी,5371
अटारी,5371
पहुचा,5370
क्षेत्रवासी,5370
जामिया,5370
ज्वालापुर,5369
फुलवरिया,5369
लखनपाल,5369
प्यारी,5369
दमन,5368
बुनियाद,5367
सटी,5366
बाशिंदों,5365
अर्पण,5365
विशनपुर,5365
पीएल,5363
वनस्पति,5363
संकरी,5361
विसंगति,5361
धरहरा,5361
पालम,5360
नाई,5360
पिपली,5359
फव्वारा,5358
पडे़गा,5357
मोहम्मदाबाद,5357
सोनबरसा,5355
मन्हास,5355
चक्क,5354
डाका,5354
शीशपाल,5353
जयदीप,5352
हाल्ट,5351
डिस्चार्ज,5351
परवरिश,5351
कृष्णानंद,5349
निखार,5349
कार्बन,5348
भोलानाथ,5348
बलुआ,5347
डायमंड,5345
प्रकिया,5345
गुड़गाव,5343
नारायन,5342
समयावधि,5341
गोराई,5341
जेठानी,5341
श्यामल,5340
ट्विटर,5339
एसएसआइ,5338
रिकार्डिग,5337
चराने,5336
रोगन,5336
डिवीजनल,5336
शॉपिंग,5336
अभिव्यक्ति,5335
मंत्रों,5333
पिपरी,5333
ट्रांसमिशन,5333
सत्तारूढ़,5331
क्रियान्वित,5331
लोहार,5331
हस्तांतरित,5330
डिग्गी,5330
फिजिक्स,5329
बहार,5329
रजवार,5329
निष्पादित,5328
नब्बे,5328
रामप्रताप,5327
पन्नू,5327
पालने,5326
कटघर,5325
उपकेंद्रों,5324
आइपीसी,5324
सुनेंगे,5323
लखवीर,5323
मशरूम,5322
फिक्र,5321
गोल्फ,5320
बिके,5319
तकनीकों,5318
फूटा,5318
लायी,5317
बैलों,5316
घरौंडा,5316
समन,5316
अनुशासित,5314
माटी,5313
कलेर,5312
आंकी,5312
वक्तव्य,5312
सूर्यकांत,5311
एचडीएफसी,5308
पीआरटीसी,5307
घिरा,5307
अनुमंडलाधिकारी,5306
विस्थापन,5304
मझोला,5304
भट्टा,5303
तीखे,5303
परिसदन,5302
बाजू,5301
तुरन्त,5301
बिरंगे,5300
बथनाहा,5299
उत्तेजित,5298
स्पोर्टस,5297
रवानी,5297
मनकोटिया,5297
दिनोंदिन,5297
साजन,5297
कुश,5297
रामकथा,5296
रीडर,5294
मानीटरिंग,5294
कृति,5293
सहायिकाओं,5290
शादीशुदा,5290
प्रमुखों,5290
भरतपुर,5289
सहरावत,5288
कमांडो,5287
प्रोन्नत,5287
उग्रवाद,5286
राजघाट,5286
पहनाया,5283
वायरलेस,5282
दर्जे,5281
पुरती,5281
मोतियाबिंद,5278
मिनटों,5277
श्यामपुर,5275
इकाइयां,5275
पिंड,5274
कृष्णकांत,5274
विसंगतियों,5273
कामिनी,5273
सहसपुर,5271
प्रत्यारोप,5271
चंद्रमा,5269
हिमालयन,5269
विक्षोभ,5269
निमार्ण,5268
मुनेश,5268
कार्याें,5268
मचाना,5267
अधिकाश,5266
मेहदावल,5266
नाहन,5265
बेरुखी,5264
दिलाकर,5264
घाव,5262
दीवारें,5261
जूट,5261
कटरी,5260
लॉटरी,5259
आइजीएमसी,5259
स्थली,5259
सरहिंद,5258
विस्तारीकरण,5256
रोपे,5256
कृतित्व,5256
शोएब,5255
एप्रोच,5254
मशगूल,5254
मदों,5253
तुली,5252
महरूम,5252
खिली,5252
ऑस्ट्रेलिया,5252
जगरनाथ,5251
भुगत,5250
लिटिल,5250
वजीरगंज,5249
खुलवा,5246
वाममोर्चा,5245
अनुभूति,5245
दिखेगा,5244
बेलदौर,5244
बड़सर,5239
बाजरा,5239
इवीएम,5239
जामुन,5239
डीएमसीएच,5239
रेकी,5238
मुख्यधारा,5237
मजीद,5236
पुवायां,5236
गिरधर,5235
बेसब्री,5234
इंद्रा,5233
चरितार्थ,5232
बगीचा,5232
सुखविंद्र,5232
सिलेबस,5231
जगदंबा,5231
लेह,5230
मैनेजिंग,5229
मार्क,5229
मौरंग,5229
खलल,5228
राची,5228
चरमराई,5223
दीजिए,5222
आईएमए,5220
मनोविज्ञान,5219
ट्राई,5219
जुबैर,5219
सीआरसी,5218
जिताने,5218
अपरान्ह,5217
रेलकर्मियों,5217
सिमुलतला,5217
छेहरटा,5215
इकौना,5215
रैलियों,5213
गोदारा,5212
गोजमुमो,5212
डॉलर,5211
खींचा,5211
करवानी,5210
रिबन,5210
सतनाली,5209
बेसुध,5209
धराशायी,5209
छुड़ा,5209
सिराज,5208
प्रबंधकीय,5208
लेखापाल,5208
दिलवाया,5208
बल्ली,5207
अमले,5206
लूटकांड,5205
प्रत्यारोपण,5205
कोंच,5204
खिले,5201
हिना,5201
तिपहिया,5199
ड्रग्स,5198
पंख,5198
निकलेगी,5197
पैठ,5196
परमवीर,5193
डूबी,5192
स्वाहा,5192
स्क्रैप,5188
प्रभागीय,5185
आनेवाले,5185
सीलिंग,5183
वेब,5183
नींबू,5183
ज्येष्ठ,5183
बहाया,5182
भुरकुंडा,5181
अनुयायियों,5180
बिशन,5180
बंसी,5180
एकमुश्त,5178
नरूला,5177
रघुराज,5177
सायंकाल,5176
वैद्यनाथ,5176
एचटी,5175
लेटलतीफी,5173
कोस,5173
आरसीसी,5173
शमन,5173
अजीब,5172
हिदायतें,5171
किलोवाट,5171
मूवमेंट,5171
फैसलों,5171
सदस्या,5170
प्रोजेक्टर,5170
भूरी,5169
अमरूद,5169
शहजादपुर,5168
अनुष्का,5168
पांचवी,5167
अधीनस्थों,5167
वेंडरों,5167
लक्ष्मीनारायण,5165
अजीतमल,5165
ललक,5164
आइटीबीपी,5164
आधुनिकता,5163
बताएंगे,5163
नेहरा,5163
पूज्य,5162
सूर्या,5161
भागदौड़,5159
कटों,5158
सफलतापूर्वक,5158
कारणवश,5154
घुसी,5154
सुदीप,5153
सरताज,5153
जलसे,5152
विलुप्त,5152
साइकल,5151
टेलर,5149
हथुआ,5148
चंद्रपुरा,5148
टूक,5148
ब्वायज,5147
महामारी,5146
चरखारी,5143
उड़ने,5143
विविधता,5143
तौबा,5142
जगतपुर,5142
फैलता,5142
जलघर,5142
दागी,5141
गृहकर,5140
श्रीविधि,5140
छीनी,5139
स्टेंड,5138
गोमिया,5138
इनवर्टर,5138
सम्मति,5138
अपेक्षाकृत,5138
हरमिंदर,5138
सुरक्षाबलों,5137
धनेश्वर,5136
अनुग्रह,5136
कार्यकत्र्ता,5135
सुखचैन,5135
ग्रंथी,5134
फैलती,5134
युद्धस्तर,5131
भद्रवाह,5131
भगोड़ा,5129
संरक्षा,5127
ऑपरेटरों,5127
त्यागपत्र,5127
शंकरपुर,5126
पोखरों,5125
फहीम,5125
दुबके,5122
राममनोहर,5122
जागड़ा,5122
एग्रीकल्चर,5117
ईमेल,5116
हेडक्वार्टर,5115
सुखजीत,5115
डाइट,5115
आभास,5114
बरबीघा,5113
दिनाजपुर,5113
कैप्सूल,5112
अड़चन,5111
सर्प,5111
गुपचुप,5109
दुष्प्रभाव,5108
ढाला,5108
मदर्स,5108
प्रितपाल,5108
गंगानगर,5107
मुराद,5107
धारी,5107
अलाट,5106
डीह,5106
ट्रांसफारमर,5104
ऋचा,5104
नौगढ़,5104
शबाना,5103
मनमाना,5101
कोसा,5099
हाशमी,5099
आरपार,5098
रामदयाल,5098
खोखला,5097
मोदनवाल,5096
ट्रॉमा,5096
जनवादी,5096
गोईलकेरा,5096
टेबलेट,5095
पाएं,5094
जांगड़ा,5092
कालिंदी,5091
शुद्धता,5091
विभाजित,5090
शोभित,5090
सूचीबद्ध,5089
हैंडबाल,5088
चानन,5088
माइकल,5088
समराला,5086
खोखर,5085
हरिराम,5084
सुनायी,5083
ग्यारहवीं,5082
तारें,5082
जमी,5082
संग्रहण,5082
शिवलाल,5081
दोगुनी,5081
तकिया,5081
रामकोला,5081
बहु,5081
अंबेदकर,5080
नवसृजित,5080
रैयतों,5079
जौली,5079
सिलिंडर,5079
रिमाड,5078
पीटीए,5078
फार्मो,5078
पकवान,5077
नतीजों,5076
हरिनारायण,5076
अनुभवी,5076
पूसा,5076
शिवभक्तों,5075
नौका,5075
भड़ास,5075
वीरेश,5073
नमूनों,5073
बहेड़ी,5073
दिनी,5073
नैक,5072
किस्को,5072
कुर्बान,5070
जोह,5070
बेनकाब,5069
हुकुम,5068
मसूर,5068
सीपीआई,5068
पशुधन,5067
भांग,5067
जसवाल,5067
कतराते,5067
गोताखोर,5066
पटवारियों,5066
मूर्त,5066
मनजिंदर,5065
शहनाज,5065
रायवाला,5064
प्राचार्यो,5064
यद्यपि,5063
मीरपुर,5062
सांझ,5062
चबूतरे,5062
पहुचकर,5062
टाइल्स,5060
रंजिशन,5059
सैलानी,5059
चूरापोस्त,5058
नशेड़ी,5056
सिसवा,5056
श्रेणियों,5054
फ्लैटों,5054
ब्रिटेन,5053
मछलीशहर,5053
जंतु,5053
जनकल्याण,5051
टिक,5051
नकब,5050
भुंतर,5050
फड़ी,5049
मनिंदर,5049
निर्मम,5048
निकिता,5048
आरटीई,5047
एफडीआई,5047
पनपने,5047
टंडवा,5047
इकलौते,5046
बिंदू,5045
गिरिजा,5045
नाकामी,5045
जुताई,5045
चाहल,5043
प्राईवेट,5043
उत्पीड़न,5043
बौछार,5042
गुरपाल,5042
मन्नू,5042
निकलवाने,5040
नोवामुंडी,5040
महनार,5039
शर्मसार,5039
नेत्रहीन,5038
व्याख्या,5037
असंतुष्ट,5036
संयोजिका,5035
साहेबगंज,5035
टर्न,5034
स्टालों,5034
सिरोपा,5033
बकाये,5030
साइज,5030
जुआरियों,5030
पार्थ,5029
बांगरमऊ,5029
मढ़ौरा,5029
एबीआरसी,5028
मिलीमीटर,5027
तिरपाल,5026
विश्नोई,5026
नूरी,5023
अनुभाग,5023
ऋषिदेव,5023
मानसरोवर,5023
परंपराओं,5022
एआर,5022
अबुल,5021
बारातियों,5021
रक्तचाप,5020
तिब्बत,5019
बेटिकट,5018
रायडीह,5018
बदस्तूर,5018
मॉक,5018
हरिकेश,5018
स्तंभ,5017
ट्री,5014
वानिकी,5014
वाहिद,5012
धु्रव,5012
बाध,5012
सुनाने,5011
बिलिंग,5011
बचते,5011
सेतिया,5010
एलडीएम,5010
काहलों,5009
गिरजा,5009
मंगाया,5008
ओबामा,5008
दर्शना,5008
गांगुली,5008
पलासी,5007
पहुंचाएं,5006
बुढ़ापा,5006
जैक,5006
राष्ट्रव्यापी,5004
कुंआ,5004
दिग्गजों,5001
खिलाया,5001
मोहिनी,4999
चक्काजाम,4999
हरमेश,4999
अरावली,4999
गौतमबुद्ध,4998
स्पीति,4998
संधारण,4998
रोपित,4998
आपदाओं,4998
विक्रमजीत,4997
कास्ट,4997
जौनसार,4997
प्रह्लाद,4996
रचित,4996
स्टैण्ड,4995
पद्मश्री,4994
दिलायी,4993
पाबंद,4992
कपाट,4991
प्रधानी,4990
इज्जतनगर,4989
बल्ह,4989
उपरान्त,4989
देवनाथ,4989
बांग्ला,4989
नरायण,4989
प्रतिरोध,4988
शिवचरण,4988
हमसे,4985
गढ्डों,4985
सत्तार,4984
मानेसर,4983
विशुनपुर,4982
निदेश,4980
राजौंद,4979
सुसज्जित,4979
जग्गा,4979
बेहट,4977
हाजरा,4977
रीमा,4977
थिएटर,4976
पटौदी,4976
मोचन,4976
मूसलाधार,4975
लंच,4974
विभागाध्यक्षों,4972
मर्ज,4972
स्टडीज,4970
चैम्पियनशिप,4970
कुकर्म,4970
उत्पादकों,4969
एलबम,4968
हिरण,4966
नरपतगंज,4966
युद्धवीर,4966
सबने,4966
शिप्रा,4965
कर्णप्रयाग,4965
दाता,4964
बगीचे,4963
सर्पदंश,4963
पनीर,4961
इंदर,4961
गुरतेज,4961
उचक्कों,4960
फांदकर,4959
प्रतिवाद,4959
जर्नादन,4959
जादूगर,4959
जोरशोर,4958
पेशकश,4954
निबटने,4954
क्रिश्चियन,4953
टहलने,4953
अलेवा,4952
ऊधम,4952
राजमणि,4952
भंगड़ा,4952
बरसाना,4951
रजाई,4949
गंगाधर,4949
छुपाने,4949
करबला,4948
तनातनी,4947
सूझबूझ,4946
तिलैया,4946
लगाती,4945
भैंसों,4944
हताश,4943
टीएन,4943
चोपन,4941
इंसेफेलाइटिस,4940
सादगी,4940
कोलेबिरा,4940
नॉलेज,4939
यादें,4939
जिंदाबाद,4939
ईएसआइ,4938
बेचता,4936
जड़ी,4935
इलेक्ट्रानिक्स,4935
फिजिकल,4935
हिन्दुस्तान,4934
महबूबा,4934
विशुनपुरा,4934
इस्माइल,4934
अध्यापन,4933
कमेटियां,4933
तड़प,4932
इमानदारी,4932
समन्वयकों,4931
वाकई,4929
समझाते,4929
अनुकंपा,4928
इन्द्र,4927
वीएस,4924
आबाद,4924
आंदोलनरत,4924
रामऔतार,4923
ट्रेक्टर,4922
टुनटुन,4921
मसलों,4919
केहर,4918
अनशनकारियों,4918
बुग्गी,4917
इलेक्ट्रिकल,4914
मंडराने,4914
टंकियों,4914
कोड़ा,4912
शर्म,4912
समाहित,4911
चेकडैम,4910
नौनिहाल,4910
शहाबुद्दीन,4909
नियुक्तियों,4908
चपत,4906
मैगी,4905
चौखट,4904
परिभ्रमण,4904
कुटीर,4902
मलखान,4901
सुझावों,4901
सकीं,4901
महंथ,4900
बीरमित्रपुर,4900
बकरियों,4900
औलख,4899
फागिंग,4897
ट्रेजरी,4897
सोनवर्षा,4896
दीवाल,4896
लालता,4895
रालोसपा,4895
सारिका,4895
विजयपुर,4894
लिफाफे,4893
बिटिया,4893
रामकृपाल,4893
बापौली,4893
राजरानी,4893
छाने,4891
सफाया,4889
स्नेहलता,4888
रोपनी,4887
एचसी,4887
घायलावस्था,4887
मिठाइयों,4887
लीं,4887
जोया,4887
शुरूआती,4887
कमोवेश,4886
कोशिशें,4886
सैप,4886
उल्ला,4886
साधने,4884
रियायत,4882
बाडी,4882
जयसिंह,4882
शाहदेव,4881
पुरुलिया,4880
निश्शक्त,4879
डिटेक्टर,4878
इंदौर,4878
श्रद्धाजलि,4878
नैना,4878
ब्वॉयज,4874
सुभाषचंद्र,4874
फेयरवेल,4874
आवंटियों,4873
चेकपोस्ट,4873
बड़गांव,4873
पेशा,4872
श्रीश्री,4872
शम्मी,4872
मुसाफिरों,4871
टावरों,4870
पहाड़ियों,4870
कोरिया,4868
कासना,4868
मैथिली,4867
एमसीए,4867
मन्नतें,4867
अफगानिस्तान,4865
पोते,4864
ठिठुरन,4864
प्रणब,4863
बिरनी,4862
आकृति,4862
डालेंगे,4862
दातागंज,4861
तकरीर,4859
इकराम,4859
बदर,4859
किंग,4858
लतीफ,4857
पीपुल्स,4857
दिखावा,4856
धारूहेड़ा,4856
मालगोदाम,4855
अनुज्ञप्ति,4855
यक्ष्मा,4854
सुप्रिया,4854
बेचन,4854
शील,4852
दिखाएंगे,4852
नामधारी,4851
ध्यानी,4851
हर्बल,4850
भाड़,4850
लड़े,4849
अनीश,4847
चुनरी,4847
सडक,4846
जघन्य,4846
माउंट,4845
धुनों,4845
केनरा,4844
भौतिकी,4844
आधुनिकीकरण,4844
काड,4841
कारगुजारी,4841
बहती,4841
प्रज्ज्वलन,4840
निकलेगा,4840
सोमवारी,4839
पाड़ा,4839
पैटर्न,4839
छिटपुट,4839
श्रद्धापूर्वक,4838
मुजफ्फर,4838
अधिग्रहीत,4837
प्रवृति,4836
काउंटरों,4835
समाजसेवियों,4835
पलिया,4835
वनाधिकारी,4834
कुटिया,4834
पप्पु,4833
मातमी,4833
उमवि,4832
भइया,4831
बर्दास्त,4831
महली,4830
बदरपुर,4830
रुकावट,4828
हॉट,4827
किरायेदार,4827
सलामत,4826
अंदरूनी,4826
मनसा,4825
बहादुरी,4825
किराएदार,4825
जगसीर,4825
आपातकाल,4825
अहीर,4824
हांसी,4824
तीक्ष्ण,4824
ठान,4823
शेल्टर,4823
मजूमदार,4823
सीएसआर,4823
फूलचंद,4820
हार्वेस्टिंग,4819
एटीएस,4819
अदालती,4817
रेणू,4816
रतूड़ी,4812
ख्वाब,4811
लहराते,4811
चाहें,4809
चढ़ते,4809
गोलमुरी,4808
रोहिल्ला,4807
किड्स,4807
काउंसलर,4806
अतीक,4806
परम्परा,4805
चंदर,4804
सन्न,4804
लूथरा,4804
कटर,4803
चबूतरा,4801
जिम्मेदारियां,4801
हटे,4800
कुराली,4799
गुन्नौर,4799
देखता,4798
रेहान,4797
रमना,4795
माहिलपुर,4795
भूपेश,4792
मेलों,4791
गाल,4791
वजीफा,4790
नैथानी,4790
ट्रैक्टरों,4789
लालबहादुर,4789
मंगाई,4786
जानती,4786
ईधन,4786
रामसागर,4784
जुबली,4784
संडीला,4783
आनंदी,4782
तबदील,4782
आब्जर्वर,4781
विश्रामपुर,4780
सनद,4779
संतुष्टि,4778
बास्केटबॉल,4777
मीटरों,4775
एसिड,4775
संडे,4775
प्लेटफॉर्म,4774
मन्ना,4773
भेड़,4772
ठहरे,4771
डेमोक्रेटिक,4771
जातिगत,4771
तपती,4770
बेसमेंट,4769
कुमकुम,4768
पारुल,4768
बुझाया,4768
रामाशंकर,4768
फेरे,4768
खदेड़ा,4767
रामौतार,4767
पिच,4767
शमा,4766
तकदीर,4764
योगराज,4764
शारदीय,4763
भेंटकर,4763
वामपंथी,4763
तख्तियां,4762
निष्कर्ष,4762
इटखोरी,4761
फोटोयुक्त,4760
रामबिलास,4760
जूं,4760
बृजलाल,4760
खूबसूरती,4759
फैयाज,4758
निबंधित,4758
संचलन,4758
जड़ा,4756
रंधीर,4756
खरड़,4755
एनआइए,4755
फैजान,4754
ब्रह्मानंद,4753
अनुरक्षण,4753
वाणिज्यकर,4753
नफरत,4753
क्रॉसिंग,4751
सीखे,4748
महुली,4747
परी,4746
शिवाला,4745
डीपीएम,4745
तेजा,4744
चाइना,4744
एमएलडी,4744
सजाए,4744
निष्क्रियता,4742
बिनोद,4742
रेंग,4742
अमरपाल,4741
रामाकांत,4741
उमड़ने,4740
कंट्री,4738
निवाला,4738
खेतान,4738
चौकों,4737
जानकारियों,4736
जेनरल,4736
औने,4736
इमारतें,4733
गुणात्मक,4733
प्रोफाइल,4732
यहाँ,4732
देवव्रत,4731
सिंडिकेट,4731
तैयारिया,4731
दुहाई,4730
मदीना,4730
वेश,4730
कांबिंग,4729
मछलियां,4729
स्केटिंग,4728
महाकुंभ,4727
बसिया,4727
सेक्स,4727
पंट्टी,4727
पीए,4725
मुस्ताक,4724
एनर्जी,4723
प्रोटेक्शन,4723
झाडू,4722
सलूजा,4722
ईलाज,4722
रुम,4722
हेपेटाइटिस,4721
सपाई,4721
भुला,4720
बहकावे,4719
सोई,4719
धूमपान,4718
कारवां,4717
टीचरों,4717
डांडिया,4713
फैज,4713
सोनो,4712
लीन,4712
लाभांवित,4712
ब्वाय,4711
क्रोध,4711
शर्बत,4710
आर्गेनाइजेशन,4710
अलीपुरद्वार,4709
गठजोड़,4709
अखनूर,4708
ज्याणी,4707
जगमग,4707
संभालेंगे,4706
फिजीशियन,4705
वेट,4705
रजवाहे,4704
सहानुभूति,4703
जांचोपरांत,4701
गार्डो,4700
मुरथल,4700
नामकरण,4699
आशियाने,4699
पूर्ववर्ती,4699
उर्वरा,4698
चांदन,4698
युसूफ,4697
सर्कुलर,4697
उत्कर्ष,4697
वातानुकूलित,4695
मारहरा,4695
जमीर,4694
मजे,4694
गैरकानूनी,4694
एनडीएमसी,4693
गुजारिश,4692
पाइपों,4690
छेड़छाड़,4690
हस्तांतरण,4689
मलेशिया,4688
बकरा,4688
पुरातन,4687
रामचरित,4687
दौड़कर,4686
प्रदत्त,4686
महानगरों,4686
एनएचएआइ,4685
डूबकर,4685
बगावत,4685
बनवाना,4684
जम्वाल,4683
संज्ञा,4681
गायघाट,4681
बंधुओं,4680
गड़बड़,4680
बचाए,4679
भीष्म,4678
मजहब,4678
नौतनवा,4678
गोहना,4675
गनी,4675
नामचीन,4675
बीता,4675
रुद्र,4674
गौरवान्वित,4673
हरपुर,4673
सारठ,4672
आमजनों,4672
पूछते,4669
संकलन,4669
पतन,4668
हाइवा,4668
अनुभवों,4667
स्पोर्टिग,4666
चांडिल,4666
बरकाकाना,4665
बबेरू,4665
जमानियां,4663
घोरावल,4663
पेयजलापूर्ति,4663
कालिम्पोंग,4662
जिप्सी,4662
एनएसयूआई,4662
बीसीसीएल,4661
चहेते,4661
सतिंदर,4659
प्रार्थी,4658
घरोटा,4658
भाला,4655
पसंदीदा,4655
बिगड़ते,4654
शिल्प,4654
रैपिड,4653
डिब्बा,4653
सोची,4652
पन्नालाल,4652
सीके,4651
कुलाधिपति,4650
गुरुंग,4648
पोखरी,4648
खाल,4648
घना,4647
सीनेट,4647
बाउंस,4646
अनुशासनहीनता,4645
शर्ते,4643
ईको,4643
लाजिमी,4642
नैयर,4642
घटों,4642
बिठा,4642
खोदकर,4641
चुनौतियां,4640
फ्लाइंग,4640
हरनाम,4640
पप्पी,4639
दूज,4639
पैकिंग,4638
बाराहाट,4637
क्रूरता,4636
पुस्तिकाएं,4636
सांठगांठ,4635
राजदीप,4634
चुनिंदा,4633
लिविंग,4633
अमली,4633
जिज्ञासा,4633
संस्कारशाला,4632
निर्दल,4632
कहेंगे,4632
शैल,4631
भ्रमित,4629
हकों,4627
कुओं,4627
सोमपाल,4627
सौहार्दपूर्ण,4626
बदहवास,4626
रोड़ी,4625
टरका,4624
वेशभूषा,4623
बराती,4621
परिधान,4620
प्रसूति,4620
रामभरोसे,4619
आमादा,4618
जांची,4617
रोधी,4616
केसरिया,4615
डास,4615
पृष्ठभूमि,4615
अस्थाना,4614
पाठकों,4613
बोबी,4613
सतह,4612
गांववासी,4612
द्वय,4610
एमसीडी,4610
कब्र,4609
पूर्वानुमान,4609
सीन,4608
शिक्षाविद्,4608
ड्राइंग,4607
इफको,4607
यूको,4606
भुलाया,4605
कंपाउंड,4605
चोटे,4605
टीडी,4605
परतापुर,4604
रॉयल,4603
संभालते,4603
भोगपुर,4601
अनवार,4601
तेजवीर,4601
खोलते,4600
तोड़कर,4600
कारें,4599
प्रवचनों,4598
बिछाया,4598
धर्मनगरी,4597
हीटर,4597
रमसा,4596
बाएं,4596
नशाखोरी,4596
कलंक,4596
मैगजीन,4596
विभावि,4596
सिहाग,4595
अनुरुप,4595
राममेहर,4595
नीरा,4595
इसलिये,4594
यमुनोत्री,4594
जुमे,4594
कांट्रेक्ट,4592
एनडी,4592
बासल,4592
हामी,4591
अपनाएं,4591
स्तनपान,4591
बालिकाएं,4591
बुढ़ाना,4590
गुड़गांव,4590
सिल्ली,4590
मसीहा,4589
किन्नौर,4588
तुम्हारे,4586
राजनारायण,4586
अजगर,4586
चेयरमेन,4586
तुलसीपुर,4585
बाटा,4585
टकराया,4585
एनसी,4585
रचनाएं,4584
साइकिलों,4583
दोहरीघाट,4583
महामाई,4583
पवित्रता,4582
अखिलेश्वर,4582
बास,4581
बनाएगा,4581
मिन्हास,4581
स्मिता,4581
आउटसोर्सिग,4580
इतिश्री,4580
रूरा,4579
ठेंगा,4579
समूचा,4578
लिखना,4578
प्रकरणों,4576
टेलीविजन,4576
नड्डा,4574
प्रचलित,4573
उदयराज,4573
मानसिंह,4573
नामंजूर,4572
उम्दा,4571
अलाउद्दीन,4571
निहित,4571
थपलियाल,4570
कटऑफ,4570
एलर्जी,4570
बधिर,4570
संवर्धन,4570
पांचवां,4569
कैंडिल,4569
फिक्स,4569
बोरियां,4569
टिप्पर,4568
कंकाल,4568
मलाल,4567
गुजरता,4566
अंसार,4566
पीडि़तों,4566
खंगालने,4565
हरनेक,4565
जसपुर,4565
जहरखुरानों,4564
मिलजुल,4562
सबौर,4562
लालटेन,4562
जमघट,4561
शादियों,4561
गंदी,4561
रायगंज,4561
बुध,4560
बब्बन,4560
कुजू,4559
टूरिस्ट,4559
मनाएंगे,4558
एजुकेशनल,4558
बागडोर,4558
फाइन,4556
प्रेसीडेंट,4556
कोसते,4555
घटाकर,4555
उड़ी,4554
रेजीमेंट,4553
जीआईसी,4553
चेतराम,4553
फूटी,4551
तीरंदाजी,4551
अस्थमा,4549
आकाशवाणी,4547
इन्हे,4547
लहन,4546
बेदखल,4546
इनकम,4545
मुलाना,4545
फौरी,4544
छपी,4544
चलाएगी,4544
रंका,4544
संबध,4543
घिरोर,4543
इकाईयों,4542
माछीवाड़ा,4542
कांच,4541
बसु,4540
खोलना,4540
खासियत,4540
सरहद,4538
बिल्हौर,4538
रामजानकी,4538
कनक,4537
प्रेमशंकर,4537
बर्खास्तगी,4537
कोयल,4536
सतवंत,4536
बहुचर्चित,4535
न्यौता,4534
काबिल,4534
अनि,4533
डोमचांच,4532
कायस्थ,4532
सांगठनिक,4531
फार्मासिस्टों,4531
विकलाग,4529
शोपीस,4529
अंगों,4529
पांडव,4528
सेंपल,4527
बांधी,4526
बालियां,4526
स्टीकर,4526
पांकी,4525
रेड्डी,4523
बोल्डर,4523
सलोनी,4521
प्यारेलाल,4521
डीप,4520
जगा,4519
लाज,4519
खुशनुमा,4519
एसकेएमसीएच,4519
वर्गों,4518
अफवाहों,4518
नगरिया,4518
श्रीनाथ,4518
ट्रेंड,4518
सिरसागंज,4517
जुनैद,4517
जीटीबी,4515
बिफरे,4515
झींझक,4514
नेहरु,4512
कोसों,4512
सकलडीहा,4511
कॉमन,4511
बिन्दु,4511
कटिबद्ध,4511
स्टेटस,4510
सजगता,4509
हरोली,4507
अरविंदर,4507
चकाचक,4506
छछरौली,4506
यूनिफार्म,4505
कांडपाल,4505
संचय,4505
करेंट,4504
करकट,4502
शात,4501
पीआरडी,4501
नतमस्तक,4501
आगंतुकों,4500
संवेदनशीलता,4500
धर्मदेव,4500
गुंजाइश,4500
एचआरटीसी,4500
हिदायतों,4497
मौतें,4496
रोशनलाल,4495
शिक्षाविद,4495
नीलगाय,4494
एसएल,4493
बंटा,4492
कंठ,4491
धंसने,4490
बेहटा,4490
रनवीर,4490
सिंतबर,4488
काशीराम,4486
जवाली,4485
राजिंद्र,4485
नशों,4484
दानी,4483
जत्थों,4483
चहुंमुखी,4483
मनन,4483
मोहसिन,4482
उलझा,4482
बुझ,4478
पर्याय,4478
निकलवाया,4477
केराकत,4477
आसरा,4476
उधम,4476
टेन,4475
पूर्वांचल,4475
लगाएगा,4475
पिहानी,4474
विजया,4474
आपरेटिव,4474
एहसान,4474
देशवासियों,4473
यूएस,4473
झाड़ी,4473
मिश्रित,4473
बाबैन,4472
मुसाबनी,4472
बालियान,4472
महानपुर,4471
पादरी,4470
सेनेटरी,4470
मिलिट्री,4470
गहराया,4470
वर्जित,4470
दुआएं,4469
मद्य,4468
मचाई,4468
उत्कल,4467
लीजिए,4465
परिकल्पना,4464
श्रीगणेश,4464
कायदे,4463
एसो,4463
धारचूला,4463
अटकी,4462
फ्रेंड्स,4462
तिजोरी,4461
जसराना,4461
रूटीन,4461
गर्ल,4461
भगवानदास,4460
सौंपेंगे,4460
रक्षकों,4460
पकड़ने,4457
जमाना,4457
छूटा,4456
ऑर्डर,4456
संबधी,4456
फफूंद,4455
जार्ज,4454
ट्रिप,4454
विद्युतापूर्ति,4454
करमाली,4453
धक्केशाही,4452
सूई,4452
सिद्धेश्वर,4451
शतप्रतिशत,4451
जोगिन्द्र,4451
प्रवक्ताओं,4449
प्रिंसीपल,4449
छत्रपाल,4448
शोहरतगढ़,4447
उलेमा,4446
आयीं,4446
बड़ागांव,4445
संगतों,4444
आवाम,4444
कुदरा,4443
मातृत्व,4443
लाइनपार,4443
बंधाया,4443
बेखबर,4442
शस्त्रों,4442
सिकटी,4441
जनित,4439
एक्सपो,4439
नवागत,4439
हलकों,4438
फॉगिंग,4437
प्रमाणिक,4437
राजगुरु,4437
रूस,4436
गुजारने,4436
रपट,4436
रुककर,4435
उंगली,4435
बीचों,4434
दिलवाई,4434
टहल,4434
देशव्यापी,4433
अफसरशाही,4433
सिफर,4433
जलमीनार,4431
पहुंचाते,4431
फॉल्ट,4430
देहांत,4430
ट्रिपल,4429
बारिक,4429
वारंटियों,4428
स्टेटिक,4426
बख्शीश,4426
गुजार,4425
बुराईयों,4425
बृजेंद्र,4424
वधू,4424
मैत्री,4423
सत्कार,4423
क्वार्टरों,4423
फार्मूला,4422
हटाई,4421
ज्ञानचंद,4420
कथारा,4420
बीएम,4420
विष्णुदेव,4418
दीये,4417
अजनाला,4417
व्यापी,4415
जालान,4414
पटियाल,4411
शफी,4410
दिखाएं,4410
स्थितियों,4410
डिब्बों,4410
कैंपों,4409
जलसा,4409
नौतन,4408
इंद्रेश,4408
हलफनामा,4408
एसटीपी,4408
प्रेमनाथ,4407
बांड,4407
धमक,4407
डंपिंग,4406
अनुप,4405
भूखंडों,4405
अरबों,4405
अटक,4405
जोगबनी,4404
उपखंड,4403
छर्रा,4403
धर्मकोट,4402
प्रतिभाएं,4401
पेशाब,4400
उस्मानी,4400
अंडाल,4400
कंक्रीट,4400
टैलेंट,4400
अंडा,4400
पीटी,4399
पौत्र,4398
पोषित,4398
मुनीर,4397
मास्क,4396
इसमे,4396
नमिता,4395
मरी,4395
कालाजार,4395
उग्रवादियों,4395
ठहर,4395
मध्यस्थता,4394
गवां,4393
बेअदबी,4392
जमात,4392
नाती,4392
जरमुंडी,4392
अध्याय,4392
कुलवीर,4391
बादशाहपुर,4391
नंगे,4391
कैसर,4390
पहुंचाए,4388
साम्प्रदायिक,4388
बवाना,4388
हार्डवेयर,4387
दुखों,4387
पटियाली,4387
नीमा,4387
घोंटकर,4387
बरहेट,4386
पम्मी,4382
नकारा,4381
नौचंदी,4381
असमय,4380
फिरोजाबाद,4379
रैलियां,4379
बाते,4377
मोनी,4377
उग्रवादी,4377
मुकामी,4377
जीशान,4376
धामा,4376
किन्हीं,4376
अनदेखा,4375
ब्लेड,4374
गुज्जर,4373
पारितोषिक,4373
मौनी,4372
किदवई,4371
डरे,4371
गुलावठी,4370
जूही,4370
साइकिलें,4369
बिंट्टू,4368
छिड़क,4368
नसीर,4368
उकलाना,4367
गदरपुर,4366
रोजे,4366
माहौर,4365
काप्र,4365
रंगेहाथ,4363
टेट,4363
आंच,4363
चलाएंगे,4363
बरसा,4361
रीटा,4361
सिंगापुर,4360
जयश्री,4360
अक्षत,4360
एमबी,4359
लर्निग,4359
बीसीसीआइ,4358
आईपीएस,4357
नॉर्थ,4357
डीपीसी,4357
खेद,4357
जन्मे,4357
बगोदर,4356
गिलास,4354
सहपऊ,4353
भरसक,4351
इस्लामनगर,4351
मणिपुर,4350
अप्रत्याशित,4350
खुदकशी,4349
भांजी,4349
आरएसपुरा,4348
जमादार,4348
आरओबी,4348
बिग,4347
श्राद्ध,4346
ज्योत्सना,4344
मक्की,4342
पढ़ाते,4341
निरोधात्मक,4340
तिरंगे,4339
विश्वामित्र,4338
कुबेर,4337
सुमंत,4337
प्रतिबद्धता,4335
कंवल,4335
सफदरजंग,4335
बिलग्राम,4335
ड्रिंक,4334
छुपा,4334
फेंकी,4333
कमालगंज,4333
हसनैन,4333
रवानगी,4331
धोना,4331
वैगन,4330
अराधना,4330
उराव,4330
हार्न,4330
फुसरो,4329
हटेंगे,4329
लीपापोती,4329
बाराती,4328
सभ्याचारक,4328
आलाधिकारियों,4327
वचनबद्ध,4327
चित्रांकन,4327
प्रेक्षागृह,4324
लालाराम,4324
हेरिटेज,4324
सुभाषनगर,4324
बारीकियों,4323
निष्पक्षता,4323
रेला,4323
बिखेर,4322
जातिवाद,4321
जंडियाला,4320
नीलेश,4320
अनुयायी,4319
बालमुकुंद,4318
प्रूफ,4318
कालोनियां,4318
नरायनपुर,4318
हरिनाम,4318
चूड़ियां,4318
रामआसरे,4316
बिलखते,4316
परीक्षित,4315
जामुड़िया,4314
तबादलों,4313
अलौली,4312
छक्के,4311
ओले,4309
नवी,4309
सरधना,4309
कीर्तिमान,4308
गोसाई,4308
चादी,4308
दुलारी,4307
ओबराय,4307
देररात,4307
देरशाम,4306
नवीनतम,4306
ग्रामवासियों,4305
दशम,4305
नंदिनी,4303
बाबुओं,4302
नियमितीकरण,4301
असरगंज,4300
रावी,4298
कुचायकोट,4298
पिपरिया,4297
नजाकत,4297
तावडू,4297
नजरों,4297
लॉज,4297
आउटर,4296
निकलवा,4296
समयबद्ध,4296
गूगल,4295
योजनाबद्ध,4295
यादों,4294
ब्यान,4294
खाए,4293
उपकार,4292
जेवियर्स,4292
बावर,4291
भुवनेश,4290
लाहौर,4290
बिनौली,4289
श्रीभगवान,4288
पद्धर,4288
एकमा,4288
टला,4287
बाध्यता,4286
कोटी,4286
साली,4285
इरादतन,4285
अभिकर्ताओं,4284
खलखो,4284
आशका,4284
क्यू,4283
गाँव,4282
चारधाम,4280
यूनिटों,4279
नाप,4279
साहसिक,4277
जेम्स,4276
एलआईसी,4275
मुनी,4275
पिन,4274
संवाददाताओं,4274
बालिग,4274
उद्घोष,4273
राजेपुर,4273
बकरियां,4273
इटली,4273
करिश्मा,4273
कंस,4273
ओढ़ाकर,4271
सीमांकन,4271
मंगलसूत्र,4270
मैरवा,4270
चाकुलिया,4269
अभियन्ता,4269
एपीओ,4268
प्रपोजल,4266
बंदा,4266
शुद्धि,4266
भरनो,4266
कागड़ा,4265
सेखों,4265
दमा,4265
भोरे,4265
रोलर,4264
बायसी,4263
निभाएं,4263
संतलाल,4263
बिल्सी,4262
कपड़े,4262
सुनाम,4261
खामोशी,4261
श्राइन,4261
भालू,4261
मुसहर,4260
फाई,4259
डलवाने,4259
उस्ताद,4259
बलवा,4258
जानसठ,4258
गोकशी,4257
पचीस,4257
सोनौली,4256
भोलू,4256
पालकोट,4256
ड्रीम,4256
चाभी,4255
फैमिली,4255
पकडे़,4255
वादाखिलाफी,4254
पंचायतीराज,4254
जलते,4253
अविवाहित,4253
डेरापुर,4252
खजूर,4252
एडमिट,4251
शिवनंदन,4251
ट्रेस,4250
जनकल्याणकारी,4250
कुरआन,4250
कठिनाईयों,4249
भूटान,4249
अटैच,4249
झाम,4249
रोको,4249
सलारिया,4249
गुनाह,4248
मेधावियों,4248
चादरपोशी,4248
भटकने,4248
नंगला,4247
वालंटियर,4247
ओखला,4246
फतह,4244
मन्नान,4244
चौतरफा,4244
देखो,4243
मुनस्यारी,4242
सहावर,4241
परास्नातक,4241
नरोत्तम,4241
खोने,4240
बंडामुंडा,4239
भुनेश्वर,4239
कुर्ता,4238
संदेहास्पद,4238
सांड,4238
मैप,4238
लोभ,4237
बंध,4235
श्रीमति,4234
धमेंद्र,4233
धागा,4233
कसना,4233
शातिरों,4233
खसोट,4232
मइया,4232
प्रबन्धक,4232
व्यंग्य,4231
रितिक,4230
टिकारी,4228
लुप्त,4227
चंदौसी,4227
प्रोजेक्टों,4226
मांगेराम,4226
अहिरौली,4225
बल्ला,4225
पिंकू,4224
ट्रांस,4224
आर्शीवाद,4224
ऑडिटोरियम,4224
दसवें,4224
समर्थ,4223
रुपेश,4222
रिलीव,4222
ससुराली,4221
चिड़ियाघर,4221
तुलसीदास,4219
फुर्सत,4219
डायबिटीज,4219
कालीचरन,4218
लगाएगी,4217
पूरक,4217
तालझारी,4216
कोठारी,4214
माही,4214
अछूता,4213
भागीदार,4212
प्रोमिला,4212
जलपान,4212
चंदनकियारी,4211
हुक्म,4209
गाद,4209
शंखनाद,4209
कांप,4208
मर्तबा,4208
कलशयात्रा,4205
रिझाने,4205
रहन,4205
शिवांगी,4205
सौदागर,4204
क्लस्टर,4203
सार,4202
निर्माणों,4201
किक,4201
जसविंद्र,4200
खोदने,4199
स्पेशलिस्ट,4199
पदस्थापन,4199
कृत,4198
शिवेंद्र,4197
दारौंदा,4196
संजना,4196
शाप,4194
ंिसंह,4193
कस्टडी,4192
अठारह,4192
बहरागोड़ा,4192
तलवाड़,4192
संबद्धता,4191
सिरसिया,4191
सिद्धि,4190
पथरी,4189
रुकते,4189
पाहवा,4189
मोल,4188
रघुवंश,4188
खोटी,4188
थोड़ी,4188
जमशेद,4187
कमोबेश,4187
रूपौली,4186
सायरन,4186
कुटी,4186
घटाने,4185
नयागांव,4183
शॉर्ट,4181
पटक,4181
टीएस,4180
बागबेड़ा,4178
वसं,4178
आक्रामक,4177
दुधारू,4177
शोरगुल,4176
तोता,4175
उत्पादकता,4173
रिबोर,4172
छिप,4171
पाईप,4169
जेपीजी,4169
प्रोडक्ट,4169
मझिआंव,4169
ब्रह्माकुमारी,4169
पड़री,4169
प्रमाणपत्रों,4169
वीरता,4168
पम्मा,4168
बोई,4168
गिने,4166
जायदाद,4166
सितारा,4166
लामा,4165
हजम,4165
अविरल,4165
मंगलपुर,4165
गुवाहाटी,4163
कुमुद,4163
शनिदेव,4163
चर्म,4163
जाब्यू,4162
स्वीप,4161
नामजदों,4161
आल्टो,4160
झडी,4159
सुधरी,4157
मनीश,4157
ठाकुरबाड़ी,4157
अजायब,4155
सौरिख,4155
ट्रांसपोर्टरों,4155
हलसी,4154
सामंत,4154
हरिवंश,4154
निरोग,4153
सांसें,4153
पुत्रियों,4152
इसराना,4151
डीपीई,4150
जलाशयों,4150
पोरवाल,4150
पंतनगर,4149
महगाई,4149
बिठाकर,4148
गाथा,4148
बिल्थरारोड,4147
फ्लावर,4146
मोंगा,4146
ग्रामवासी,4145
जेहन,4145
परविंदर,4145
कामरा,4145
गाड़िया,4145
महकमों,4144
आहुतियां,4144
सुल्तानविंड,4144
मैनुअल,4143
प्रभावती,4143
रफा,4143
लाठर,4143
नौकरानी,4142
ब्रजमोहन,4142
मैनहोल,4142
तनिक,4141
नवम,4139
आज्ञा,4138
द्वेष,4138
सिमरनजीत,4138
मेक,4137
सारनाथ,4137
उबर,4137
होनेवाली,4137
फिलवक्त,4136
महता,4136
इनसो,4135
दूरदर्शन,4135
मुंजाल,4134
सकरी,4134
ट्राले,4134
तटवर्ती,4133
द्रोणाचार्य,4133
सुहेल,4133
पोटका,4133
गिर्राज,4132
दौड़ाया,4131
सिकन्दरा,4131
किस्मों,4130
मिठास,4129
पराली,4129
ससुरालीजन,4128
बरतते,4127
ब्रजकिशोर,4127
दूत,4127
फारवर्ड,4127
स्टीमेट,4126
स्वदेश,4126
जिलामंत्री,4126
मुंडन,4125
ढील,4122
केले,4122
चंद्रदेव,4121
अनूठी,4121
गुरुजनों,4121
टेस्टिंग,4121
फारुख,4120
तमाशा,4120
गिलानी,4119
तीरथ,4118
रॉय,4118
शिक्षणेत्तर,4117
शोधन,4116
साग,4116
सीमांचल,4116
बिका,4115
गोहर,4115
एसीएम,4114
चौका,4114
डायवर्ट,4114
फैलाई,4113
रजिया,4113
प्रासंगिक,4113
लड़ेगी,4113
भंवर,4112
सुरिंद्र,4111
रघुवंशी,4110
सफीपुर,4109
सुपरवाइजरों,4109
मोहम्मदी,4108
नूरपुरबेदी,4107
मड़ियाहूं,4107
छिपाकर,4107
छत्रपति,4106
हरचरण,4106
पड़ताल,4106
क्रमवार,4106
रूझान,4105
बिशप,4104
सिदो,4104
बीएमपी,4104
अफजाल,4103
आतुर,4102
अध्यक्षीय,4102
गहनों,4102
चुन्नू,4101
लोकनिर्माण,4101
बारला,4100
मुन्नू,4100
सपन,4099
पुनरावृत्ति,4099
नायडू,4099
अनपढ़,4098
अशिक्षा,4097
समावेश,4097
पुष्पेन्द्र,4097
सुभद्रा,4097
सेव,4096
राष्ट्रीयकृत,4096
जंगलराज,4096
लड़ना,4096
एनआइसी,4095
कोढ़ा,4095
संघर्षरत,4094
रुकवाने,4094
हैपी,4094
कासमी,4093
खाटू,4093
मेडिसिन,4093
तरंग,4092
गैलन,4092
करवाचौथ,4092
ग्लास,4092
पठान,4091
स्क्रीनिंग,4091
उर्वरकों,4090
रामधनी,4090
सुनगढ़ी,4090
अनिमेष,4090
जगीर,4090
नवरात्रों,4089
शॉट,4089
अभिन्न,4089
गण्यमान्य,4088
चामुंडा,4087
महारैली,4086
शमशान,4085
बिरजू,4085
कनेक्टिविटी,4085
लावारिश,4084
धीमा,4084
रोमी,4083
जीएसटी,4083
हाइटेंशन,4082
बुके,4081
खुल्लर,4081
भूसे,4080
बीकानेर,4079
पेड,4079
पुनर्विचार,4078
बसेरे,4078
शवगृह,4077
अंशू,4077
धरनास्थल,4077
जेएम,4076
आंनद,4076
पोलिथिन,4075
जांचा,4075
संघों,4075
वयोवृद्ध,4074
ग्रह,4074
ब्रह्मादेव,4073
चिकित्सालयों,4073
गफ्फार,4073
वाकया,4073
कौड़ी,4072
नियामक,4072
अरोड़ा,4072
पराग,4072
झोपड़ियों,4071
छलावा,4071
होल्डिंग,4070
दूतावास,4069
साबो,4069
माजिद,4068
विशेश्वर,4067
कन्वीनर,4066
तवी,4066
गढि़या,4065
झुग्गियों,4064
पर्सनल,4063
अधिग्रहित,4062
हरिहरपुर,4062
निलेश,4060
गागराई,4059
विसं,4058
परसौनी,4058
प्रतीक्षालय,4057
केआर,4057
यमुनापार,4057
साहिया,4057
नौंवी,4057
रत्नेश,4056
एसोसियेशन,4056
बाघापुराना,4056
हेयर,4056
पड़ना,4055
पि्रंसिपल,4055
सुलतान,4054
रघु,4053
माजरी,4052
सूरजपाल,4051
रामघाट,4051
भूतल,4050
किसानो,4050
बेनी,4050
सुहाना,4049
फांक,4049
शिवप्रसाद,4049
प्राविधिक,4048
असहायों,4047
पटा,4046
पाण्डेश्वर,4046
लोचन,4044
सुखजिंदर,4044
रामकिशुन,4043
लालकुआं,4043
प्रशंसनीय,4043
जीपीएफ,4042
बिगड़े,4041
इस्पेक्टर,4041
वादकारियों,4041
उत्पादित,4041
जजों,4040
खुलता,4040
पहचानने,4039
चार्टर,4039
कसते,4039
करगली,4038
धनगर,4037
बगिया,4037
वाजिद,4036
अंडे,4036
कइयों,4036
उलझी,4035
उद्यम,4035
मलय,4033
बिचौलिए,4033
रोकते,4033
खानापूरी,4033
विधा,4033
साय,4032
महथा,4031
उजाला,4031
निकालेंगे,4031
चौपारण,4031
नीला,4030
स्टूडियो,4030
आइबी,4030
फिसड्डी,4030
धनवार,4029
कांधला,4028
षडयंत्र,4028
मागने,4028
तिलकामांझी,4027
गुलिया,4027
बिहारीगंज,4027
प्रखर,4026
हाजरी,4025
भावनाएं,4024
बिचौलिया,4023
गायकी,4023
वीक,4023
अग्रोहा,4023
दुनियां,4022
रामकरन,4021
औजार,4020
पिया,4020
घरानों,4020
हरहाल,4019
गोलीकांड,4019
जायरीन,4019
स्ट्रोक,4018
कुव्यवस्था,4017
मंसूबे,4014
फिजा,4013
वारिसों,4012
ह्यूमन,4012
दवाईयां,4011
डुप्लीकेट,4011
लोकनृत्य,4011
एचके,4010
शतक,4008
पछुआ,4008
बिताने,4007
यूनिसेफ,4006
बैजू,4005
इंस्पेक्टरों,4004
ओवरऑल,4002
रोहिला,4000
फांस,4000
मुजाहिद,3999
प्रीमियर,3998
महेवा,3998
विचरण,3998
सम्मुख,3998
नागवार,3998
समीक्षात्मक,3998
कौंडल,3997
सालभर,3997
मल्ली,3996
सूने,3996
मनवाया,3996
पदार्थों,3995
श्मशानघाट,3994
मुर्दाबाद,3992
डिजाइनर,3992
नीतेश,3991
स्टोरी,3991
लोडेड,3990
बदलेगी,3990
इस्लामिक,3990
क्षत,3990
शांतिभंग,3989
मेसर्स,3989
बढ़ाएं,3988
वायुसेना,3988
सत्ती,3988
लेक्चर,3987
हरिकृष्ण,3986
गनर,3985
भात,3984
पढ़ाना,3984
डस्टबिन,3984
बीचोबीच,3984
बिखरी,3983
धरी,3983
बड़कागांव,3982
वर्मी,3982
तरबूज,3982
ढलाई,3982
कॅरियर,3982
डिवाइस,3981
वगैरह,3981
गंगोह,3981
निचलौल,3981
हारने,3980
फ्रूट,3979
निपट,3979
बाकि,3979
जतन,3978
भक्तजनों,3977
डिस्कस,3976
प्रतिभाशाली,3975
दुकाने,3975
कमाया,3975
एडीबी,3975
उलझे,3975
हार्ड,3974
शाहकोट,3974
सोल्जर,3973
खंडित,3972
कैरम,3972
हसनगंज,3972
जवाबदेह,3971
वरन,3971
डेरी,3971
फ्रेंचाइजी,3970
राजे,3970
चौपहिया,3969
पर्चियां,3969
पैरामेडिकल,3969
काहनूवान,3969
हरियाना,3968
उदाकिशुनगंज,3968
अबू,3967
आलाकमान,3967
बोदरा,3967
ऑडिशन,3967
बीन,3966
बरतनी,3966
डिसमिल,3965
घपले,3964
देवनारायण,3963
नैनो,3963
गलतियों,3963
राखियां,3959
लवप्रीत,3959
ट्रिपिंग,3959
दलीय,3959
पिपराही,3958
आयेंगे,3957
बालुरघाट,3957
पुरूषों,3956
पटोरी,3955
अंजु,3955
शिकारियों,3953
नम्रता,3953
हयात,3952
खिड़कियों,3952
सभ्य,3952
आमोद,3952
वैष्णवी,3952
माथाभांगा,3951
इशरत,3950
मुकर्रर,3950
ऑनर्स,3950
अंपायर,3950
ईटीटी,3950
पालतू,3948
पसार,3948
फुंकने,3948
लकड़ी,3948
बच्चियां,3947
चीखने,3946
आयेगी,3946
नवगठित,3944
महानंदा,3943
गुडडू,3942
लहजे,3942
अमानवीय,3942
खुलेगी,3942
नमाजियों,3941
बहुमूल्य,3940
हाशिम,3940
सुलझ,3940
सोहल,3939
शेडयूल,3939
महामहिम,3939
आवश्यकतानुसार,3938
टेबिल,3937
गिरती,3937
अंतरराज्यीय,3937
उपसचिव,3937
दौराला,3936
खात्मे,3936
वेस्टर्न,3936
अनसुना,3935
अमरीश,3935
दर्जकर,3935
भक्तजन,3934
ओटी,3934
एमओयू,3933
हरवीर,3933
डाबर,3932
अधिकारिता,3931
गौरवशाली,3931
शैलेष,3930
बेलवा,3929
भरवाया,3928
खेलकर,3928
सोढ़ी,3928
अस्पातल,3928
उड़ाते,3928
बहुओं,3928
धन्य,3927
कार्यमुक्त,3927
फ्रेशर,3927
ग्रीष्मकालीन,3927
करसोग,3926
चंदवारा,3926
वायर,3924
चहुंओर,3924
छतरी,3923
जुमा,3921
ज्ञानेन्द्र,3921
राजकमल,3920
पड़ने,3920
तथाकथित,3919
शास्त्रों,3918
समद,3918
बिदुपुर,3917
मुख्यअतिथि,3917
मंत्रणा,3917
भीग,3917
प्रियांशु,3917
पंचर,3917
टुकड़ों,3917
मैरी,3916
तेजस्वी,3916
नौवें,3916
परिदृश्य,3916
बताएगा,3915
कैंब्रिज,3915
ढहा,3915
डीएमसी,3915
दाहिने,3914
विक्रमादित्य,3913
इतजार,3913
वस्तुस्थिति,3912
देवगम,3911
दगा,3911
नन्द,3911
एईई,3910
खजान,3910
असद,3909
अक्षेस,3909
बंटे,3908
वारिसलीगंज,3908
काठगढ़,3908
गिराकर,3907
विजयनगर,3907
नगराधीश,3907
भवनाथपुर,3905
चापाकलों,3904
व्यवस्थापकों,3904
झुलसने,3903
पुंज,3902
संवेदकों,3902
घटते,3901
लेजर,3901
तिलकराज,3900
किश्तों,3899
खेमका,3899
नथुनी,3899
बावली,3898
सरपरस्त,3898
शिकारी,3898
पास्टर,3897
एचएन,3895
विक्षत,3893
बासुकीनाथ,3893
आसीन,3892
चन्नी,3891
हवस,3891
लेडी,3890
भगाया,3890
एप्लीकेशन,3889
ट्रेक,3888
प्रोसेसिंग,3888
ताल्लुक,3888
दीपों,3887
आलमपुर,3886
मालवाहक,3885
शायरी,3884
त्रिखा,3884
पोठिया,3883
किसका,3883
रसोईया,3883
बारूद,3882
म्यूजियम,3882
यूनीफार्म,3882
सत्यानंद,3881
प्रॉक्टर,3881
उठायी,3881
दंडाधिकारियों,3880
स्वीमिंग,3879
भोरंज,3879
परख,3879
जयनाथ,3878
पोखरियाल,3878
मनोहारी,3877
बल्देव,3877
सारिणी,3876
खोदे,3875
लद्दाख,3875
वॉक,3874
अपशब्द,3873
टार्च,3873
पोती,3873
पहिये,3873
चिल्ड्रन,3873
जेजे,3871
मांट,3870
बालकिशन,3870
इंफ्रास्ट्रक्चर,3869
रामबीर,3867
अंशिका,3867
पटेलनगर,3867
न्यूजीलैंड,3866
बख्तियारपुर,3866
वनवासी,3866
रैबीज,3865
शांती,3865
तरैया,3865
माखन,3865
प्रतियोगियों,3865
सजने,3865
प्रस्तावक,3864
मिडल,3864
गुरुद्वारों,3863
मुख,3862
भाटपाररानी,3862
शिष्यों,3861
दमदार,3861
अकीदत,3860
ढीले,3860
बोतलों,3859
डिफाल्टर,3859
विपक्षियों,3859
विश्लेषण,3858
एकाउंटेंट,3858
अनुशासनात्मक,3858
माँग,3857
हड्डियों,3857
मुखाग्नि,3857
दशमी,3857
रेलमार्ग,3855
चित्रा,3855
गतका,3854
निषेधाज्ञा,3854
कद्दावर,3853
पैथोलॉजी,3852
हंसते,3851
राजिंदरा,3851
एकलव्य,3850
टेबुल,3850
दीनबंधु,3850
विवरणी,3850
अनिरूद्ध,3849
ईकाई,3848
सुखदीप,3846
अटवाल,3846
इराक,3844
बचकर,3843
होल,3842
मटिहानी,3842
खोजी,3842
खीरा,3842
कमिटी,3842
बकरे,3841
बहकर,3841
सिद्धपीठ,3840
मटोल,3839
श्वेत,3838
जम्मूतवी,3837
मेहरबानी,3837
चिन्मय,3837
कौशलेंद्र,3837
गालीगलौज,3835
डीएमयू,3834
सिविक,3834
मवाना,3833
सुपरफास्ट,3832
सिक्किम,3832
गोले,3832
बैड,3832
अमानत,3831
शराफत,3831
धुलाई,3831
कलियर,3831
ताड़ी,3830
बूरा,3830
हेंब्रम,3830
गंाव,3829
अराजकतत्वों,3829
वाद्य,3828
नियाज,3827
नंदनी,3827
सलमा,3827
मंदबुद्धि,3827
हतप्रभ,3826
पड़ीं,3826
वीरान,3826
लाईट,3825
थामा,3825
नमकीन,3823
बिछाकर,3823
गौतमबुद्धनगर,3823
सिंथेटिक,3822
डीडीपीओ,3822
सेंसर,3822
जाँच,3822
खजांची,3821
विज्ञानी,3821
लकड़ियों,3820
बेपटरी,3819
फटा,3819
नवनिर्माण,3818
ईश्वरी,3818
मॉडर्न,3818
कूड़ादान,3817
तोला,3817
विफलता,3817
स्वाती,3817
जलील,3817
बाबर,3816
हिफाजत,3816
गिनाई,3816
माध्यमों,3815
अयोग्य,3815
छलक,3815
ढहने,3814
वितरक,3813
कुनाल,3812
सीपीएम,3812
इंडो,3812
वास्ता,3812
समाजशास्त्र,3811
छप्पन,3811
अभिवादन,3811
स्टॉप,3810
गाडि़यों,3810
राया,3810
गरज,3810
गुजराती,3809
बोगियों,3809
हिंडन,3809
होदा,3808
सबूतों,3808
बजाते,3807
पिचकारी,3806
नहाते,3806
रमेशचंद्र,3806
लग्न,3804
अल्ताफ,3803
मांगलिक,3803
खारा,3803
रिफ्लेक्टर,3803
प्रकल्प,3803
भूदेव,3802
एमएलए,3802
इदरीश,3802
ग्रेडिंग,3802
रणजी,3801
सिंधु,3801
मार्किट,3801
सूप,3800
कन्वेंशन,3800
गर्मजोशी,3799
छेड़ने,3799
पाश्चात्य,3799
मैदानों,3797
कोपागंज,3797
नोटा,3797
गभाना,3796
फीका,3796
हिट,3796
मकबूल,3795
शिवसागर,3794
प्राणों,3794
उधवा,3793
विलीन,3793
सियालदह,3791
लगकर,3791
सरबत,3791
कुर्क,3790
गीतकार,3790
ढांडा,3790
रामकोट,3790
थान,3790
आइसा,3790
क्वार्सी,3789
प्रतिलिपि,3788
मटका,3788
केलंग,3788
लाइनमैनों,3786
रेतकर,3786
बेंगाबाद,3785
सलाउद्दीन,3785
क्रेशर,3784
अप्रशिक्षित,3784
स्कॉलरशिप,3784
चंद्रकला,3784
योजनाकार,3784
दौड़ी,3783
सुखवंत,3783
जुड़ाव,3782
बक्शी,3782
जहाँ,3779
मुहाने,3779
सम्मत,3779
मल्लाह,3778
मुमकिन,3777
सटाकर,3777
सुलेखा,3776
शेषनाथ,3775
चकरोड,3775
नरक,3774
चिमनी,3774
नहरें,3774
एसए,3773
गोलबंद,3773
खड्डा,3773
इन्दिरा,3772
ताप,3769
भोक्ता,3769
गुरमति,3769
ढुलमुल,3767
कोसीकलां,3766
जुबेर,3766
एकीकृत,3766
तीसा,3765
आसाम,3764
धनौरी,3764
अर्शदीप,3764
आगत,3764
कृष्णदेव,3764
मालाकार,3763
डिजाइनिंग,3763
डायवर्जन,3762
कसे,3761
पोस्टरों,3760
दिड़बा,3760
बिलाल,3760
शाहजहां,3759
अन्नदाता,3759
रतनपुरा,3758
रेलपार,3758
पीटीआई,3758
सुंदरलाल,3758
भागना,3757
धकेल,3756
एडीआरएम,3756
चौथम,3755
वैश्विक,3755
अभिलाषा,3755
बेकसूर,3754
बिक्रमगंज,3754
खुशखबरी,3754
इंजी,3754
दीया,3753
कोषाधिकारी,3752
इच्छाशक्ति,3751
लोकेंद्र,3751
गुरदास,3751
छुड़ाया,3751
फुलपरास,3750
वाशिंग,3750
सोलो,3749
टेप,3749
अभूतपूर्व,3749
मादा,3749
सेनानायक,3748
असुरक्षा,3748
बेशकीमती,3748
सेटेलाइट,3747
जलेबी,3747
मिलरों,3747
जेबी,3746
लहसुन,3746
सिवा,3746
एडीशनल,3746
दर्रे,3746
तेघड़ा,3745
असवाल,3745
उपजे,3745
सांग,3744
मंदाकिनी,3744
दुकानदारी,3744
सीना,3744
हीरापुर,3744
विलेज,3743
हंटरगंज,3743
निगोही,3743
ओहरी,3743
केमिस्ट्री,3742
ग्रास,3742
थिरके,3741
इमामबाड़ा,3740
खाबड़,3740
शर्मिला,3739
मड़िहान,3738
हिसुआ,3738
बराकर,3738
अजयपाल,3738
छीने,3738
चटकाए,3737
तपा,3737
परास्त,3737
तिब्बती,3736
जुल्फिकार,3736
जेड,3736
जिलास्तर,3736
नीलिमा,3735
सेकेंड्री,3733
रूकने,3733
आरटीए,3732
वीरू,3732
मलकपुर,3731
श्योकंद,3731
मुसहरी,3731
सत्यता,3730
कूदने,3730
ओवरहेड,3730
एफएसएल,3729
साही,3729
बचेगा,3728
शक्तिशाली,3728
कोख,3727
सिंहेश्वर,3727
पटाक्षेप,3727
सेनापति,3726
डाई,3725
दर्शा,3725
जलता,3724
वाहक,3724
मिट्ठू,3722
बीचोंबीच,3721
बेनीपट्टी,3721
सर्कस,3720
झपटमार,3718
लांग,3718
हरसिमरत,3718
लैंडलाइन,3717
कशिश,3716
अपहरणकर्ताओं,3716
सलामती,3716
सातवां,3715
अपहर्ताओं,3715
पकाने,3715
खिलाई,3715
कोचाधामन,3714
जज्बे,3714
ब्लैकमेल,3714
अंबा,3713
तस्दीक,3713
पस्त,3713
कालीचरण,3711
आयशा,3711
कछुआ,3711
बैनीवाल,3710
मरणासन्न,3710
नियति,3710
जयकुमार,3710
मुंहतोड़,3709
रिचा,3708
बेली,3708
सलमानी,3708
कुक,3708
तहस,3707
खाती,3706
युवजन,3705
केरोसीन,3705
मनाही,3705
बाथम,3704
पेंडिंग,3704
हुर्रियत,3704
चिल्ला,3704
कोबरा,3703
बटेश्वर,3703
हंसडीहा,3703
इंद्रधनुष,3703
सारथी,3703
बोलना,3701
स्वप्न,3700
ग्रंथों,3700
जुए,3700
मेंबरों,3699
बोरों,3699
मधुमक्खी,3699
पीतांबर,3699
रुदौली,3698
महोली,3698
सट्टे,3698
जस्सा,3698
शहद,3697
कथनी,3697
जुबानी,3697
असलाह,3697
कमर्शियल,3696
वेदव्यास,3696
साइडिंग,3696
झपटमारी,3696
चिकन,3695
कहलगांव,3694
बाउंड्रीवाल,3694
पदस्थापना,3694
नहस,3694
मरले,3694
करनेवालों,3694
आर्डिनेटर,3692
थकान,3692
रायल,3692
अध्यात्मिक,3692
कम्युनिकेशन,3690
मंगवाई,3690
पक्षधर,3689
रेंजर्स,3689
मजहर,3688
शूट,3688
जरीडीह,3687
अशर्फी,3687
मुकंदपुर,3687
सरंक्षण,3686
नवीनगर,3686
कालिका,3685
पल्ली,3685
छायादार,3685
होल्डरों,3685
बालूमाथ,3684
सलोन,3683
सुलेख,3683
रामसूरत,3682
लगान,3681
बाइस,3681
वस्त्रों,3681
सेंट्रो,3681
लगेंगी,3681
साढौरा,3680
क्लिप,3679
एचपीसीए,3679
आश्वासनों,3679
जालसाज,3679
फारूख,3678
रेस्तरां,3678
प्रभाष,3677
संबंधियों,3677
रहनेवाले,3676
दलीलें,3676
जोड़ते,3675
मारना,3675
परसुडीह,3675
खादों,3675
प्रतिकुलपति,3674
मेवालाल,3674
अंकपत्र,3674
हस्तियों,3673
सेंटीमीटर,3673
मुशायरे,3672
जैथरा,3671
वाक,3671
हसीब,3669
कलकत्ता,3668
सीवेज,3668
बारसोई,3667
मध्यान्ह,3666
रेस्क्यू,3665
निकलें,3664
टिकरी,3664
केआरपी,3662
मनचंदा,3662
आयुषी,3662
अनूठा,3662
कार्यस्थल,3662
झकझोर,3660
इश्तियाक,3660
झड़ी,3660
काठमांडू,3659
धनराज,3658
दिव्यांगों,3658
न्यायधीश,3658
पीआरएस,3658
मनवाने,3657
मुरलीगंज,3657
मधवापुर,3656
हिला,3656
डिलेवरी,3656
गोपीनाथ,3656
किरकिरी,3656
गुरसहायगंज,3656
जींस,3655
यामीन,3654
ओलंपियाड,3654
चुटकी,3654
लहरी,3652
ताश,3652
सतविंदर,3652
उड़ती,3651
सरस,3651
वीएन,3651
निजामपुर,3650
छात्रनेता,3650
हाकम,3650
मरम्मती,3648
बांसडीह,3648
संपादित,3648
तबला,3648
ग्रोथ,3648
गेटमैन,3648
जोगेन्द्र,3647
चैनलों,3646
गड़गड़ाहट,3646
मकई,3645
देवदत्त,3645
बीड़,3645
पावरकाम,3645
पूछी,3644
उगी,3644
खेम,3644
दीगर,3643
अप्रत्यक्ष,3643
नरमा,3642
बक्शा,3642
