native,roman,notes
अंकल,uncle,english_loanword
अटैक,attack,english_loanword
अथॉरिटी,authority,english_loanword
अपडेट,update,english_loanword
अपॉइंटमेंट,appointment,english_loanword
आइडिया,idea,english_loanword
आनलाइन,online,english_loanword
एंटरटेनमेंट,entertainment,english_loanword
एक्शन,action,english_loanword
एक्सटेंशन,extension,english_loanword
एक्सट्रैक्शन,extraction,english_loanword
एग्रीमेंट,agreement,english_loanword
एजुकेशन,education,english_loanword
एडवांस,advance,english_loanword
एप्लीकेशन,application,english_loanword
एविडेंस,evidence,english_loanword
ऑनलाइन,online,english_loanword
ऑपरेटिंग,operating,english_loanword
ऑपरेशन,operation,english_loanword
ऑफिस,office,english_loanword
ऑफिसर,officer,english_loanword
ऑलिव,olive,english_loanword
कंडीशनर,conditioner,english_loanword
कंपनी,company,english_loanword
कंप्यूटर,computer,english_loanword
कलेक्शन,collection,english_loanword
कास्टिंग,casting,english_loanword
किंग,king,english_loanword
किंग्स,kings,english_loanword
किक,kick,english_loanword
किचन,kitchen,english_loanword
केंसर,cancer,english_loanword
कैंसर,cancer,english_loanword
कैच,catch,english_loanword
कॉक,cock,english_loanword
कॉन्फ्रेंस,conference,english_loanword
कॉन्सर्ट,concert,english_loanword
कॉफी,coffee,english_loanword
कॉर्पोरेशन,corporation,english_loanword
कॉलेज,college,english_loanword
क्लिक,click,english_loanword
क्वालिटी,quality,english_loanword
क्वेश्चन,question,english_loanword
गवर्निंग,governing,english_loanword
ग्रेजुएशन,graduation,english_loanword
चैरिटेबल,charitable,english_loanword
टाइपराइटर,typewriter,english_loanword
टैक्सी,taxi,english_loanword
टैबलेट,tablet,english_loanword
ट्रैकिंग,tracking,english_loanword
डबल,double,english_loanword
डबिंग,dubbing,english_loanword
डांस,dance,english_loanword
डॉक्टर,doctor,english_loanword
डॉक्टरों,doctoron,english_loanword
नर्स,nurse,english_loanword
नर्सरी,nursery,english_loanword
नेटवर्किंग,networking,english_loanword
नॉकआउट,knockout,english_loanword
पार्किंग,parking,english_loanword
पिकअप,pickup,english_loanword
पुलिस,police,english_loanword
पेंशन,pension,english_loanword
पैक,pack,english_loanword
पैकिंग,packing,english_loanword
पैकेट,packet,english_loanword
प्रोफेशनल,professional,english_loanword
फिल्म,film,english_loanword
फेडरेशन,federation,english_loanword
फेमस,famous,english_loanword
फोटोग्राफी,photography,english_loanword
फोन,phone,english_loanword
बस,bus,english_loanword
बिजनेस,business,english_loanword
बैंकिंग,banking,english_loanword
बैकअप,backup,english_loanword
बैकलेस,backless,english_loanword
बैलेंस,balance,english_loanword
बॉलीवुड,bollywood,english_loanword
ब्लेंडर,blender,english_loanword
ब्लॉक,block,english_loanword
ब्लॉकबस्टर,blockbuster,english_loanword
मल्टीटास्किंग,multitasking,english_loanword
माइक्रोब्लॉगिंग,microblogging,english_loanword
मार्किट,market,english_loanword
मार्केट,market,english_loanword
मार्चिंग,marching,english_loanword
मिनिस्टर,minister,english_loanword
मीडिया,media,english_loanword
मेकिंग,making,english_loanword
मैच,match,english_loanword
मैनेजमेंट,management,english_loanword
मैनेजिंग,managing,english_loanword
मोबाइल,mobile,english_loanword
यूनिवर्सिटी,university,english_loanword
रिंगटोन,ringtone,english_loanword
रैली,rally,english_loanword
रोमांस,romance,english_loanword
लाइट,light,english_loanword
लैंडिंग,landing,english_loanword
विकेटकीपर,wicketkeeper,english_loanword
वीडियो,video,english_loanword
शॉपिंग,shopping,english_loanword
साइंस,science,english_loanword
साइक्लिंग,cycling,english_loanword
सिलेब्रिटी,celebrity,english_loanword
सिस्टम,system,english_loanword
सुपरमार्केट,supermarket,english_loanword
स्कूल,school,english_loanword
स्कूलों,schoolon,english_loanword
स्टिंग,sting,english_loanword
स्टेशन,station,english_loanword
स्मार्टफोन,smartphone,english_loanword
हाईस्कूल,highschool,english_loanword
हॉकी,hockey,english_loanword
हॉलीवुड,hollywood,english_loanword
हॉस्पिटल,hospital,english_loanword
होटल,hotel,english_loanword
होम्योपैथी,homeopathy,english_loanword
होस्टिंग,hosting,english_loanword
डाउनलोडिंग,downloading,english_loanword
फ्लॉवर,flower,english_loanword
सिंह,singh,english_loanword
सेटिंग,setting,english_loanword
क्रिकेट,cricket,english_loanword
टेस्टिंग,testing,english_loanword
ट्रक,truck,english_loanword
डेंजरस,dangerous,english_loanword
पिक,pick,english_loanword
पैकेज,package,english_loanword
मोटिव,motive,english_loanword
लिंगभेद,lingbhed,english_loanword
वर्शन,version,english_loanword
वेडिंग,wedding,english_loanword
Found 142 loanwords
आईपीएल,ipl,english_loanword
आॅफ,off,english_loanword
इज़राइल,israel,english_loanword
इराक,iraq,english_loanword
एंकर,anchor,english_loanword
एक्ट,act,english_loanword
एक्टर,actor,english_loanword
एक्स,axe,english_loanword
एक्सचेंज,exchange,english_loanword
एक्सट्रीम,extreme,english_loanword
एक्सरे,xray,english_loanword
एक्सीडेंट,accident,english_loanword
एक्सेस,access,english_loanword
एजेंट,agent,english_loanword
एजेंडा,agenda,english_loanword
एजेंसी,agency,english_loanword
एडवाइस,advice,english_loanword
एनसीआर,ncr,english_loanword
एयरकूल्ड,aircooled,english_loanword
एल्यूमीनियम,aluminium,english_loanword
ऐप,app,english_loanword
ऑफ,off,english_loanword
ऑफर,offer,english_loanword
ऑफलाइन,offline,english_loanword
ऑल,all,english_loanword
कंक्रीट,concrete,english_loanword
कंडक्टर,conductor,english_loanword
कंडोम,condom,english_loanword
कंबोडिया,cambodia,english_loanword
कमर्शियल,commercial,english_loanword
कमांडर,commander,english_loanword
कलर,colour,english_loanword
कलेक्टर,collector,english_loanword
कल्चर,culture,english_loanword
कल्ट,cult,english_loanword
कांग्रेस,congress,english_loanword
कार,car,english_loanword
कार्टून,cartoon,english_loanword
कार्टूनिस्ट,cartoonist,english_loanword
कार्ड,card,english_loanword
कार्डियोलॉजी,cardiology,english_loanword
कार्बन,carbon,english_loanword
किलर,killer,english_loanword
कीबोर्ड,keyboard,english_loanword
केज,cage,english_loanword
केन,can,english_loanword
केमिकल,chemical,english_loanword
केयर,care,english_loanword
कैंटीन,canteen,english_loanword
कैंडी,candy,english_loanword
कैंप,camp,english_loanword
कैंपस,campus,english_loanword
कैप,cap,english_loanword
कैपिटल,capital,english_loanword
कैप्सूल,capsule,english_loanword
कैमरों,cameron,english_loanword
कैलकुलेटर,calculator,english_loanword
कैश,cash,english_loanword
कॉटन,cotton,english_loanword
कॉन्टैक्ट,contact,english_loanword
कॉन्ट्रैक्ट,contract,english_loanword
कॉपर,copper,english_loanword
कॉपी,copy,english_loanword
कॉम,com,english_loanword
कॉमर्स,commerce,english_loanword
कॉमेडियन,comedian,english_loanword
कॉमेडी,comedy,english_loanword
कॉरपोरेट,corporate,english_loanword
कॉर्न,corn,english_loanword
कॉर्प,corp,english_loanword
कॉर्पोरेट,corporate,english_loanword
कॉल,call,english_loanword
कॉलम,column,english_loanword
कॉलर,caller,english_loanword
कॉलोनी,colony,english_loanword
कॉस्ट,cost,english_loanword
कॉस्मोपॉलिटन,cosmopolitan,english_loanword
कोच,coach,english_loanword
कोबरा,cobra,english_loanword
कोयंबतूर,coimbatore,english_loanword
कोरियोग्राफर,choreographer,english_loanword
कोर्ट,court,english_loanword
कोर्स,course,english_loanword
कोलंबिया,columbia,english_loanword
कोला,cola,english_loanword
कोल्ड,cold,english_loanword
क्रॉस,cross,english_loanword
क्लिनिक,clinic,english_loanword
क्लिप,clip,english_loanword
क्लीन,clean,english_loanword
क्लीनर,cleaner,english_loanword
क्लीनिक,clinic,english_loanword
क्लीवलैंड,cleanland,english_loanword
क्वालीफाई,qualify,english_loanword
क्वालीफायर,qualifier,english_loanword
क्वीन,queen,english_loanword
गिफ्ट,gift,english_loanword
गियर,gear,english_loanword
चैलेंज,challenge,english_loanword
जीमेल,gmail,english_loanword
टाइफाइड,typhoid,english_loanword
टैक्स,tax,english_loanword
टॉकीज,talkies,english_loanword
टॉपलेस,topless,english_loanword
ट्रैफिक,traffic,english_loanword
ट्विस्ट,twist,english_loanword
ट्वीट,tweet,english_loanword
डिजाइन,design,english_loanword
डीजल,diesel,english_loanword
डीसी,dc,english_loanword
नेचुरल,natural,english_loanword
न्यूज,news,english_loanword
पावर,power,english_loanword
पासपोर्ट,passport,english_loanword
पिक्स,pics,english_loanword
पोटैशियम,potassium,english_loanword
प्रेशर,pressure,english_loanword
फाइनल,final,english_loanword
फुट,foot,english_loanword
फुल,full,english_loanword
फेयर,fair,english_loanword
फेस,face,english_loanword
फेसबुक,facebook,english_loanword
फैक्ट्री,factory,english_loanword
फैट,fat,english_loanword
फैन,fan,english_loanword
फैमिली,family,english_loanword
फैशन,fashion,english_loanword
फोर्ट,fort,english_loanword
फोर्स,force,english_loanword
फ्री,free,english_loanword
फ्रीस्टाइल,freestyle,english_loanword
फ्रैंक,frank,english_loanword
फ्लू,flue,english_loanword
बाम,balm,english_loanword
बायपास,bypass,english_loanword
बुलेटप्रूफ,bulletproof,english_loanword
बैक्टीरिया,bacteria,english_loanword
बैटरी,battery,english_loanword
बैटल,battle,english_loanword
बैरल,barrel,english_loanword
बैरिस्टर,barrister,english_loanword
बॉक्स,box,english_loanword
बॉल,ball,english_loanword
बॉस,boss,english_loanword
मदर,mother,english_loanword
मशीन,machine,english_loanword
रियल,real,english_loanword
रेसिपी,recipe,english_loanword
रोल,roll,english_loanword
लाफ,laugh,english_loanword
वनडे,oneday,english_loanword
वर्क,work,english_loanword
वर्कशॉप,workshop,english_loanword
वर्क्स,works,english_loanword
वर्ड,word,english_loanword
वर्ल्ड,world,english_loanword
वाईफाई,wifi,english_loanword
वायरल,viral,english_loanword
वार्ड,ward,english_loanword
वार्मअप,warmup,english_loanword
विल,will,english_loanword
वेब,web,english_loanword
वेबसाइट,website,english_loanword
वेल,well,english_loanword
वेलफेयर,welfare,english_loanword
वेव,wave,english_loanword
वेस्टर्न,western,english_loanword
वैगन,wagon,english_loanword
वॉर,war,english_loanword
वॉल,wall,english_loanword
व्हाट,what,english_loanword
व्हाट्सएप,whatsapp,english_loanword
व्हील,wheel,english_loanword
व्हेन,when,english_loanword
व्हेल,whale,english_loanword
साइंटिस्ट्स,scientists,english_loanword
साइकिल,cycle,english_loanword
साइज,size,english_loanword
साइन,sign,english_loanword
साइबर,cyber,english_loanword
सिनेमा,cinema,english_loanword
सिलिंडर,cylinder,english_loanword
सीआईडी,cid,english_loanword
सीआरपी,crp,english_loanword
सीडी,cd,english_loanword
सेकंड,second,english_loanword
सेक्स,sex,english_loanword
सेक्सी,sexy,english_loanword
सेटेलाइट,satellite,english_loanword
सेरेमिक,ceramic,english_loanword
सेल्सियस,celsius,english_loanword
सैटेलाइट,satellite,english_loanword
सॉफ्टवेयर,software,english_loanword
स्कोर,score,english_loanword
स्ट्रॉबेरी,strawberry,english_loanword
हाईवे,highway,english_loanword
हाईस्पीड,highspeed,english_loanword
हेलो,hello,english_loanword
अलकायदा,alqaeda,english_loanword
इमेज,image,english_loanword
एंजाइम्स,enzymes,english_loanword
केस,case,english_loanword
कोल,coal,english_loanword
कोलेस्ट्रोल,cholesterol,english_loanword
कोस्टार,costar,english_loanword
क्लास,class,english_loanword
डाउनलोड,download,english_loanword
पेरोल,payroll,english_loanword
मसूरी,mussoorie,english_loanword
रीडिजाइन,redesign,english_loanword
वाटर्स,waters,english_loanword
वॉटर,water,english_loanword
वॉयस,voice,english_loanword
सीएल,cl,english_loanword
अफ्रीका,africa,english_loanword
एंजाइम,enzyme,english_loanword
ऑफर्स,offers,english_loanword
कैंडिडेट,candidate,english_loanword
कॉम्प्लेक्स,complex,english_loanword
कोरिडोर,corridor,english_loanword
क्वांटिको,quantico,english_loanword
डायनासोर,dinosaur,english_loanword
पिक्चर,picture,english_loanword
फार्म,farm,english_loanword
मेगापिक्सल,megapixel,english_loanword
Found 248 more loanwords,,
अक्रॉस,across,english_loanword
अगासी,agassi,english_loanword
अनब्रेकेबल,unbreakable,english_loanword
अप्लीकेशन,application,english_loanword
अफेयर,affair,english_loanword
अफेयर्स,affairs,english_loanword
अलेक्जेंडर,alexandar,english_loanword
अलेक्स,alex,english_loanword
अल्बूकर्क,albuquerque,english_loanword
अवेयरनेस,awareness,english_loanword
अशद,assad,english_loanword
अशफाक,ashfaq,english_loanword
असाइनमेंट,assignment,english_loanword
असिस्टेंट,assistant,english_loanword
असेंबली,assembley,english_loanword
असेसमेंट,assesment,english_loanword
असोसिएशन,association,english_loanword
आईएसएस,iss,english_loanword
आईक्यू,iq,english_loanword
आईफा,iffa,english_loanword
आईमैक्स,imax,english_loanword
आफ,off,english_loanword
आफलाइन,offline,english_loanword
आफिस,office,english_loanword
आफिसर,officer,english_loanword
आरएसएस,rss,english_loanword
आरडीएक्स,rdx,english_loanword
आर्किटेक्टों,arquitecton,english_loanword
आशिक,aashiq,english_loanword
आसाम,assam,english_loanword
इंकलाब,inqalab,english_loanword
इंकलाबी,inqalabi,english_loanword
इंजेक्शन,injection,english_loanword
इंटरनेशनल,international,english_loanword
इंटरेक्शन,interaction,english_loanword
इंटीग्रेशन,integration,english_loanword
इंटेक,enteq,english_loanword
इंट्रैक्शन,interaction,english_loanword
इंडिकेशन,indication,english_loanword
इंडेक्स,index,english_loanword
इंपैक्ट,effect,english_loanword
इंस्टालेशन,installation,english_loanword
इंस्टिट्यूशन,institution,english_loanword
इंस्टीट्यूशंस,institutions,english_loanword
इंस्टॉलेशन,installation,english_loanword
इक्विटी,equity,english_loanword
इच,itch,english_loanword
इत्तेफाक,ittefaq,english_loanword
इनएविटेबल,inevitable,english_loanword
इनबॉक्स,inbox,english_loanword
इनविजिबल,invisible,english_loanword
इनेबल,enable,english_loanword
इनोवेशंस,enovations,english_loanword
इनोवेशन,innovation,english_loanword
इन्नोवेशन,innovation,english_loanword
इन्फॉर्मेशन,information,english_loanword
इफेक्ट,effect,english_loanword
इमिग्रेशन,emigration,english_loanword
इमोशंस,emotions,english_loanword
इमोशनल,emotional,english_loanword
इराकी,iraqi,english_loanword
इलेक्शन,election,english_loanword
इशू,issue,english_loanword
इश्क,ishaq,english_loanword
इश्कबाज,ishaqbaz,english_loanword
इश्किया,ishqiya,english_loanword
इसे,isse,english_loanword
उड़ीसा,orissa,english_loanword
एंटीऑक्सीडेंट,antioxidant,english_loanword
एंटीक,antique,english_loanword
एंट्रिक्स,antix,english_loanword
एंडलेस,andless,english_loanword
एंबेसी,embassy,english_loanword
एक्ज़ीक्यूटिव,executive,english_loanword
एक्सपी,xp,english_loanword
एक्सपेंडेबल,expendable,english_loanword
एक्सपो,expo,english_loanword
एक्सपोर्ट,export,english_loanword
एक्सप्रेशन,expression,english_loanword
एक्सप्रेस,express,english_loanword
एक्सप्रेसवे,expressway,english_loanword
एक्सप्रैस,express,english_loanword
एक्सप्लेन,explain,english_loanword
एक्सा,axa,english_loanword
एक्सिस,axis,english_loanword
एक्सेंचर,exchanger,english_loanword
एक्स्ट्रीम,extreme,english_loanword
एजटेक,edgetech,english_loanword
एजबेस्टन,edgebeston,english_loanword
एटेंशन,attention,english_loanword
एडमिनिस्ट्रेशन,administration,english_loanword
एडिक्शन,addiction,english_loanword
एड्रेस,address,english_loanword
एनक्रिप्शन,encription,english_loanword
एनालिटिक्स,analitix,english_loanword
एनीमेशन,animation,english_loanword
एनोरेक्सिया,anorexia,english_loanword
एप्लाइड,eplight,english_loanword
एप्लिकेशंस,applications,english_loanword
एबल,able,english_loanword
एबेल,able,english_loanword
एमएसएस,mss,english_loanword
एमिस,amiss,english_loanword
एम्बेसडर,ambassador,english_loanword
एयरकंडीशन,aircondition,english_loanword
एरिक्सन,ericsson,english_loanword
एलिमिनेशन,elimination,english_loanword
एविएशन,aviation,english_loanword
एवोल्यूशन,avolution,english_loanword
एसएस,ss,english_loanword
एसएसबी,ssb,english_loanword
एसाइनमेंट,assignment,english_loanword
एसिस्टेंट,assistant,english_loanword
एसे,essay,english_loanword
एसेंशियल,essential,english_loanword
एसेक्स,asex,english_loanword
एसेट,asset,english_loanword
एसोशिएसन,association,english_loanword
एसोसिएट,associate,english_loanword
एसोसिएटेड,associated,english_loanword
एसोसिएट्स,associates,english_loanword
एसोसिएसन,association,english_loanword
एसोसियेशन,association,english_loanword
ऐक्शंस,actions,english_loanword
ऐडमिनिस्ट्रेशन,administration,english_loanword
ऐड्रेस,address,english_loanword
ऐसोसिएशन,association,english_loanword
ऑक्सफ़र्ड,oxford,english_loanword
ऑक्सफैम,oxfaim,english_loanword
ऑक्सफोर्ड,oxford,english_loanword
ऑक्सीकरण,oxikaran,english_loanword
ऑक्सीजन,oxygen,english_loanword
ऑक्सीटॉसिन,oxytocin,english_loanword
ऑटोमेशन,automation,english_loanword
ऑडिशन,audition,english_loanword
ऑपरेशंस,operations,english_loanword
ऑर्गेनाइजेशन,organisation,english_loanword
ओडेसा,odessa,english_loanword
ओपेक,opaque,english_loanword
कंजर्वेशन,conservation,english_loanword
कंपास,compass,english_loanword
कंपोस्ट,compossed,english_loanword
कंस्ट्रक्शन,construction,english_loanword
कटऑफ,cutoff,english_loanword
कतर,qatar,english_loanword
कनेक्शन,connection,english_loanword
कन्वर्शन,conversion,english_loanword
कन्वेशन,convation,english_loanword
कमिशन,commision,english_loanword
कमिश्नर,commisioner,english_loanword
कमीशन,comission,english_loanword
कमीशनिंग,commissioning,english_loanword
कम्युनिकेशंस,communications,english_loanword
कम्युनिकेशन,communication,english_loanword
कयास,qiyas,english_loanword
कल्टीवेशन,cultivation,english_loanword
कांग्रेसवाद,congressvad,english_loanword
कांग्रेसी,congress,english_loanword
काजमी,qasmi,english_loanword
कादर,qadar,english_loanword
कादरी,qadri,english_loanword
कासिमपुर,qasimpur,english_loanword
किला,qila,english_loanword
किसिंग,kissing,english_loanword
कुतुबुद्दीन,qutubuddin,english_loanword
कुरान,quran,english_loanword
कुरेशी,qureshi,english_loanword
कुरैशी,qureshi,english_loanword
केबल,cable,english_loanword
कैंब्रिज,cambridge,english_loanword
कैचप,ketchup,english_loanword
कैप्चर,captchar,english_loanword
कैप्शन,caption,english_loanword
कैसेट,cassette,english_loanword
कॉक्स,cox,english_loanword
कॉपीराइट,copyright,english_loanword
कॉरपोरेशन,corporation,english_loanword
कोटिंग,quoting,english_loanword
कोटेड,quoted,english_loanword
कोटेशन,quotation,english_loanword
कोष,cox,english_loanword
कोषों,coxon,english_loanword
कोष्ठक,coxtak,english_loanword
कौमी,qaumi,english_loanword
क्यूबाई,qunain,english_loanword
क्राॅसिंग,crossing,english_loanword
क्रॉसरोड्स,crossrhodes,english_loanword
क्रॉसिंग,crossing,english_loanword
क्रॉसिंगों,crossingo,english_loanword
क्लक्स,klux,english_loanword
क्लाइमेक्स,climax,english_loanword
क्लाइमैक्स,climax,english_loanword
क्लासमेट,classmate,english_loanword
क्लासिक,classic,english_loanword
क्लासेज,classes,english_loanword
क्वांटम,quantum,english_loanword
क्वात्रोची,quatrochi,english_loanword
क्वायर,quar,english_loanword
क्वार्टर,quarter,english_loanword
क्वालिफाइंग,qualifying,english_loanword
क्वालीफाइंग,qualifying,english_loanword
क्विज,quiz,english_loanword
क्विट,quit,english_loanword
क्वींसलैंड,queensland,english_loanword
क्वेटा,queta,english_loanword
क्वेस्ट,quest,english_loanword
गजेटियर,gazzeteer,english_loanword
गवर्नर,government,english_loanword
गिनीज़,guinness,english_loanword
गिनेस,guinness,english_loanword
गुप्तचर,guptchar,english_loanword
गुप्तचरों,guptcharon,english_loanword
गेजेट,gadget,english_loanword
गैजेट,gadget,english_loanword
गैलक्सी,galaxy,english_loanword
गैलेक्सी,galaxy,english_loanword
गॉस,goss,english_loanword
गौस,gauss,english_loanword
ग्रास,grass,english_loanword
ग्रीनविच,greenwitch,english_loanword
ग्रैजुएशन,graduation,english_loanword
ग्लास,glass,english_loanword
ग्लासगो,glassgo,english_loanword
ग्लासों,glasson,english_loanword
ग्लैक्सो,glaxo,english_loanword
चुगताई,chughtai,english_loanword
चेरिटेबल,charitable,english_loanword
चेस,chess,english_loanword
चेसिस,chassis,english_loanword
जंक्शन,junction,english_loanword
जजमेंट,judgement,english_loanword
जनरेशन,generation,english_loanword
जाफना,jaffna,english_loanword
जाफर,jaffer,english_loanword
जाफरी,jaffery,english_loanword
जिंक्स,jinx,english_loanword
जुरासिक,jurassic,english_loanword
जेफ,jeff,english_loanword
जेफ्री,geoffrey,english_loanword
जेस,jess,english_loanword
जेसिका,jessica,english_loanword
जैकलिन,jacqeline,english_loanword
जैज,jazz,english_loanword
जैज़,jazz,english_loanword
जैनरेशन,generation,english_loanword
जैफ,jeff,english_loanword
जैफरी,jeffrey,english_loanword
जैस,jass,english_loanword
जैसोर,jessore,english_loanword
ज्यॉफ्री,geoffrey,english_loanword
टफी,taffi,english_loanword
टर्मिनेशन,termination,english_loanword
टिशूज,tissues,english_loanword
टेक्नीक्स,techniques,english_loanword
टेक्सटाइल्स,textiles,english_loanword
टेक्सस,texas,english_loanword
टेक्स्ट,text,english_loanword
टेबल,table,english_loanword
टेबलें,tablein,english_loanword
टेलिविजन,television,english_loanword
टेलिविज़न,television,english_loanword
टेलीकम्युनिकेशन,telecommunication,english_loanword
टेलीविजन,television,english_loanword
टैक्सियां,taxiya,english_loanword
टैक्सियों,taxion,english_loanword
टैक्सीवे,taxive,english_loanword
टॉक्सिक,toxic,english_loanword
टॉस,toss,english_loanword
ट्रांजैक्शन,trangaction,english_loanword
ट्रांसपोर्टेशन,transformation,english_loanword
ट्रांसमिशन,transmission,english_loanword
ट्राइबल,trible,english_loanword
ट्रैक्स,tex,english_loanword
डच,dutch,english_loanword
डचों,dutchon,english_loanword
डफ,duff,english_loanword
डाइऑक्साइड,dioxide,english_loanword
डाइजेशन,digestion,english_loanword
डाइमेंशन,dimension,english_loanword
डायऑक्साइड,dioxide,english_loanword
डायनेमिक्स,dynamix,english_loanword
डायरेक्शन,direction,english_loanword
डिक्लेरेशन,declaration,english_loanword
डिप्रेशन,depression,english_loanword
डिफरेंट,difference,english_loanword
डिफिकल्ट,difficult,english_loanword
डिविजन,devision,english_loanword
डिविजनों,divisionon,english_loanword
डिसकस,discuss,english_loanword
डिस्टिंक्शन,distinction,english_loanword
डिस्ट्रक्शन,destruction,english_loanword
डिस्पैच,dispatch,english_loanword
डिस्लेक्सिया,dyslexia,english_loanword
डेजर्ट,dessert,english_loanword
डेफिनेशन,defination,english_loanword
डॉटर्स,daughters,english_loanword
डोमिनेशन,domination,english_loanword
ड्रेस,dress,english_loanword
ड्रेसडेन,dressden,english_loanword
ड्रेसिंग,dressing,english_loanword
ड्रेस्ड,dressed,english_loanword
ड्रॉपबॉक्स,dropbox,english_loanword
तलाक,talaq,english_loanword
तालुकदार,taluqdar,english_loanword
तुसाद,tussaud,english_loanword
त्रिचूर,thrissur,english_loanword
थैलीसीमिया,thalassemia,english_loanword
थ्रोट,throught,english_loanword
दशहरे,dussehre,english_loanword
दुर्घटनाग्रस्त,durghtnagrast,english_loanword
नक्श,naqsh,english_loanword
नक्शबंदी,naqshbandi,english_loanword
नस,nass,english_loanword
नाइट,night,english_loanword
नाइटेंगल,nightengal,english_loanword
नाइट्स,nights,english_loanword
नाईट,night,english_loanword
नाईट्स,night,english_loanword
निक्सन,nixon,english_loanword
नेक्सस,nexus,english_loanword
नेक्स्ट,next,english_loanword
नेटफ्लिक्स,netflix,english_loanword
नेविगेशन,navigation,english_loanword
नेशनल,national,english_loanword
नैसकॉम,nasscom,english_loanword
नैस्कॉम,nasscom,english_loanword
न्यूट्रीशन,nuitrition,english_loanword
पराक्साइड,paraoxide,english_loanword
पस,puss,english_loanword
पास,pass,english_loanword
पासबुक,passbook,english_loanword
पासवर्ड,password,english_loanword
पासिंग,passing,english_loanword
पिकासो,picasso,english_loanword
पिक्सल,pixel,english_loanword
पिक्सी,pixie,english_loanword
पिच,pitch,english_loanword
पिसी,pissi,english_loanword
पीच,pitch,english_loanword
पेंच,patch,english_loanword
पैच,patch,english_loanword
पैराडॉक्स,paradox,english_loanword
पॉइजन,poision,english_loanword
पॉक्स,pox,english_loanword
पॉपुलेशन,population,english_loanword
पोजिशनिंग,positioning,english_loanword
पोजीशन,position,english_loanword
पोर्टेबल,portable,english_loanword
पोलराइजेशन,polarization,english_loanword
प्रजातियों,prajation,english_loanword
प्रफुल्ल,prafful,english_loanword
प्रशिया,prussia,english_loanword
प्रिंसेस,princcess,english_loanword
प्रिपरेशन,preparation,english_loanword
प्रेस,press,english_loanword
प्रेसों,presson,english_loanword
प्रॉक्सी,proxie,english_loanword
प्रॉडक्शन,production,english_loanword
प्रोक्सी,proxy,english_loanword
प्रोटेक्शन,projection,english_loanword
प्रोडक्शंस,productions,english_loanword
प्रोडक्शन,production,english_loanword
प्रोफसर,professor,english_loanword
प्रोफ़ेसर,professor,english_loanword
प्रोफेश्नल,professional,english_loanword
प्रोफेसर,professor,english_loanword
प्रोविजनिंग,provisioning,english_loanword
प्रोसेस,process,english_loanword
प्रोसेसर,processor,english_loanword
प्रोसेसिंग,processing,english_loanword
प्लासी,plassey,english_loanword
प्लेसिस,plessis,english_loanword
फर्नेस,firness,english_loanword
फाइट,fight,english_loanword
फाइटर,fighter,english_loanword
फाउंडेशन,foundation,english_loanword
फायरफॉक्स,firefox,english_loanword
फारुक,farooq,english_loanword
फारूक,farooq,english_loanword
फिक्शन,fiction,english_loanword
फिक्सिंग,fixing,english_loanword
फिक्सेशन,fixation,english_loanword
फिक्स्ड,fixed,english_loanword
फिटनेस,fitness,english_loanword
फिनिक्स,phoenix,english_loanword
फीनिक्स,phoenix,english_loanword
फेडेरेशन,federation,english_loanword
फेबल्स,fables,english_loanword
फैक्स,fax,english_loanword
फैशनेबल,fashionable,english_loanword
फॉक्स,fox,english_loanword
फॉसिल,fossil,english_loanword
फोरेक्स,forex,english_loanword
फ्राउनहोफर,fraunhoffer,english_loanword
फ्रिक्वेंसी,frequency,english_loanword
फ्रीक्वेंसी,frequency,english_loanword
फ्लाइट,flight,english_loanword
फ्लाइटें,flightein,english_loanword
फ्लेक्सिबल,flexible,english_loanword
बज,buzz,english_loanword
बजट,budget,english_loanword
बफर,buffer,english_loanword
बफेट,buffet,english_loanword
बाइबल,bible,english_loanword
बाईपास,bipass,english_loanword
बायोमास,biomass,english_loanword
बास,bass,english_loanword
बाॅस,boss,english_loanword
बुटीक,beautique,english_loanword
बेवॉच,baywatch,english_loanword
बैच,batch,english_loanword
बॉक्सर,boxer,english_loanword
बॉक्सर्स,boxers,english_loanword
बॉक्सिंग,boxing,english_loanword
बोझ,bozz,english_loanword
बोटोक्स,botox,english_loanword
बोस,boss,english_loanword
ब्रसेल्स,brussels,english_loanword
ब्राइट,bright,english_loanword
ब्रिग्स,bridges,english_loanword
ब्रिज,bridge,english_loanword
ब्लेसी,blessy,english_loanword
ब्लेस्ड,blassed,english_loanword
मकरंद,maqrand,english_loanword
मकराना,maqrana,english_loanword
मफलर,muffler,english_loanword
माइक्रोप्रोसेसर,microprocessor,english_loanword
मिक्स,mix,english_loanword
मिक्सचर,mixture,english_loanword
मिक्सिंग,mixing,english_loanword
मिनीषा,minissha,english_loanword
मिशन,mission,english_loanword
मिशनरियों,missionariyon,english_loanword
मिशनरी,missionary,english_loanword
मिशनरीज,missionaries,english_loanword
मिशनों,missionon,english_loanword
मिस,miss,english_loanword
मिसाइल,missile,english_loanword
मिसाइलें,missilein,english_loanword
मिसाइल्स,missiles,english_loanword
मिसिसिपी,mississippi,english_loanword
मिसिसॉगा,mississauga,english_loanword
मिसौरी,missauri,english_loanword
मुकद्दर,muqaddar,english_loanword
मुकाबला,muqabla,english_loanword
मुकाबले,muqabaley,english_loanword
मुकाबलों,muqabalon,english_loanword
मुजफ्फरनगर,mujaffarnagar,english_loanword
मुजफ्फरपुर,muzaffarpur,english_loanword
मुजफ्फराबाद,muzaffarabad,english_loanword
मूवमैंट,movement,english_loanword
मूवेबल,moovable,english_loanword
मेंशन,mansion,english_loanword
मेक्सिकन,maxican,english_loanword
मेट्रिक्स,matrix,english_loanword
मेडिकेशन,medication,english_loanword
मेलिसा,melissa,english_loanword
मेसाचुसेट्स,massachusetts,english_loanword
मेसी,messi,english_loanword
मैंशन,mansion,english_loanword
मैक्स,max,english_loanword
मैक्सवेल,maxwell,english_loanword
मैक्सिकन,mexican,english_loanword
मैक्सिको,mexico,english_loanword
मैक्सिम,maxim,english_loanword
मैक्सी,maxi,english_loanword
मैचमेकिंग,matchmaking,english_loanword
मैचों,matchon,english_loanword
मैटर्स,mentors,english_loanword
मैनेजमैंट,management,english_loanword
मैसर्स,messers,english_loanword
मैसेंजर,messenger,english_loanword
मैसेजिंग,massaging,english_loanword
मॉरिस,mauriss,english_loanword
मोजांबिक,mozambique,english_loanword
मोटिवेशनल,motivational,english_loanword
मोनोऑक्साइड,monoxide,english_loanword
मोशन,motion,english_loanword
म्यूटेशन,mutation,english_loanword
यौनिक,younique,english_loanword
रक्तचाप,raktchaap,english_loanword
रसल,russell,english_loanword
राइट,right,english_loanword
राइट्स,rights,english_loanword
राबर्ट्सगंज,robartssaganj,english_loanword
राशनकार्ड,rationcard,english_loanword
रिंगटोंस,ringtoss,english_loanword
रिज,ridge,english_loanword
रिजर्वेशन,reservation,english_loanword
रिजेक्शन,rejection,english_loanword
रिन्यूएबल,renewable,english_loanword
रिसेप्शन,reception,english_loanword
रीमिक्स,remix,english_loanword
रेगुलेशन,regulation,english_loanword
रेजोल्यूशन,resolution,english_loanword
रेडिएशन,radiation,english_loanword
रेडिफ,rediff,english_loanword
रेडियेशन,radiation,english_loanword
रेफर,reffer,english_loanword
रेसलिंग,rassling,english_loanword
रॉस,ross,english_loanword
रोलेक्स,rolex,english_loanword
लक्जमबर्ग,luxembourg,english_loanword
लक्ज़मबर्ग,luxembourg,english_loanword
लक्ष्मणगढ़,laxmangarh,english_loanword
लक्ष्मीकांत,laxmikant,english_loanword
लाइटनिंग,lightening,english_loanword
लाइटवेट,lightvet,english_loanword
लाइटिंग,lighting,english_loanword
लाइट्स,lightes,english_loanword
लाईट,light,english_loanword
लासो,lasso,english_loanword
लिक्विड,liquid,english_loanword
लिक्विडिटी,liquidity,english_loanword
लिफ्ट,liftoff,english_loanword
लिमिटेशन,limitation,english_loanword
लियाकत,liaquat,english_loanword
लेटेक्स,latex,english_loanword
लेफ्टीनेंट,leftiness,english_loanword
लेश,less,english_loanword
लेस,less,english_loanword
लेसन,lession,english_loanword
लॉज,lodge,english_loanword
लॉस,loss,english_loanword
लोकेशन,location,english_loanword
वर्जिन,version,english_loanword
वाइब्रेशन,vibration,english_loanword
वाकर,watcher,english_loanword
वाचस्पति,watchspati,english_loanword
वासेपुर,wasseypur,english_loanword
विच,witch,english_loanword
विजेट,widget,english_loanword
वेंटीलेशन,ventilation,english_loanword
वेक्स,wax,english_loanword
वेट्रेस,waitress,english_loanword
वेट्स,weights,english_loanword
वैक्सीन,waxin,english_loanword
वॉच,watch,english_loanword
वोकेशन,vocation,english_loanword
शन्शी,shanxi,english_loanword
शफीक,shafiq,english_loanword
शिंजियांग,xinjiang,english_loanword
शिआन,xian,english_loanword
शिफॉन,chiffon,english_loanword
शियाओं,xiaon,english_loanword
श्रीमद्भगवद्गीता,shrimadbhagwadgeeta,english_loanword
सनग्लासेस,sunglasses,english_loanword
सफर,suffer,english_loanword
सस्पेंशन,suspension,english_loanword
साइट,sight,english_loanword
साकिब,saqib,english_loanword
सायन,sion,english_loanword
सिंटेक्स,syndex,english_loanword
सिकनेस,sickness,english_loanword
सिक्वल,sequel,english_loanword
सिक्स,six,english_loanword
सिक्सर,sixer,english_loanword
सिक्सर्स,sixer,english_loanword
सिक्स्थ,sixth,english_loanword
सिद्दीकी,siddiqui,english_loanword
सिमुलेशन,simulation,english_loanword
सिलवासा,silvassa,english_loanword
सीजर,sizzer,english_loanword
सेंसेक्स,sensex,english_loanword
सेंसेशन,sensation,english_loanword
सेक्शन,section,english_loanword
सेशंस,sessions,english_loanword
सैंडविच,sandwitch,english_loanword
सोल्यूशन,solution,english_loanword
सोशलिज्म,socialization,english_loanword
स्केच,sketch,english_loanword
स्केचिंग,sketching,english_loanword
स्कॉच,scotch,english_loanword
स्क्वाट,squat,english_loanword
स्क्वाड्रन,squadron,english_loanword
स्क्वाड्रनों,squadrono,english_loanword
स्क्वायड,squad,english_loanword
स्क्वायर,square,english_loanword
स्टफ,stuff,english_loanword
स्टाफ,staff,english_loanword
स्टेनलेस,stainless,english_loanword
स्टेशनरी,stationary,english_loanword
स्टेशनों,stationno,english_loanword
स्ट्रेच,stretch,english_loanword
स्ट्रेचिंग,stretching,english_loanword
स्ट्रेट,straight,english_loanword
स्ट्रेस,stress,english_loanword
स्ट्रॉस,strauss,english_loanword
स्पिंक्स,sphinx,english_loanword
स्पॉटलाइट,sportlight,english_loanword
स्विच,switch,english_loanword
स्विस,swiss,english_loanword
हाइनेस,highness,english_loanword
हाइपरटेंशन,hypertension,english_loanword
हाइबरनेशन,hibernation,english_loanword
हाइलाइट्स,highlights,english_loanword
हिंगलाज,hinglodge,english_loanword
हुसैन,hussain,english_loanword
हेडगियर,hadgear,english_loanword
ह्रास,hrass,english_loanword
ह्वेनसांग,xuanzang,english_loanword
अटेंशन,attention,english_loanword
आप्शन,option,english_loanword
आफ़,off,english_loanword
इकबाल,iqbal,english_loanword
इनसाइट,insight,english_loanword
इनसाइट्स,insights,english_loanword
इन्वेस्टिगेशन,investigation,english_loanword
उड़िसा,odissa,english_loanword
एक्ज़िट,exit,english_loanword
एक्जीक्यूटिव,executive,english_loanword
एक्सल,excel,english_loanword
एमएक्स,mx,english_loanword
एलेक्स,alex,english_loanword
एलेक्सिस,alexis,english_loanword
एलेक्सी,alexi,english_loanword
एसोसिएशनों,associationon,english_loanword
ऐक्टिवेशन,activation,english_loanword
ऐज,edge,english_loanword
कंजेशन,congestion,english_loanword
कव्वाल,qawwal,english_loanword
कुशन,cution,english_loanword
क्लासिकल,classical,english_loanword
क्लासी,classi,english_loanword
क्लासीफिकेशन,classification,english_loanword
क्वांर,quanr,english_loanword
गेस,guess,english_loanword
जज,judge,english_loanword
जिप्सियों,gypsion,english_loanword
जिराफ,giraffe,english_loanword
जेफरी,geoffrey,english_loanword
टाइटन,tighten,english_loanword
टेनेसी,tennessee,english_loanword
डाउट,dought,english_loanword
डीलक्स,deluxe,english_loanword
डोजर,dodger,english_loanword
ड्रिबल,drible,english_loanword
तकदीर,taqdir,english_loanword
दशहरा,dussehra,english_loanword
दुर्घटनाओं,durghtnaon,english_loanword
नक्सलवादियों,naxalvaadiyon,english_loanword
नक्सलवादी,naxalvaadi,english_loanword
नेशन,nation,english_loanword
पब्लिकेशन,publication,english_loanword
पिक्सेल,pixel,english_loanword
पूस,puss,english_loanword
पेपरवेट,paperweight,english_loanword
प्रॉसेस,process,english_loanword
प्रोग्रेसिव,progressive,english_loanword
प्रोफेशन,profesion,english_loanword
प्रोमोशनल,promotional,english_loanword
फंक्शन,function,english_loanword
फैशनबल,fashionable,english_loanword
फ्लिंटॉफ,flintoff,english_loanword
फ्लेक्स,flax,english_loanword
बक्सर,buxar,english_loanword
बॉक्सरों,boxeron,english_loanword
ब्रोमविच,bromwitch,english_loanword
मकबूल,maqbool,english_loanword
मसाज,massage,english_loanword
मुसोलिनी,mussolini,english_loanword
मैंटल,mental,english_loanword
रफीक,rafiq,english_loanword
राशन,ration,english_loanword
राशनिंग,rationing,english_loanword
रिएक्शन,reaction,english_loanword
रिकॉग्निशन,recognition,english_loanword
रिलेशनशिप,relationship,english_loanword
रेवोल्यूशन,revoluation,english_loanword
लक्षमण,laxman,english_loanword
वासियों,wasion,english_loanword
संघठन,sanghthan,english_loanword
सच्चिदानंदन,satchidanandan,english_loanword
सयाजीराव,ssayajirao,english_loanword
स्विच्ड,switched,english_loanword
हाईटेक,hightake,english_loanword
हाईपरटेंशन,hypertension,english_loanword
अर्थक्वेक,earthquake,english_loanword
असेट,asset,english_loanword
इंट्रोडक्शन,introduction,english_loanword
इक्वाडोर,equador,english_loanword
इक्विटीज,equities,english_loanword
इनहेलेशन,inhalation,english_loanword
इशाक,ishaaq,english_loanword
उर्फ,urff,english_loanword
एक्सएम,xm,english_loanword
एसोसिएशन,association,english_loanword
ऑक्साइड,oxide,english_loanword
ऑक्सी,oxy,english_loanword
ऑफशोर,offshor,english_loanword
ऑफिशियल,official,english_loanword
कंजंक्शन,conjunction,english_loanword
कनवेंशन,convention,english_loanword
कन्वेंशन,convention,english_loanword
कन्वोकेशन,convocation,english_loanword
कव्वालियों,qawwaliyon,english_loanword
कव्वाली,qawwali,english_loanword
काजी,qazi,english_loanword
कासिम,qasim,english_loanword
क्यूट,quete,english_loanword
क्यूबेक,quebec,english_loanword
क्लासें,classen,english_loanword
क्लासों,classon,english_loanword
क्वींस,queens,english_loanword
गैलेक्सियों,galaxion,english_loanword
ग्रॉस,gross,english_loanword
टेंशन,tension,english_loanword
डेस्टिनेशन,destination,english_loanword
ड्रेजर,dredger,english_loanword
तुगलक,tughlaq,english_loanword
तुगलकाबाद,tughlaqabad,english_loanword
दुर्घटना,durghtna,english_loanword
नक्सल,naxal,english_loanword
नक्सलवाद,naxalvaaad,english_loanword
नक्सलियों,naxaliyon,english_loanword
नक्सली,naxali,english_loanword
नाइट्रस,nights,english_loanword
नेशंस,nations,english_loanword
पापुलेशन,population,english_loanword
पिगमेंटेशन,pigmentation,english_loanword
पिज्जा,pizza,english_loanword
पैराफिन,paraffin,english_loanword
प्रॉसेसिंग,processing,english_loanword
फ्यूजन,fusion,english_loanword
बाॅक्स,box,english_loanword
ब्रिगटन,brighton,english_loanword
ब्लॉसम,blossom,english_loanword
मास,mass,english_loanword
मेक्सिको,maxico,english_loanword
मैट्रिक्स,matix,english_loanword
मैसाचुसेट्स,massachusetts,english_loanword
रिक्रिएशन,racreation,english_loanword
रिडक्शन,reduction,english_loanword
रोटेशन,rotation,english_loanword
लक्स,lux,english_loanword
लक्सर,luxor,english_loanword
लिबरेशन,liberation,english_loanword
लिब्रेशन,liberation,english_loanword
लैस,less,english_loanword
वायरलेस,wireless,english_loanword
सक्शन,suction,english_loanword
सबमिशन,sabmission,english_loanword
सिमटे,cement,english_loanword
सेक्सुअल,sexual,english_loanword
स्क्वाश,squash,english_loanword
स्क्वैश,squash,english_loanword
स्ट्रास,stress,english_loanword
हकीकत,haqeeqat,english_loanword
होस्टेस,hostess,english_loanword
एक्स्ट्राइडेड,extraided,english_loanword
ट्रांजिश्नल,transitional,english_loanword
अपार्टमेंन्ट,apartment,english_loanword
डिफलेक्शन,deflection,english_loanword
ट्रैडिशनल,traditional,english_loanword
ब्रेग्ज़िट,brexit,english_loanword
प्रोस्टिट्यूशन,prostitution,english_loanword
क्लाईमैक्स,climax,english_loanword
एटसम,eightsome,english_loanword
ओक्सली,oxly,english_loanword
ऑप्टिमाइज़ेशन,optimisation,english_loanword
इक्विनॉमिक्स,equinomics,english_loanword
कॉम्पलेक्सिटी,complexity,english_loanword
एक्स्प्लनेशन,explanation,english_loanword
होलीक्रॉस,holycross,english_loanword
एम्पटीनेस,emptiness,english_loanword
डिस्क्ट्रक्शन,destruction,english_loanword
मुज्जफ्फरपुर,mujjaffarapur,english_loanword
एफएफएमपीईजी,ffmpeg,english_loanword
प्रेस्क्रिप्शन्स,prescription,english_loanword
सिक्वेसट्रेशन,sequestration,english_loanword
पायरेक्सिया,pyrexia,english_loanword
स्टेरेलाइजेशन,sterilization,english_loanword
अनेबल,unable,english_loanword
सिविलाइजेशनल,civilizational,english_loanword
सिनेफ्लैक्स,cinephlex,english_loanword
हाइड्रोक्सील,hydroxyl,english_loanword
साेल्युशन्स,solutions,english_loanword
बिजनैसमैन,businessman,english_loanword
एलडब्ल्यूएसएस,lwss,english_loanword
बसस्टैंड,busstaind,english_loanword
फ्रेशनेस,freshness,english_loanword
एक्सयूब्रैंस,exuberance,english_loanword
डब्ल्यूटीएफएफ,wtff,english_loanword
मॉनिटाइजेशन,monetisation,english_loanword
कॉन्वरसेशंस,conversations,english_loanword
एमएक्सएनएक्स,mxnx,english_loanword
एक्सः,xah,english_loanword
वॉयलेशंस,violations,english_loanword
ड्रेसें,dressen,english_loanword
स्टैंडरडाइज़ेशन,standardization,english_loanword
मिक्सियों,mixiyon,english_loanword
इग्जॉटिका,exotica,english_loanword
ऑब्सट्रेक्शन,obstraction,english_loanword
एक्सपेक्टेशन्स,expectations,english_loanword
एक्सटी,xt,english_loanword
विजनस्कूल,visionschool,english_loanword
पैसेंजरगाड़ी,passengergadhi,english_loanword
मैक्सिकन्स,maxicans,english_loanword
टैक्सकर्मियों,taxkarmiyon,english_loanword
प्रोविजनों,provisionon,english_loanword
टेक्सप्रोकिल,texprocil,english_loanword
एसपीक्यूएम,spqm,english_loanword
ऐक्सेसरीज,accessories,english_loanword
कॉन्ग्रेचुलेशन,congratulation,english_loanword
लखनऊमुजफ्फरनगर,lucknowmuzaffarnagar,english_loanword
आब्शेसन,obsession,english_loanword
काम्प्लेक्सिटी,complexity,english_loanword
वालीसेक्स,valeesex,english_loanword
कॉपीराइटः,copyrighth,english_loanword
ऑक्सिडेंट्स,oxidants,english_loanword
कॉम्पलेक्शन,complexion,english_loanword
एक्सट्रैडिशन,extradition,english_loanword
एक्सट्रैक्टेंट,extractant,english_loanword
इलेक्टि्रफिकेशन,electrification,english_loanword
एक्सट्रूडर,extruder,english_loanword
ड्रॉक्स,drox,english_loanword
फुफ्फुसीय,fuffuseey,english_loanword
लायनेस,lioness,english_loanword
इमोश्नल,emotional,english_loanword
ऐक्ट्रेसेस,actresses,english_loanword
बैंक्वैट,banquet,english_loanword
ऑडिशंस,auditions,english_loanword
एमर्शन,emersion,english_loanword
पीबीएफएफ,pbff,english_loanword
वीएक्स,vx,english_loanword
डिसएबलमेंट,disablement,english_loanword
बीडब्लूएसएसबी,bwssb,english_loanword
प्रोडक्शनमें,productionmen,english_loanword
इफेक्टों,effecton,english_loanword
ऑपरेशनलाइजेशन,operationalization,english_loanword
आरबीएसएसएस,rbsss,english_loanword
एक्स्ट्रेस,extress,english_loanword
सैरेड़ेक्स,seradex,english_loanword
इनफ्लेक्सीयों,inflexiyon,english_loanword
एडिशनों,editionon,english_loanword
सेंसेशनेलिज्म,sensationalism,english_loanword
टॉक्सिफिकेशन,toxification,english_loanword
डिसमिस,dismiss,english_loanword
ऐनिमेशन,animation,english_loanword
एनसीईएसएस,ncess,english_loanword
एक्सआर,xr,english_loanword
स्ट्रक्शन,struction,english_loanword
एनारेक्सिया,anorexia,english_loanword
कॉम्पलिकेशन्स,complications,english_loanword
टीएक्स,tx,english_loanword
एक्सपेक्टड,expektad,english_loanword
एक्सीडेंस,axidens,english_loanword
साइटिंग्स,sightings,english_loanword
डब्ल्यूआरएसएस,wrss,english_loanword
इलैक्ट्रोक्यूशन,electrocution,english_loanword
एक्सफोर्स,xphors,english_loanword
ग्रासहॉपर,grasshopper,english_loanword
डिस्ट्रीब्यूशनल,distributional,english_loanword
ऐस्पेक्ट,expect,english_loanword
रिकॉन्स्ट्रक्शन,reconstruction,english_loanword
प्रोफशनली,professionally,english_loanword
फाउनडेशनों,foundationon,english_loanword
एक्सप्लोइटेड,exploited,english_loanword
रिस्ट्रीक्शन,restriction,english_loanword
डिमार्केशन,demarcation,english_loanword
एक्सप्लाइट्स,exploits,english_loanword
डिमॉनिटाइजेशन,demonetisation,english_loanword
रिफेंडेबल,refundable,english_loanword
एक्सॉटिका,exotica,english_loanword
डब्ल्यूएएसएस,wass,english_loanword
जीजीएसएस,ggss,english_loanword
मुज़फ्फ्फरपुर,mujhafffarapur,english_loanword
प्रॉसेक्यूशन,prosecution,english_loanword
कॉन्टेक्सट,context,english_loanword
एसएक्यू,saq,english_loanword
क्विंसी,quincey,english_loanword
मल्टीसेसन,multisession,english_loanword
आफीसिनेल,officinale,english_loanword
ब्राजाविले,brazzaville,english_loanword
मोकैम्बिक,mocambique,english_loanword
सल्यूशन,solution,english_loanword
टास,toss,english_loanword
नोज़ल्स,nozzles,english_loanword
अन्नोटेशन,annotation,english_loanword
एग्रेसिव,agressive,english_loanword
टैक्सोन,taxon,english_loanword
टफ़,tuff,english_loanword
एक्स्टेंसिबल,extensible,english_loanword
एनसीडीईएक्स,ncdex,english_loanword
चुंबकीय,chumbaqiya,english_loanword
दत्तक,dattaq,english_loanword
हेलिक्स,helix,english_loanword
संभाले,enable,english_loanword
स्लेज,sledge,english_loanword
बेकलाइट,backlight,english_loanword
कम्युनिकेशन्स,comunications,english_loanword
नेविजेनिक्स,navigenix,english_loanword
बेनेलक्स,benelux,english_loanword
सोल्यूशन्स,solution,english_loanword
साइमन्सन,simonsson,english_loanword
ख़कासिया,khakassia,english_loanword
कुतुबशाही,qutubshahi,english_loanword
एक्सपांडर,expanders,english_loanword
कम्पोज़िशन,composition,english_loanword
टैक्सोनोमिक,taxonomic,english_loanword
मैट्रिकुलेशन,matriculation,english_loanword
मल्टीस्विच,multiswitch,english_loanword
रीकर्सन,recursion,english_loanword
क्रॉसरोडस,crossroads,english_loanword
ब्रिकेट्स,briquettes,english_loanword
डिटेक्शन,detection,english_loanword
रिफंडेबल,refundable,english_loanword
ज़ेनान,xenon,english_loanword
रेफ्रिजरेटर,refrigeration,english_loanword
कोल्डफ्यूशन,coldfusion,english_loanword
एक्सइफ़,exif,english_loanword
एज़्युपेरी,exupery,english_loanword
अलंकारिक,alanqaarit,english_loanword
सीबैस,seabass,english_loanword
कशीफ,qasheeph,english_loanword
अपेन्डिक्स,appendix,english_loanword
मिटिगेशन,mitigation,english_loanword
मादक,maadaq,english_loanword
इंटरप्रटेशन,interpretation,english_loanword
एबेस्ट्रेक्शन,abstraction,english_loanword
रेगएक्सपी,regexp,english_loanword
मिक्सी,mixie,english_loanword
नकी,naqi,english_loanword
नबीबख्श,nabibux,english_loanword
बोरुसिया,borussia,english_loanword
बकने,baqane,english_loanword
पासवर्डों,passwords,english_loanword
फ्रेट,freight,english_loanword
एस्कॉर्ट,xcot,english_loanword
मैसेंजिंग,messaging,english_loanword
एक्सपांसन,expansion,english_loanword
जॉक्स,joux,english_loanword
एसएफएफ,sff,english_loanword
क्वैल,quail,english_loanword
शोधक,shodhaq,english_loanword
ग्रिफ्फिथ,griffith,english_loanword
ह्वाइट,height,english_loanword
डिहाड्रेशन,dehydration,english_loanword
टैक्सा,taxa,english_loanword
प्लेक,plaques,english_loanword
होमोलोगेशन,homologation,english_loanword
सिनेरामा,xinerama,english_loanword
एक्सरट्रैक्ट्सट,extracts,english_loanword
क्विन्सी,quincey,english_loanword
इक्वेशन,iqveshan,english_loanword
ईक्विटी,eeqwiti,english_loanword
ढंक,dhanq,english_loanword
पिक्सलाइज,pixelize,english_loanword
सेंधानमक,sendhanamaq,english_loanword
एक्सटेंशंज़,extensions,english_loanword
क्यूएमएससीएस,qmscs,english_loanword
कोरीलेशन,correlation,english_loanword
ब्रेजिअर,brassiere,english_loanword
गासेत,gasset,english_loanword
काउंटेस,countess,english_loanword
पाइरीडाक्सीन,pyridoxamine,english_loanword
ज्हिंजियांग,xinjiang,english_loanword
चोंगकिंग,chongqing,english_loanword
स्टाफ़,stuff,english_loanword
रीग्रेसन,regression,english_loanword
पेकिंग,peqing,english_loanword
कोमेक्स,comex,english_loanword
खौफ़,khauff,english_loanword
एनआईक्यूआर,niqr,english_loanword
एक्सबेस,xbase,english_loanword
मेसिना,messina,english_loanword
फार्मुलेशन,phaarmulation,english_loanword
बेलारस,belorussia,english_loanword
जाइलम,xylem,english_loanword
रॉकब्रिज,rockbridge,english_loanword
प्रादुरोक्स,praduroux,english_loanword
अफ्सर,affsar,english_loanword
टिफेनी,tiffeni,english_loanword
मेच्यूरेशन,maturation,english_loanword
चेकों,cheques,english_loanword
इंटरैक्शन,interaction,english_loanword
ड़्रेसिंग,dressing,english_loanword
ड्राट्स,draughts,english_loanword
हेजर,hedger,english_loanword
लुकाट,loquot,english_loanword
एट,eight,english_loanword
कोरटेक्स,cortex,english_loanword
जसचन्द्रिका,jaschandriqa,english_loanword
रेडब्रिज,redbridge,english_loanword
प्रेसपन,presspn,english_loanword
डाकुमेन्टेशन,documentation,english_loanword
रेग्युलेशन,regulations,english_loanword
एसोसिएशनें,associations,english_loanword
सिजर्स,scissorsors,english_loanword
क्वेशुआ,quechuan,english_loanword
जाफ़री,jaffrey,english_loanword
परीक्षाओं,pariqshaon,english_loanword
नेगोशिएबल,negotiable,english_loanword
ब्रेसिकेसिया,brassicaceae,english_loanword
ईराकी,iraqis,english_loanword
क्यूडायल,qdial,english_loanword
पेनसिलवेनिया,penssylvania,english_loanword
आक्सलेट,oxalate,english_loanword
नोटेशनों,notations,english_loanword
रूथलेस,ruthless,english_loanword
एजेकील,ezequiel,english_loanword
इन्स्टीट्यूशनल,institutional,english_loanword
एक्जइफ़,exif,english_loanword
हाइपोफेरिंग्स,hypopharynx,english_loanword
डंक,danq,english_loanword
किल्विष,qilvish,english_loanword
काफिर,kaffirs,english_loanword
कनवर्सेसन,konversation,english_loanword
ब्राज़ाविले,brazzaville,english_loanword
क्वार्ट्स,quarts,english_loanword
एक्ज़ीक्यूटेबल,executable,english_loanword
सीलियोजिस,coelioxys,english_loanword
बूचड़,butcher,english_loanword
बुनकरों,bunqaron,english_loanword
क्यूबर्ट,qbert,english_loanword
नाइटफ़ाल,nightfall,english_loanword
सिद्धांतों,ssidhanto,english_loanword
दबकर,dabaqar,english_loanword
नासिर,nasser,english_loanword
क्वालिटास,qualitas,english_loanword
एक्सएमपी,xmp,english_loanword
करवाए,qarwae,english_loanword
अभिषिक्त,abhishiqt,english_loanword
कष्टदायी,qashtdayi,english_loanword
फिक्सड,fixed,english_loanword
बजटरी,budgetary,english_loanword
मुक्तादा,muqtada,english_loanword
मेसेजिंग,messaging,english_loanword
कार्बोक्सिन,carboxin,english_loanword
ख़ोसा,xhosa,english_loanword
नाभिकों,nabhiqon,english_loanword
ऑफेनपेस्ट,offenpest,english_loanword
शरतचन्द्र,saratchandra,english_loanword
सुहिणी,ssuhni,english_loanword
असेंबलर,assembler,english_loanword
मैलिसा,melissa,english_loanword
इक्वलाइजर,equalizer,english_loanword
ट्रैंक्विलाइज़र्स,tranquillisers,english_loanword
प्रुशिया,prussia,english_loanword
डिस्असेम्बल्ड,disassembled,english_loanword
अघिकतम,adhiqtam,english_loanword
जस्फइराबादी,jaffrabadi,english_loanword
माइएसक्यूएल,mysql,english_loanword
डिस्प्रोपोर्शन,disproportion,english_loanword
टैक्सिज,taxes,english_loanword
कम्पेटिबल,compatible,english_loanword
बोसा,bossa,english_loanword
किशनगढ़,qishangarh,english_loanword
स्विजल,swizzle,english_loanword
स्ट्रैचर,stretcher,english_loanword
कांग्रेसवालों,congressmen,english_loanword
इंडेक्स्ड,indexed,english_loanword
प्लेस्टेशन,playstation,english_loanword
कंफर्टेबल,comfortable,english_loanword
मल्टीफ़ंक्शनल,multifunctional,english_loanword
एस्टीमेशन,estimation,english_loanword
मेन्टलप्लेक्स,mentalplex,english_loanword
एनक्यू,enqueue,english_loanword
मुंसिफ,munsiff,english_loanword
सेक्शनों,sectionon,english_loanword
हाफकिन्स,haffkine,english_loanword
एसएसएसबीई,sssbes,english_loanword
टेसी,tessy,english_loanword
पैचेस,patches,english_loanword
समितियों,samition,english_loanword
एसेंशन,ascension,english_loanword
रेवड़,rewarx,english_loanword
मुसोलिना,mussolina,english_loanword
इसहाक़,issac,english_loanword
इकाल्यूत,iqaluit,english_loanword
एक्सट्राकार्पोरियल,extracorporeal,english_loanword
वरग्लास,verglasss,english_loanword
बिनहेक्स,binhex,english_loanword
सेटेक्स्ट,setext,english_loanword
एनरिक,enrique,english_loanword
पैसेज,passage,english_loanword
संस्थाओंके,sansthaonqe,english_loanword
स्टेरिलाइजेशन,sterilisation,english_loanword
मैकमुरी,macquarie,english_loanword
मुसान,musson,english_loanword
इंटरप्शन,interruption,english_loanword
थलैसा,thalassa,english_loanword
तुषार,tusshar,english_loanword
प्रोग्रामयोग्य,programmable,english_loanword
प्रोमिसरी,promissory,english_loanword
उपपिक्सेल,subpixel,english_loanword
इरेक्शन,erection,english_loanword
युबिक्युअस,ubiquitous,english_loanword
लोएस,loess,english_loanword
रेग्यूलेशन,regulation,english_loanword
मारक्यूसास,marquesas,english_loanword
अब्रेशन,aberration,english_loanword
एक्सेहस,access,english_loanword
रिमाइलिनेशन,remyelination,english_loanword
मतैक्य,mataiqy,english_loanword
सिंप्लेक्स,simplex,english_loanword
जैसिड,jassids,english_loanword
एम्बेडेबल,embeddable,english_loanword
ओट्रेक्स,otrex,english_loanword
हैडक्वार्टर,haidqwartar,english_loanword
ज़क्कूम,zaqqoom,english_loanword
मसीहा,messiah,english_loanword
मायक्सेडेमा,myxedematous,english_loanword
ज्ञानेश्वर,xyanershwar,english_loanword
भोलीभाली,gullible,english_loanword
एंक्विलोसिस,anquilosis,english_loanword
इंप्रेस,impress,english_loanword
लैक्रोस,laycross,english_loanword
सादिकाबाद,sadiqabad,english_loanword
एक्सपोनेन्ट,exponent,english_loanword
एक्जास्ट,exhaust,english_loanword
यिक,yiq,english_loanword
प्रेसबर्ग,pressburg,english_loanword
बैंकयोग्य,bankable,english_loanword
हाफेसोब्रीकोन,hyphessobrycon,english_loanword
इमर्सन,immersion,english_loanword
हुसैनी,husseini,english_loanword
बेलिफ़,bailiff,english_loanword
संग्राहक,sangrahaq,english_loanword
प्रैक्टीशनर,practitioner,english_loanword
श्रेयस्कर,shreyasqar,english_loanword
केडेवसीशार्पसपोर्ट,kdevcsssupport,english_loanword
चिनान्तेकीला,chinantequilla,english_loanword
स्क्रैचबाक्स,scratchbox,english_loanword
प्रिवैंशन,prevention,english_loanword
जासिम,jassim,english_loanword
एस्ट्राज़ेनेका,extrazeneka,english_loanword
प्रोटॉक्साइड,protoxide,english_loanword
ब्रेकिंग,breqing,english_loanword
एसेस,assesses,english_loanword
क्लासनाम,classname,english_loanword
रैंडोमनेस,randomness,english_loanword
लक्ष्मणसिंह,laxmansingh,english_loanword
डुप्लेिंग,duplexing,english_loanword
कैदखाने,qaidkhane,english_loanword
वोर्टेक्सर,vortexer,english_loanword
सिन्टेक्स,syntax,english_loanword
केसीएमसिनेरामा,kcmxinerama,english_loanword
पज़ल्स,puzzles,english_loanword
रिफिलेबल,refillable,english_loanword
टैक्सियाँ,taxis,english_loanword
कीलेशन,chelation,english_loanword
क्वेस्चन,question,english_loanword
ख़िलाफ,qhilaaph,english_loanword
हेयरलैस,hairless,english_loanword
स्टाफिंग,staffing,english_loanword
देकोनेस,deaconess,english_loanword
लिबजिप,libxz,english_loanword
अशुअर्ड,assured,english_loanword
स्विचों,switcho,english_loanword
एक्ससिंक,xsync,english_loanword
ग्रोसो,grosso,english_loanword
एक्संचेंजों,exchanges,english_loanword
क्वैस्ट,quest,english_loanword
नामिति,nomination,english_loanword
एक्समोडम,xmodem,english_loanword
एनुमरेशन,enumerations,english_loanword
ब्रोंक्स,bronx,english_loanword
डिलीशन,deletion,english_loanword
हेडक्वार्टर,headquarters,english_loanword
मोनोआक्साइड,monoxide,english_loanword
डिहाइड्रेशन,dehydration,english_loanword
गुएयाक्विल,guayaquil,english_loanword
आंशका,ashanqa,english_loanword
इत्तफ़ाक,ittefaq,english_loanword
माड्यूलेशन,modulation,english_loanword
सेसोन,sasson,english_loanword
कन्टेक्स्चुअल,contextual,english_loanword
बिसावू,bissau,english_loanword
अनौपचारिक,anaupachaariq,english_loanword
ट्रांसफार्मेशन,transformation,english_loanword
कोलोकेसिया,colocassia,english_loanword
रिकेट्सिया,ricketssia,english_loanword
इनसफिसिएंसी,insufficiency,english_loanword
परक्यूसिव,percussive,english_loanword
स्क्रिप्ट,scriptable,english_loanword
स्क्वेर,squared,english_loanword
लेमनग्रास,lemongrass,english_loanword
कोएफ़िशिएंट,coefficients,english_loanword
डेराबस्ती,derabassi,english_loanword
अस्तबल,stable,english_loanword
रिलेक्स,relax,english_loanword
पासवर्ड्स,password,english_loanword
एरिसाइपेलोथ्रिक्स,erysipelothrix,english_loanword
जिऑफ,jioff,english_loanword
डिवैल्पमैंट,dewelopment,english_loanword
डिपोजिशन,deposition,english_loanword
स्क्वर्ट,squirt,english_loanword
इनिशियलाइजेशन,initialization,english_loanword
क्वीन्सलैण्ड,queensland,english_loanword
कम्पनसेशन,kampansetion,english_loanword
मानीटर,monitress,english_loanword
कंपाइलेशन,compilation,english_loanword
सुब्बुलक्ष्मी,subbulaxmi,english_loanword
पिक्समेप्स,pixmaps,english_loanword
लोपास,lowpass,english_loanword
अपोमिक्सी,apomixis,english_loanword
डाईआक़्साइड,dioxide,english_loanword
पार्टिसिपेशन,participation,english_loanword
उपकेन्द्र,upqendra,english_loanword
पब्लिकेशन्स,publications,english_loanword
एएमएक्स,amx,english_loanword
केण्डल,qendal,english_loanword
पोज़िशनिंग,positioning,english_loanword
मज़ा,mazza,english_loanword
वैतरणी,styx,english_loanword
वर्कस्टेशनों,workstations,english_loanword
पिश्ताक,pishtaq,english_loanword
र्फ़ग्यूसन,fergusson,english_loanword
फ़िक्सेस,fixes,english_loanword
रचक,rachaq,english_loanword
रिफ्लैक्शन,reflection,english_loanword
लेगटन,leighton,english_loanword
वेदव्यास,vedwyass,english_loanword
संकीर्णताओं,sanqirntaon,english_loanword
एफिड,effid,english_loanword
हैलिकोटाइलिंकस,hailiqotailinkas,english_loanword
कंसिलिएशन,conciliation,english_loanword
नेसेट,knesset,english_loanword
पोज़िक्स,posix,english_loanword
वक्रता,vaqrata,english_loanword
मिसकीन,misskin,english_loanword
पेन्शनर,pensioner,english_loanword
डिसैन्जीटाइजेशन,desensitization,english_loanword
कार्टरिज़,cartridge,english_loanword
लक्सेमबोर्ग,luxemburg,english_loanword
इत्तफाक,ittefaq,english_loanword
प्रोफेशनल्स,professionals,english_loanword
तस्करी,tasskari,english_loanword
मार्क्वेस,marquesas,english_loanword
मेकाक,macaque,english_loanword
सक्सेशन,succession,english_loanword
गौसिपियम,gossypium,english_loanword
स्क्विरल,squiral,english_loanword
स्क्नर्ट,squirt,english_loanword
मॅटोग्रोसेंस,matogrossense,english_loanword
रिदमबाक्स,rhythmbox,english_loanword
प्रादेशिक,pradeshiq,english_loanword
ट्रैडिशन,tradition,english_loanword
एक्ज़इफ,exif,english_loanword
रिप्लीकेशन,replication,english_loanword
क्विलोन,quilon,english_loanword
मुसाका,moussaka,english_loanword
विजेटों,widgets,english_loanword
कूबर,qubar,english_loanword
स्कैलिक्स,scalix,english_loanword
अग्ग्रेसन,aggression,english_loanword
मिडलसेक्स,middlesex,english_loanword
झुँझलाकर,jhunjhalaaqar,english_loanword
एक्स्ट्रेक्शन,extraction,english_loanword
क्वांर्ट्ज,quartz,english_loanword
ब्लेसिंग,blessing,english_loanword
किस्म,qism,english_loanword
ब्राज़विल,brazzaville,english_loanword
रीडम्प्शन,redemption,english_loanword
असैस्मैन्ट,assessment,english_loanword
ड्राईनेस,dryness,english_loanword
गाउस,gaussian,english_loanword
आफसेट,offset,english_loanword
एक्सफ़िग,xfig,english_loanword
वोलेस्टोनाइट,volestonight,english_loanword
बेलिफ,bailiff,english_loanword
चैरेक़्सेज,charaxes,english_loanword
भिकनेर्,bhiqner,english_loanword
एक्वुआ,aqua,english_loanword
इथरएक्प्रेस,etherexpress,english_loanword
टापड्रेसिंग,tapdreissing,english_loanword
एअरहोस्टेस,airhostess,english_loanword
मध्यांक,madhyaanq,english_loanword
गैलेक्सियाँ,galaxy,english_loanword
स्विचफुट,switchfoot,english_loanword
मनमाफिक,manmafiq,english_loanword
दफ्तर,dafftar,english_loanword
माइग्रेशन,migration,english_loanword
पिचब्लेंड,pitchblende,english_loanword
जेनोस,xenos,english_loanword
खानगह,khanquah,english_loanword
रॉक्सबरी,roxbery,english_loanword
वर्कस्टेशन,workstation,english_loanword
ग्लोस्पेस,glonass,english_loanword
नाइटक्लब,nightclubs,english_loanword
ब्राज़ावेल,brazzaville,english_loanword
भट्टियों,bhattion,english_loanword
रक्ताल्पता,raqtaalpata,english_loanword
लरिसा,larissa,english_loanword
जोहानसन,johansson,english_loanword
मोनाक्साइड,monoxide,english_loanword
कस्बो,qasbo,english_loanword
नैवीगेशन,navigation,english_loanword
कमिशंड,commissioned,english_loanword
दोवासियों,dovasion,english_loanword
ज़िंग,xing,english_loanword
कैसिन,cassin,english_loanword
झपका,jhapqa,english_loanword
लुनाचार्स्की,lunaachaarsqee,english_loanword
यूनीक,unique,english_loanword
क्विन्टल,quintal,english_loanword
एनेक्सर,annexure,english_loanword
एक्सपेंस,expense,english_loanword
इन्क्लूज़न,inclusion,english_loanword
तकलीफ,taqlifa,english_loanword
एक्सएसएलटी,xslt,english_loanword
पीज़ाबाला,pizzaballa,english_loanword
प्रैसर,praisser,english_loanword
बगफ़िक्सेस,bugfixes,english_loanword
वैसल्स,wessels,english_loanword
उपस्कर,upasqar,english_loanword
मुफ़क्किर,muffaakir,english_loanword
कोम्पुटशनल,computational,english_loanword
डिस्पैचर,dispatcher,english_loanword
लक्ज़मबोर्ग,luxemburg,english_loanword
मुलाकातें,mulaqaatein,english_loanword
बेबस,bebass,english_loanword
एपेण्डिक्स,appendix,english_loanword
सेंडबाक्स,sandbox,english_loanword
फाँक,faanq,english_loanword
वेलिडेशन,validation,english_loanword
विजन,vision,english_loanword
एसएसएल,ssl,english_loanword
कम्प्रेसन,compression,english_loanword
गलनांक,galnanq,english_loanword
मैक्सिकों,maixico,english_loanword
प्रीफ़िक्सेस,prefixes,english_loanword
डोसियर,dossier,english_loanword
रिजेक्स,regex,english_loanword
प्रतिभूतियों,pratibhution,english_loanword
टारनीक्वेट,tourniquet,english_loanword
पार्कों,parqon,english_loanword
प्रोफ़ेसरों,professors,english_loanword
सेक्सोनी,saxony,english_loanword
टेक्सचर,texture,english_loanword
आईसीएसएसआर,icssr,english_loanword
शाब्दिक,shaabdiq,english_loanword
कम्प्रैशन,compression,english_loanword
कोरंडम,qorandam,english_loanword
एक्सन,exxon,english_loanword
क्वेक,quake,english_loanword
माइक्रोप्रोसेसरों,microprocessors,english_loanword
बिजनेसमैन,businessman,english_loanword
वाइमेक्सआ,wimax,english_loanword
क्वांटा,quanta,english_loanword
डिपार्टमैंट,deparrtment,english_loanword
शान्शी,shaanxi,english_loanword
फ्रैचचाक,fratchak,english_loanword
प्रेज़ेन्टेशन,presentation,english_loanword
न्यूट्रीशिन,nutrition,english_loanword
डेक्यूमिनस,deqyuminas,english_loanword
इंस्ट्रक्शंस,instruction,english_loanword
पोस्टप्रोसेसिंग,postprocessing,english_loanword
एक्समाउथ,exmouth,english_loanword
फ़र्रुख़ाबाद,farooqabad,english_loanword
इन्क्यूबेशन,incubation,english_loanword
एडल्ट्रेशन,adulteration,english_loanword
पीआईएक्स,pix,english_loanword
माइक्रोमैक्स,micromax,english_loanword
मारक्वीस,marquis,english_loanword
संपरीक्षित,smpareeqshit,english_loanword
सेक़्सटन,sexton,english_loanword
एक्सपायरेशन,expiration,english_loanword
एंटीआक्सिडेंट,antioxident,english_loanword
कार्तिकेय,qartikey,english_loanword
एसर्ट्स,asserts,english_loanword
हेशी,hexi,english_loanword
चौपट,wreck,english_loanword
वाईमैक्स,wimax,english_loanword
रूसियों,russians,english_loanword
शिनिंग,xining,english_loanword
ब्रिकेटिंग,briquetting,english_loanword
ट्रंकेशन,truncation,english_loanword
कनेक्शन्स,connections,english_loanword
ख़ाचीतरख़ान,xacitarxan,english_loanword
टाँगनॉक्सी,tonganoxie,english_loanword
ग्लासहाउस,glasshouse,english_loanword
लफ्जों,laffjon,english_loanword
ज़ीरोफ्थैलमिया,xerophthalmia,english_loanword
क्रेपोटिशन,crepitation,english_loanword
करारो,qaroro,english_loanword
ज़ाइनेलोल,xynelol,english_loanword
अनरिकवरेबल,unrecoverable,english_loanword
मैक्रोग़्लोसम,macroglossum,english_loanword
हिचकॉक,hitchkok,english_loanword
मकबरे,maqbare,english_loanword
रेडॉटेबल,redatable,english_loanword
फ्लोक्स,phlox,english_loanword
पेरोक्साइड,peroxide,english_loanword
कुतयलाह,qutayyah,english_loanword
पारनैसियन,parnassius,english_loanword
पेंटोक्साइली,pentoxylae,english_loanword
बाकि,baaqi,english_loanword
कोपरेशन,cooperation,english_loanword
परमिशन,permission,english_loanword
एफएफबी,ffb,english_loanword
डैस्टिनेशन,destinations,english_loanword
पेसेंजर,passenger,english_loanword
डिक्सम्यूड,tixmyood,english_loanword
मूनलाइट,moonlight,english_loanword
नापाक,napaq,english_loanword
याकूब़,yaqub,english_loanword
स्क्रैचपैड,scratchpad,english_loanword
फ्रैक्शनल,fractional,english_loanword
जासेर,jasser,english_loanword
इवेल्यूएशन,evaluation,english_loanword
स्वीटनेस,sweetness,english_loanword
स्पैमएसेसिन,spamassassin,english_loanword
रीडिफ,rediff,english_loanword
बेवकूफ,bewaqoof,english_loanword
शिआंग,xiang,english_loanword
अग्निकर्म,agniqarm,english_loanword
कड़ा,karxaa,english_loanword
डिहाइड्राक्सीकोलेकैल्सिफेराल,dihydroxycholecalciferol,english_loanword
डिक्लेरेशन्स,declaration,english_loanword
प्रौविजन,provision,english_loanword
कवक,qavak,english_loanword
हकीम,haqim,english_loanword
एक्सोक्यूटिकल,exocuticle,english_loanword
मुसलमानों,mussalmans,english_loanword
गेसो,gesso,english_loanword
निष्कलंक,nishkalanq,english_loanword
डिक्टेशन,dictation,english_loanword
रेस्ट्रिक्शन,restriction,english_loanword
फ़ैक्टराइज़ेशन,factorization,english_loanword
रैकआफ,rackoff,english_loanword
प्रोज़ेक्शन,projection,english_loanword
एफॉर्ट्स,efforts,english_loanword
सेयूस,seuss,english_loanword
टेक्टस,texts,english_loanword
यासर,yasser,english_loanword
गुणात्मक,gunatmaq,english_loanword
मदरसे,madrassah,english_loanword
स्क्वैमस,squamous,english_loanword
इस्केप,isqep,english_loanword
क्वार्टरमास्टर,quarteraster,english_loanword
शफल,shuffle,english_loanword
कॉन्स्टीट्यूशनल,constitutional,english_loanword
लाइटहाउस,lighthouse,english_loanword
तुष्टीकरण,tushteeqaran,english_loanword
सैक्सोनी,saxony,english_loanword
पोसिक्स,posix,english_loanword
तौकीर,tawqeer,english_loanword
दृष्टिबंधक,drishtibandhaq,english_loanword
पासफ्रेज़,passphrase,english_loanword
पुटिक,botique,english_loanword
स्टिचिंग,stitching,english_loanword
गैसर,guesser,english_loanword
ईएक्सएफ़ओ,exfo,english_loanword
अनअनहेक्जियम,ununhexium,english_loanword
ब्रिज्ड,bridged,english_loanword
ब्लूग्रास,bluegrass,english_loanword
इंटरपोलेशन,interpolation,english_loanword
हेक्सोनेट,hexonet,english_loanword
ट्रांसलितरेशन,transliteration,english_loanword
लेचेज,latches,english_loanword
पढे,parhxe,english_loanword
पोर्शन,portion,english_loanword
पोलिटिकल,politiqal,english_loanword
सॉल्यूशंस,solutions,english_loanword
चम्पौक्स,champoux,english_loanword
किसिंगर,kissinger,english_loanword
सर्टिफिकेट,certification,english_loanword
कतानानी,qatanani,english_loanword
पीक्सेलते,pixelate,english_loanword
कांग्रेसियों,congressiyo,english_loanword
क्वीनीन,quinine,english_loanword
परिपक्वन,paripquan,english_loanword
ज़ीयोन,xeon,english_loanword
ढंका,dhanqa,english_loanword
पार्टिज,partridge,english_loanword
हैसलहोफ,hasselhoff,english_loanword
मोटिवेशन,motivation,english_loanword
रैचेट,ratchet,english_loanword
टूर्निके,tourniquet,english_loanword
श्राफ,shroff,english_loanword
क्वाड,quadrat,english_loanword
टैक्सेशन,taxation,english_loanword
टसर,tussar,english_loanword
टकीलाना,tequila,english_loanword
पोलराइज़,polarization,english_loanword
केडीएनएसएसडी,kdnssd,english_loanword
कारनेशंस,carnations,english_loanword
कलंकित,kalanqit,english_loanword
इन्यूमेरेशन,enumeration,english_loanword
पुनर्सस्थापना,punarssthapana,english_loanword
शुल्कों,shulqon,english_loanword
टेबलटेनिस,tabletennis,english_loanword
केएक्साईडीबी,kexidb,english_loanword
हाईड्रोक्सल,hydroxl,english_loanword
एक्सएफएस,xfs,english_loanword
कोर्टेक्स,cortex,english_loanword
स्फुरदृगंत,ssfurrrganh,english_loanword
फाउन्डेशन,faaundation,english_loanword
क्वेत्जाल,quetzal,english_loanword
इज्ज़त,izzat,english_loanword
असाफ,assaf,english_loanword
इनफिल्ट्रेशन,infiltration,english_loanword
फ़ज़ीहत,plight,english_loanword
श्स्,shass,english_loanword
ब्रैसिकेसी,brassicaceae,english_loanword
पैंचुली,patchouli,english_loanword
कांस्टिट्यूशन,constitution,english_loanword
लोसर,lossar,english_loanword
सर्वभक्षी,sarvabhaxi,english_loanword
मेइसनेर,meissner,english_loanword
मज़े,mazze,english_loanword
अफ़ीडेविट्,affidavit,english_loanword
डल्का,dalqa,english_loanword
उद्योगीकरण,udyogiqaran,english_loanword
एसएसए,ssa,english_loanword
सुगौली,ssugulie,english_loanword
एक्सपेरिमेंट,experimentation,english_loanword
पिएजा,piazza,english_loanword
कटलासफिशेस,cutlassfishes,english_loanword
फीरूल्ला,faqirullah,english_loanword
वेरिएशन,variation,english_loanword
एक्सयूएल,xul,english_loanword
इफेक्ट्स,effects,english_loanword
मैसिव,massive,english_loanword
क्षमल,xml,english_loanword
हिचकाक,hitchcock,english_loanword
ब्लाईट,blight,english_loanword
क्लासिफायर,classifier,english_loanword
उसे,ussey,english_loanword
मेडुलेशन,medulation,english_loanword
पिक्सलाइज़,pixelize,english_loanword
क्रमों,qramon,english_loanword
मन्थन,menthen,english_loanword
जफ़ना,jaffna,english_loanword
इलैक्ट्रफिकेशन,electriphication,english_loanword
कुचामन,kutchaaman,english_loanword
क्वासर,quasar,english_loanword
रीडेम्प्शन,redemption,english_loanword
पाइरीडाक्सल,pyridoxal,english_loanword
फारूख,farouq,english_loanword
अन्नातोशन,annotation,english_loanword
नोटिफिकेशन,notification,english_loanword
डिफरेंस,difference,english_loanword
लुफ़्तफ़ाफ़ा,luftwaffe,english_loanword
यूनिडायरेक्शनल,unidirectional,english_loanword
स्कैफ्फोल्डिंग,scaffolding,english_loanword
ननकान,nanqaan,english_loanword
एनक्जाइटी,anxiety,english_loanword
पार्टिशन,partition,english_loanword
सैक्शनों,sectionon,english_loanword
लाइटशिप,lightship,english_loanword
करेक्टनेस,correctness,english_loanword
इंस्ट्रूमेंटेशन,instrumentation,english_loanword
क्वांटीकरण,quantizing,english_loanword
एक्सप्लोरेशन,exploration,english_loanword
गुटिका,gutiqa,english_loanword
इकरार,iqaraar,english_loanword
चिरस्मरणीय,chirassmraniya,english_loanword
रीस्टोरेशन,restoration,english_loanword
साइलेक्स,silex,english_loanword
मक्सरेट,muxrate,english_loanword
एक्टोब,aqtobe,english_loanword
हिदायत,instructions,english_loanword
फेडरेशनों,federations,english_loanword
जेरोसिस,xerosis,english_loanword
कम्प्युटेशनल,computational,english_loanword
क्वासार,quasar,english_loanword
जिनियांग,xinjiang,english_loanword
सब्सक्रिप्शन,subscriptions,english_loanword
क्वर्टी,qwerty,english_loanword
टेलेक्सा,telex,english_loanword
मोटोक्रॉस,motocross,english_loanword
कनपटियों,qanpatiyon,english_loanword
आरएफक्यू,rfq,english_loanword
एक्सपीएम,xpm,english_loanword
रैडिएशन्स,radiation,english_loanword
उरुमकी,urumqi,english_loanword
परीक्षक,parikshaq,english_loanword
क्विडिच,quidditch,english_loanword
पेफलोक्सासिन,pefloxacin,english_loanword
जेफ़,jeff,english_loanword
जियोलोकेशन,geolocation,english_loanword
एड्रेसिंग,addressing,english_loanword
एक्सट्रेक्टर,extractor,english_loanword
विकेंद्रीकृत,viqendrikit,english_loanword
कत्ल,qatl,english_loanword
फिच,fitch,english_loanword
शेकेल,sheqel,english_loanword
रेगुलेशंस,regulations,english_loanword
लाइटरेज,lighterage,english_loanword
मोस्क,mosque,english_loanword
एक्ट्रेस,actress,english_loanword
लिकर,liqueur,english_loanword
हेक्सेन,hexane,english_loanword
थैलेसीमिया,thalassaemia,english_loanword
ग्रिच,gritch,english_loanword
एक्सट्राडयूरल,extradural,english_loanword
रेगूलेशन,regulation,english_loanword
मिडनाइट,midnight,english_loanword
इफ़ेक्ट,effect,english_loanword
मास्टिफ़,mastiff,english_loanword
पासशब्द,passwords,english_loanword
मिनिक्स,minix,english_loanword
कोशकार,koshqaar,english_loanword
ट्रांसलिटरेशन,transliteration,english_loanword
वैल्युएबल,valuable,english_loanword
मुज़ैम्बिक,mocambique,english_loanword
आरकेस्ट्रेशन,orchestration,english_loanword
एटिक,atique,english_loanword
ट्यूब,tchub,english_loanword
फार्मूलों,formulations,english_loanword
रिकन्स्ट्रक्शन,reconstruction,english_loanword
रेफ्रिजरेशन,refrigeration,english_loanword
ख़ुद,qhud,english_loanword
मुक्तस्रोत,mukhssraot,english_loanword
निक्सी,nixi,english_loanword
परिभाषिक,paribhashiq,english_loanword
वीएएक्स,vax,english_loanword
खडक,khadaq,english_loanword
मुफस्सिलों,moffussils,english_loanword
प्रौद्योगिकी,preodgogiqui,english_loanword
जेसप,jessup,english_loanword
क्वार्टरफ़ाइनल,quarterfinal,english_loanword
एक्विनो,aquino,english_loanword
डिप्रेसिव,depressive,english_loanword
लक्ज़रियस,luxurious,english_loanword
एक्जामिनर्स,exaaminars,english_loanword
फ़जी,fuzzy,english_loanword
अटैस्टेशन,ataistetion,english_loanword
कोयटो,qoyato,english_loanword
कलाओं,qalaaon,english_loanword
ज़ायलो,xylo,english_loanword
मार्क्वेट,marquette,english_loanword
डेद्ट्रोसे,dextrose,english_loanword
हेक्सडिकानाल,hexadecanol,english_loanword
एक्रेडिटेशन,accreditation,english_loanword
सिम्प्लेक्स,simplex,english_loanword
पूरक,puraq,english_loanword
पिक्सेलप्लस,pixelplus,english_loanword
इसी,issi,english_loanword
प्रिज़र्वेशन,preservation,english_loanword
प्रोफ्रेसरों,professors,english_loanword
ड्यूरेबल,durables,english_loanword
हेक्साडेसीमल,hexadecimal,english_loanword
एक्जामिनेशन,examinations,english_loanword
स्पेसिफ़िकेशन,specification,english_loanword
लक्समबर्ग,luxemburg,english_loanword
टर्नटेक्स,turntex,english_loanword
कैसिनी,cassini,english_loanword
हाईलाइटिंग,highlighting,english_loanword
इनक्लूजन,inclusion,english_loanword
इक्वलाइज़ेशन,equalization,english_loanword
मतों,motions,english_loanword
फोटोकोएगुलेशन,photocoagulation,english_loanword
टेबलेट,tablets,english_loanword
क्विंटल,quintals,english_loanword
क्वांटिटी,quantity,english_loanword
चक्कियों,chaqkion,english_loanword
लिफ़मन,liffmann,english_loanword
एपेटाइट,appetight,english_loanword
असूअर्ड,assured,english_loanword
प्रिंटेबल,printable,english_loanword
रुसी,russians,english_loanword
सेपरेशन्स,separations,english_loanword
शक्कर,shacqar,english_loanword
एक्जिफ,exif,english_loanword
इन्डमैक्स,indmax,english_loanword
असेन्शियन,ascension,english_loanword
प्रेसली,pressly,english_loanword
एसोचैम,assocham,english_loanword
जीफिनेमा,xiphinema,english_loanword
एक्स्ट्रामाइल,xtramile,english_loanword
एन्टारटिक,antartiq,english_loanword
ग्रेफिटी,graffiti,english_loanword
मिसाइलों,missiles,english_loanword
सिनेरेमा,xinerama,english_loanword
उरुंगी,urumqi,english_loanword
एक्सट्रीमिटी,extremities,english_loanword
रिफोर्मेशन,reformation,english_loanword
देशभक्तों,deshbhaqton,english_loanword
करेक्शन,correction,english_loanword
सेम्फेक्स,semfex,english_loanword
एक्सइफ,exif,english_loanword
एसा,aissa,english_loanword
इडोक्स,edoux,english_loanword
क्वात्रोकी,quattrocchi,english_loanword
क्वीकीस,quickies,english_loanword
इंस्ट्रूमेंटल,instrumentation,english_loanword
क्यूएमएस,qms,english_loanword
कंकालपेशियों,kanqaalpeshiyon,english_loanword
कट्ठे,qatthe,english_loanword
एक्सचंजेर,exchanger,english_loanword
लेसर,lesser,english_loanword
कुतुम,qutub,english_loanword
कंकालपेशियाँ,kanqalpeshiyan,english_loanword
वर्गिकरण,vargiqaran,english_loanword
सेनिक,seniq,english_loanword
मुसलमीन,mussalmeen,english_loanword
अपग्रेडेशन,upgradation,english_loanword
एक्सप्लोरर,partexplorer,english_loanword
डिफ़,diff,english_loanword
परक्वेट,parquet,english_loanword
एफएक्यू,faqs,english_loanword
पोजिशन,position,english_loanword
भन्क्,bhanq,english_loanword
इण्डलिनक्स,indlinux,english_loanword
आफिसर्ज,officers,english_loanword
डायलेशन,dilation,english_loanword
आइबेक्स,ibex,english_loanword
प्रिक्स,prix,english_loanword
केपिटलाइजेशन,capitalization,english_loanword
नैविगेशन,navigation,english_loanword
ग्रिफन,griffon,english_loanword
बैक्वेरीज़ो,baquerizo,english_loanword
दुपोक्स,dupoux,english_loanword
क्वाम्मेन,quammen,english_loanword
सिंक्रोनाइज़ेशन,synchronization,english_loanword
फ्लफ़ी,fluffy,english_loanword
साइटेशन,citations,english_loanword
लॉजों,lodges,english_loanword
एफएफडीसी,ffdc,english_loanword
आपरेशनों,operations,english_loanword
नासी,nassi,english_loanword
बोरेक्स,borax,english_loanword
अपोजीशन,opposition,english_loanword
एक्सप्लोर,explore,english_loanword
लाफून,laffoon,english_loanword
कांजुगेशन,conjugation,english_loanword
एनिमेशन,animation,english_loanword
टिवलाइट,twilight,english_loanword
कृषिगत,qrishigat,english_loanword
डेलाइट,daylight,english_loanword
इंडेटेशन,indentation,english_loanword
कुवैक,quaque,english_loanword
तकनिक,techniques,english_loanword
बेइज्जती,beizzati,english_loanword
स्टाफ़ोर्डशायर,staffordshire,english_loanword
कटिहैं,qatihain,english_loanword
एबेस्ट्रेक्सन,abstraction,english_loanword
क्वार्टरफाइनल,quarterfinal,english_loanword
लोकहित,loqhit,english_loanword
वर्ल्डप्रेस,worldpress,english_loanword
एक्सडीएमसीपी,xdmcp,english_loanword
मालएब्ज़ार्प्शन,malabsorption,english_loanword
बाइसी,byssi,english_loanword
रिलैक्स,relax,english_loanword
रिकवरेबल,recoverable,english_loanword
एसियान,essiyaan,english_loanword
नकनीकें,techniques,english_loanword
फेडएक्स,fedex,english_loanword
फिक्शनबुक,fictionbook,english_loanword
अक्वा,aqua,english_loanword
मैसर्ज,messers,english_loanword
असामा,assama,english_loanword
स्ट्रासेन,strassen,english_loanword
प्रोबेशनरी,probationary,english_loanword
ज़ेवियर,xavier,english_loanword
बुजवर्ड,buzzword,english_loanword
कपिली,qapilee,english_loanword
वेड्जड,wedged,english_loanword
इनसर्टटैक्स्ट,inserttext,english_loanword
स्कुँत्टर,squatter,english_loanword
ग्रुपबक्से,groupbox,english_loanword
कैन्वास,canvass,english_loanword
पालियाक,paaliaq,english_loanword
नैस्डैक,nasdaq,english_loanword
विकिस्रोत,wikistraight,english_loanword
रफ,raff,english_loanword
रेडियोपेक,radiopaque,english_loanword
पथचौली,patchouli,english_loanword
अल्ब्राइट,albright,english_loanword
सबडक्शन,subduction,english_loanword
ऐम्नियोटिक,enmiotiq,english_loanword
नोजल,nozzle,english_loanword
एक्सपांडर्स,expanders,english_loanword
कीप्रेस,keypresses,english_loanword
फुलब्राइट,fulbright,english_loanword
नेगोसिएशन,negotiation,english_loanword
कुत्ब,qutb,english_loanword
क्विजिंग,quizzing,english_loanword
विजेट्स,widget,english_loanword
स्पाटलाइट,spotlight,english_loanword
ट्रांजेक्शंस,transactions,english_loanword
इक्विनाक्स,equinoxes,english_loanword
स्पेशलाइजेशन,specialisation,english_loanword
क्योरेल,querell,english_loanword
क्वार्टरों,quarteron,english_loanword
सिलिक्वा,siliqua,english_loanword
बासटेर,basseterre,english_loanword
कायनात,qayenaat,english_loanword
रीयलाइज़ेशन,realization,english_loanword
बेकसूर,beqasoor,english_loanword
एक्सपोजर,exposure,english_loanword
जैंथोजाइलम,zanthoxylum,english_loanword
एयरकंडिशंड,airconditioned,english_loanword
क्रिएशन,creation,english_loanword
एन्नोटेशन्स,annotations,english_loanword
बीयरआफ्स,bearoffs,english_loanword
लैमनग्रास,lemongrass,english_loanword
चुकिसाका,chuquisaca,english_loanword
कतरने,qatarne,english_loanword
सेलेब्रशंस,celebrations,english_loanword
एसेसरीज,accessories,english_loanword
ट्रेक्विलाइजरों,tranquilizeron,english_loanword
एक्सट्रैक्ट,extract,english_loanword
ट्रांस्क्रिप्शन,transcriptions,english_loanword
टीएसएस,tss,english_loanword
गैसीफिकेशन,gasification,english_loanword
मेडिसिन,medicament,english_loanword
कम्प्य़ूटरीकरण,computerization,english_loanword
प्रोविजनल,provisional,english_loanword
प्राक्,praq,english_loanword
परिवृत्तियों,parivrittion,english_loanword
कोलाबोरेशन,collaboration,english_loanword
क्वार्टो,quarto,english_loanword
मुक्स,muxed,english_loanword
रिलेक्सेंट्स,relaxants,english_loanword
फर्गुसन,fergusson,english_loanword
स्ट्रैट,straight,english_loanword
नुकीला,nuqila,english_loanword
एन्नोटेशन,annotations,english_loanword
एक्स्तोक्स्नेट,extocnext,english_loanword
वैरिएशन,variation,english_loanword
इंस्युलेशन,insulation,english_loanword
वेनिसेक्शन,venisection,english_loanword
इम्प्लीकेशन्स,implications,english_loanword
प्रवृत्तियों,pravrition,english_loanword
ससेक्स,sussex,english_loanword
आइएफएफ,iff,english_loanword
अपरोक्ष,aprox,english_loanword
कुली,quli,english_loanword
कंस्टीट्यूशन,constitution,english_loanword
सेविच,savitch,english_loanword
डफ़,duff,english_loanword
डिपेंडेबल,dependable,english_loanword
सेस,cess,english_loanword
मुलाकात,molaqat,english_loanword
आक्सीकरण,aakseeqaran,english_loanword
स्नीफर,sniffer,english_loanword
फेइफर,pfeiffer,english_loanword
इंटिग्रेशन,integration,english_loanword
डिफ्यूजन,diffusion,english_loanword
एक्सपोज,expoj,english_loanword
एक्सेसिबिलिटी,accessible,english_loanword
अदिक,adiq,english_loanword
पासफ्रेस,passphrase,english_loanword
इम्पलीमैंटेशन,implementation,english_loanword
ज़ाइलेम,xylem,english_loanword
रिस्पोन्सिबल,responsible,english_loanword
तकवा,taqwa,english_loanword
समझता,samanghta,english_loanword
क्यूरी,qurei,english_loanword
उद्रेक,udreq,english_loanword
एक्समूर,exsmoor,english_loanword
बोसेलुत,bosselut,english_loanword
ख़कासी,khakassia,english_loanword
आक्हिल्,aaqhil,english_loanword
डिफरेन्षियेशन,differentiation,english_loanword
अमैंडमैंट,umendment,english_loanword
एश्योेरेंस,assurance,english_loanword
एक्जीक्यूटेबल,executable,english_loanword
बुर्का,burqa,english_loanword
एसएमएस,smss,english_loanword
स्टाक्वेलर,stocqueler,english_loanword
कनैक्शंज,connexions,english_loanword
काक्स,cox,english_loanword
मैक्सिलरी,maxiallary,english_loanword
पाशविक,paashviq,english_loanword
क्वेकर्स,quakers,english_loanword
क्ल्चर,clutcher,english_loanword
प्रधानकों,pradhaanqon,english_loanword
ग्लिच,glitch,english_loanword
बदरुन्निसा,badroonissaa,english_loanword
आर्बीट्रेशन,arbitration,english_loanword
एक्साइज,excise,english_loanword
बेशकीमती,beshqeematee,english_loanword
करफुफल,kerfuffle,english_loanword
पीएमएसएसवाई,pmssy,english_loanword
स्वीचगियर्स,switchgears,english_loanword
फेब्रिकेशन,fabrication,english_loanword
फिक्सचर,fixtures,english_loanword
बेसेमर,bessemer,english_loanword
कोटे,qote,english_loanword
टैक्स्ट,text,english_loanword
अज्जाम,azzam,english_loanword
मॉस्चिप,masschip,english_loanword
ग्रिडबक्सा,gridbox,english_loanword
तारि़क,tarique,english_loanword
मिक्शन,miction,english_loanword
मुज़ाम्बिक,mocambique,english_loanword
स्निफर,sniffer,english_loanword
टास्क,tasque,english_loanword
वेसेल्स,vessels,english_loanword
एफएक्यू्,faq,english_loanword
सांवेगिक,saamvegiq,english_loanword
मार्टीनीक,martinique,english_loanword
पैसिव,passive,english_loanword
मलीस,malisse,english_loanword
पोटासिक,potassic,english_loanword
फोसोर,fossor,english_loanword
गुरबख्श,gurbax,english_loanword
कमप्यूटरीकरण,computerization,english_loanword
देनेके,deneqe,english_loanword
कंप्रेशन,compression,english_loanword
इंडेक्सिंग,indexing,english_loanword
नेक्विस्ट,nyquist,english_loanword
सेक्सटन,saxton,english_loanword
फंक्शन्स,functions,english_loanword
एसेन्शियल,essential,english_loanword
काफ़िला,qaafila,english_loanword
सिंक,cinque,english_loanword
परानासा,paranassal,english_loanword
इम्पलीमैन्टस,implements,english_loanword
मांटेसरी,montessori,english_loanword
पेंशनों,pensionon,english_loanword
प्रोटैक्शन,protaketion,english_loanword
धड़क,dhadaq,english_loanword
डोमिनिक,dominique,english_loanword
उनुनक्वाडियम,ununquadium,english_loanword
कानफिगुरेशन,configuration,english_loanword
एक्स्पेक्टैशन,expectations,english_loanword
कफ्फू,kaffu,english_loanword
रिन्युएबल,renewable,english_loanword
टेक्कोको,texcoco,english_loanword
कैचमेंट,catchment,english_loanword
अस्पष्टता,asspashtata,english_loanword
ग्लासबॉल,glassbal,english_loanword
स्क्वैट्स,squats,english_loanword
हैचर्ड,hatchard,english_loanword
नोज़ल,nozzles,english_loanword
लीची,litchi,english_loanword
हेडलाइटों,headlights,english_loanword
अलेक्सेय,alexey,english_loanword
रेटएमयूएक्स,ratemux,english_loanword
विस्फारण,vissfaran,english_loanword
मीनाक्षी,meenaxi,english_loanword
कम्पयुटेशन्स,computations,english_loanword
कम्पन,qampan,english_loanword
नसाउ,nassau,english_loanword
बफरों,buffers,english_loanword
पल्सेशन,pulsation,english_loanword
कम्प्रेसर,compressor,english_loanword
एक्सपेरीमेंटर,experimental,english_loanword
अधिवक्ताओं,adhivaqtaon,english_loanword
आवाज़,vox,english_loanword
अज़ीमुश्शान,azimusshan,english_loanword
रिमटेरियलाइज़ेशन,rematerialisation,english_loanword
सॉल्यूशन,solution,english_loanword
विजुअलाइजेशन,visualization,english_loanword
कार्ट्रिज,cartridge,english_loanword
पकडे,pakrxe,english_loanword
हाइपोफेरिंक्स,hypopharynx,english_loanword
ग्राफी,graaffian,english_loanword
फाहियान,faxian,english_loanword
डेक्सिया,dexia,english_loanword
स्कूआडो,squads,english_loanword
कस्बे,qasbas,english_loanword
शक्तियां,shaqtiyan,english_loanword
गुआंगशी,guangxi,english_loanword
बक्सबाम,buxbom,english_loanword
मेसियर,messier,english_loanword
टेक्सी,taxee,english_loanword
रीकर्सन्स,recursions,english_loanword
आप्टीरमाइजेशन,optimisation,english_loanword
ऐफिड,effid,english_loanword
श्लैष्मिक,shlaishmiq,english_loanword
मल्टीप्लेक्सेज,multiplexes,english_loanword
आईडेंटिफिकेशन,identification,english_loanword
कोरीन,qoreen,english_loanword
डुरेशन,duration,english_loanword
सृजक,srijaq,english_loanword
जिज़ाख़,jizzakh,english_loanword
एक्साइटिंग,exciting,english_loanword
इंसपेक्टर,inspeqtar,english_loanword
नारसिसम,narcissus,english_loanword
लैक्टेशन,lactation,english_loanword
नेविगेशनल,navigational,english_loanword
जफर,zaffar,english_loanword
एश्योरेंस,assurance,english_loanword
कैल्सिफिकेशन,calcification,english_loanword
चंडिका,chandiqa,english_loanword
स्प्रिंगीनेस,springiness,english_loanword
क्लासीफाई,classify,english_loanword
रिनैसाँ,renaissan,english_loanword
एक्वाटिक,aquatic,english_loanword
शर्क,sharq,english_loanword
एसर्ट,asserts,english_loanword
चपाती,ckapatis,english_loanword
ओफेंसिव,offensive,english_loanword
इम्पलाईमैंट,employment,english_loanword
चिंग,qing,english_loanword
फर्टिगेशन,fertigation,english_loanword
समाजीकरण,samajiqaran,english_loanword
किश्तें,qishten,english_loanword
लिक्विफाइड,liquefied,english_loanword
पार्टिरिजबेरी,partridgeberry,english_loanword
सिद्दीक,siddeeq,english_loanword
श्श्श्,sssh,english_loanword
इसिकोफ,isikoff,english_loanword
मुज़फ्फरगढ़,muzaffargarh,english_loanword
एसिरियंस,assyrians,english_loanword
मंसूर,mansqr,english_loanword
प्रीफ़ेचेबल,prefetchable,english_loanword
क्रियाएं,qriyaen,english_loanword
एक्सपर्टस,experts,english_loanword
नकाब,niqabs,english_loanword
सर्टिफ़िकैज़्योने,certification,english_loanword
बुटीक्स,boutiques,english_loanword
सिम्युलेशन,simulation,english_loanword
गेबल,gable,english_loanword
चेरूशशेरि,cherusseri,english_loanword
उनउनक्वाडियम,ununquadium,english_loanword
लटक,latakq,english_loanword
मैगोफिन,magoffin,english_loanword
चैकों,cheques,english_loanword
बुरक,buraq,english_loanword
इटरेशन्स,iterations,english_loanword
कैप्टचा,captcha,english_loanword
पिक्समैप,pixmap,english_loanword
संपूरक,sampuraq,english_loanword
तहकीकात,tahqikaat,english_loanword
अटैन्शन,ataintion,english_loanword
कन्फैक्शनरी,confectionary,english_loanword
टोक्सेमिया,toxemia,english_loanword
मिक्सर,mixer,english_loanword
ग्लूटाथियोन,glutatione,english_loanword
प्रोबेशनरों,probationers,english_loanword
यूबीक्विटस,ubiquitous,english_loanword
एक्स्ट्रैक्शन,extraction,english_loanword
फार्मूलेशन,formulations,english_loanword
सैशन,saition,english_loanword
रैफ्लेशिया,rafflesia,english_loanword
कार्लमार्क्स,karlmarx,english_loanword
एक्सेसपाइंट,accesspoint,english_loanword
रिफ्लेक्शन,reflexion,english_loanword
इक्विलेटरल,equilateral,english_loanword
डिवीजनों,divisions,english_loanword
इनहिबिशन,inhibition,english_loanword
विज़ुअलाइज़ेशन,visualization,english_loanword
फ़ाइबरग्लास,fiberglass,english_loanword
ब्योनेक्स,beonex,english_loanword
कैसिया,cassia,english_loanword
मॉक्सेनोस,moxenos,english_loanword
व्यवसायों,vocations,english_loanword
एक्स्पोनेंट्स,exponents,english_loanword
प्रोपोर्शन्स,proportions,english_loanword
करानी,qaranee,english_loanword
पार्टिशन्स,partitions,english_loanword
प्रोवीजन,provision,english_loanword
बॉविसैंड,bouvissand,english_loanword
नकवी,naqvi,english_loanword
हाइड्रोथ्रोलेक्स,hydrothorax,english_loanword
क्वीटो,quito,english_loanword
टीआईएफ़एफ़,tiff,english_loanword
एक्स्यूडेटिव,exudative,english_loanword
एक्सेसिबिल,accessible,english_loanword
नाइटली,knightley,english_loanword
स्पिनबक्सा,spinbox,english_loanword
कुंतल,quintal,english_loanword
विल्डरनेस,wilderness,english_loanword
सकतीहै,saqtihai,english_loanword
कुरानी,quranic,english_loanword
इफ्फह,iffah,english_loanword
कादिरी,qadiri,english_loanword
बिदक,bidaq,english_loanword
कोएलिशन,coalition,english_loanword
ड्रोसेलर,droessler,english_loanword
एनेबल,enabled,english_loanword
डीस्त्रिब्युशुन,distribution,english_loanword
केक्साई,kexi,english_loanword
मार्टीनिक,martinique,english_loanword
सकुचाते,saquchaate,english_loanword
रशीदतुन्निसा,rashidatunissa,english_loanword
कानूनगो,qanungo,english_loanword
शिशिक्षुओं,shishixuon,english_loanword
टक्स,tux,english_loanword
एपेडेबल,appendable,english_loanword
सबमर्जिबल,submersible,english_loanword
रोकोको,roqoqo,english_loanword
थोक,thoq,english_loanword
जनजातियों,junjation,english_loanword
डिसक्रिप्शन,description,english_loanword
क्विलन,quilon,english_loanword
पेइफ़र,pfeiffer,english_loanword
इनेबल्ड,enabled,english_loanword
क्रीड़ाओं,qridaon,english_loanword
एक्सटेंडेड,extended,english_loanword
साइटसीइंग,sightseeing,english_loanword
वासरमान,wassermann,english_loanword
इससके,isske,english_loanword
कैटिल,qaitil,english_loanword
एसिस्टेंट्स,assistants,english_loanword
अश्शील,assila,english_loanword
विनोग्रेडाफ,vinogradoff,english_loanword
इकालूइत,iqaluit,english_loanword
लिसी,lissie,english_loanword
मेडनेस,madness,english_loanword
रीचार्जेबल,rechargeable,english_loanword
डिस्पोजेबल,disposable,english_loanword
मार्की,marquis,english_loanword
फ्लेक्सीन,flexion,english_loanword
एक्टाउ,aqtau,english_loanword
मंदक,mandaq,english_loanword
पिग्मैंट्स,pigments,english_loanword
विजनरी,visionary,english_loanword
हौक्सविल,hoxbill,english_loanword
पश्तु,paxto,english_loanword
बजार्ड,buzzards,english_loanword
क्वारटर्ली,quarterly,english_loanword
ग्रहणाधिकार,grahanaadhiqar,english_loanword
उपभोक्तओ,upbhoqtao,english_loanword
बायोप्रोसेसिंग,bioprocessing,english_loanword
आगस्टसन,augustsson,english_loanword
फार्मुलेशनों,formulasionon,english_loanword
नजदीक,najdeeq,english_loanword
हित्यिक,hityiq,english_loanword
पैचवर्क,patchwork,english_loanword
डिग्रेडेबल,degradable,english_loanword
चैफी,chaffee,english_loanword
बेवाच,baywatch,english_loanword
रेडक्लिफ़,redcliffe,english_loanword
पासफ़्रेज,passphrase,english_loanword
बोनलेस,boneless,english_loanword
डिफ्युज़,diffusa,english_loanword
हाइड्रोजनीकरण,hydrogenation,english_loanword
बैकेरल,becquerel,english_loanword
डिजॉल्व,dissolving,english_loanword
पालकियों,palanquins,english_loanword
पारदर्शक,pardarshaq,english_loanword
केडेवएनोटेशन,kdevannotation,english_loanword
कालिफ़,califf,english_loanword
डाइआक्साइड,dioxide,english_loanword
कुतेबुद्,qutbud,english_loanword
एलोकेशन,allocation,english_loanword
एक्सएमएल,xml,english_loanword
केसन,casson,english_loanword
दफ्तरों,dafftaron,english_loanword
गुत्सक,gutsaq,english_loanword
डाइक्साइड,dioxide,english_loanword
क्विज़,quiz,english_loanword
क्विकी,quickie,english_loanword
डिवीजनें,divisions,english_loanword
गैसों,gasses,english_loanword
सिम्कोक्स,simcox,english_loanword
एसोशिएशन्स,associations,english_loanword
संकटाप्रसाद,sanqataprasad,english_loanword
क्रास्थवेट,crossvet,english_loanword
र्थोडोक्स,orthodox,english_loanword
आइण्टमैण्ट,ointment,english_loanword
घोंटकर,ghontqar,english_loanword
एनोजिसस,anogeissus,english_loanword
इमल्शन,emulsion,english_loanword
नासाउ,nassau,english_loanword
संस्कृतीकरण,sanskritization,english_loanword
मोलासे,molasses,english_loanword
गोकू,goqu,english_loanword
वोकेशनल,vocational,english_loanword
वेजिटेबल्स,vegetables,english_loanword
पीबीएक्स,pbx,english_loanword
केंसेट,knesset,english_loanword
नक्को,naqqo,english_loanword
डुप्लेक्सर,duplexer,english_loanword
एआईएक्स,aix,english_loanword
टुकु,tuqu,english_loanword
औफ,ouff,english_loanword
इक्विटेबल,equitable,english_loanword
कुरेदने,quradane,english_loanword
स्वीचगीयर,switchgear,english_loanword
मैल्पसेट,malpasset,english_loanword
ड्विट,dwight,english_loanword
इराकियों,iraqification,english_loanword
क्युमिस,kumiss,english_loanword
क्वेल,quail,english_loanword
लक्समबोर्ग,luxemburg,english_loanword
रेफ्रीजरेशन,refrigeration,english_loanword
टैक़्स,taxes,english_loanword
श्किन्,shqin,english_loanword
नेशनवाइड,nationwide,english_loanword
केवर्डक्विज,kwordquiz,english_loanword
पिक्शल,pixets,english_loanword
डिसऐबल्ड,diabled,english_loanword
मकाक,macaque,english_loanword
बसें,busses,english_loanword
बासटेरे,basseterre,english_loanword
क्वार्ट,quart,english_loanword
कुतब,qutb,english_loanword
हाटचट्टी,haatchatti,english_loanword
केमब्रिजशायर,cambridgeshire,english_loanword
काटारी,qatari,english_loanword
जिरोक्स,jirox,english_loanword
इन्जैक्शनों,injections,english_loanword
टेलेक्स,telex,english_loanword
फ़ोर्ट्रेस,fortress,english_loanword
कसमे,qasame,english_loanword
कदमों,qadmon,english_loanword
इमल्सन,emulsion,english_loanword
समूहालम्बनात्मक,samoohaalambnaatmaq,english_loanword
सेमिटिक,semitique,english_loanword
माण्टू,mantoux,english_loanword
नैवीगैसन,navigation,english_loanword
पार्टीशनों,partitions,english_loanword
केएक्ज़ाई,kexi,english_loanword
जिसे,jisse,english_loanword
शमिक्स्ह,shamiqsh,english_loanword
प्रकोपक,praqopac,english_loanword
ओवरब्रिज,overbridge,english_loanword
कंसीडरेशन,consideration,english_loanword
डेसॉल्ट,dassault,english_loanword
ग्राफिती,graffiti,english_loanword
पीएबीएक्स,pabxs,english_loanword
ड्रैसिंग,dressing,english_loanword
परिदर्शक,paridarshaq,english_loanword
टैलेक्स,telex,english_loanword
कम्प,qamp,english_loanword
उद्दालक,uddalaq,english_loanword
बैचों,batches,english_loanword
सब्जुगेशन,subjugation,english_loanword
कुतप,qutap,english_loanword
कुरिमोतो,qurimoto,english_loanword
इन्टिग्रएशन,integration,english_loanword
काँग्रेशनल,congressional,english_loanword
असमेन्सिस,assamensis,english_loanword
ओनासिस,onassis,english_loanword
एक्स्चेंज,exchanges,english_loanword
पोटाशयुक्त,potassic,english_loanword
एक्सर्वर,xserver,english_loanword
इमल्सिफ़ाएबल,emulsifiable,english_loanword
णिक,niq,english_loanword
केटसल,quetzal,english_loanword
चैसिस,chassis,english_loanword
डाक्यूमेंटेशन,documentation,english_loanword
इमैन्सीपेशन,emancipation,english_loanword
फ्रेटलेस,fretless,english_loanword
यासीन,yassin,english_loanword
एक्सेसेस,accesses,english_loanword
आर्बिट्रेशन,arbitration,english_loanword
मक्सर्स,muxers,english_loanword
कम्प्यूटरीकरण,computerisation,english_loanword
तोड़ने,torxne,english_loanword
एसएसएस,sss,english_loanword
कशमकश,qashmakash,english_loanword
पोजोलाना,pozzolana,english_loanword
कनवल्शन,convolution,english_loanword
आक्सीकान्था,oxycantha,english_loanword
टेसरैक्ट,tesseract,english_loanword
तिर्यक,tiryaq,english_loanword
रेपुडियेशन,repudiation,english_loanword
आंबसेसन,obsession,english_loanword
एक्सट्रा,extra,english_loanword
दुक्रोक्वेत,ducroquet,english_loanword
ब्रांक्स,bronx,english_loanword
प्रोग्रामैबल,programmable,english_loanword
ग्रीनिज,greenidge,english_loanword
कच्चो,qachcho,english_loanword
एक्सचेंजों,exchanges,english_loanword
मोलैसिस,molasses,english_loanword
सर्कसों,sarkasson,english_loanword
सेटबाक्स,sentbox,english_loanword
ग्लैसगो,glassgo,english_loanword
विवैक्स,vivax,english_loanword
फोसिल,fossil,english_loanword
भिंडरांवालेका,bhindaraanvaaleqa,english_loanword
व्यक्तिचित्र,vyaqtichitra,english_loanword
असेम्बललिंग,assembling,english_loanword
जेसोर,jessore,english_loanword
सकताहैं,saqtahain,english_loanword
कन्दों,qandon,english_loanword
कॉन्स्टेलेशन,constalation,english_loanword
एमिशन,emission,english_loanword
रिक्वेस्ट्स,requests,english_loanword
पुक्सी,puxi,english_loanword
मुकैम्बिक,mocambique,english_loanword
सर्विक्स,cervix,english_loanword
कंधार,qandahar,english_loanword
हुसैनसागर,hussainsagar,english_loanword
कार्ट्रिजेस,cartridges,english_loanword
ट्विस्टिंग,twitching,english_loanword
काफीहाउस,coffeehouse,english_loanword
इन्सेप्शन,inception,english_loanword
न्यूट्रीशनिस्ट,nutritionist,english_loanword
डिडक्शन,deduction,english_loanword
बज़,buzz,english_loanword
एश्योर्ड,assured,english_loanword
डिस्ट्रक्शन्स,destruction,english_loanword
सन्निकर्ष,sanniqarsh,english_loanword
डाईआक्साइड,dioxide,english_loanword
रहस्यवादी,rahassyawaadee,english_loanword
लोयस,loess,english_loanword
स्टेटमैंट,statement,english_loanword
बौक्सेज,boxes,english_loanword
इत्तेफ़ाक,ittefaq,english_loanword
कफे,cuffe,english_loanword
नेशनलिस्ट,nationalists,english_loanword
हैरेस्मेंट,harassment,english_loanword
संघटन,sanghtan,english_loanword
घटनाएं,ghtnae,english_loanword
एक्सस्कात,xskat,english_loanword
हैचरी,hatcheries,english_loanword
एम्बैसियों,embassies,english_loanword
स्प्रिंग,offspring,english_loanword
मुसर्रत,mussarat,english_loanword
हुसैनाबाद,hussainabad,english_loanword
घाटचट्टी,ghatchatti,english_loanword
सदाकत,sadaqat,english_loanword
कंप्युटरीकरण,computerization,english_loanword
कोरबासन,corbasson,english_loanword
बेवरिज,beveridge,english_loanword
नोकदार,noqdaar,english_loanword
मैस,mess,english_loanword
क्यूएएम,qam,english_loanword
ससिसी,assisi,english_loanword
कर्जे,qarje,english_loanword
आयोडेक्स,iodex,english_loanword
आस्,aass,english_loanword
तरीक,tarlqah,english_loanword
प्रीवेंशन,prevention,english_loanword
केमिक्स,kmix,english_loanword
तक्षशिलाऔर,taxilaaur,english_loanword
डाटाबेस,tables,english_loanword
घ्होओन्ग्हट्,ghonght,english_loanword
क्वातोर्जे,quatorze,english_loanword
पासथ्रू,passthrough,english_loanword
वर्दीनेस,worthiness,english_loanword
एन्टिआक्स,antiox,english_loanword
ट्रांज़ीशन,transition,english_loanword
ईराक,iraq,english_loanword
फैक्टोरियल,fractional,english_loanword
एग्जिक्युटिव,egjiqutiv,english_loanword
रिक्तता,riqtataa,english_loanword
कल्पनाशक्ति,kalpanashaqti,english_loanword
टेक्ट,text,english_loanword
एसएसआई,ssis,english_loanword
इंडेंटेशन,indentation,english_loanword
कनैक्शन,kanaeksion,english_loanword
ब्रिजपोर्ट,bridgeport,english_loanword
सर्टिफिकेशन,certification,english_loanword
सुपरक्वाड्रिक,superquadric,english_loanword
ट्विस्टाइड,twistiness,english_loanword
एक्जीक्युटिव्स,executives,english_loanword
फोर्मिडेबल,formidable,english_loanword
एक्सचेंजेस,exchanges,english_loanword
लाटेक,latex,english_loanword
पित्तश्लैष्मिक,pittshlaeshmiq,english_loanword
वेरिएबल्स,variable,english_loanword
मोज़ैम्बिक,mocambique,english_loanword
अन्डलोसी,andaloussi,english_loanword
डाटाक्वेस्ट,dataquest,english_loanword
पेंशनरों,pensioner,english_loanword
इनक्यूबेशन,incubation,english_loanword
फायरफाइटिंग,firefighting,english_loanword
अबीसीनिया,abyssinia,english_loanword
ठेद्ट्प्होने,textphone,english_loanword
मल्टीप्लेक्स,multiplex,english_loanword
गुआंगशाई,guangxi,english_loanword
चूफ़ू,qufu,english_loanword
मेजिनी,mazzini,english_loanword
मैक्सिमा,maxima,english_loanword
इक्वेटोरिअल,equatorial,english_loanword
फंगेशन,fungation,english_loanword
ट्रान्सलिटरेशन,transliteration,english_loanword
औपचारिकताओं,aupchaariqtaaon,english_loanword
मुजफ्फर,muzzaffar,english_loanword
लाइटर,lighters,english_loanword
एपिस्टैक्सिस,epistaxis,english_loanword
सेन्ट्रेक्स,centrex,english_loanword
ड्रेक्स्लर,drexler,english_loanword
एक्सिपोजीशन,exposition,english_loanword
ट्रेडिनशल,traditional,english_loanword
भक्षी,bhaqshee,english_loanword
विज़ेट,widgets,english_loanword
एक्ज़ीक्यूट,execute,english_loanword
कोंक्विस्टास,conquistas,english_loanword
कमर,qamar,english_loanword
ब्रास,brass,english_loanword
मोफ्फट,moffatt,english_loanword
कुतुबनुमा,qutubnuma,english_loanword
मैचिंग,matching,english_loanword
ब्लाइट,blight,english_loanword
शिल्पिक,shilpiq,english_loanword
स्विचर,switcher,english_loanword
ज़ांथे,xanthe,english_loanword
इंटरप्रेटेशन,interpretation,english_loanword
अफ्फान,affan,english_loanword
फ्लाइटप्लान,flightplan,english_loanword
होलइनदॅवालएजुकेशनलि,holeinthawalleducationltd,english_loanword
रेनोवेशन,renovation,english_loanword
क्रान्तियों,krantion,english_loanword
आर्थोडाक्स,orthodox,english_loanword
अप्रैस,apress,english_loanword
प्रोसेसरों,processors,english_loanword
ड्रविट,dwight,english_loanword
हीड्राकसीड,hydroxide,english_loanword
स्टिमेशन,estimation,english_loanword
कंटैक्टलेस,contactless,english_loanword
सम्मिश्रण,commixture,english_loanword
कार्डिफ,cardiff,english_loanword
यूट्यूब,yutchub,english_loanword
अर्कहाट,urquhart,english_loanword
बनारसीदास,banarasidass,english_loanword
केंद्रित,qendrit,english_loanword
कांग्रेसजन,congressmen,english_loanword
मुतफ्फिफिन,mutaffifin,english_loanword
विज़न,vision,english_loanword
विक्षनरी,visionary,english_loanword
कूचर,kutcher,english_loanword
उज्जा,uzza,english_loanword
रीअसाइनमेंट,reassignment,english_loanword
एक्युप्रेशर,acupressure,english_loanword
पोजीशनों,position,english_loanword
मेक्सपेक्ट,maxpect,english_loanword
डिवॉल्यूशन,devolution,english_loanword
मुक्तेदार,muqtedar,english_loanword
आर्बिटरेशन,arbitration,english_loanword
अबलको,ablaq,english_loanword
किले,quila,english_loanword
टीआईएफ़,tiff,english_loanword
लेकलर,leclercq,english_loanword
शक्तिवर्धक,shaktivardhaq,english_loanword
पज़ेसिव,possessive,english_loanword
असाइन,assign,english_loanword
एप्लिक्स,applix,english_loanword
स्कुअर,squared,english_loanword
कम्पोजीशन,composition,english_loanword
ग्रेफिटि,graffiti,english_loanword
लैकरवेयर,lacquerware,english_loanword
फाइटोएलैक्सिन,phytoalexin,english_loanword
हलकों,halqon,english_loanword
बज़वर्ड,buzzword,english_loanword
अफ्फनपिन्स्चर,affenpinscher,english_loanword
स्रोत्रों,ssrotroan,english_loanword
एक्सटेंसिव,extensive,english_loanword
केलीबेशन,calibration,english_loanword
सोल्यूसन,solution,english_loanword
कुद्स,quds,english_loanword
नॉजल,nozzle,english_loanword
टिश्यूज,tissues,english_loanword
क्योटो,quote,english_loanword
मल्टीप्लेक्सर,multiplexer,english_loanword
आइडेंटिफिकेशन,identification,english_loanword
तक्षिला,taxila,english_loanword
कोटेशंज़,quotations,english_loanword
एस्टेरिक्सिस,asterixis,english_loanword
मोंटेसरी,montessori,english_loanword
डिसेलिनेशन,desalination,english_loanword
मेसर,messrs,english_loanword
ज़ाफ़रान,saffron,english_loanword
डफी,duffy,english_loanword
ट्राँसलिट्रेशन,translitration,english_loanword
विचारकरने,vicharqarne,english_loanword
मल्टीप्रेस,multipress,english_loanword
क्रास,krass,english_loanword
ज़ेन,xen,english_loanword
गैलक्सि,galaxy,english_loanword
अस्तबलों,stables,english_loanword
इक्जोरा,ixora,english_loanword
एक्सटेंडिड,extended,english_loanword
डिपार्टमेंन्ट,department,english_loanword
बेलरसी,belorussian,english_loanword
सिंडीकेशन,syndication,english_loanword
ड्रेसर,dresser,english_loanword
कपास,qapaas,english_loanword
लेसिंग,lessing,english_loanword
बेलरस,byelorussia,english_loanword
पर्टुसिस,pertussis,english_loanword
क्वार्टजाइट,quartzite,english_loanword
प्रोजेक्शन,projection,english_loanword
ट्विलाइट,twilight,english_loanword
हैसल,hassle,english_loanword
एसएसएच,ssh,english_loanword
ढर्स्हन्,dhhassarhan,english_loanword
शिन,xin,english_loanword
दानी,caritable,english_loanword
जोय्केक्सो,joykexo,english_loanword
अक्सपेलर,expellar,english_loanword
जिआंगशी,jiangxi,english_loanword
ग्लासफेट,glassfet,english_loanword
दुश्शासन,dusshasan,english_loanword
फ़िक्शनबुक,fictionbook,english_loanword
ग्राफिटी,graffiti,english_loanword
टेक्सप्रोसिल,texprocil,english_loanword
कनेक्शनों,connections,english_loanword
सेशन्स,sessions,english_loanword
इंसुलेशन,insulation,english_loanword
क्वाटरफ़ाइनल,quarterfinal,english_loanword
फ़ॉसिल,fossil,english_loanword
एक्सेसर्स,accessors,english_loanword
स्टाफ़िंग,staffing,english_loanword
रेमेडिएशन,remediation,english_loanword
कम्पलीशन,completion,english_loanword
पैस्चुरीकरण,pasteurization,english_loanword
जान्सार,xansa,english_loanword
कैपिटलाइज़ेशन,capitalization,english_loanword
रेज़ोल्यूशन्स,resolutions,english_loanword
डाइआक़्साइड,dioxide,english_loanword
पिक्सीडियम,pyxidium,english_loanword
ग्रिफिथ्स,griffiths,english_loanword
रेनक्विस्ट,rehnquist,english_loanword
सप्लीमैंटरी,supplementry,english_loanword
कायनाइट,kainight,english_loanword
एफ़एसएस,fss,english_loanword
फ्लैशलाइट,flashlight,english_loanword
कंप्यूटरीकरण,computerization,english_loanword
एक्सटेंशन्स,extensions,english_loanword
इनबौक्स,inboxes,english_loanword
मसेल,mussel,english_loanword
क्वार्क,quark,english_loanword
फुफ्फुसों,fuffuson,english_loanword
लीट्रिक्स,leatrix,english_loanword
मुसाफ़िर,mussafir,english_loanword
अधपके,adhapaqe,english_loanword
फ्लाइकेचर,flycatcher,english_loanword
ससम्मान,sassaman,english_loanword
इंजक्शन,injunctions,english_loanword
प्राविधान,provision,english_loanword
ऐन्केराइट,enqerait,english_loanword
गैजेट्स,gadgets,english_loanword
डिपार्टमैन्ट,department,english_loanword
सास्कचावान,saskatchewan,english_loanword
मिडनाइट्स,midnight,english_loanword
रीडिम्प्शन,redemption,english_loanword
कम्पाइलेशन,compilation,english_loanword
कविंयों,qanviyon,english_loanword
टीम्टेब्ल,timetable,english_loanword
ज़ेरक्सेस,xerox,english_loanword
हाइनैस,highness,english_loanword
क्युलेक्स,culex,english_loanword
डेक्स्ट्रा,dextra,english_loanword
पार्टीशन,partitions,english_loanword
एक्सटर्नलाइज़,externalize,english_loanword
मारगौक्स,margoux,english_loanword
काजियों,qazis,english_loanword
इंप्लीमेंटेशन,implementation,english_loanword
एक्सेलोर्ड,axelrod,english_loanword
चेसिंग्टन,chessington,english_loanword
रीसेस्ड,recessed,english_loanword
नासिरुद्दीन,nasseruddin,english_loanword
युवकों,yuvaqon,english_loanword
केस्क्वेयर्स,ksquares,english_loanword
संदर्शिका,sandarshiqa,english_loanword
क्रोसफेड,crossfade,english_loanword
टाक्सोप्लाज़्मोसिस,toxoplosmosis,english_loanword
लिगामैंट,ligament,english_loanword
किचलू,kitchlew,english_loanword
क्विकस्निपेट,quicksnippet,english_loanword
दोषयुक्त,doshyuqt,english_loanword
स्टैफ़र्डशायर,staffordshire,english_loanword
क्यूएक्सएमएल,qxml,english_loanword
पारौक्सिज़्म,paroxysms,english_loanword
शक्तियों,shaqtiyon,english_loanword
ट्रांजिशन,transition,english_loanword
तुमुकुमाक,tumucumaque,english_loanword
गजेट,gadget,english_loanword
रूपवैज्ञानिक,rupvaigyaniq,english_loanword
डेक्सट्रोज,dextrose,english_loanword
फायरफाक्स,firefox,english_loanword
लाडेबल,laudable,english_loanword
ऐश्शाश्,aisshaash,english_loanword
वैक्सिंग,waxing,english_loanword
जेएसएस,jss,english_loanword
अक्सुम,axum,english_loanword
फिल्ट्रेशन,filtration,english_loanword
शुष्कता,shushqta,english_loanword
साक्षरों,saaxsharo,english_loanword
टैक्स्टफ़ोन,textphone,english_loanword
सैटलाफ,satloff,english_loanword
जीडीएसएस,gdss,english_loanword
वुडब्रिज,woodbridge,english_loanword
एनोटेशन्स,annotations,english_loanword
पलासी,plassey,english_loanword
एनक्विस्ट,enqvist,english_loanword
डेक्वाडीन,dequadin,english_loanword
तरक्कि,taraqqi,english_loanword
पासेरीफार्म,passeriformes,english_loanword
लिकोरिस,liquorice,english_loanword
किवियक,kiviuq,english_loanword
पेंशनें,pensionen,english_loanword
गोसिप,gossip,english_loanword
क्वासिमोडो,quasimodo,english_loanword
चेकबाक्स,checkbox,english_loanword
प्रफेसरशिप,professorship,english_loanword
विजटों,widgets,english_loanword
हाइक्शिन्शा,haixinsha,english_loanword
मिसिसिप्पी,mississippi,english_loanword
एक्सेभस,access,english_loanword
प्रोफेसरी,professorship,english_loanword
कविताओं,qavitaon,english_loanword
पोस्टग्रेएसक्यूएल,postgresql,english_loanword
इक्स्ट्रा,extra,english_loanword
क्लुल्स,klux,english_loanword
तकनीकों,techniques,english_loanword
हारमनाइजेशन,harmonization,english_loanword
लोक्सोडोंटा,loxodonta,english_loanword
ग्रिक्स,grix,english_loanword
अरफ़ा,araffaa,english_loanword
मकासार,makassar,english_loanword
प्लेग्राईज़ेशन,plagiarization,english_loanword
लेज़र,ledger,english_loanword
खन्दक,khandaq,english_loanword
पिक्सबुफ,pixbuf,english_loanword
बढ़,barhx,english_loanword
पुस्कर,pusskar,english_loanword
मिसट्रेस,mistress,english_loanword
तकनीकियों,techniques,english_loanword
इस्लामीकरण,islamification,english_loanword
इलडेक्सेज,indexes,english_loanword
मदरसा,madrassah,english_loanword
डेस्टिनेशंस,destinations,english_loanword
डीहाइड्रेशन,dehydration,english_loanword
केआफिस,koffice,english_loanword
टैबलेट्स,tablets,english_loanword
डीसा,deessa,english_loanword
पार्टिशनिंग,partitioning,english_loanword
क्रिसी,chrissy,english_loanword
कस्बों,qasbas,english_loanword
कैंपों,qaimpon,english_loanword
कसैले,qasaile,english_loanword
एयरकन्डीशन,aircondition,english_loanword
सासी,sassi,english_loanword
पार्टीशन्स,partitions,english_loanword
फ्लेचर,fletcher,english_loanword
इश्यू,issue,english_loanword
एकाडेमिंस,ehkademiss,english_loanword
दृष्टिकूट,rrastiqut,english_loanword
कर्टिस,curtiss,english_loanword
कृतियां,creations,english_loanword
अलेसांद्रो,alessandro,english_loanword
एडीशन,edition,english_loanword
तौसीफ,tousiff,english_loanword
सबक्लास,subclass,english_loanword
डिवएक्स,divx,english_loanword
वनस्पति,vanasspati,english_loanword
पार्टीशनिंग,partitioning,english_loanword
फ्लीस,fliss,english_loanword
लज्जापूर्ण,lazzapurna,english_loanword
बफ़र,buffered,english_loanword
अनुकम्पा,anuqampa,english_loanword
एक्स्ट्रा,extra,english_loanword
स्कवायरों,squares,english_loanword
टेक्सोटाइल,textile,english_loanword
उरूम्की,urumqi,english_loanword
डैसी,dassie,english_loanword
वेजिटेबल,vegetable,english_loanword
मैट्रिक्युलेशन,metriculation,english_loanword
एक्सोसाइटोसिस,exocytosis,english_loanword
हाइलाइटर,highlighter,english_loanword
रीहैबिलिटेशन,rehabilitation,english_loanword
अकर्म,aqarm,english_loanword
क्वालीटेटिव,qualitative,english_loanword
प्रीफ़िक्स,prefix,english_loanword
कैक्टन,caxton,english_loanword
कैजीलोर्डा,qyzylorda,english_loanword
हेडलाइट,headlight,english_loanword
पार्श्विक,parshwiq,english_loanword
अर्धसंरचनातेमक,ardhsanrachanatemaq,english_loanword
एलप्रेक्स,alprex,english_loanword
ब्राजविल,brazzaville,english_loanword
मार्सूपियलीकरण,marsupialization,english_loanword
दफ्ती,dafftee,english_loanword
एक्सपीएस,xps,english_loanword
कैलिब्रैशन,calibration,english_loanword
क्वेरकस,quercus,english_loanword
ईपीएबीएक्स,epabx,english_loanword
एक्सबीएम,xbm,english_loanword
एक्ससप्रेसवे,expressways,english_loanword
अल्बियोरिक्स,albiorix,english_loanword
कुपित,qupit,english_loanword
रिग्रेशन,regression,english_loanword
क्यूग्राफ़िक्सव्यू,qgraphicsview,english_loanword
मीकेलों,miquelon,english_loanword
कमिश्नरी,commissionary,english_loanword
इन्जैक्शन,injections,english_loanword
पत्नीको,patniqo,english_loanword
प्रीलाइट,prelight,english_loanword
क्रिस्टलीकरण,crystallization,english_loanword
चोंग्किंग,chongqing,english_loanword
लक्ष्मणजी,laxmanji,english_loanword
पासफ्रेज,passphrases,english_loanword
वफ़ा,waffa,english_loanword
एक्सिएंट,axiant,english_loanword
क्रासहेयर्स,crosshairs,english_loanword
ब्लफरएफ़एक्स,blurfx,english_loanword
आक्सीजिनेस,oxygenes,english_loanword
वर्चुअलाइजेशन,virtualization,english_loanword
मज़ाक,mazaaq,english_loanword
कनेसेट,knesset,english_loanword
केएक्साई,kexi,english_loanword
लासलेस,lossless,english_loanword
सिनियांग,xinjiang,english_loanword
ललीक,lalique,english_loanword
बगफिक्सेस,bugfixes,english_loanword
स्ट्रेचर,stretcher,english_loanword
प्लेसर,plesser,english_loanword
जाफ़ना,jaffna,english_loanword
उड़,urx,english_loanword
हीफेसो,hyphesso,english_loanword
फिक्स,fixed,english_loanword
नाइटविश,nightwish,english_loanword
रोमनाइजेशन,romanization,english_loanword
इंस्क्रिप्शन्स,inscriptions,english_loanword
हैवीवेट,heavyweight,english_loanword
शुकुलजी,shuquljee,english_loanword
हैलीफैक्स,halifax,english_loanword
कंप्रेसर,compressor,english_loanword
मिकेलन,miquelon,english_loanword
संन्यासियों,saniasion,english_loanword
एक्सैस,access,english_loanword
कंप्यूटेशनल,computational,english_loanword
बकवास,bakwass,english_loanword
प्रशुल्क,prashulq,english_loanword
हाइड्राक्साइड,hydroxide,english_loanword
महर्षिकी,maharshiqi,english_loanword
कमालपुरा,qamaalpura,english_loanword
एरेशन,aeration,english_loanword
स्कोलेक्स,scolex,english_loanword
पार्टिशनों,partitions,english_loanword
एग्जाम,exam,english_loanword
यूपीएस,upss,english_loanword
इम्प्रेशन,impression,english_loanword
फुफ्फुसावरण,fuffusavaran,english_loanword
एपेंडिक्स,appendix,english_loanword
निसेरिया,neisseria,english_loanword
बेकरार,beqaraar,english_loanword
एग्ज़ामिनेशंस,examinations,english_loanword
आरग्यूमैंट्स,arguments,english_loanword
एसेज,essays,english_loanword
ओसी,ossie,english_loanword
क्वार्टली,quarterly,english_loanword
टेक्सचरिंग,texturing,english_loanword
गास,gauss,english_loanword
एनाक्सपोरीन,enaxoparin,english_loanword
अंकेक्षक,ankekshaq,english_loanword
वेजवुड,wedgewood,english_loanword
काफेर,kaffer,english_loanword
कुरआन,qur,english_loanword
एक्जिक्यूटर,executor,english_loanword
सुसर,susser,english_loanword
माफ़िया,maffia,english_loanword
लेंसकरेक्शन,lenscorrection,english_loanword
चतुर्दिक्,chaturdiq,english_loanword
जीराक्स,xerox,english_loanword
डिसेबिलिटी,disablement,english_loanword
लोकलाइजेशन,localization,english_loanword
घटीं,ghteen,english_loanword
सैफ्लावर,safflower,english_loanword
कन्ट्रीब्यूशन,contribution,english_loanword
लासा,lassa,english_loanword
हाइपरटेक्स्ट,hypertext,english_loanword
पूर्णकालिक,pornakaliq,english_loanword
एक्सपोनेंट,exponents,english_loanword
डिजाइनेबल,designable,english_loanword
संकटों,sanqaton,english_loanword
न्यायाधिकरण,nyayadhiqaran,english_loanword
एसेकिबो,essequibo,english_loanword
फोरस्क्वेर,foursquare,english_loanword
हरीतकी,hareetqi,english_loanword
सीडीटेक्स्ट,cdtext,english_loanword
यूटिलाइज़ेशन,utilization,english_loanword
मिक्सोडेमा,myxedema,english_loanword
एक्साप्टा,axapta,english_loanword
एंथ्रैक्स,anthrax,english_loanword
एक्जीक्यूशन,execution,english_loanword
पापारात्सी,paparazzi,english_loanword
किशोरा,qishora,english_loanword
टेलीकम्यूनिकेशन्स,telecommunications,english_loanword
बाकायदा,baaqaayadaa,english_loanword
बाकर,baquer,english_loanword
कैलटेक्स,caltex,english_loanword
बोओक्स्,boox,english_loanword
तृप्ति,fulfillment,english_loanword
क्वैन,quwain,english_loanword
स्पैन्डेक्स,spandex,english_loanword
प्राप्तांक,prraptaanq,english_loanword
कोरिलेशन,correlation,english_loanword
घटोत्कच,ghtotkach,english_loanword
मिसाल,example,english_loanword
एक्सकैलिबर,exakailiber,english_loanword
एक्सपर्ट,expert,english_loanword
मथकर,mathqar,english_loanword
डीमाइलिनेशन,demyelination,english_loanword
रजिस्ट्रेशन,registrations,english_loanword
मैक्सीमो,maximo,english_loanword
अज़राक,azaraq,english_loanword
रेडिक्स,radix,english_loanword
रिजोल्यूशनों,resolutions,english_loanword
अनकंप्रेस्ड,uncompressed,english_loanword
डाउनलोडयोग्य,downloadable,english_loanword
क्वार्टर्ली,quarterly,english_loanword
आक्सीकारक,oxykaarak,english_loanword
ताल्लुकदारों,taluqdars,english_loanword
धनलक्ष्मी,dhanlaxmi,english_loanword
कादिरियाह,qadiriyahs,english_loanword
मल्टीप्लेक्सीस,multiplexes,english_loanword
रिक्वेस्ट,request,english_loanword
जिसकी,jisski,english_loanword
कोंडोलिसा,condoleezza,english_loanword
उस,usse,english_loanword
निष्कर्षत,nishqarhat,english_loanword
असीरिया,assyria,english_loanword
इंजेक्शनों,injections,english_loanword
मालरों,malraux,english_loanword
बेलारुस,byelorussia,english_loanword
मार्टिनिक,martinique,english_loanword
असिस्टेड,assisted,english_loanword
इनसे,insse,english_loanword
कैम्बरीज़बे,cambridgebay,english_loanword
मैसिफ,massif,english_loanword
मौड्यूलेशन,modulation,english_loanword
आबादियों,habitations,english_loanword
कुर्बानी,qurbaani,english_loanword
दक्षिणापथ,daxinapath,english_loanword
हुकम,huqam,english_loanword
जाफरान,saffron,english_loanword
एफरनेट,efferent,english_loanword
आईटीईएक्स,itex,english_loanword
डिटॉबस,detox,english_loanword
क्वीन्सबरी,queensbury,english_loanword
एजीटेशन,agitation,english_loanword
सूफिल,souffle,english_loanword
शूरवीर,knight,english_loanword
स्त्रोस,stross,english_loanword
आक्सीक्लोराइड,oxychloride,english_loanword
कार्टरिड्ज,cartridges,english_loanword
बोर्डो,bordeaux,english_loanword
मिच,mitch,english_loanword
टाफियां,toffeeyan,english_loanword
एक्साइल,exile,english_loanword
लेक्योर,laqueur,english_loanword
इपीएबीएक्स,epabx,english_loanword
चांगकिंग,chongqing,english_loanword
टेक्स्चर,texture,english_loanword
एफ्लेक,affleck,english_loanword
एनएसएस,nss,english_loanword
एक्सक्लूड,exclude,english_loanword
एटामिक्स,atomix,english_loanword
वाइज़र,visser,english_loanword
दिक्कतों,diqqaton,english_loanword
बोरशिया,borussia,english_loanword
लक्ष्मीदेवी,laxmidevi,english_loanword
जार्नसेक्सा,jarnsaxa,english_loanword
साटलोफ,satloff,english_loanword
एक्स्ट्रेक्टिंग,extracting,english_loanword
टोरक्वे,torquay,english_loanword
आक्सी,aaxee,english_loanword
केसीएमविनडेकोरेशन,kcmkwindecoration,english_loanword
बिगनेस,bigness,english_loanword
फ्लेक्सिबिलिटी,flexibility,english_loanword
फारुख़,farooq,english_loanword
अवेलेबल,available,english_loanword
लिस्टबक्सों,listboxes,english_loanword
फिरदौस,firdoss,english_loanword
मुजाम्बिक,mocambique,english_loanword
असीरीयन,assyrian,english_loanword
ज़िया,xia,english_loanword
मुज़फ्फराबाद,muzaffarabad,english_loanword
फ्रेमबफर,framebuffer,english_loanword
आइएसएस,iss,english_loanword
कहों,qahon,english_loanword
कवर,qavar,english_loanword
पैच्ड,patched,english_loanword
इक्वेटोरियल,equatorial,english_loanword
एनेक्सी,anaxy,english_loanword
फिक्सर,fixer,english_loanword
डैन्ड्रफ,dandruff,english_loanword
चैरेक्सेज,charaxes,english_loanword
एक्सप्र,expr,english_loanword
कण्णश,kannassa,english_loanword
प्रोफेशनलों,professionals,english_loanword
फीफ़र,pfeiffer,english_loanword
तरक्की,tarrqqui,english_loanword
एक्सरसाइज,exercises,english_loanword
कैलीब्रेशन,calibration,english_loanword
ट्रांजीशन,transition,english_loanword
मल्टीप्लेक्सों,multiplexes,english_loanword
क्वाटरफाइनल,quarterfinal,english_loanword
पर्मीसन,permissions,english_loanword
हेक्साडेसिमल,hexadecimal,english_loanword
टकीला,tequila,english_loanword
उम्मीद,expectation,english_loanword
कुदरत,qudarat,english_loanword
अस्पृश्य,assprishya,english_loanword
युनिक्स,unix,english_loanword
पासर्वड,password,english_loanword
सेल्युकस,salux,english_loanword
एक्सएफसीई,xfce,english_loanword
रोफेट,roffet,english_loanword
एश्योरंस,assurance,english_loanword
गेस्टेशन,gestation,english_loanword
ग्रंथिकाएं,granthiqaen,english_loanword
माचिस,matches,english_loanword
सिंक्रोनाइजेशन,synchronization,english_loanword
आफिसेज़,offices,english_loanword
मैन्थोल,menthol,english_loanword
थूकने,thooqne,english_loanword
कच्ची,katchi,english_loanword
ठाकुरों,thaquron,english_loanword
भूमिकाएं,bhoomiqaen,english_loanword
बेलोरूसियन,belorussian,english_loanword
ग्लासेज़,glasses,english_loanword
क्रॉसबे,crossway,english_loanword
ऑटोनेशन,autonation,english_loanword
लौंगस्टाफ,longstaff,english_loanword
एन्चैन्ट्रेस,enchantress,english_loanword
बाक्साइट,bauxide,english_loanword
डफरिन,dufferin,english_loanword
टैक्सीववे,taxiways,english_loanword
कैजीलोरडा,qyzylorda,english_loanword
इक्वलाइज़,equalize,english_loanword
कनफैक्शनरी,confectionery,english_loanword
इंटरेकशन,interaction,english_loanword
कद्दाफी,qaddafi,english_loanword
ससाक्चावान,saskatchewan,english_loanword
डाइवर्जन,diversion,english_loanword
ग्लोबलाइजेशन,globalisation,english_loanword
मैक्सिमम,maximum,english_loanword
पकडने,paqadne,english_loanword
गीअस,geass,english_loanword
सक्सेना,saxena,english_loanword
एनकम्पास,encompass,english_loanword
जेराक्स,xerox,english_loanword
इंटरवेशन,intervention,english_loanword
रिपीटीशन,repetition,english_loanword
मोज़ाम्बिक,mocambique,english_loanword
ससुरू,ssuru,english_loanword
इन्फ्लेमेशन,inflammation,english_loanword
एक्सर्साइज़स,exercises,english_loanword
ट्रांसफारमेशन,transformation,english_loanword
डीपीएसएस,dpss,english_loanword
फ़ंक्शन,functions,english_loanword
क्वेचुआ,quechua,english_loanword
जाफराबादी,jaffarabadi,english_loanword
टेक्सट,text,english_loanword
पोजीशनिंग,positioning,english_loanword
प्रोग्रामीय,programmable,english_loanword
ट्रांसटरफिकेशन,transesterification,english_loanword
कासावा,cassava,english_loanword
गेसिंग,guessing,english_loanword
विकेंद्रित,viqendrit,english_loanword
इंडोम्टेबल,indomtable,english_loanword
हासो,hasso,english_loanword
एसेनसियल,essential,english_loanword
एक्ससेटअप,xsetup,english_loanword
लक्ष्मीनंदन,laxminandan,english_loanword
वासकेट,bousquet,english_loanword
स्तनपायियों,sstanpayuyom,english_loanword
कैलिब्रेशन,calibration,english_loanword
रैच,ratch,english_loanword
एक्यूप्रेशर,acupressure,english_loanword
लांगटेबल,longtable,english_loanword
लक्ज़ेमबोर्ग,luxemburg,english_loanword
टॉफी,toffee,english_loanword
अराजनैतिक,arajnaitiq,english_loanword
पड़ोसियों,padosion,english_loanword
जाक्सा,jaxa,english_loanword
स्लेजों,sledges,english_loanword
कोडेक्स,codex,english_loanword
फ्रकस्हन्,frakasshan,english_loanword
सकलैन,saqlain,english_loanword
रीग्रेशन,regression,english_loanword
पासु,passu,english_loanword
मैकक्वेरी,macquaire,english_loanword
क्यारियां,qyariyaan,english_loanword
होक्सा,hoxa,english_loanword
कोंसेट,quonset,english_loanword
एक्वा,aqua,english_loanword
शरच्चंद्र,saratchandra,english_loanword
एसएसआइ,ssi,english_loanword
क्लिफ,cliff,english_loanword
रिवाइटलाइजेशन,revitalization,english_loanword
चरकसी,circassian,english_loanword
ट्रॉफिक,traffik,english_loanword
कुँए,quen,english_loanword
सबस्टीट्यूशन,substitution,english_loanword
बुज्जें,buzze,english_loanword
स्कुँरेड,squared,english_loanword
मर्क्यूरी,maqyurri,english_loanword
एफ़िनिटी,affinity,english_loanword
आर्तच्हिन्,artchin,english_loanword
सुरख़ानदरिया,surxondaryo,english_loanword
डेक्यूस,deques,english_loanword
स्पेशियलाइज़ेशन,specialisation,english_loanword
बेकरारी,beqaraarii,english_loanword
रक्तवाहिनी,raqtvahini,english_loanword
स्ट्रैच,stretch,english_loanword
एबॉर्शन,abortion,english_loanword
होक्स,hoax,english_loanword
इंक्यूबेशन,incubation,english_loanword
कन्वर्टेबल,convertible,english_loanword
स्ट्राइसगुथ,streeissguth,english_loanword
ग्रिज़लीस,grizzlies,english_loanword
डिक्सटन,dixton,english_loanword
स्वनिक,svaniq,english_loanword
मजाकिया,majaaqia,english_loanword
आसिसी,assissi,english_loanword
इक्वेलाइज़र,equalizer,english_loanword
उसि,ussi,english_loanword
इंन्ट्रूमेन्टेशन,instrumentation,english_loanword
पश्तो,paxto,english_loanword
दूंसताबल,dunstable,english_loanword
कैम्ब्रिजबे,cambridgebay,english_loanword
अज़राकी,azraqee,english_loanword
बेगर,badger,english_loanword
रैनबैक्सी,ranbaxy,english_loanword
स्केलेबल,scalable,english_loanword
हाईलाइट्स,highlights,english_loanword
बेलरुस,byelorussia,english_loanword
तकदीरवाला,taqdeerwala,english_loanword
लेमीनेशन,lamination,english_loanword
प्लैकसेस,plexuses,english_loanword
बास्टेर,basseterre,english_loanword
एफीडेविट,affidavit,english_loanword
मोनटीसकीव,montesquieu,english_loanword
जेफ्फ,jeff,english_loanword
कफन,cuffun,english_loanword
स्क्विड,squid,english_loanword
पेट्रिज,partridges,english_loanword
मेज़ानाइन,mezzanine,english_loanword
मिसीसिपी,missicippi,english_loanword
इलेक्ट्रानिकी,electroniqee,english_loanword
गूस्ताफ्सन,gustafsson,english_loanword
केचर,catcher,english_loanword
कंफेक्शगनरी,confectionery,english_loanword
कुदसी,qudsi,english_loanword
इलेक्ट्रोलक्स,electrolux,english_loanword
जीएसएस,gss,english_loanword
डायक्साइड,dioxide,english_loanword
स्ट्रैसमैन,strassman,english_loanword
उपस्टेशन,substation,english_loanword
कचहरियों,kutcherihon,english_loanword
सक्सौल,saxaual,english_loanword
एक्सेप्शनल,exceptional,english_loanword
रेडिसन,radisson,english_loanword
बिसाउ,bissau,english_loanword
आर्ब्रिटेशन,arbitration,english_loanword
विज़ेट्स,widgets,english_loanword
बैज,badge,english_loanword
प्लैक,plaque,english_loanword
फ्रिजी,frizzy,english_loanword
अलब्राइट,albright,english_loanword
इम्प्लीमेंटेशन,implementation,english_loanword
इशेन्सियल,essential,english_loanword
ऑनेक्स,onex,english_loanword
ट्रान्सिशनल,transitional,english_loanword
लेमिनेशन,lamination,english_loanword
रिड्रेसल,redressal,english_loanword
एक्सेसएक्स,accessx,english_loanword
तुजुक,tujuq,english_loanword
सर्चलाईट,searchlight,english_loanword
ब्लिस,bliss,english_loanword
एसोसिएशंज़,associations,english_loanword
एक्सट्रैक्ट्स,extracts,english_loanword
चैनलमिक्सर,channelmixer,english_loanword
डाइआक्साडइ,dioxide,english_loanword
एक्सपोज़र,exposure,english_loanword
केन्द्रीकरण,kendriqaran,english_loanword
एक्विनास,aquinas,english_loanword
सुबेरिनीकरण,suberization,english_loanword
क्यारियों,quarries,english_loanword
जेनिक्स,xenix,english_loanword
रेफ़्रिजरेशन,refrigeration,english_loanword
एलिवेशन,elevation,english_loanword
सुब्बालक्ष्मी,subbalaxmi,english_loanword
मुकाबिले,muqabeele,english_loanword
कुमुक,kumuq,english_loanword
पतिको,patiqo,english_loanword
सुपरक्लास,superclass,english_loanword
कसावा,cassava,english_loanword
र्युक्त,yuqt,english_loanword
प्रेडिक्शन,prediction,english_loanword
कोटेशनों,quotations,english_loanword
डेफिएकेशन,dafaecation,english_loanword
क्यूलेक्स,culex,english_loanword
टाइलिंकोरिंकस,tailinkorinqas,english_loanword
बांटकर,baantqar,english_loanword
फोटोग्राफिक्स,fotografix,english_loanword
मल्टीनेशनल,multinational,english_loanword
बायलेक्सन,bilexan,english_loanword
खाका,khaqa,english_loanword
क्षारक,ksharaq,english_loanword
उनुनहेक्सियम,ununhexium,english_loanword
स्प्लाइन्स,spookiness,english_loanword
सीमलेस,seamless,english_loanword
मैनशन,mansion,english_loanword
लक्ष्मीकुट्टी,laxmikuttee,english_loanword
एक्वायर,acquire,english_loanword
डाइस्लेक्सिया,dyslexia,english_loanword
धोकर,dhoqar,english_loanword
वाचग्लास,watchglass,english_loanword
न्यूट्रिशन,nutrition,english_loanword
भगवद्गीता,bhagavadgeeta,english_loanword
फैंक,phenq,english_loanword
जिज्जी,jizzi,english_loanword
बेक्सली,bexley,english_loanword
रेकों,reqon,english_loanword
हायपरटैक्स्ट,hypertext,english_loanword
फ्लेक्सियन,flexion,english_loanword
विस्मैन,weissman,english_loanword
कीटो,quito,english_loanword
प्रीफेचेबल,prefetchable,english_loanword
इक्वेटोरेअल,equatorial,english_loanword
क्विटर,quitter,english_loanword
ग्लिसाडिंग,glissading,english_loanword
रिनोवेशन,renovation,english_loanword
गोपन,suppression,english_loanword
निक्सस,nexus,english_loanword
नाशी,naxi,english_loanword
सेविज,savidge,english_loanword
कैलिब्रेशम,calibration,english_loanword
उटज,hutch,english_loanword
असोसिएशंज़,associations,english_loanword
गुप्तचरी,guptchari,english_loanword
एक्सेचेंज,exchanges,english_loanword
कुबातुल,quwatul,english_loanword
कन्जुगेशन,conjugation,english_loanword
सिक्वेंस,sequence,english_loanword
उपेक्ष,upex,english_loanword
मिशनरीज़,missionaries,english_loanword
मेलबक्सा,mailbox,english_loanword
पेसरी,pessary,english_loanword
रज्जु,razzu,english_loanword
पासेस,passes,english_loanword
क्वार्टन,quartz,english_loanword
इरिगेशन,irrigetion,english_loanword
कुरैश,quraysh,english_loanword
जुरैसिक,jurassic,english_loanword
परॉक्सिडेसेस,peroxidise,english_loanword
न्युट्रिशन,nutrition,english_loanword
टिफ,tiff,english_loanword
ज़िज़ी,zizzee,english_loanword
ख़कास,khakassia,english_loanword
शारकी,sharqui,english_loanword
उत्तेजक,uttejaq,english_loanword
गिलासों,glasses,english_loanword
प्रथक्करण,prathkqaran,english_loanword
टेबलों,tables,english_loanword
डापुरेटीन,dapoxetine,english_loanword
एकूयाटोरियल,equatorial,english_loanword
अभिव्यक्तियों,abhivyaktion,english_loanword
मक्स,mux,english_loanword
हिच,hitch,english_loanword
लिबआरएसएस,librss,english_loanword
आफिसिनालिस,officinalis,english_loanword
वेसेक्स,wessex,english_loanword
सीक्वेन्स,sequence,english_loanword
क्लीयेंट,clement,english_loanword
केएड्रेसबुक,kaddressbook,english_loanword
आक्सफोर्डशायर,oxfordshire,english_loanword
टैक्सटाइल,textile,english_loanword
त्रिमाक्स,trimax,english_loanword
क्वैरी,queries,english_loanword
डीलड्रेक्स,dieldrex,english_loanword
एरिसा,arissa,english_loanword
फरकूहाय,farquhai,english_loanword
लालकिला,lalquila,english_loanword
आयोडिक,ayodiq,english_loanword
स्,ss,english_loanword
प्रिवलिज,priviledge,english_loanword
क्यू,queue,english_loanword
एमेटिक,emetiq,english_loanword
असीसी,assissi,english_loanword
अराक,iraq,english_loanword
दुबक,dubaq,english_loanword
वाचर्स,watchers,english_loanword
प्रोक्सीवान,proxivon,english_loanword
बैंकीय,banqeey,english_loanword
चिट्ठा,chitchat,english_loanword
क्वालिफाइड,qualified,english_loanword
कोउ,qou,english_loanword
सीमंकी,simonqui,english_loanword
सज़ा,punishment,english_loanword
क्लासरुम,classroom,english_loanword
क्लच,clutch,english_loanword
कम्पूचिया,qampuchia,english_loanword
आक्सिम,oxime,english_loanword
सेक्शनिंग,sectioning,english_loanword
पेट्रोमैक्स,petromax,english_loanword
क्रौसैंड्रा,crossandra,english_loanword
युफ़िज्जी,uffizi,english_loanword
ट्राइआक्साइड,trioxide,english_loanword
ब्रसेल,brussel,english_loanword
एक्सेप्शन,exceptions,english_loanword
एंथ्राक्स,anthrax,english_loanword
ट्रैक्शन,traction,english_loanword
एक्सेप्शन्स,exceptions,english_loanword
अकतूब,aqtobe,english_loanword
एक्विन,equine,english_loanword
बरडिजो,burdizzo,english_loanword
सेंटरविजेटएवरेज,centerweightedaverage,english_loanword
सिम्प्लैक्स,simplex,english_loanword
इन्जेक्शन,injections,english_loanword
चमत्कारों,chamatqaron,english_loanword
रीडायरेक्शन,redirection,english_loanword
सोल्युशन,solution,english_loanword
फ्लैचर,fletcher,english_loanword
डिस्पर्सन,dispersion,english_loanword
हेसरघट्टा,hessarghatta,english_loanword
कम्पास,compass,english_loanword
उलयसेस,ulysses,english_loanword
मल्टीफंक्शन,multifunction,english_loanword
फ़ासिल,fossil,english_loanword
शारका,sharqa,english_loanword
सेक्शनल,sectional,english_loanword
असोम,assom,english_loanword
घूंघट,ghunght,english_loanword
डिस्कलरेशन,discolouration,english_loanword
फ़ाकों,faaqon,english_loanword
एक्सएमआई,xmi,english_loanword
आरक्षी,araxi,english_loanword
क्वार्टरबैक,quarterback,english_loanword
ट्राइएसिक,triassic,english_loanword
स्क्वेज़,vsquez,english_loanword
समस्थानिक,samsthanaq,english_loanword
फ्लाईकैचर,flycatcher,english_loanword
किस्में,qismen,english_loanword
वैक्स,wax,english_loanword
कतार,qataar,english_loanword
क्यूईडीजेई,qedje,english_loanword
असेंसन,ascension,english_loanword
खरीफ,khariff,english_loanword
एनोटेशन,annotations,english_loanword
इंजेक्शन्स,injections,english_loanword
कदूकस,kadukassa,english_loanword
एक्सेसरीज़,accessories,english_loanword
क्वीज,quiz,english_loanword
गौसियन,gaussian,english_loanword
डिस्कोथेक,discotheque,english_loanword
टैरिफ,tariffs,english_loanword
ब्रिक्स्टन,brixton,english_loanword
नुक्स,nuqs,english_loanword
प्रोफैशनल्स,professionals,english_loanword
रुखसाना,roxana,english_loanword
रोसेटी,rossetti,english_loanword
फ्लेशलाईट,flashlight,english_loanword
डेस्टिनेशन्स,destinations,english_loanword
हाफ,haff,english_loanword
ऑडाशियस,audition,english_loanword
इंक्वायरी,inqwayarii,english_loanword
सफ्रेन,suffren,english_loanword
बेलरसवासी,belorussian,english_loanword
क्वार्टज,quartz,english_loanword
चिआंग,qiang,english_loanword
ग्लाइकोकैलिक्स,glycocalyx,english_loanword
नोनैक्सीमेट्रिक,nonaxisymmetric,english_loanword
रिजोल्यूशन,resolutions,english_loanword
स्क्विग्ली,squiggly,english_loanword
हाइट,height,english_loanword
लाइटों,lighton,english_loanword
जनशक्ति,janshaqti,english_loanword
अनअनक्वाडियम,ununquadium,english_loanword
रिडेम्पशन,redemption,english_loanword
कंसीड़रेशन,consideration,english_loanword
इश्स,iss,english_loanword
कलरएफ़एक्स,colorfx,english_loanword
ऐन्थ्रैक्स,anthrax,english_loanword
पेटीश्नर,petitioner,english_loanword
शिया,xia,english_loanword
ट्यूक्सीडो,tuxedo,english_loanword
एक्जिमा,exzima,english_loanword
मुज्ज़फ्फर,muzzaffar,english_loanword
ट्यूमफेक्शन,tumefaction,english_loanword
पोज़ोलाना,pozzolan,english_loanword
क्रचिंग,crutching,english_loanword
हेजर्स,hedgers,english_loanword
बुचर,butcher,english_loanword
एंबोलाइजेशन,embolization,english_loanword
कतारी,qatari,english_loanword
कसाव,qasaav,english_loanword
कथाओं,qathaon,english_loanword
इक्वलिब्रियम,equilibrium,english_loanword
मुफस्सिल,moffussil,english_loanword
उत्तरकाल,uttarqaal,english_loanword
मोदक,modaq,english_loanword
हाइपरटेक्सट,hypertext,english_loanword
करमे,qarme,english_loanword
क्विनोन,quinull,english_loanword
हेस्काडेसीमल,hexadecimal,english_loanword
एलआईटीएसएस,litss,english_loanword
टेलीफैक्स,telefax,english_loanword
शिष्टि,assist,english_loanword
गुआयाकिल,guayaquil,english_loanword
हॉचटिफ़,hatctiff,english_loanword
ब्रिजटाउन,bridgetown,english_loanword
एफरेंट,afferent,english_loanword
बैंकट,banquet,english_loanword
यूनिक्स,unix,english_loanword
बैकलाइट,backlight,english_loanword
कुड्स,quds,english_loanword
इगनीशन,ignition,english_loanword
हेक्साफ्लोराइड,hexafluoride,english_loanword
इथरस्विच,etherswitch,english_loanword
मेसेटर,masseter,english_loanword
हैकर,haiqar,english_loanword
इनिशियलाइजनेशन,initialization,english_loanword
ठूंॅसकर,thoonsqar,english_loanword
नकदी,naqdee,english_loanword
फेच,fetch,english_loanword
फोस,foss,english_loanword
फिक्सेस,fixes,english_loanword
मोनोक्साइड,monoqside,english_loanword
कांग्रेसजनों,congressmen,english_loanword
शायदुल्ला,xaidulla,english_loanword
एक्सनेस्ट,xnest,english_loanword
मैकाक,macaque,english_loanword
विसमैन,weissman,english_loanword
कनस्तरों,qanastaron,english_loanword
एम्बेेस्डहर,ambassadors,english_loanword
बाकेरिजो,baquerizo,english_loanword
विडजेट,widget,english_loanword
मार्कुइस,marquis,english_loanword
क्रच्यान,crutchyaan,english_loanword
ग्रोसार्ड,grossard,english_loanword
वैरीएबल,variable,english_loanword
हिसारडेल,hissardale,english_loanword
फ्रेंचाइजी,franchisess,english_loanword
टिश्यू,tissues,english_loanword
किचनसिंक,kitchensync,english_loanword
एक्सचेकर,exchequer,english_loanword
बफ़रण,buffering,english_loanword
एलीवेशन,elevation,english_loanword
न्यूमरेशन,numeration,english_loanword
इम्पेनिट्रेबल,impanitrable,english_loanword
एक्ज़िम,exim,english_loanword
द्रास,drass,english_loanword
कापीराइट,copyright,english_loanword
मालरो,malraux,english_loanword
तकनीकें,techniques,english_loanword
कालरिज,coleridge,english_loanword
ब्राजावील,brazzaville,english_loanword
डेसाउ,dessau,english_loanword
ब्यूटिक,boutiques,english_loanword
लेक्सीकल,lexical,english_loanword
स्फिंक्स,sphinx,english_loanword
रिकर्सन,recursion,english_loanword
प्रोसेस्ड,processed,english_loanword
एक्सपोनेंशियल,exponential,english_loanword
डीमल्टीप्लेक्सर,demultiplexer,english_loanword
मेलबाक्स,mailboxes,english_loanword
लोयफर,loeffler,english_loanword
आक्सीडेंट,oxidants,english_loanword
इलेक्ट्रिफिकेशन,electrification,english_loanword
कहावतों,qahavaton,english_loanword
हजेंस,hudgens,english_loanword
कोष्ठ,qoshth,english_loanword
मांटू,mantoux,english_loanword
प्रोग्रामेबल,programmable,english_loanword
एक्स्पोर्ट,export,english_loanword
मेट्रोएक्साइलोन,metroxylon,english_loanword
मैक्सिकोसिटी,mexicocity,english_loanword
टेलिकमयूनिकेशंज़,telecommunications,english_loanword
कॉंग्रेस,ongress,english_loanword
एसएसजीआईएस,ssgis,english_loanword
एकतो,aqtau,english_loanword
ज़ेराक्स,xerox,english_loanword
स्क्वैटर,squatter,english_loanword
क्वासी,quasi,english_loanword
रिक्लेमेशन,reclamation,english_loanword
एकटोबे,aqtobe,english_loanword
कापीराइट्स,copyrights,english_loanword
सिम्बेक्स,simbex,english_loanword
एम्बेडेड,embeddable,english_loanword
सीएलसीएसएस,clcss,english_loanword
गैलेक्सीएँ,galaxy,english_loanword
आफिसरों,officers,english_loanword
कुरसियों,kursion,english_loanword
ताफता,taffeta,english_loanword
असन्ट्,assant,english_loanword
फ़ंक्शन्स,functions,english_loanword
वियोगात्मक,viyogaatmaq,english_loanword
वाक़िफ़,watchful,english_loanword
एक्सपिडिशन,expeditions,english_loanword
एक्सटेन्शन,extensions,english_loanword
एन्थ्रेक्स,anthrax,english_loanword
क्वार्टज़,quartz,english_loanword
मिनीमैक्स,minimax,english_loanword
जेसिड,jassids,english_loanword
टैक्सट,text,english_loanword
प्रिवेंशन,prevention,english_loanword
कैसरोल,casserole,english_loanword
ऐन्द्रिक,endriq,english_loanword
रंगरेज़,rangrezz,english_loanword
सासानी,sassanid,english_loanword
रिजफील्ड,ridgefield,english_loanword
ब्रिकेट,briquettes,english_loanword
एक्सएमएमएस,xmms,english_loanword
पप्फर,puffer,english_loanword
बास्टेरे,basseterre,english_loanword
पिक्समेप,pixmap,english_loanword
एबेरेशन,aberration,english_loanword
अपेंडिक्स,appendix,english_loanword
एक्सेक,exec,english_loanword
मुफुसिल,mufussil,english_loanword
एक्सपीडीटर,expeditor,english_loanword
क्रासहेयर,crosshairs,english_loanword
सरकाकर,sarkaqar,english_loanword
डैंड्रफ,dandruff,english_loanword
यूटिलाइजेशन,utilization,english_loanword
क्वार्ट्ज,quartz,english_loanword
टिस,tiss,english_loanword
स्टिच,stitch,english_loanword
एक्सआईएम,xim,english_loanword
कल्टीवेबल,cultivable,english_loanword
एक्सप्रेशन्स,expressions,english_loanword
जेफरसन,jeffersonian,english_loanword
टैक्सों,taxon,english_loanword
कम्प्रेशर,compressor,english_loanword
कनटोप,qantop,english_loanword
हैंडेडनेस,handedness,english_loanword
परमीशन,permission,english_loanword
मुस्तकीम,moustaqim,english_loanword
कुंभ,qumbh,english_loanword
वैसल,vessels,english_loanword
ट्वाइलाइट,twilight,english_loanword
मार्क़्स,marx,english_loanword
सेमफेक्स,semfex,english_loanword
कादरयार,qadaryar,english_loanword
इंडेक्सर,indexer,english_loanword
इन्स्टीट्यूट,constitution,english_loanword
मिक्स्चर,mixture,english_loanword
एन्टीक,antique,english_loanword
टेलेक्स्,telex,english_loanword
टेक्सन,texan,english_loanword
डिवाइनप्रपोर्शन,divineproportion,english_loanword
बेझिझक,bejhijhaq,english_loanword
मक्सर्,muxer,english_loanword
साइक्लोहेक्सेन,cyclohexane,english_loanword
डर्माब्रेशन,dermabrasion,english_loanword
आथोराइजेशन,authorization,english_loanword
मारटीनिक,martinique,english_loanword
ठंडक,thandaq,english_loanword
एसक्यूएल,sql,english_loanword
जगाकर,jagaqar,english_loanword
वेसल्स,vessels,english_loanword
अनुसंधानकर्ताओं,anusandhaanqartaon,english_loanword
क्योंकिं,kyonqi,english_loanword
इंसर्शन,insertion,english_loanword
एक्सेसर,accessor,english_loanword
करिअप्पा,qarirappa,english_loanword
जिसका,jisska,english_loanword
फ्लोक़्स,phlox,english_loanword
एक्टिविजन,activision,english_loanword
पेंशनभोगियों,pensionbhogiyon,english_loanword
फ़िक्स,fixed,english_loanword
क्लासेज़,classes,english_loanword
आउटबाक्स,outbox,english_loanword
एक्सिम,exim,english_loanword
एलिसा,elissa,english_loanword
गवर्नेस,governesses,english_loanword
पिक्सर,pixar,english_loanword
ऐजेन्सियों,ejension,english_loanword
कोज़ाक,cossacks,english_loanword
रेक्विंटो,requinto,english_loanword
स्केचबुक,sketchbook,english_loanword
तार्केक,tarqeq,english_loanword
केएक्जाई,kexi,english_loanword
केन्दों,qendron,english_loanword
सर्वेक्षक,sarvekshaq,english_loanword
सिलेबल्स,syllables,english_loanword
एफी,effi,english_loanword
तेज़,tezz,english_loanword
एस्कोनडिडो,excondido,english_loanword
रिहैबिलिटेशन,rehabilitation,english_loanword
कम्प्रेशन,compression,english_loanword
माईएसक्यूएल,mysql,english_loanword
इन्सुलेशन,insulation,english_loanword
साउण्डेक्स,soundex,english_loanword
कैपिटेशन,capitation,english_loanword
एमयूएक्स,mux,english_loanword
इंडीकेशन,indication,english_loanword
कैंसिलेशन,cancellation,english_loanword
किरिपा,qiripa,english_loanword
सुसेक्स,sussex,english_loanword
कल्ब,qalb,english_loanword
मार्क्वीसास,marquesas,english_loanword
रिक्वैस्ट,request,english_loanword
परआक्सीएसाइल,peroxyacyl,english_loanword
अलेक्ज़ान्द्रे,aleixandre,english_loanword
लगकर,lagqar,english_loanword
वाहाका,oaxaca,english_loanword
त्यागकर,tyaagqar,english_loanword
लोशन्स,lotions,english_loanword
एक्ज़ॉन,exgen,english_loanword
रिकंफिगरेबल,reconfigurable,english_loanword
कुनैन,quinine,english_loanword
लोशनों,lotions,english_loanword
आगा,aagxaa,english_loanword
लोकाट,loquat,english_loanword
काफ्का,kaaffkaa,english_loanword
एडमीशन,admission,english_loanword
ओआईएसडी,oaayiessdi,english_loanword
हसनाबाद,hassanabad,english_loanword
रोसेनडेल,rossendale,english_loanword
आरएक्सवीटी,rxvt,english_loanword
गेलेक्सी,galaxy,english_loanword
स्टीफन,steffen,english_loanword
करावे,qaraave,english_loanword
एक्जिम,exim,english_loanword
स्टारबो,starbucks,english_loanword
गक,gaq,english_loanword
एक्सपोनेंट्स,exponents,english_loanword
ट्रेक्शन,traction,english_loanword
औफिसर्ज,oufficers,english_loanword
टोकियों,toqiyon,english_loanword
सैंडबाक्स,sandbox,english_loanword
एसिकिबो,essequibo,english_loanword
मिज,midge,english_loanword
टाक्सोप्लाज़मा,toxoplasma,english_loanword
मेकुरी,macquarie,english_loanword
स्थापत्यकला,sthapatyqala,english_loanword
सेपरेशन,separation,english_loanword
क्लासकंसेप्चुअल,classconceptual,english_loanword
नावासा,navassa,english_loanword
टाओक्सहाल,toxahal,english_loanword
टेन्शन,tenseness,english_loanword
एन्टिआकस,antiocuss,english_loanword
युलीसेस,ulysses,english_loanword
यांत्रिक,yantriq,english_loanword
एक्सेनाटाइड,exenatide,english_loanword
मार्कसास,marquesas,english_loanword
डेकोरेशन,decoration,english_loanword
आंकड़ों,aakarxo,english_loanword
एड्रिज,edridge,english_loanword
प्रोक्जिमा,proxima,english_loanword
टैक्सैशन,taxation,english_loanword
ससानियत,sassanian,english_loanword
फोवो,foveaux,english_loanword
बैजर,badger,english_loanword
सीज़र,scissor,english_loanword
गलैक्सोस्मिथक्लाइन,galaxosmithcline,english_loanword
ट्राफ,troff,english_loanword
लेनाक्स,lennox,english_loanword
बाल्हीक,baalhiq,english_loanword
एएफएफएआरएम,affarm,english_loanword
रैडक्लिफ,radclyffe,english_loanword
मुसावयी,moussaoui,english_loanword
कदरयार,qadaryar,english_loanword
शौकत,shauqat,english_loanword
बैरोसस,berossus,english_loanword
गोचा,gotcha,english_loanword
कम्प्लीशन,completion,english_loanword
सदीकाह,sadiqah,english_loanword
फारुकी,faruqui,english_loanword
एक्वेरियम,aquarium,english_loanword
वेजीटेबल्स,vegetables,english_loanword
नोटीफिकेशन,notification,english_loanword
एक्सएचटीएमएल,xhtml,english_loanword
पेषक,peshaq,english_loanword
घटनायें,ghtnaein,english_loanword
एक्साईज,excise,english_loanword
एंटिजेनोसिस,antixenosis,english_loanword
डैंड्रफ़,dandruff,english_loanword
टैफ्फिनी,tiffany,english_loanword
ग्रिफ़िथ,griffith,english_loanword
क्वाडटोन,quadtone,english_loanword
मयुख,mayuq,english_loanword
क्रेसेंट,cresscent,english_loanword
एक्सक्लुसिव,exclusive,english_loanword
हेस्क,hex,english_loanword
समितियो,samition,english_loanword
हैच,hatch,english_loanword
एसक्यूलाइट,sqlite,english_loanword
एक्सपारटाकस,expartakus,english_loanword
एसिस्टेड,assisted,english_loanword
ड्वाइट,dwight,english_loanword
बल्कीस,balqees,english_loanword
इम्प्लिकेशन,implication,english_loanword
स्हिप्,sship,english_loanword
आर्कियोप्टेरिक्स,archaeopteryx,english_loanword
त्रिशंकु,trishanqu,english_loanword
नामिनेशन,nomination,english_loanword
एक्सोन,exon,english_loanword
स्टीम्यूलेशन,stimulation,english_loanword
इनिशियलाइज़ेशन,initialization,english_loanword
कमीशनों,commissions,english_loanword
प्रैसिपिटेशन,prassipiteshne,english_loanword
लैक्स,lax,english_loanword
क्यूनिसल्सियस,quinisulcius,english_loanword
मोजाम्बिक,mocambique,english_loanword
दिनाँक,dinaanq,english_loanword
आईडीएलएसएस,idlss,english_loanword
शिकायती,shiqayati,english_loanword
एस्किमो,esquimau,english_loanword
बौम्बैक्स,bombax,english_loanword
कीड़ो,qeedo,english_loanword
ठेद्ट्,text,english_loanword
ग्रिपिथ,griffith,english_loanword
डेलिगेशन,deligetion,english_loanword
कैम्प,qamp,english_loanword
स्मृतियों,smrition,english_loanword
भन्क्स्,bhanqas,english_loanword
कोएफ़िशिएण्ट,coefficient,english_loanword
गोविंदराज्जा,govinderazza,english_loanword
एफिनिटी,affinity,english_loanword
डिस्पोज़ीशन,disposition,english_loanword
टक्सा,taxa,english_loanword
वर्डप्रैस,wordpress,english_loanword
दक,daq,english_loanword
सिक्त,siqt,english_loanword
फाक्सियन,faxian,english_loanword
स्मर्नोव,smirnoff,english_loanword
कुनीन,quinine,english_loanword
हकदारियों,haqdariyon,english_loanword
प्रीमिक्स,premix,english_loanword
ज़ायलोफोन,xylophone,english_loanword
पैसेंजर,passenger,english_loanword
बफर्ड,buffered,english_loanword
स्पेडिक्स,spadix,english_loanword
इन्तकाम,inteqam,english_loanword
सेंटेक्स,centex,english_loanword
साम्पत्तिक,saampattiq,english_loanword
जस्टिफिकेशन,justification,english_loanword
यूएसएसआर,ussr,english_loanword
बेइज्जत,beizzata,english_loanword
कांग्सी,kangxi,english_loanword
क्लासरूम,classroom,english_loanword
खोलकर,kholqar,english_loanword
पेचौली,patchouli,english_loanword
क्वालि,qaliy,english_loanword
क्रासब्रीडिंग,crossbreeding,english_loanword
सालुशन,solution,english_loanword
बास्क,basque,english_loanword
यूनिक्सटाइम,unixtime,english_loanword
पैराक्साइड,peroxide,english_loanword
क्वानटोसोम,quantasome,english_loanword
कांजुगेशन्स,conjugations,english_loanword
केटज़ल,quetzal,english_loanword
कालिमा,qaalimaa,english_loanword
फंक्शनल,functional,english_loanword
कार्बनीकरण,carbonization,english_loanword
कैनिजारो,cannizzaro,english_loanword
कम्प्यूटेशनल,computational,english_loanword
टैफिट,taaffeite,english_loanword
आधारिक,aadhaariq,english_loanword
मनस्,manass,english_loanword
आधुनिकतम,adhniqtam,english_loanword
कारोनी,quaroni,english_loanword
वाचर,watcher,english_loanword
इन्क्वायरी,inquiries,english_loanword
रेगुलेशन्स,regulations,english_loanword
अन्तर्राज्यिक,antarrajyiq,english_loanword
अकिंचन,aqinchan,english_loanword
डिफ,diff,english_loanword
गूगोलप्लेक्स,googolplex,english_loanword
स्टोनब्रिज,stonebridge,english_loanword
सधुक्कड़ी,ssdhukkrie,english_loanword
डैन्ड्रफ़,dandruff,english_loanword
शकीक,shaqeeq,english_loanword
हकीकी,haqiqi,english_loanword
बेच,batch,english_loanword
विडजट,widget,english_loanword
लिगेशन,ligation,english_loanword
एक्सोस्केलेटन,exoskeleton,english_loanword
रिमेटिरियलाइजेशन,dematerialisation,english_loanword
स्कुँयार,squared,english_loanword
हेसे,hesse,english_loanword
इरिटेशन,irritation,english_loanword
पचौली,patchouli,english_loanword
इंस्ट्रुमेंटेशन,instrumentation,english_loanword
सफ़िक्स,suffix,english_loanword
सीक्वेंसों,sequences,english_loanword
केटजल,quetzal,english_loanword
कोलिशन,collision,english_loanword
लिगामैन्ट,ligament,english_loanword
कम्पलैक्स,komplex,english_loanword
लुएचफ़ोर्ड,luetchford,english_loanword
टेक्चर,texture,english_loanword
ब्रोंकस,bronx,english_loanword
पिक्सार,pixar,english_loanword
विगेट्स,widgets,english_loanword
आप्टिमाईज़ेशन,optimization,english_loanword
नाइट्सब्रिज,knightsbridge,english_loanword
लिग्निनीकरण,lignification,english_loanword
चिन,qin,english_loanword
इंशिकाक,inshiqaq,english_loanword
प्रोक्सिमल,proximal,english_loanword
कोनें,qonen,english_loanword
रीससिटेशन,resuscitation,english_loanword
ब्रैज्जाविले,brazzaville,english_loanword
बैचिंग,batching,english_loanword
क्राइस्टचर्च,christchurch,english_loanword
प्रिवेन्शन,prevention,english_loanword
स्क्रीनमैच,screenmatch,english_loanword
नासिक्य,nasiqy,english_loanword
एक्सपांडिंग,expanding,english_loanword
केसिटेराइट,cassiterite,english_loanword
डाक्यूमेंट्स,requests,english_loanword
क्लीशे,qleeshe,english_loanword
आक्सीकांथा,oxycantha,english_loanword
कुयें,quyen,english_loanword
डायरेक्शनल,directional,english_loanword
कासीस,qasis,english_loanword
एप्रोप्रिएशन,aproprietion,english_loanword
कुन्टसन,knutsson,english_loanword
लोशंज़,lotions,english_loanword
किवंटल,quintal,english_loanword
ग्लोस,gloss,english_loanword
स्विज़रलैंड,svizzera,english_loanword
कंफेक्शनरी,confectionery,english_loanword
आक,aaq,english_loanword
सुंदरलैंड,sundarlight,english_loanword
अलेक्से,alexei,english_loanword
रिवोल्यूशनरी,revolutionary,english_loanword
ड्रेसेज,dresses,english_loanword
एक्सट्रानेट,extranet,english_loanword
चिआन,qian,english_loanword
मिक्सोमाइसिटीज,myxomycetes,english_loanword
स्कुएर,squared,english_loanword
टेकनीक,techniq,english_loanword
क्वेरी,queried,english_loanword
जागतिक,jaagtiq,english_loanword
कसाट,cassatt,english_loanword
प्रावधानों,provision,english_loanword
रिफ्लेक्सॉलजी,reflexology,english_loanword
वासरमैन,wasserman,english_loanword
टर्कोइश,turquoise,english_loanword
डोक्यूमेंटेशन,documentation,english_loanword
सुपरवीजन,supervision,english_loanword
लेजर,ledger,english_loanword
काट्रिज,cartridge,english_loanword
इसकी,exqui,english_loanword
सबमरसिबल,submersible,english_loanword
अपरेशनों,operations,english_loanword
एक्स्ट्रागेलेक्टिक,extragalactic,english_loanword
कद्स,quds,english_loanword
ऐतहासिक,etahaasiq,english_loanword
फकीर,faquir,english_loanword
इन्टिग्रेशन,integration,english_loanword
कोलाबरेशन,collaboration,english_loanword
लक्सम्बर्गिश,luxembourgish,english_loanword
हाईपास,highpass,english_loanword
पिसानों,pissano,english_loanword
क्रंचीनेस,crunchiness,english_loanword
चेर्निकोवस्की,tchernichovsky,english_loanword
क्वीन्सलैंड,queensland,english_loanword
रिस्पांसिबल,responsible,english_loanword
वोल्वोक्स,volvox,english_loanword
एसाइन्ड,assigned,english_loanword
क्लोरोजाइलोन,chloroxylong,english_loanword
बैरनऑफ,banoff,english_loanword
पियदसि,piyadassi,english_loanword
लक्षम,laxam,english_loanword
सैक्स्टैंट,sextant,english_loanword
बिश,bysshe,english_loanword
कमिश्नरों,commissionaron,english_loanword
हाइड्राक्सीकोलेकैल्सिफेराल,hydroxcholecalciferol,english_loanword
उरुकी,urumqi,english_loanword
पाइरीडाक्समिन,pyridoxamine,english_loanword
फ़ायरवर्क्स,fireworkx,english_loanword
प्रेसी,presshy,english_loanword
अभिप्रेरक,abhipreraq,english_loanword
कार्टेक्स,cortex,english_loanword
फकीरों,faqeeron,english_loanword
तसव्वुफ,tasavuff,english_loanword
मैटरस,mattresses,english_loanword
वाचिंग,watching,english_loanword
गोज़,gosse,english_loanword
शन्कट्,shanqat,english_loanword
कम्प्रेशरों,compressoron,english_loanword
एमसीएक्स,mcx,english_loanword
सोलूशन,solution,english_loanword
किस्सों,qissas,english_loanword
ग्रासलैंड,grassland,english_loanword
मैट्रस,mattress,english_loanword
प्रोफसरों,professors,english_loanword
डीमक्सर्स,demuxers,english_loanword
एक्सीलेंट,excellent,english_loanword
रिफ,riff,english_loanword
सेक्वेंशियल,sequential,english_loanword
बुद्धाकृतियों,buddhakrition,english_loanword
एक्सट्रैक्टर,extractor,english_loanword
माइक्रोमेक्स,micromax,english_loanword
नजदीकी,nazdeeqee,english_loanword
तालुकदारों,taluqdars,english_loanword
नाइटब्रिज,knightsbridge,english_loanword
एक्सेप्रसवे,expressway,english_loanword
एक्स्प्रेसवे,expressways,english_loanword
अटैचमैंट,attachments,english_loanword
चिंगहई,qinghai,english_loanword
क्वाड्रिलेचरल,quadrilateral,english_loanword
डिमोड्यूलेशन,demodulation,english_loanword
क्वार्टरली,quarterly,english_loanword
प्रोग्रेशन,progression,english_loanword
मस्कट,masqat,english_loanword
एबिस,abyss,english_loanword
कान्फिगरेशन,configuration,english_loanword
एसोसियेशनों,associations,english_loanword
पीएक्सएफ़,pxf,english_loanword
क्वांटीकारक,quantizer,english_loanword
किन,qin,english_loanword
टेक्स्ट्,text,english_loanword
मफ़लर,muffler,english_loanword
कंट्रासेप्शन,contraception,english_loanword
रिहैब्लिटेशन,rehabilitation,english_loanword
रिलेक्सेशन,relaxation,english_loanword
एडेक्सोलीन,adexolin,english_loanword
मैथ्या,menthya,english_loanword
ब्राज़ावील,brazzaville,english_loanword
लिक्युर,liqueur,english_loanword
बजटबद्ध,budgetbaddh,english_loanword
स्टफ़,stuff,english_loanword
मेचिंग,matching,english_loanword
बरबोसा,barbossa,english_loanword
एफएफएस,ffs,english_loanword
ब्राजाविल,brazzaville,english_loanword
कवठार,quarther,english_loanword
निकटस्थ,niqatasth,english_loanword
एसएसपी,ssp,english_loanword
एच,etch,english_loanword
कनफेक्शनरी,confectionery,english_loanword
कक्षाएंॅ,qakshayen,english_loanword
बाकपन,baaqpan,english_loanword
इक्वैलिटी,equality,english_loanword
टेक्सेइरा,teixeira,english_loanword
कांट्रेक्शन,contraction,english_loanword
पासफ़्रेज़,passphrase,english_loanword
बर्गेस,burgess,english_loanword
सब्लिमेशन,sublimation,english_loanword
सेड्स,sdss,english_loanword
स्विचन,switching,english_loanword
एसएसएचए,ssha,english_loanword
बफर्स,buffers,english_loanword
रिकंस्ट्रक्शन,reconstruction,english_loanword
इन्क्वायरर,inquirer,english_loanword
पोज़ोलान,pozzolan,english_loanword
इफैक्ट,effects,english_loanword
नेविग़ेशन,navigation,english_loanword
थिंक,thinq,english_loanword
लोकेलाइजेशन,localisation,english_loanword
नकसलवादियों,naxalwadiyon,english_loanword
डीमक्सर,demuxer,english_loanword
आपरेशनस,operations,english_loanword
मसीह,messiah,english_loanword
पालकी,palanquin,english_loanword
फलांक,phalanq,english_loanword
बाक्स,boxes,english_loanword
एक्सटेंडिंग,extending,english_loanword
कुएत्जल,quetzal,english_loanword
एक्सचेंजर,exchangers,english_loanword
एसीटायलेशन,acetylation,english_loanword
स्पैंडेक्स,spandex,english_loanword
सन्दिकै,handiqui,english_loanword
क्वांटाइज,quantized,english_loanword
गेटटेक्स्ट,gettext,english_loanword
रैडिसन,radisson,english_loanword
टिशू,tissues,english_loanword
काजीगुंड,qazigund,english_loanword
एसोसिएटशिप,associateship,english_loanword
माइसनर,meissner,english_loanword
आब्रुत्सो,abruzzo,english_loanword
अरांत्ज़ा,arantxa,english_loanword
इंडेन्टेशन,indentation,english_loanword
नेवीगेशन,navigation,english_loanword
लीसी,lessee,english_loanword
कीमतों,qeematon,english_loanword
नसेल्ट,nusselt,english_loanword
मैक्सिुआनुस,maxianus,english_loanword
एक्सपीडीशन,expedition,english_loanword
फ़ंक्शनों,functions,english_loanword
ट्रेडिशनल,traditional,english_loanword
असामाजिक,asaamajiq,english_loanword
एफेंदी,effendi,english_loanword
नहींकिया,nahinqiya,english_loanword
एसपीक्यूईएम,spqem,english_loanword
ट्रायसिक,triassic,english_loanword
फोर्ट्रेस,fortress,english_loanword
कैपेक्स,capex,english_loanword
अभिप्रेरणात्मक,abhiprernatmaq,english_loanword
रिपीटिशन,repetition,english_loanword
मेसर्स,messers,english_loanword
हाइपरटेक्स,hypertext,english_loanword
हेक्साडेसीमेल,hexadecimal,english_loanword
टेबिलों,tables,english_loanword
फ़िक्स्ड,fixed,english_loanword
कल्टिवेशन,cultivation,english_loanword
मिक्वेलन,miquelon,english_loanword
कार्डिफ़,cardiff,english_loanword
फेसेंडेन,fessenden,english_loanword
फंक्शनलिटी,functionality,english_loanword
मारक्वेसास,marquesas,english_loanword
विकिकोट,wikiquote,english_loanword
कोट्स,quotes,english_loanword
अहकाफ,ahqaf,english_loanword
सांक्सी,shaanxi,english_loanword
केल्सीनेशन,calcination,english_loanword
जंक्शनों,junctions,english_loanword
वसल्लम,vassallam,english_loanword
रोमांटिसिज्म,romentisizm,english_loanword
ऊतक,ootaq,english_loanword
किससागो,qissakars,english_loanword
मैकाले,maiqaale,english_loanword
कुर्बानियां,qurbaniyan,english_loanword
एफ्फेक्ट्स,effects,english_loanword
टिनौक्सील,tinoxil,english_loanword
लुकलुक,luqluq,english_loanword
कीज़,quays,english_loanword
हस्तियों,hastion,english_loanword
बाइसेक्शन,bisection,english_loanword
ज़ावी,xavi,english_loanword
क्यूप्रो,qpro,english_loanword
कम्प्रेस,compress,english_loanword
क्लोरोक्वीन,chloroquine,english_loanword
एश्युारेंस,assurance,english_loanword
एक्किनास,aquinas,english_loanword
बसाये,bassaye,english_loanword
रिवीज़नों,revisions,english_loanword
हेमेटोक्सिलोन,haematoxylon,english_loanword
लर्निंगस्टेशन्स,learningstations,english_loanword
हेरिनेशन,herniation,english_loanword
नक्षत्रों,naqshotron,english_loanword
स्विचिंग,switching,english_loanword
आदिवासियों,adivasion,english_loanword
राही,passenger,english_loanword
केएसएसएल,kssl,english_loanword
कोर्लिस,corliss,english_loanword
पिचें,pitches,english_loanword
फाउण्डेशन्स,foundations,english_loanword
गुआंगक्सी,guangxi,english_loanword
पलेंक,palenque,english_loanword
रीनिगोशिएशन,renegotiation,english_loanword
फ़ंक्शंस,functions,english_loanword
फिक्चर,fixtures,english_loanword
शवेक्स,shavax,english_loanword
कीनिया,qeeniaa,english_loanword
प्रेजेंटेशन,presentation,english_loanword
एमुलेशन,emulation,english_loanword
कातारी,qatari,english_loanword
प्रोग्रैमेबल,programmable,english_loanword
पिचों,pitches,english_loanword
एलोक्वेंटा,eloquentia,english_loanword
फ्रेडरिक्स,fredriquez,english_loanword
मुज़फ्फ़रनगर,muzaffarnagar,english_loanword
मेटाइनफोरमेशन,metainformation,english_loanword
मिसमैच,mismatch,english_loanword
माईक्रोन,maiqron,english_loanword
कोइफिशिएंट,coefficients,english_loanword
बफरिंग,buffering,english_loanword
इलिजिबल,eligible,english_loanword
निगोशिएशन,negotiation,english_loanword
हेक्स,hex,english_loanword
बुटिक,boutiques,english_loanword
एक्सिक्यूट,execute,english_loanword
झुकाती,jhuqaati,english_loanword
ड्राइनेस,dryness,english_loanword
पीताभ,xanthic,english_loanword
अधिकरण,adhiqaran,english_loanword
हैलीफ़ैक्स,halifax,english_loanword
एक्सोनस,axons,english_loanword
डिफ़्यूज,diffuse,english_loanword
दारूसलाम,darussalam,english_loanword
जसोर,jessore,english_loanword
क्यूसेस,qyuses,english_loanword
हेचरी,hatchery,english_loanword
नोटेशन,notation,english_loanword
कोप्रोसेसर,coprocessor,english_loanword
सैलुशन,solutions,english_loanword
शाक,shaaq,english_loanword
स्टुडिएस्,studiess,english_loanword
डिस्टार्शन,distortion,english_loanword
हाइड्रोप्रोपैनिक,hydroxypropanoic,english_loanword
एसएसपीएल,sspl,english_loanword
घटनाएँ,ghtnaein,english_loanword
क्रियेशन,creation,english_loanword
नियुक्तियों,neeyuktion,english_loanword
वेरिएबल,variable,english_loanword
कोएक्सियल,coaxial,english_loanword
स्पेसिफिकेशन,specification,english_loanword
नाइसीस,gneissic,english_loanword
कंडीशनल,conditional,english_loanword
अखलाक,akhlaaq,english_loanword
वैक्सीनेशन,vaccinations,english_loanword
म्युरैक्स,murax,english_loanword
क्सीनन,xenon,english_loanword
पैरामाइक्सो,paramyxo,english_loanword
केल्टेक्स,caltex,english_loanword
स्कयर्ड,squared,english_loanword
फ्रेक्शन,fraction,english_loanword
रिवोल्यूशरी,revolutionary,english_loanword
एन्थ्रैक्स,anthrax,english_loanword
हैसरघट्टा,hessarghatta,english_loanword
तायफेक्स,taifex,english_loanword
शकुनि,shaquni,english_loanword
हाइपरटैक्स्ट,hypertext,english_loanword
एसोचेम,assocham,english_loanword
असार्टेड,assorted,english_loanword
सीएसएस,css,english_loanword
सर्चलाइट,searchlight,english_loanword
वॉचिंग,watching,english_loanword
ट्रेजरी,treassury,english_loanword
निक्स,nix,english_loanword
बसीन,bassein,english_loanword
एक्सकम्पोजिट,xcomposite,english_loanword
मफील्ड,muffield,english_loanword
टोकियो,toqiyo,english_loanword
फाएक,faeq,english_loanword
डाइस्टफ़,dyestuffs,english_loanword
जेटिक्स,jetix,english_loanword
मेसर्ली,messerly,english_loanword
सैंंडबाक्स,sandbox,english_loanword
डिफ्यूज़न,diffusion,english_loanword
एंग्जाइटी,anxiety,english_loanword
नोक्सइन,knoxin,english_loanword
पेरोक्साइस्टायल,peroxyacetyl,english_loanword
एक्सटीरियर,exterior,english_loanword
उनउनहेक्जियम,ununhexium,english_loanword
ट्रांजेक्शन,transactions,english_loanword
मोलासेस,molasses,english_loanword
उज़्ज़ा,uzza,english_loanword
कटवा,qatwa,english_loanword
आरबिट्रेशन,arbitration,english_loanword
अनअसेम्बल्ड,unassembled,english_loanword
वारिक,vaariq,english_loanword
जाइलेम,xylem,english_loanword
घट,ght,english_loanword
फुक्रा,fuqra,english_loanword
मुज़फ्फरनगरी,mujaffarnagri,english_loanword
फ़ज़ी,fuzzy,english_loanword
इफको,iffco,english_loanword
इग्निशन,ignition,english_loanword
तलश्शेरी,thalassery,english_loanword
क्वींटाना,quintana,english_loanword
सस्टेनेबल,sustainable,english_loanword
ख़ोरज़्म,xorazm,english_loanword
क्षपणक,kshapanaq,english_loanword
तसर,tusser,english_loanword
अच्टिओन्,atchion,english_loanword
इन्स्टिटयूशनल,institutional,english_loanword
एसेसमेंट,assessment,english_loanword
एक्स्चेंजों,exchanges,english_loanword
वर्डप्रोसेसर,wordprocessor,english_loanword
यूनिक,unique,english_loanword
क्यूमेक,qmake,english_loanword
सकवैर,squared,english_loanword
पास्क्वारेली,pasquarelli,english_loanword
फ़ाहियान,faxian,english_loanword
कंपर्सन,compersion,english_loanword
कोष्ठों,qoshton,english_loanword
एक्सटेंशनकी,extension,english_loanword
मैकुरी,macquarie,english_loanword
क्यूपेम,quepem,english_loanword
क्विकस्विच,quickswitch,english_loanword
यूबिक्विटस,ubiquitous,english_loanword
एमएसएसआरएफ,mssrf,english_loanword
रेशनल,rational,english_loanword
सैकडों,saiqadon,english_loanword
ग्लोनास,glonass,english_loanword
वेजीटेबल,vegetable,english_loanword
पोजीशंस,positions,english_loanword
मेक्सिटली,mexitli,english_loanword
वोल्फिया,wolffia,english_loanword
डिसेबल्ड,disabled,english_loanword
डिमटेरियलाइज़ेशन,dematerialisation,english_loanword
मस्कत,masqat,english_loanword
गोफिन,goffin,english_loanword
टेम्प्लेटक्लास,templateclass,english_loanword
दासु,dassu,english_loanword
मज्जिनी,mazzini,english_loanword
बूटेबल,bootable,english_loanword
कुरबानी,qurabaani,english_loanword
रिस्पांसिवनेस,responsiveness,english_loanword
त्मक,tmaq,english_loanword
तालुके,taluq,english_loanword
एसएसडीजी,ssdg,english_loanword
सीमितताएं,limitations,english_loanword
कातील,qaatila,english_loanword
उसको,ussko,english_loanword
लोशन,lotions,english_loanword
फजी,fuzzy,english_loanword
अक्सब्रिज,uxbridge,english_loanword
हासिया,hassia,english_loanword
हौलीनैस,holiness,english_loanword
रोसेफ,rouseff,english_loanword
नाइटिंगेल,nightingale,english_loanword
क्रुच,krutch,english_loanword
देशको,deshaqo,english_loanword
कंप्यूटराइजेशन,computerization,english_loanword
स्थितियाँ,situation,english_loanword
सबवर्सन,subversion,english_loanword
रिलेशनल,relational,english_loanword
निंगशिया,ningxia,english_loanword
बिसू,bissau,english_loanword
रैन्डोमनेस,randomness,english_loanword
शुष्क,shushq,english_loanword
बैंडपास,bandpass,english_loanword
पेरीक्लीस,periqlees,english_loanword
टेक्सन्स,texans,english_loanword
क्लासेस,classes,english_loanword
राष्ट्रको,raashtraqo,english_loanword
इफका,iffca,english_loanword
कीनुआ,quinoa,english_loanword
कार्टिज,cartridge,english_loanword
लाइटसपार्क,lightspark,english_loanword
डिस्पेच,dispatch,english_loanword
एप्लिक्सवर्ड,applixword,english_loanword
टैसस,tassos,english_loanword
कइयों,qaiyon,english_loanword
एप्लिक्सग्राफ़िक्स,applixgraphics,english_loanword
रामसेस,ramesses,english_loanword
हेजिज़,hadges,english_loanword
सबपिक्सेल,subpixel,english_loanword
पोस्टफिक्स,postfix,english_loanword
क्विलपैड,quillpad,english_loanword
लाकर,laqueur,english_loanword
एक्जइफ,exif,english_loanword
बफ़र्स,buffers,english_loanword
हासियम,hassium,english_loanword
टिफ़,tiff,english_loanword
सीक्वेंशियल,sequential,english_loanword
फुस्फुस,fussfus,english_loanword
कैन्वस,canvass,english_loanword
ओरिएन्टेशन,orientation,english_loanword
डिफरेंशियल,differential,english_loanword
हाइलाइटिंग,highlighting,english_loanword
एक्स्त्रक्ट,extract,english_loanword
फजीहत,plight,english_loanword
प्रोसिक्यूशन,prosecution,english_loanword
फाइबरग्लास,fibreglass,english_loanword
गफ,gaff,english_loanword
पैकिट,paiqit,english_loanword
असांजे,assange,english_loanword
रीराइटेबल,rewritable,english_loanword
पजेसिव,possessive,english_loanword
फारुख,farooq,english_loanword
ग्लोकलैजेशन,glocalization,english_loanword
उडाई,urxaayii,english_loanword
फेचिंग,fetching,english_loanword
रीप्लिकेशन,replication,english_loanword
सस्कचवन,saskatchewan,english_loanword
वेटिंग,weighting,english_loanword
अकुईला,aquila,english_loanword
एम्बोज़,emboss,english_loanword
स्क्वैष,squashes,english_loanword
शिघकिआ,shidqia,english_loanword
अपाईन्टमैंट,appointments,english_loanword
डाकतार,daaqtaar,english_loanword
असोसिएशन्ज़,associations,english_loanword
बेवरीज,beveridge,english_loanword
ब्रुसेल्स,bruxelles,english_loanword
बैस्क,basque,english_loanword
रेडक्लिफ,radcliffe,english_loanword
अल्सरैशन,ulcerations,english_loanword
बेसल,bessel,english_loanword
हकों,haqon,english_loanword
कमीशंड,commissioned,english_loanword
टेबल्स,tables,english_loanword
रेफ्लेक्शन्स,reflection,english_loanword
क्वाटेर्नियन,quaternion,english_loanword
हिमलॉग,hemlock,english_loanword
वल्कनीकरण,vulcanization,english_loanword
सालवेशन,salvation,english_loanword
कमिशनिंग,commissioning,english_loanword
अपैंडिक्स,appendix,english_loanword
नाइसनेस,niceness,english_loanword
कैशौर्य,qaishourya,english_loanword
प्रेजेन्टेशन,presentation,english_loanword
तर्कयुक्त,tarqayukta,english_loanword
डीफ्लैक्शन,deflection,english_loanword
प्रोसेसर्स,processors,english_loanword
केलिब्रेशन,calibration,english_loanword
हैलक्स,hallux,english_loanword
अलर्क,alarq,english_loanword
करप्शन,corruption,english_loanword
एक्सोमार्स,exomars,english_loanword
आदेशात्मक,adeshaatmaq,english_loanword
म्युनिशंस,munitions,english_loanword
सीमिन्ट,seement,english_loanword
पर्सिया,prussia,english_loanword
हैलीफेक्स,halifax,english_loanword
फ़िराक,firaaq,english_loanword
आप्टिमाइज़ेशन,optimization,english_loanword
डायस्टफ,dyestuffs,english_loanword
सेंडबाक्सेस,sandboxes,english_loanword
बारोक,baroque,english_loanword
अफीराह,offirah,english_loanword
एंथ्रेक्स,anthrax,english_loanword
एग्रीगेशन,aggregation,english_loanword
बुफेट,buffett,english_loanword
प्रोसैस्ड,processed,english_loanword
एक्स्त्रस,extras,english_loanword
रिड्यूसिबल,reducible,english_loanword
अशफाकउल्ला,ashfaqulla,english_loanword
ग्लास्टि,glasstty,english_loanword
मैडनिक,maidniq,english_loanword
नास्तिकता,naastiqta,english_loanword
कैटाप्लैक्सी,cataplexy,english_loanword
डेसंस,dessans,english_loanword
हैसियन,hessian,english_loanword
तोर्क्,torque,english_loanword
बेवेरिज,beveridge,english_loanword
हक्सले,huxley,english_loanword
मेज़ी,mezze,english_loanword
ससटेनेबल,sustainable,english_loanword
कम्पलेक्स,kamplex,english_loanword
एक्वैरियम,aquarium,english_loanword
काफ,qaf,english_loanword
बैट्यूक,batuque,english_loanword
बासनगोआ,bossangoa,english_loanword
बासा,bassae,english_loanword
कौरुसा,kouroussa,english_loanword
राफ़ेल,raffel,english_loanword
गेसन,gessen,english_loanword
खाकान,khaqan,english_loanword
थैचड,thatched,english_loanword
मिक्,mique,english_loanword
रोकिआन्ग,ruoqiang,english_loanword
वासन,wassan,english_loanword
पुरकाज़ी,purquazi,english_loanword
लिमासोल,limassol,english_loanword
मिकलान,miquelon,english_loanword
नाजिक,naziq,english_loanword
मैसिफ़,massif,english_loanword
उनिके,unique,english_loanword
नासिम,nassim,english_loanword
रविदास,ravidass,english_loanword
हसनल,hassanal,english_loanword
हाइज़ी,haixi,english_loanword
बुसा,bussa,english_loanword
मिनाहासा,minahassa,english_loanword
रिमारक,remarque,english_loanword
कारकैसन,carcassonne,english_loanword
रैटक्लिफ़,ratcliff,english_loanword
काउंटी,qitai,english_loanword
संजक,sanjaq,english_loanword
थोलुज,thouless,english_loanword
ग्लासपोल,glasspole,english_loanword
युपान्की,yupanqui,english_loanword
किंघे,qinghe,english_loanword
डडगिन,dudgeon,english_loanword
कूसी,koussi,english_loanword
मोफत,moffat,english_loanword
अल्बुकर्क,albuquerque,english_loanword
शफीकुल,shafiqul,english_loanword
जीशु,jisshu,english_loanword
डोसो,dosso,english_loanword
कार्कासोन,carcassonne,english_loanword
बासेटेरे,basseterre,english_loanword
कैस,cass,english_loanword
काज़ीगुंड,qazigund,english_loanword
कुजिंग,qujing,english_loanword
एक्काटिका,aquatica,english_loanword
कमरूद्दीन,quammruddin,english_loanword
सेसकंडी,ssekandi,english_loanword
ज़लापा,xalapa,english_loanword
शांग्की,shangqiu,english_loanword
ज़ारका,zarqa,english_loanword
कैफरीन,kaffrine,english_loanword
जिटलौफ़,jitloff,english_loanword
सिसिली,sissili,english_loanword
सीस,cisse,english_loanword
चिकिमुला,chiquimula,english_loanword
ट्रासार्ड,trassard,english_loanword
बोफ़ा,boffa,english_loanword
थांगसेरी,tangasseri,english_loanword
सटक्लिफ,sutcliffe,english_loanword
सारगैसो,sargasso,english_loanword
बिलकीस,bilquis,english_loanword
कबका,qabqa,english_loanword
ताशिउजाक,tasiujaq,english_loanword
बास्मा,bassma,english_loanword
जारोस,jaross,english_loanword
पैम्पलमूसेस,pamplemousses,english_loanword
गोफमैन,goffman,english_loanword
रीफा,riffa,english_loanword
तोकेस,toques,english_loanword
लईक,laeeq,english_loanword
निआसा,niassa,english_loanword
कदुकली,kaduqli,english_loanword
कबाह,qubbah,english_loanword
बैसेट,bassett,english_loanword
सरमर्सूक,sermersooq,english_loanword
संकिशा,sankassa,english_loanword
कोरमी,qormi,english_loanword
थेसली,thessalia,english_loanword
शफकत,shafquat,english_loanword
हुसामुद्दीन,hussamuddin,english_loanword
मुशर्रफ,musharaff,english_loanword
तिकुपाया,tiquipaya,english_loanword
बैलेस,bailess,english_loanword
मचिक्स,machiques,english_loanword
अफेन्डी,affendi,english_loanword
लोंगकुआं,longquan,english_loanword
दसानी,dassani,english_loanword
यंगकु,yangqu,english_loanword
रफीकुल,rafiqul,english_loanword
लिसन,lisson,english_loanword
अफ्फेलडट,affeldt,english_loanword
इकलौत,iqaluit,english_loanword
निसांका,nissanka,english_loanword
कसेल,kassel,english_loanword
ईफको,iffco,english_loanword
आठमुकाम,athmuqam,english_loanword
मासेन्या,massenya,english_loanword
स्लेसर,slessor,english_loanword
किण्यांग,qinyang,english_loanword
राजनिस,rajniss,english_loanword
एरेकिपा,arequipa,english_loanword
अक,aq,english_loanword
शार्कियाह,sharqiyah,english_loanword
आरीकीम्स,ariquemes,english_loanword
स्टेफी,steffi,english_loanword
कैसेंद्रा,cassandra,english_loanword
बफौससम,bafoussam,english_loanword
हकक,haque,english_loanword
टालाहासी,tallahassee,english_loanword
मतिसी,matisse,english_loanword
तस्सदुक,tassaduq,english_loanword
वासलो,vassalo,english_loanword
केकाटा,qeqqata,english_loanword
सेशा,sessa,english_loanword
मिआस,miass,english_loanword
चिकीटोज़,chiquitos,english_loanword
इज्ज़तनगर,izzatnagar,english_loanword
मेजज्ज़सोमा,mezzasoma,english_loanword
क्रैसक्स,cresques,english_loanword
अकाबा,aqaba,english_loanword
रज्जाज़,razzaz,english_loanword
जफ़र,jaffar,english_loanword
मोडसीर,modassir,english_loanword
गोस,goss,english_loanword
ज़ाकाटला,zaqatala,english_loanword
आकिब,aaqib,english_loanword
मुज्जामपुर,muzzampur,english_loanword
रक्काह,raqqa,english_loanword
मकासर,makassar,english_loanword
किलिमाने,quelimane,english_loanword
मुश्ताक,mostaq,english_loanword
आउसारोडन,ausserrhoden,english_loanword
बैरीसो,berisso,english_loanword
प्रभुदेसाई,prabhudessai,english_loanword
ज़ोआई,xoai,english_loanword
जशोहर,jessore,english_loanword
कुजलेक,kujalleq,english_loanword
ज़िचेंग,xichang,english_loanword
किसिममेई,kissimmee,english_loanword
रेंकी,renqiu,english_loanword
मगासुबा,magassouba,english_loanword
होसेनपुर,hossainpur,english_loanword
थेसालोनिकी,thessaloniki,english_loanword
इनेक्सेसिबल,inaccessible,english_loanword
असंध,assandh,english_loanword
अकीब,aquib,english_loanword
माउसोलस,maussollos,english_loanword
पसुआ,pessoa,english_loanword
कादरीफ,qadarif,english_loanword
को,haque,english_loanword
कुतूबपुर,quatabpur,english_loanword
कैंग,quang,english_loanword
मरिनदूके,marinduque,english_loanword
जिकिआंग,jiqiang,english_loanword
किफ्फा,kiffa,english_loanword
केकु,kequ,english_loanword
मेंडल्ससोन,mendelssohn,english_loanword
एक्वाविवा,acquaviva,english_loanword
हफ्फर,haffar,english_loanword
एक्लिद,eqlid,english_loanword
जीज़ाक,jizzakh,english_loanword
असाला,assala,english_loanword
ग्राफ,graaff,english_loanword
कीण्जिआंग,qianjiang,english_loanword
गकामने,gqamane,english_loanword
जोंसन,jonsson,english_loanword
ससारी,sassari,english_loanword
काख,qakh,english_loanword
ज़िंगू,xingu,english_loanword
इकबालियाह,eqbaliyeh,english_loanword
ज़ानथी,xanthi,english_loanword
होक,hoque,english_loanword
कुसर,qusar,english_loanword
एल्विस,elwiss,english_loanword
इनेसा,inessa,english_loanword
तोकवील,tocqueville,english_loanword
तेवफिक,tawfiq,english_loanword
बर्नस्टोरफ,bernstorff,english_loanword
नुसूरवानजी,nusserwanji,english_loanword
रैटक्लिफ़े,ratcliffe,english_loanword
कबूस,qaboos,english_loanword
जज्जार,jezzar,english_loanword
आसाबा,assaba,english_loanword
सकलेन,saqlain,english_loanword
एस्टेंसोरो,estenssoro,english_loanword
मैकुलिफ,mcauliffe,english_loanword
कूचान,quchan,english_loanword
टेसा,tessa,english_loanword
आशाशुनि,assasuni,english_loanword
इगारासु,igarassu,english_loanword
सोस,sousse,english_loanword
किनहुआंग्डो,qinhuangdao,english_loanword
आरिफ,ariff,english_loanword
आन्तीके,antique,english_loanword
अफ्लाक,aflaq,english_loanword
ज़ाम,xam,english_loanword
नुकत,nuqat,english_loanword
डेनेस,denness,english_loanword
मरकब,murqub,english_loanword
रफ़्लो,ruffalo,english_loanword
कीरा,qira,english_loanword
रैडक्लिफ़,radcliffe,english_loanword
कासिस,kassis,english_loanword
कज्लबश,qazalbash,english_loanword
मास्कीटा,mesquita,english_loanword
किसिडूगू,kissidougou,english_loanword
असूटा,assuta,english_loanword
कज़्वीन,qazvin,english_loanword
कांगिकुजुलाजुआक,kangiqsualujjuaq,english_loanword
उलेसिस,ulisses,english_loanword
फ्लैगस्टाफ,flagstaff,english_loanword
बाकिर,baqir,english_loanword
जाफराबाद,jaffrabad,english_loanword
जैकलीन,jacqueline,english_loanword
सस्किंड,susskind,english_loanword
आइकिक,iquique,english_loanword
डूसन,dussen,english_loanword
गुनास,gounass,english_loanword
बिसेट,bisset,english_loanword
मनसेर,manasser,english_loanword
टारज़िएन,tarxien,english_loanword
किसीदौगू,kissidougou,english_loanword
मेस्कीत,mesquite,english_loanword
हेनरिक्स,henriques,english_loanword
प्रशा,prussia,english_loanword
कालडिज़ा,qaladiza,english_loanword
कोकिम्बो,coquimbo,english_loanword
रेफ़ल्स,raffles,english_loanword
फारूकी,farooqui,english_loanword
दोसीबाई,dossibai,english_loanword
वामिका,wamiqa,english_loanword
बफ्क,bafq,english_loanword
कामिश्ली,qamishli,english_loanword
यांकी,yanqi,english_loanword
क्लोस,kloss,english_loanword
काटरून,qatrun,english_loanword
काना,qena,english_loanword
सोरफ,shroff,english_loanword
लारिसा,larissa,english_loanword
शफीकुल्लाह,shafiqullah,english_loanword
बाकूबाह,baqubah,english_loanword
गुन्नर्सन,gunnarsson,english_loanword
वोस,voss,english_loanword
निसार,nissar,english_loanword
कैकूबाद,qaiqabad,english_loanword
क्विवेडो,quevedo,english_loanword
नोशक,noshaq,english_loanword
कासनेल,quesnel,english_loanword
किन्गफू,qingfu,english_loanword
एसोने,essonne,english_loanword
ज़िन्हुआ,xinhua,english_loanword
मकाबा,mqabba,english_loanword
मिर्जकिप,mirjaqip,english_loanword
कोद्स,qods,english_loanword
कुतलुग,qutlugh,english_loanword
ज़नाना,xanana,english_loanword
टुनिक्लिफ,tunnicliffe,english_loanword
सूसे,sousse,english_loanword
लुके,luque,english_loanword
टेर्रासा,terrassa,english_loanword
कुडलिनबर्ग,quedlinburg,english_loanword
बुगटी,bughti,english_loanword
कुजुकुआक,kuujjuaq,english_loanword
ट्रैफर्ड,trafford,english_loanword
सूसमैन,sussman,english_loanword
यामूसूक्रो,yamoussoukro,english_loanword
कार्चाक,qarchak,english_loanword
रामेसेस,ramesses,english_loanword
मूसोरो,moussoro,english_loanword
सैफ्रन,saffran,english_loanword
इकबालपुर,iqbalpur,english_loanword
जिउकुआन,jiuquan,english_loanword
हुसैनीवाला,hussainiwala,english_loanword
मुबर्रका,mubarraqa,english_loanword
उलनकाब,ulanqab,english_loanword
चैज़,chazz,english_loanword
परशशाला,parassala,english_loanword
स्विएकी,swieqi,english_loanword
गेरोसा,grossa,english_loanword
करदो,qardho,english_loanword
सुंदरेसिया,sundaressiya,english_loanword
अश्शूर,assur,english_loanword
शौक,shauq,english_loanword
चिकीमुला,chiquimula,english_loanword
ज़फर,zaffar,english_loanword
गोंग्किनगचेंग,gongqingcheng,english_loanword
सेल्टानिसेट्टा,caltanissetta,english_loanword
लैसेन,lassen,english_loanword
रेटक्लिफ,ratcliffe,english_loanword
गर्फथ,griffith,english_loanword
युकुआं,yuquan,english_loanword
मिशिनेस,misiones,english_loanword
कार्शी,qarshi,english_loanword
क्लिफर्ड,clifford,english_loanword
किलमेस,quilmes,english_loanword
एलिस,aliss,english_loanword
यंगकुआं,yangquan,english_loanword
रिफ़ेल,reiffel,english_loanword
डेलबेक,delbecq,english_loanword
कोयहाइक,coyhaique,english_loanword
रैड्क्लिफ़,radcliffe,english_loanword
पेरश्शन्नुर,perssannur,english_loanword
चेरुश्शेरि,cherusseri,english_loanword
किनग्यूआन,qingyuan,english_loanword
किज़िवान,qiziwan,english_loanword
जैफर्स,jeffares,english_loanword
सेलसई,selassie,english_loanword
किरीनो,quirino,english_loanword
ग्रिफ़िथस,griffiths,english_loanword
बफुलिनी,buffulini,english_loanword
यूएकइंग,yueqing,english_loanword
लुका,luqa,english_loanword
कोफ़ो,kouffo,english_loanword
कैंपोबासो,campobasso,english_loanword
कैसरिन,kasserine,english_loanword
किसिंजर,kissinger,english_loanword
मोकेगुआ,moquegua,english_loanword
जेक्स,jacques,english_loanword
तेनासेरिम,tenasserim,english_loanword
कुजिआंग,qujiang,english_loanword
कुइआंबयान,queanbeyan,english_loanword
एसोफ़,essof,english_loanword
सिकासो,sikasso,english_loanword
किलाबाम्बा,quillabamba,english_loanword
किंग्ज़हेन,qingzhen,english_loanword
डोमिनीक,dominique,english_loanword
मार्टिनीक,martinique,english_loanword
मुहरक,muharraq,english_loanword
गेसमैन,gessmann,english_loanword
मोंटपैर्नेस,montparnasse,english_loanword
कुतबुद्दीन,qutbuddin,english_loanword
एलेसेंड्रो,alessandro,english_loanword
ग्रोसेटो,grosseto,english_loanword
जोनासन,jonassen,english_loanword
कीनगकुआं,qingquan,english_loanword
फूकिंग,fuqing,english_loanword
रफ़ीकु,rafeeque,english_loanword
असीस,assis,english_loanword
नासेर,nasser,english_loanword
केकिन,keqin,english_loanword
पोनिसरिल,ponisseril,english_loanword
काशिमबाजार,cossimbazar,english_loanword
दशम,dassam,english_loanword
बस्मास्टर,bassmaster,english_loanword
कूमासी,koumassi,english_loanword
दकनीश,daqneesh,english_loanword
मुहर्रक,muharraq,english_loanword
कुनफुदाह,qunfudhah,english_loanword
डेवीस,daviess,english_loanword
सेकुएरा,sequeira,english_loanword
पलाज़ी,palazzi,english_loanword
डफस,duffus,english_loanword
फुरकान,furqan,english_loanword
डिफा,diffa,english_loanword
वासिल्येव,vassilyev,english_loanword
अन्किन्ग,anqing,english_loanword
अल्बुकेरके,albuquerque,english_loanword
फिलिपोसिस,philippoussis,english_loanword
असेंशन,ascension,english_loanword
डविसन,davisson,english_loanword
अविसावेला,avissawella,english_loanword
कीकीहार,qiqihar,english_loanword
सक्केज,saqqez,english_loanword
कोंकईस्टा,conquista,english_loanword
बैफ़िन,baffin,english_loanword
चन्गनाशेरी,changanasseri,english_loanword
त्रासा,terrassa,english_loanword
डुबुइसन,dubuisson,english_loanword
रुफीस्क,rufisque,english_loanword
वुडरफ,woodroffe,english_loanword
होसेनज़ादेह,hosseinzadeh,english_loanword
फ्रांस,princess,english_loanword
मोनिरज़ुमन,moniruzzaman,english_loanword
मुससर्ट,mussert,english_loanword
परासाला,parassala,english_loanword
कैन्टोनमैंट,cantonment,english_loanword
मसाना,massana,english_loanword
हेनरिक,henrique,english_loanword
मिकेल,miquel,english_loanword
काशिमपुर,qasimpur,english_loanword
यूकी,yuqi,english_loanword
तेरके,terque,english_loanword
अम्बासा,ambassa,english_loanword
डेलाकुआ,dellacqua,english_loanword
कुरेन्दी,qrendi,english_loanword
असरोफ,ashroff,english_loanword
सिअस,seuss,english_loanword
अब्डेसेलम,abdesselam,english_loanword
फ्लैक,flacq,english_loanword
रोसौव,rossouw,english_loanword
क्नोसोस,knossos,english_loanword
माफराक,mafraq,english_loanword
लिंकिंग,linqing,english_loanword
हेकु,hequ,english_loanword
कुएजों,quezon,english_loanword
केज़ोन,quezon,english_loanword
डेल्सा,delissa,english_loanword
नकीबुल्लाह,naqeebullah,english_loanword
क्लिफोर्ड,clifford,english_loanword
इफ्फको,iffco,english_loanword
कईमोह,quaimoh,english_loanword
किन्ग्ज़्हौ,qingzhou,english_loanword
अरेजो,arezzo,english_loanword
कासिमी,qasimi,english_loanword
डिफ्फा,diffa,english_loanword
गोसैन,gossain,english_loanword
कसाला,kassala,english_loanword
फकरसार,faqarsar,english_loanword
नेसे,nesse,english_loanword
हिंचलिफ़,hinchliffe,english_loanword
नकादेह,naqadeh,english_loanword
हांदिकी,handique,english_loanword
लुक,luuq,english_loanword
डिन्ग्ज़ी,dingxi,english_loanword
हाज़र्ड,hazzard,english_loanword
सैफ्रॉन,saffron,english_loanword
सादिक,sadeque,english_loanword
बॉक्सट्रैन,boxtran,english_loanword
स्टारफ्लेक्स,starflex,english_loanword
मेलेसा,melissa,english_loanword
एक्सह,exh,english_loanword
कयेमा,qiymah,english_loanword
नेसप्रेसो,nespresso,english_loanword
रिहेबिलिटेशन,rehabilitation,english_loanword
ड्यूसेन,dussen,english_loanword
ईसागर,issagarh,english_loanword
विपाशना,vipassana,english_loanword
गनरसन,gunnarsson,english_loanword
वैसोडाएलाटेशन,vasodilatation,english_loanword
कुरंटुल,quruntul,english_loanword
आफीसर्स,officers,english_loanword
ओक्ष्य्गेनतिओन,oxygenation,english_loanword
साल्यूशन्स,solutions,english_loanword
इम्युनोसुप्रेशन,immunosuppression,english_loanword
बिलकिस,bilquis,english_loanword
ससोन,sassoon,english_loanword
होरिज़ोनेक्स्ट,horizonext,english_loanword
कजियाबाद,qaziabad,english_loanword
विक्लिफ,wycliffe,english_loanword
प्रोटिनेक्स,protinex,english_loanword
डिवीज़ंस,divisions,english_loanword
कमरूल,quamrul,english_loanword
अल्लोकेशन,allocation,english_loanword
सीएपीईएक्स,capex,english_loanword
असिमिलेशन,assimilation,english_loanword
निसिंग,nissing,english_loanword
कुंदाओ,qundao,english_loanword
एलिसो,alessio,english_loanword
प्रेशराइज्ड,pressurised,english_loanword
किशौतनेयो,kisshoutennyo,english_loanword
आीएमएक्स,imx,english_loanword
इनक्लाब,inquilab,english_loanword
वैल्यूशन,valuation,english_loanword
रिलेटेबल,relatable,english_loanword
शफक,shafaque,english_loanword
टॉक्सिन,toxin,english_loanword
कमीज,qameez,english_loanword
ईएक्सआईएम,exim,english_loanword
नेस्काम,nasscom,english_loanword
प्रेजेंटेंशन,presentation,english_loanword
क्यूइंग,queueing,english_loanword
रूसेफ,rousseff,english_loanword
लक्ष्मा,laxma,english_loanword
बास्के,basque,english_loanword
सिद्धिकी,siddiquee,english_loanword
दोसा,dossa,english_loanword
एक्सपेक्ट,expect,english_loanword
अरबस्क,arabesque,english_loanword
इनकॉरपोरेशन,incorporation,english_loanword
क्रोसोवर,crossover,english_loanword
एक्सएल,axle,english_loanword
इन्वेज़न,invasion,english_loanword
रिडियोपेक,radiopaque,english_loanword
एजंप्शन,assumption,english_loanword
स्फ़ैक्स,sfax,english_loanword
नेचरलाइजेशन,naturalisation,english_loanword
स्टेबलाइज़ेशन,stabilisation,english_loanword
इल्यूजन,illusion,english_loanword
इलनेस,illness,english_loanword
कांट्रीब्यूशन,contribution,english_loanword
रिहैबिलेशन,rehabilitation,english_loanword
डेसलेक्स,desaleux,english_loanword
इफ़ेक्ट्स,effects,english_loanword
एलेक्सियन,alexion,english_loanword
एडक्शन,adduction,english_loanword
सुपरस्टीशन,superstition,english_loanword
आईएफएफआई,iffi,english_loanword
जेसल,jessel,english_loanword
अक्सा,axa,english_loanword
बीआईआईएसएस,biiss,english_loanword
हेसियन,hessian,english_loanword
लूब्रिकेशन,lubrication,english_loanword
इस्टैब्लिश्मन्ट,establishment,english_loanword
एक्सट्रूडिंग,extruding,english_loanword
कंस्ट्रक्शंस,constructions,english_loanword
रेस्ट्रिक़शन,restriction,english_loanword
कोशंट,quotient,english_loanword
डिफ्यूशन,diffusion,english_loanword
पेपराज्जी,paparazzi,english_loanword
एक्सपेंसिव,expensive,english_loanword
बायोप्रोसेस,bioprocess,english_loanword
प्रॉलिफेरेशन,proliferation,english_loanword
प्रॉमेसी,promessi,english_loanword
वैरियेबल,variable,english_loanword
ओरीक्स,oryx,english_loanword
नॉक्स,nox,english_loanword
बटरस्कॉच,butterscotch,english_loanword
सिचुएशन,situation,english_loanword
क्लोरोकिन,chloroquine,english_loanword
ग्लासेस,glasses,english_loanword
डोफिंग,doffing,english_loanword
मांलक्ष्मी,malaxmi,english_loanword
रिफ्स,riffs,english_loanword
मोफुसिल,mofussil,english_loanword
कॉन्ग्रीगेश्नल,congregational,english_loanword
लॉकेबल,lockable,english_loanword
लिघटफुट,lightfoot,english_loanword
सासौ,sassou,english_loanword
ट्रोपिक्स,tropiques,english_loanword
क्रचेज,crutches,english_loanword
यूफ्लेक्स,uflex,english_loanword
ग्लिकेशन,glycation,english_loanword
जेकुए,jaquae,english_loanword
अलासने,alassane,english_loanword
जनरलाइज़ेशन,generalization,english_loanword
ब्रोन्क्स,bronx,english_loanword
कन्कशन,concussion,english_loanword
ताराकिती,taraqiati,english_loanword
स्ट्रफ,struff,english_loanword
यूएनएमआईएसएस,unmiss,english_loanword
रिमूवएबल,removable,english_loanword
जेएसएसएम,jassm,english_loanword
बॉक्सटर,boxster,english_loanword
क्लीनलिनेंस,cleanliness,english_loanword
नासियार,nassiar,english_loanword
लैटेक्स,latex,english_loanword
पेमेक्स,pemex,english_loanword
कब्बानी,qabbani,english_loanword
माइक्रोजोनेशन,microzonation,english_loanword
मुक्तदा,moqtada,english_loanword
निगोशियेबल,negotiable,english_loanword
कांप्लेक्स,complexes,english_loanword
लक्सिनोवेशन,luxinnovation,english_loanword
रनॉफ़,runoff,english_loanword
मेलबॉक्स,mailboxes,english_loanword
पोस्टग्रेस्क्यूएल,postgresql,english_loanword
ससेगया,sseguya,english_loanword
क्रॉसिपस,crassipes,english_loanword
डिक्लेमेश्न,declamation,english_loanword
क्लैशलेस,clashless,english_loanword
अपोजिशन,opposition,english_loanword
तोफाज्जल,tofazzal,english_loanword
रफ़ीक,rafique,english_loanword
कोसमक,kossamak,english_loanword
मिनीमाईज़ेशन,minimization,english_loanword
याक्योंग,yaqiong,english_loanword
हजा,hazza,english_loanword
पेलिटाइजेशन,pelletisation,english_loanword
किंगचेन,qingchen,english_loanword
पैसेन्जर,passenger,english_loanword
कानाइट,qanite,english_loanword
एग्रीवॉच,agriwatch,english_loanword
बोराक्स,borax,english_loanword
रफाकल,rafaqul,english_loanword
एआईएजेएएसएस,aijass,english_loanword
एक्ससपोजिशन,exposition,english_loanword
दासानी,dassani,english_loanword
रीकन्स्ट्रक्शन,reconstruction,english_loanword
सिप्रोफ्लॉक्सासिन,ciprofloxacin,english_loanword
इरेसपोन्सिबल,irresponsible,english_loanword
प्राइवेटाजेशन,privatisation,english_loanword
ग्रानलूसो,granlusso,english_loanword
प्योरॉक्सिन,pyroxene,english_loanword
इन्ट्रैक्शन,interaction,english_loanword
इन्टेलिकफ,intellicuff,english_loanword
ट्रांस्फ़ॉर्मेशनल,transformational,english_loanword
इएसएसओ,esso,english_loanword
लेप्सेबल,lapsable,english_loanword
हारनेसिंग,harnessing,english_loanword
इज़,iss,english_loanword
प्रेजर्वेशन,preservation,english_loanword
सुईस,suisse,english_loanword
कांटेक्टलेस,contactless,english_loanword
ससून,sasson,english_loanword
ओरिएंटेशन,orientation,english_loanword
सिक्सेज,sixes,english_loanword
एयूएक्स,aux,english_loanword
टेबल्ड,tabled,english_loanword
माइंडप्लेक्स,mindplex,english_loanword
जैक्लीन,jacqueline,english_loanword
एफर्टलेस,effortless,english_loanword
सिटमैक्स,sitmex,english_loanword
आईआरएसएसई,irsse,english_loanword
इन्स्ट्रुमेन्टेशन,instrumentation,english_loanword
हेक्साहेड्रॉन,hexahedron,english_loanword
हाइपोफिजेशन,hypophysation,english_loanword
सेंक्शन,sanction,english_loanword
आक्सेल,axel,english_loanword
क्यूसौन,qasioun,english_loanword
कुबयार,qubayr,english_loanword
मुकद्दिर,muqaddir,english_loanword
जीटीएक्स,gtx,english_loanword
दसौल्ट,dassault,english_loanword
पीपीपीएस,ppss,english_loanword
आइसोलेशन,isolation,english_loanword
यासीर,yasser,english_loanword
डयूरेबल,durable,english_loanword
सबमर्सिबल,submersible,english_loanword
डायआक्साइड,dioxide,english_loanword
मल्टीपलैक्सों,multiplexes,english_loanword
एक्सरसाइज़,exercises,english_loanword
थूल्स,thouless,english_loanword
ईसार,issar,english_loanword
वेक्सिलोलॉजीकल,vexillological,english_loanword
डिफी,diffie,english_loanword
कॉलिशन,coalition,english_loanword
कुद्देशी,quddusi,english_loanword
स्विसमेट्रो,swissmetro,english_loanword
अॉफीसर्स,officers,english_loanword
बीगॉस,bgauss,english_loanword
पीएसएस,pss,english_loanword
डिमैग्नेटाइजेशन,demagnetization,english_loanword
अल्ट्राफिल्ट्रेशन,ultrafiltration,english_loanword
इडेलविज,edelweiss,english_loanword
एक्सप्लोसिव्स,explosives,english_loanword
आर्गेनाइजेशंस,organisations,english_loanword
मोलिन्यूक्स,molineux,english_loanword
सैक्सियोन,saxion,english_loanword
अकॉमेडेशन,accommodation,english_loanword
कासर,quasar,english_loanword
टैक्सन,taxon,english_loanword
बदरुदोज़ा,badrudozza,english_loanword
बेलाट्रिक्स,bellatrix,english_loanword
ससानिद,sassanid,english_loanword
मेलोज्ज़ो,melozzo,english_loanword
एक्सचेंजिस,exchanges,english_loanword
फडणवीस,fadnaviss,english_loanword
एंजलिक,angelique,english_loanword
एटीएक्स,atx,english_loanword
रेशनलाइसेशन,rationalisation,english_loanword
रिहेबलिटेशन,rehabilitation,english_loanword
वर्चुअलाइज़ेशन,virtualization,english_loanword
मोनोहाइड्रॉक्सी,monohydroxy,english_loanword
टॉफ़्लर,toffler,english_loanword
नाकाडा,naqada,english_loanword
न्यूट्रिशनल,nutritional,english_loanword
अफ्लेक,affleck,english_loanword
इलीक्सिर,elixir,english_loanword
एंटिकरी,antiquary,english_loanword
अन्स्पीकेबल,unspeakable,english_loanword
तसदुक,tasaduq,english_loanword
रेडिकलाइज़ेशन,radicalization,english_loanword
कोवाक्सीन,covaxin,english_loanword
फाइब्रिलेशन,fibrillation,english_loanword
कमर्शियलाइजेशन,commercialisation,english_loanword
थिसेनक्रुप,thyssenkrupp,english_loanword
मेहरुन्निसां,mehrunissa,english_loanword
सिक्यूरिटाइजेशन,securitisation,english_loanword
डसाल्ट,dassault,english_loanword
जक्षय,jaxay,english_loanword
कर्मेस,kermesse,english_loanword
शरीक,shariq,english_loanword
जर्कनेस,jerkiness,english_loanword
बेनीफिकेशन,benefication,english_loanword
ट्रांसफॉर्मेशनल,transformational,english_loanword
रक्सौल,raxual,english_loanword
हार्कनेस,harkness,english_loanword
मायनवैक्स,mynvax,english_loanword
लिचफील्ड,litchfield,english_loanword
एफ्लुएंट,effluent,english_loanword
मार्क्सिस्ट्स,marxists,english_loanword
नेक्स,nex,english_loanword
स्मूथनेस,smoothness,english_loanword
बूसट्रिक्स,boostrix,english_loanword
सनग्लास,sunglasses,english_loanword
इंडियनएक्सप्रेस,indianexpress,english_loanword
काबाला,qabala,english_loanword
कॉन्सटिट्यूश्नल,constitutional,english_loanword
होमोसेक्सुअल,homosexual,english_loanword
मोफस्सिल,moffusil,english_loanword
कोअलिशन,coalition,english_loanword
रौसेफ,rouseff,english_loanword
सुहाना,sussanne,english_loanword
असिसी,assisi,english_loanword
बेक्सिमको,beximco,english_loanword
क्लासमेट्स,classmates,english_loanword
स्टिच्ड,stitched,english_loanword
एड्रेसेस,addresses,english_loanword
एब्रूजीसी,abbruzzese,english_loanword
मेसेज,messages,english_loanword
मेसाहेल,messahel,english_loanword
मोक्सराज,moxraj,english_loanword
डिज़ॉल्व्ड,dissolved,english_loanword
डायरेक्टएक्स,directx,english_loanword
टॉक्सिक्स,toxics,english_loanword
अल्फासा,alfassa,english_loanword
एक्सक्लूसविली,exclusively,english_loanword
एक्सक्लुसिवली,exclusively,english_loanword
रोक्फोर्ट,roquefort,english_loanword
जीपीएक्स,gpx,english_loanword
एसेस्मेंट,assessment,english_loanword
सिफरटेक्स्ट,ciphertext,english_loanword
टैक्सपेयर्स,taxpayers,english_loanword
एक्स्पीडिटेड,expedited,english_loanword
नासो,nassau,english_loanword
फर्टिलाइजेशन,fertilization,english_loanword
पॉसिड,paussid,english_loanword
डेस्ट्रक्शन,destruction,english_loanword
वर्ज़निंग,versioning,english_loanword
एक्सपेरिमेंटल,experimental,english_loanword
अफेंस,offences,english_loanword
टैक्सेहशन,taxation,english_loanword
डॉब्रेस,daubresse,english_loanword
प्रोसेसेस,processes,english_loanword
ओक्सनफोर्ड,oxenford,english_loanword
पिकेट,paquet,english_loanword
दलकीर,dulquer,english_loanword
रशेल,russel,english_loanword
हैरिसन,harrisson,english_loanword
पोज़ैशन,possession,english_loanword
सैडनेस,sadness,english_loanword
सियान,sion,english_loanword
रीयूजेबल,reusable,english_loanword
किचनवेयर,kitchenware,english_loanword
पैपराज़ी,paparazzi,english_loanword
टैक्सपेयर,taxpayer,english_loanword
रिक्सन,rixon,english_loanword
न्यूट्रलाइजेशन,neutralization,english_loanword
वियरेबल,wearable,english_loanword
एक्सक्लूजिव,exclusive,english_loanword
सिनेप्लेक्स,cineplex,english_loanword
अशफ़ाक,ashfaq,english_loanword
नेविगेएशन,navigation,english_loanword
रॉसमुसैन,rasmussen,english_loanword
खक्कान,khaqan,english_loanword
विपसना,vipassana,english_loanword
प्रीपरेशंस,preparations,english_loanword
एंटिसिपेशन,anticipation,english_loanword
सिजर,scissor,english_loanword
बेनिओफ़,benioff,english_loanword
असिस्टेंट्स,assistants,english_loanword
ब्रिक्सटन,brixton,english_loanword
आईआईएफआई,iffi,english_loanword
हेंडरिक्स,hendrickx,english_loanword
बिस्चौफ़,bischoff,english_loanword
पॉजीशन,position,english_loanword
तौफ़ीक,taufique,english_loanword
इंट्रोमिशन,intromission,english_loanword
बोर्डेएक्स,bordeaux,english_loanword
कॉफ़मैन,kauffman,english_loanword
कैसी,cassie,english_loanword
सिन्टैक्स,syntax,english_loanword
इंटरप्रेटीशन,interpretation,english_loanword
स्पोर्टिनेस,sportiness,english_loanword
कूही,quhi,english_loanword
कॉनक्ल्यूजन,conclusion,english_loanword
इंटेंसिफिकेशन,intensification,english_loanword
तोकायेव,toqayev,english_loanword
इमेशन,imation,english_loanword
टैक्सस्माइल,taxsmile,english_loanword
बफन,buffon,english_loanword
जेसियस,gessius,english_loanword
टक्सिडो,tuxedo,english_loanword
बिस्क,bisque,english_loanword
डयूरेबल्स,durables,english_loanword
अपाक्स,apax,english_loanword
आईएसएसई,isse,english_loanword
इलैक्ट्रीफिकेशन,electrification,english_loanword
मौस,mauss,english_loanword
एक्स्पोजर,exposure,english_loanword
डीकन्टैमनैशन,decontamination,english_loanword
कॉन्टिन्यूएशन,continuation,english_loanword
अलोकेशन,allocation,english_loanword
फ़्लफ़,fluff,english_loanword
लॉरुशिया,laurussia,english_loanword
तारिक,tarique,english_loanword
असॉर्टेड,assorted,english_loanword
अलेक्सांद्र,alexandre,english_loanword
कंवर्टिबल,convertible,english_loanword
डुसेलडॉर्फ,dusseldorf,english_loanword
ब्लिज़ार्ड,blizzard,english_loanword
एक्सेसरीज,accessories,english_loanword
एक्टिविज़न,activision,english_loanword
वॉचमेकर्स,watchmakers,english_loanword
मैकगिनीज,mcguinness,english_loanword
आर्टिकुलेशन,articulation,english_loanword
प्रुसियन,prussian,english_loanword
मिडसेक्शन,midsection,english_loanword
सैक्सटन,saxton,english_loanword
बीएजेएसएस,bajss,english_loanword
बसमी,bassami,english_loanword
बॉसों,bosses,english_loanword
एक्सटेंट,extant,english_loanword
रेस्पिरेशन,respiration,english_loanword
रिफ्लेक्सोलॉजी,reflexology,english_loanword
पलूशन,pollution,english_loanword
कालीदास,kalidass,english_loanword
एक्रीडिएशन,accreditation,english_loanword
एडिलवाइस,edelweiss,english_loanword
प्रोग्रेसो,progresso,english_loanword
केएसएसपीएल,ksspl,english_loanword
ूज़ो,uzzo,english_loanword
एनोक्सिक,anoxic,english_loanword
एक्सपेंसिस,expenses,english_loanword
वेस्टचेस्टर,westchester,english_loanword
सुस्मान,sussman,english_loanword
अनीक,anique,english_loanword
आब्लिगेशन,obligation,english_loanword
हेक्साहाइड्रेट,hexahydrate,english_loanword
इंस्पीरेशन,inspiration,english_loanword
पिक्रेसी,pecresse,english_loanword
नोसा,nossa,english_loanword
बीएमएक्स,bmx,english_loanword
कैनवस,canvass,english_loanword
सेल्जूक,seljuq,english_loanword
डिसइनफेक्शन,disinfection,english_loanword
हॉपस्कॉच,hopscotch,english_loanword
फ्लोटेशन,floatation,english_loanword
असिसटेंट्स,assistants,english_loanword
कैसिओपिये,cassiopeiae,english_loanword
सिम्बैक्स,simbex,english_loanword
हॉटपिक्सेल्स,hotpixels,english_loanword
आईसीएफएफटीआर,icfftr,english_loanword
अकाउंटेबल,accountable,english_loanword
एक्स्पोनेंटस,exponents,english_loanword
स्विचबोर्ड,switchboard,english_loanword
कन्फेक्शनेरी,confectionery,english_loanword
थ्रक्सटन,thruxton,english_loanword
रीमूवेबल,removable,english_loanword
जसीम,jassim,english_loanword
आईएफएफआर,iffr,english_loanword
डिकलेरेशन,declaration,english_loanword
नॉस्कॉम,nasscom,english_loanword
कसिनी,cassini,english_loanword
अनसुटेबल,unsuitable,english_loanword
बिची,bitchy,english_loanword
लैसर,lesser,english_loanword
कॉम्पिटीटिवनेस,competitiveness,english_loanword
ट्यूबललेस,tubeless,english_loanword
लक्ष्मणानंद,laxmananand,english_loanword
स्टेबलाइजेशन,stabilization,english_loanword
बेलिस,bayliss,english_loanword
प्रोसेड,processed,english_loanword
चैनेलाइजेशन,channelisation,english_loanword
ब्लेस,bless,english_loanword
कोक्स,cox,english_loanword
फॉर्मूलेशंस,formulations,english_loanword
डैसॉल्ट,dassault,english_loanword
हाजिक,haaziq,english_loanword
वेरीयबल्स,variables,english_loanword
फ़र्क,farq,english_loanword
फार्मएक्सिल,pharmexcil,english_loanword
अतीकुर,ateequr,english_loanword
मिसिसोंगा,mississauga,english_loanword
एन्कैप्स्युलेशन,encapsulation,english_loanword
एस्फ़ाइक्सिएशन,asphyxiation,english_loanword
कुदसिया,qudsia,english_loanword
मोनीक,monique,english_loanword
सजेशन,suggestion,english_loanword
एसेंशल,essential,english_loanword
शफ़ल,shuffle,english_loanword
हाइड्रॉक्सीएथिल,hydroxyethyl,english_loanword
वेसलसैट,vesselsat,english_loanword
तबलीगी,tableegi,english_loanword
ब्रेज़ा,brezza,english_loanword
बिसेलीएला,bisselliella,english_loanword
पिचिंग,pitching,english_loanword
बेकरल,becquerel,english_loanword
एटीएस,atss,english_loanword
ग्रासी,grassi,english_loanword
डिसफंक्शन,dysfunction,english_loanword
अनकंफर्टेबल,uncomfortable,english_loanword
सैडमेक्स,saadmex,english_loanword
जैफरीज,jefferies,english_loanword
पेनिट्रेशन,penetration,english_loanword
इंनडक्शन,induction,english_loanword
इक्विवेलेंट्स,equivalents,english_loanword
नोटिफिकिशन्स,notifications,english_loanword
शोफ़र,chauffeur,english_loanword
ड्यूरेशन,duration,english_loanword
अख़्तरुज़मान,akhtaruzzaman,english_loanword
डुप्लेस,duplass,english_loanword
बायोमैट्रिक्स,biomatrix,english_loanword
साइटोटॉक्सिक,cytotoxic,english_loanword
स्टेबिलाइजेशन,stabilization,english_loanword
एडवेंटुरेस,adventuress,english_loanword
केएक्सफ़ॉर्म्स,kxforms,english_loanword
अबॉर्शन,abortion,english_loanword
यूसुफ,youssef,english_loanword
मॉरीशस,mauritiuss,english_loanword
एसिसमेंट,assessment,english_loanword
रेस्ट्रिक़शन्स,restrictions,english_loanword
फोंडापारिनक्स,fondaparinux,english_loanword
कॉनेक्शस,connexus,english_loanword
रकीब,raqueeb,english_loanword
मिसिसिपि,mississippi,english_loanword
कॉमप्रेसर,kompressor,english_loanword
रासे,rassie,english_loanword
एयरोमेट्रिक्स,aeromatrix,english_loanword
एडमिरेशन,admiration,english_loanword
कनेक्शंस,connections,english_loanword
कोम्प्लेक्स,complexes,english_loanword
कनसेशन,concession,english_loanword
आटोक्रॉस,autocross,english_loanword
मदासार,mudassar,english_loanword
इन्टरवेंशन,intervention,english_loanword
जेफरीज,jefferies,english_loanword
एक्सपेंडेबल्स,expendables,english_loanword
कायमगंज,qayamganj,english_loanword
नासीर,nassar,english_loanword
चुक्सिंग,chuxing,english_loanword
सिमबेक्स,simbex,english_loanword
मेक्सिमिलियानो,maximiliano,english_loanword
फ़ायरफ़ॉक्स,firefox,english_loanword
मुर्गदास,murugadoss,english_loanword
प्रैसर्स,pressures,english_loanword
इंडोमिटेबल,indomitable,english_loanword
ट्रांजिशनल,transitional,english_loanword
ग्लक्स,glulx,english_loanword
हंसनंदानी,hassanandani,english_loanword
गुरेक्स,gurex,english_loanword
डैज़लर,dazzler,english_loanword
कास,kass,english_loanword
एरिकसन,eriksson,english_loanword
रिगैसिफिकेशन,regasification,english_loanword
प्रोसेक्यूशन,prosecution,english_loanword
रेग्रेशन,regression,english_loanword
खानकाह,khanaqah,english_loanword
एज़ार्ड,ezzard,english_loanword
शार्पलेस,sharpless,english_loanword
मैकक्यूरी,macquarie,english_loanword
पास्चराइजेशन,pasteurization,english_loanword
बैड्ज,badges,english_loanword
कंडिशनल,conditional,english_loanword
गॉसम,gossom,english_loanword
रामदौस,ramadoss,english_loanword
प्रोसेसेज,processes,english_loanword
सैफ्लॉवर,safflower,english_loanword
क्यूडसीया,qudsia,english_loanword
गैफेनी,gaffaney,english_loanword
जीएसक्यूआर,gsqr,english_loanword
आईआईएसएस,iiss,english_loanword
फिक्सचर्स,fixtures,english_loanword
एनीमेट्रिक्स,animatrix,english_loanword
कोलिजन,collision,english_loanword
रॉसियो,rossio,english_loanword
डायरेक्शन्स,directions,english_loanword
पर्डिशन,perdition,english_loanword
वैलनैस,wellness,english_loanword
टेक्नोप्रोमएक्सपोर्ट,technopromexport,english_loanword
मेडिएशन,mediation,english_loanword
केसांग,kessang,english_loanword
मुज्जफराबाद,muzaffarabad,english_loanword
सिविलिजेशन,civilisation,english_loanword
फीयरलेस,fearless,english_loanword
एल्थोफ,althoff,english_loanword
इश्यूज,issue,english_loanword
जियोस्टेशनरी,geostationary,english_loanword
यूक्सियांग,yuxiang,english_loanword
गनलॉग्सन,gunnlaugsson,english_loanword
लेनॉक्स,lennox,english_loanword
कंप्रेसर्स,compressors,english_loanword
कुलहुधुफ्फुशी,kulhudhuffushi,english_loanword
शैफ्नर,schaeffner,english_loanword
कैचमैंट,catchment,english_loanword
तफज्जुल,tafazzul,english_loanword
एम्प्लायबल,employable,english_loanword
अथॉराइजेशन,authorization,english_loanword
हाइड्राक्सिल,hydroxyl,english_loanword
मिस्ट्रेस,mistress,english_loanword
मैक्सिमल,maximal,english_loanword
क्रॉसेज़,crosses,english_loanword
एएसएक्स,asx,english_loanword
सनग्लासेज,sunglasses,english_loanword
कॉन्सटिट्यूशन,constitution,english_loanword
एक्यूआई,aqi,english_loanword
मेन्सुरेशन,mensuration,english_loanword
फ्लैक्सी,flexi,english_loanword
इस्हाक,ishaq,english_loanword
गॉशीयन,gaussian,english_loanword
जेनिफर,jeniffer,english_loanword
इम्प्रेस,empress,english_loanword
सैमुअल्ससन,samuelsson,english_loanword
फॉर्मुलेशन,formulation,english_loanword
स्ट्रेसिंग,stressing,english_loanword
एक्सपीरियल,experial,english_loanword
ब्लास,blass,english_loanword
बीकी,beiqi,english_loanword
एक्सास्केल,exascale,english_loanword
एफिशिएंट,efficient,english_loanword
इनविटेशन,invitation,english_loanword
कुंटल,quintal,english_loanword
विलोक्स,willockx,english_loanword
प्रीकॉन्फ़िगरेशन,preconfiguration,english_loanword
नरिसा,narissa,english_loanword
रीमैच,rematch,english_loanword
क्यूम,qayoom,english_loanword
नाईट्रॉक्स,nitrox,english_loanword
मक्कासर,makassar,english_loanword
माइक्रोफॉसिल्स,microfossils,english_loanword
लेटिगेशन,litigation,english_loanword
इबेक्स,ibex,english_loanword
नेशनहुड,nationhood,english_loanword
एस्पिरेशनल,aspirational,english_loanword
कबसा,kabassa,english_loanword
फंक्शनैलिटी,functionality,english_loanword
यूबीएस,ubss,english_loanword
एक्साइड,exide,english_loanword
कान्फिगुरेशन,configuration,english_loanword
बेहरेनडॉर्फ,beherendorff,english_loanword
वैक्सवर्क,waxwork,english_loanword
बर्डनलेस,burdenless,english_loanword
एक्सपीडिशनरी,expeditionary,english_loanword
हीसे,hesse,english_loanword
सिपोक्स,sipox,english_loanword
स्टॉपहिंदीइंपोजिशन,stophindiimposition,english_loanword
ड्रेक्सल,drexel,english_loanword
क़ासिम,qassem,english_loanword
कान्स्टिटूशन,constitution,english_loanword
ज़ौज़ियत,sought,english_loanword
रॉसेफ,rousseff,english_loanword
चौंगकिंग,chongqing,english_loanword
मल्टीप्लैक्स,multiplexes,english_loanword
लिटीगेशन,litigation,english_loanword
डायवर्जन,diversion,english_loanword
एक्सक्लूसिव,exclusive,english_loanword
अनसिबा,anssiba,english_loanword
एलेज़ी,alessi,english_loanword
रेडिकलाइजेशन,radicalization,english_loanword
स्टक्सनेट,stuxnet,english_loanword
डिसेप्शन,deception,english_loanword
इन्क्युबेशन,incubation,english_loanword
अफडे,affede,english_loanword
मुकीत,muqeet,english_loanword
अफोर्डिंग,affording,english_loanword
वीज़मन,weissman,english_loanword
स्निफर्स,sniffers,english_loanword
कुटेशन,quotation,english_loanword
डसा,dassa,english_loanword
अफ़ाल्टरबैक,affalterbach,english_loanword
प्रैक्सेयर,praxair,english_loanword
किको,quico,english_loanword
कन्टेमीनेशन,contamination,english_loanword
टैक्सफेयर,taxpayer,english_loanword
पेवमैंटस,pavements,english_loanword
सिंटैक्स,sintex,english_loanword
प्रफेशनली,professionally,english_loanword
एक्सपदीशन,expedition,english_loanword
किसर,kisser,english_loanword
रफ्फालो,ruffalo,english_loanword
परक्यूसन,percussion,english_loanword
शफकात,shafqat,english_loanword
नोर्डॉफ,nordoff,english_loanword
इवैल्युएशन,evaluation,english_loanword
बरोनेस,baroness,english_loanword
परकोलेशन,percolation,english_loanword
कनेक्शनस,connections,english_loanword
प्रॉलिफरेशन,proliferation,english_loanword
जिफी,jiffy,english_loanword
एक्सिकॉम,exicom,english_loanword
इंस्टीटयुशनल,institutional,english_loanword
उलहक,ulhaq,english_loanword
सक्र,saqr,english_loanword
पापाराजी,paparazzi,english_loanword
डिमॉन्स्ट्रेशन,demonstration,english_loanword
सिगन्लाईज़ेशन,signalisation,english_loanword
ट्रेडिशन्स,traditions,english_loanword
रिकनाइसांस,reconnaissance,english_loanword
कॉलेजों,classes,english_loanword
रियेक्शंज़,reactions,english_loanword
ब्रान्क्स,bronx,english_loanword
गफ्नी,gaffney,english_loanword
रिडंप्शन,redemption,english_loanword
बाईसेक्सुअल,bisexual,english_loanword
विज़ुअलाइजेशन,visualization,english_loanword
एक्शंस,actions,english_loanword
कोलिज़न,collision,english_loanword
कॉरलिस,corliss,english_loanword
एक्सीवेटर,excavator,english_loanword
क्यूबेकोइस,quebecois,english_loanword
तहरीक,tehriq,english_loanword
मुरकबाह,murqabah,english_loanword
डिमेन्शन,dimension,english_loanword
लक्ष्मीपुर,laxmipur,english_loanword
मल्टीएक्सेस,multiaccess,english_loanword
अग्रेशन,aggression,english_loanword
कॉरनैक्स्ट,cornext,english_loanword
पर्सनलाइजेशन,personalisation,english_loanword
रॉडजर्स,rodgers,english_loanword
इंप्लिमेंटशन,implementation,english_loanword
सैंडबॉक्स,sandboxes,english_loanword
वैल्यूएशंस,valuations,english_loanword
ट्रांसैक्शनल,transactional,english_loanword
दसॉल्ट,dassault,english_loanword
मोसेक,mossack,english_loanword
ग्रेविटेशनल,gravitational,english_loanword
किचनर,kitchener,english_loanword
स्कालेबल,scalable,english_loanword
मुजफरनगर,muzaffarnagar,english_loanword
वोफ्फोर्ड,wofford,english_loanword
सेक्शुअल्स,sexuals,english_loanword
मेमेक्स,memex,english_loanword
कॉन्ग्रिगेशन,congregation,english_loanword
यिबलाम,ibleam,english_loanword
कंसीलिएशन,conciliation,english_loanword
इन्स्टिट्यूशनल,institutional,english_loanword
ओपटेक्स,optex,english_loanword
स्टार्वेशन,starvation,english_loanword
ईफ्फी,iffi,english_loanword
फाक्समैन,foxman,english_loanword
रिडेम्प्शन,redemption,english_loanword
इनफ्लेटेबल,inflatable,english_loanword
कज्जात,quzat,english_loanword
बिजनस,businesses,english_loanword
क्रुफ,cruyff,english_loanword
रैफ्रिजरेशन,refrigeration,english_loanword
डीटॉक्स,detox,english_loanword
रॉसैफ,rousseff,english_loanword
आसलेशन,oscillation,english_loanword
एचेवहेरे,etchevehere,english_loanword
टेबललैंड,tableland,english_loanword
कंट्रयूब्यूशन,contribution,english_loanword
बगैरेशन,bagration,english_loanword
इज्जतघर,izzatghar,english_loanword
थैलीसिमिया,thalassaemia,english_loanword
असदुद्दीन,assaduddin,english_loanword
कॉन्सेशन,concession,english_loanword
कॉची,katchi,english_loanword
फ्लेक्सीलोन्स,flexiloans,english_loanword
एक्यू,aqi,english_loanword
एसिस,assis,english_loanword
इम्यूनोसप्रेसेन्ट,immunosuppressant,english_loanword
ट्रांस्फोर्मेशन,transformation,english_loanword
कॉम्पेटिटिवनेस,competitiveness,english_loanword
डिसानायके,dissanayeke,english_loanword
लाईमेंटेशन,lalimentation,english_loanword
आर्केस्ट्रेशंस,orchestrations,english_loanword
सिम्पलेक्स,simplex,english_loanword
एक्सोथर्मिक,exothermic,english_loanword
एक्सप्लनेशन,explanation,english_loanword
क्यूपम,quepem,english_loanword
एक्रिडिटेशन,accreditation,english_loanword
ट्रांसपोज़ेशन,transposition,english_loanword
टेब्ल्ज़,tables,english_loanword
लैकर,lacquer,english_loanword
आईएक्सएल,ixl,english_loanword
मोजोरेला,mozzarella,english_loanword
उरकुहार्ट,urquhart,english_loanword
बेनिफिसिएशन,beneficiation,english_loanword
इसोलक्स,isolux,english_loanword
मुकद्दीमाह,muqaddimah,english_loanword
क्लीक,cliq,english_loanword
डिफिकेशन,defecation,english_loanword
यामूसोकुरो,yamoussoukro,english_loanword
डचमैन,dutchman,english_loanword
मेसिंगर,messinger,english_loanword
हचिन्स,hutchins,english_loanword
एयरबस,airbuss,english_loanword
सेक्सलेस,sexless,english_loanword
एक्स्ट्राटेरेस्ट्रिअल,extraterrestrial,english_loanword
इक्स्पेरिमेंट,experiment,english_loanword
डेक्लेरेशन,declaration,english_loanword
डीग्रेडेबल,degradable,english_loanword
शेरिफडम,sheriffdom,english_loanword
नेदुम्बसेरी,nedumbassery,english_loanword
इक्स्प्लॉरिंग,exploring,english_loanword
पॉल्युशन,pollution,english_loanword
शिवाक्स,shiavax,english_loanword
सिनेमैटिक्स,cinematix,english_loanword
पार्टीसीपेशन,participation,english_loanword
एआरआईएसएस,ariss,english_loanword
शिफ़,schiff,english_loanword
नासकोम,nasscom,english_loanword
रोड्जर्स,rodgers,english_loanword
डासॉल्ट,dassault,english_loanword
वाइडेक्स,widex,english_loanword
निसनबॉम,nissenbaum,english_loanword
इंक्रेडिबल,incredible,english_loanword
प्रोसेशन,procession,english_loanword
हरासमेंट,harassment,english_loanword
एक्सपेरिएंस,experiences,english_loanword
प्रेसलर,pressler,english_loanword
ट्रांसिशन,transition,english_loanword
जिसु,jisshu,english_loanword
सायटेशन,citation,english_loanword
लेक्सीकोन,lexikon,english_loanword
युसूफ,yusuff,english_loanword
प्रपोर्शन,proportion,english_loanword
ईकरूप,iqroop,english_loanword
एक्स्ट्राजूडिशियल,extrajudicial,english_loanword
पोजेशन,possession,english_loanword
फिनबॉक्स,finbox,english_loanword
डीएएक्स,dax,english_loanword
एसोसिएशनस,associations,english_loanword
असुरिस्तान,assuristan,english_loanword
प्लैविक्स,plavix,english_loanword
एक्सजाइज,excise,english_loanword
रेलिगेशंस,relegations,english_loanword
फजारी,fazzari,english_loanword
मसलव्हाइट,musselwhite,english_loanword
लाक्रॉइक्स,lacroix,english_loanword
अफेअरज,affairs,english_loanword
क्योर,qure,english_loanword
सदका,sadqa,english_loanword
दौसा,dossa,english_loanword
अफॉर्डेबल,affordable,english_loanword
कादी,qadi,english_loanword
पार्के,parque,english_loanword
आईआरएनएसएस,irnss,english_loanword
अब्दुलकावी,abduylqawi,english_loanword
असांज,assange,english_loanword
बिज़नस,businesses,english_loanword
कोलेबोरेशन,collaboration,english_loanword
सासारेसे,sassarese,english_loanword
इलेक्ट्रीफिकेशन,electrification,english_loanword
इंटेक्स,intex,english_loanword
रोकुजो,roccuzzo,english_loanword
मेलानोथोरैक्स,melanothorax,english_loanword
क्लीफोर्ड,clifford,english_loanword
सैंक्शंस,sanctions,english_loanword
हर्रास्मेंट,harassment,english_loanword
इनेब्ल्ड,enabled,english_loanword
कोमिक्स,comix,english_loanword
अफेक्टीज,affectees,english_loanword
आफीसस,offices,english_loanword
रैफो,raffo,english_loanword
वेलास्केज़,velasquez,english_loanword
हरिदास,haridass,english_loanword
एक्सटेंडर,extender,english_loanword
ब्यूटिफिकेशन,beautification,english_loanword
वाफ,waff,english_loanword
इक्विवैलेंट,equivalent,english_loanword
हासी,hassi,english_loanword
रिस्ट्रिक्शन,restriction,english_loanword
एक्शन्स,actions,english_loanword
असॉल्ट,assault,english_loanword
आशिके,ashique,english_loanword
शियरलेस,searless,english_loanword
तुलसीयानइम्पेक्स,tulsiyanimpex,english_loanword
भाग्यलक्ष्मी,bhagyalaxmi,english_loanword
ओएएसएस,oass,english_loanword
नेक्सोन,nexon,english_loanword
एड्रेसेबल,addressable,english_loanword
केयरलेस,careless,english_loanword
इंप्लिमेंटेशन,implementation,english_loanword
क्यूकी,qyuki,english_loanword
कौन्ग्रेश्नल,congressional,english_loanword
कंसेशनर्स,concessioners,english_loanword
इमेक्स,imex,english_loanword
अबॉलिशन,abolition,english_loanword
एप्रीसियेशन,appreciation,english_loanword
टैक्सगेन,taxgain,english_loanword
असेंशल,essential,english_loanword
श्रोफ,shroff,english_loanword
डेमन्स्ट्रैशन,demonstration,english_loanword
हासेल्ट,hasselt,english_loanword
फ़ारूकी,faruqui,english_loanword
कॉर्डलेस,cordless,english_loanword
कॉन्फिगरेशन,configuration,english_loanword
कम्फर्टेबल,comfortable,english_loanword
एडिशंस,editions,english_loanword
मुरूगदास,murugadoss,english_loanword
थैंकलेस,thankless,english_loanword
करियरेक्स,careerex,english_loanword
स्केरलेक्स,skrillex,english_loanword
कामिक,kamiq,english_loanword
हैचसन,hutchison,english_loanword
गैलेक्सीय,galaxy,english_loanword
पैक्लिटैक्सेल,paclitaxel,english_loanword
मोजेक,mossack,english_loanword
मुज़फ़्फ़रपुर,muzzafarpur,english_loanword
कबीट्या,qibtiyya,english_loanword
ओरिजन,orissan,english_loanword
सेक्सीटोक्सिन,saxitoxin,english_loanword
सक्सेसफुल,successful,english_loanword
कोइट्स,quoits,english_loanword
टेक्सटिंग,texting,english_loanword
एक्सपीरियेंस,experience,english_loanword
डिजिटलाईजेशन,digitalization,english_loanword
एएक्सएन,axn,english_loanword
वर्नाजा,vernazza,english_loanword
स्विचअबल,switchable,english_loanword
रेटीफिकेशन,ratification,english_loanword
डिफिकल्टी,difficulty,english_loanword
हुत्तेंस्त्रासे,huttenstrasse,english_loanword
यूएसएसएफ,ussf,english_loanword
डिविएशन,deviation,english_loanword
इफ्को,iffco,english_loanword
कजर,qajar,english_loanword
हकयार,haqyar,english_loanword
केसंग,kessang,english_loanword
यूपीएसएसएफ,upssf,english_loanword
तनिश्क,tanishq,english_loanword
असोचेम,assocham,english_loanword
रेज़रेक्शन,resurrection,english_loanword
मुज्जसिम,mujassim,english_loanword
न्यूट्रीशनल,nutritional,english_loanword
रोडजर,rodger,english_loanword
ड््यूरेशन,duration,english_loanword
क्लेमैन्ट,clement,english_loanword
नैनोस्निफ,nanosniff,english_loanword
एक्सपीड,expeed,english_loanword
शूरॉकी,chouraqui,english_loanword
उकबा,uqba,english_loanword
ग्लासटेक,glasstech,english_loanword
जुक्स्टाकेपिलरी,juxtacapillary,english_loanword
सीसीएएसएस,ccass,english_loanword
कनफेसर,confessor,english_loanword
एल्बट्रॉस,albatross,english_loanword
एक्सेलव,exclave,english_loanword
डीकार्बोनाइजेशन,decarbonisation,english_loanword
कानाट,qanat,english_loanword
फ्रंटेक्स,frontex,english_loanword
पीपीएसएस,ppss,english_loanword
कुरिश,quraish,english_loanword
मॉस,mosses,english_loanword
फॉर्मूलेशन,formulation,english_loanword
कोटेपेक,coatepeque,english_loanword
ट्राईजनरेशन,trigeneration,english_loanword
सिकोईया,sequoia,english_loanword
सिंटेकस,sintex,english_loanword
नोशनल,notional,english_loanword
एसेन्शिया,essentia,english_loanword
कुतबुल्लापुर,qutubullapur,english_loanword
वास्केज,vasquez,english_loanword
डिसकशनज़,discussions,english_loanword
एक्ससरीज़,accessories,english_loanword
टोलेक्सो,tolexo,english_loanword
रिजूवीनेशन,rejuvenation,english_loanword
इन्वीटेशनल,invitational,english_loanword
पेनेट्रेशन,penetration,english_loanword
एक्सप्रेशनिस्ट,expressionist,english_loanword
होकएयम,hoquiam,english_loanword
एन्टिसिपेशन,anticipation,english_loanword
प्रींसेस,princess,english_loanword
यूबीक्युटिन,ubiquitin,english_loanword
अकताब,aqtab,english_loanword
लिपिज्जन,lipizzan,english_loanword
इफैक्ट्स,effects,english_loanword
डिस्क्रिमनेशन,discrimination,english_loanword
एनैक्स,annex,english_loanword
फॉस,foss,english_loanword
पर्सेप्शन,perception,english_loanword
रेग्युलेशंस,regulations,english_loanword
गिफोनी,giffoni,english_loanword
जर्मनीफिकेशन,germanification,english_loanword
डिफमेशन,defamation,english_loanword
अशर्क,asharq,english_loanword
इंटरवेंशनल,interventional,english_loanword
एक्सेटेंडेड,extended,english_loanword
टेक्सेरा,texeira,english_loanword
वैलिडेशन,validation,english_loanword
रिकेसिव,recessive,english_loanword
क्सीओंगनु,xiongnu,english_loanword
टोकेट,touquet,english_loanword
कॉम्प्रेस,compress,english_loanword
कीमोप्रोफिलिक्स,chemoprophylaxis,english_loanword
हेसेन,hessen,english_loanword
कंट्रीब्यूशन,contribution,english_loanword
हुसन,hussan,english_loanword
इफिसिएंट,efficient,english_loanword
कॉन्वर्सेशन,conversation,english_loanword
यूनिएक्सेल,uniexcel,english_loanword
डियोक्सी,deoxy,english_loanword
अश्फाक,asfaq,english_loanword
वॉच्स,watches,english_loanword
डीमिथाइलेशन,demethylation,english_loanword
एनटीक,antique,english_loanword
मैकैकी,macaque,english_loanword
कसैन्ड्रा,cassandra,english_loanword
लक्ष्मीचंद,laxmichand,english_loanword
रुफेलो,ruffalo,english_loanword
मेन्ड्रेक्स,mandrax,english_loanword
स्क्रेच्ड,scratched,english_loanword
कय्यूम,qayoom,english_loanword
ग्लेक्सो,glaxo,english_loanword
रिस्पोंसिबल,responsible,english_loanword
एम्यूनिशन,ammunition,english_loanword
इम्प्रेसिव,impressive,english_loanword
क्यिान,qian,english_loanword
इंस्ट्रक्शनल,instructional,english_loanword
क्रेमवैक्स,kremvax,english_loanword
डास्लर,dassler,english_loanword
अलेक्सो,aleixo,english_loanword
लक्साई,laxai,english_loanword
बैरिसो,barriusso,english_loanword
लेन्नॉक्स,lennox,english_loanword
डॉकोजहेक्सानोइक,docosahexaenoic,english_loanword
वासर,wasser,english_loanword
रफलो,ruffalo,english_loanword
मुजफ्फ़रनगर,muzaffarnagar,english_loanword
वासेनर,wassenaar,english_loanword
अॉफेंस,offences,english_loanword
डेजिग्नेशन,designation,english_loanword
टेसरेक्ट,tesseract,english_loanword
आईसोलक्स,isolux,english_loanword
स्टॉपवाच,stopwatch,english_loanword
इसैंशियलिटी,essentiality,english_loanword
कैदर,qaider,english_loanword
मुज़फ़्फ़रनगर,muzaffarnagar,english_loanword
प्रॉविजन्स,provisions,english_loanword
समेशन,summation,english_loanword
शिफ्रिन,shiffrin,english_loanword
डुप्लिकेशन,duplication,english_loanword
थैचराइट,thatcherite,english_loanword
एक्ट्ररेस,actress,english_loanword
सोटलॉफ,sottloff,english_loanword
ल्यूमैक्स,lumax,english_loanword
कैपेक्सस,capex,english_loanword
वेसा,wessa,english_loanword
सायकलोक्सीजेनसेस,cyclooxygenases,english_loanword
युबिक्यूटिन,ubiquitin,english_loanword
फॉक्सटेल,foxtel,english_loanword
प्रॉमिसरी,promissory,english_loanword
सल्फामेथॉक्सेज़ोल,sulfamethoxazole,english_loanword
कॉम्प्रिहेंशन,comprehension,english_loanword
ओडिसियस,odysseus,english_loanword
डेमॉन्स्ट्रेशन,demonstration,english_loanword
प्रक्युरमैंट,procurement,english_loanword
कांग्रेसमैन,congressmen,english_loanword
काम्बिनेशन्स,combinations,english_loanword
पोलूशन,pollution,english_loanword
इकोमेजिनेशन,ecomagination,english_loanword
मेंडेलसोन,mendelssohn,english_loanword
कॉलोनाइजेशन,colonisation,english_loanword
स्यूडूयश,seddeustche,english_loanword
डीएक्सएफ़,dxf,english_loanword
थलासरी,thalassery,english_loanword
कंप्रेसेबल,compressible,english_loanword
क्लिफॉर्ड,clifford,english_loanword
असिट,assist,english_loanword
वॉचवर्ड,watchword,english_loanword
आइशोलेशन,isolation,english_loanword
पैसेजिंग,passaging,english_loanword
कांग्रेगेशन,congregation,english_loanword
कासिफ,qassif,english_loanword
अफोर्ट,effort,english_loanword
बेसियानस,bassianus,english_loanword
एक्सोसेट,exocet,english_loanword
इनफिनिक्स,inifinix,english_loanword
लेवेस्क,levesque,english_loanword
कैशलेस,cashless,english_loanword
मीरक्षा,meuraxa,english_loanword
बूटिक,boutique,english_loanword
ग्लासवेयर,glassware,english_loanword
क्रोसओवर,crossover,english_loanword
रिफोरमेशन,reformation,english_loanword
थलसरी,thalassery,english_loanword
सिमकोक्स,simcox,english_loanword
गॉस्,gosse,english_loanword
युटिलाईजेशन,utilization,english_loanword
कांग्रस,congresss,english_loanword
सीफैक्सिल,shefexil,english_loanword
टेक्स्टबॉक्स,textbox,english_loanword
टसल,tussle,english_loanword
मारिसा,marissa,english_loanword
मॉडरेशन,moderation,english_loanword
एक्सेलिंग,excelling,english_loanword
रिहेबिलिशन,rehabilitation,english_loanword
हेइसेरर,heisserer,english_loanword
पॉप्यूलेशन,pollution,english_loanword
मफिन,muffin,english_loanword
इंडिटेक्स,inditex,english_loanword
टस्कॉफ,tashkoff,english_loanword
एक्स्पीरियंस,experience,english_loanword
कॉलोनाईजेशन,colonization,english_loanword
नचिअप्पन,natchiappan,english_loanword
स्कफ,scuff,english_loanword
कलच,clutch,english_loanword
हैनसन,hansson,english_loanword
इलियास,iliyass,english_loanword
क्लोर्हेक्सीडाइन,chlorhexidine,english_loanword
पैंथर्स,pantherrrrssss,english_loanword
ट्रांसफ्यूजन,transfusion,english_loanword
प्रिजरवेशन,preservation,english_loanword
पॉल्युुशन,pollution,english_loanword
रिडॉल्फ,ridloff,english_loanword
मैसेजों,messages,english_loanword
परफेक्टनिस्ट,perfectionist,english_loanword
सेक्सोलॉजी,sexology,english_loanword
युकार्योतेस,yucaryotess,english_loanword
वाचॉर्न,watchorn,english_loanword
स्नैच्ड,snatched,english_loanword
मारटिनीक,martinique,english_loanword
एक्सटिंक्ट,extinct,english_loanword
एग्रीडेक्स,agridex,english_loanword
एज्जोर,ezzor,english_loanword
कम्प्रेशर्स,compressors,english_loanword
एक्सेलेंसी,excellency,english_loanword
कंफीगरेशन,configuration,english_loanword
पाल्यूशन,pollution,english_loanword
लोकलाईजेशन,localization,english_loanword
अकीदत,aqueedat,english_loanword
मॉस्कीटोमेट,mosquitomate,english_loanword
मैक्सीन,maxine,english_loanword
असिस्टन्ट्स,assistants,english_loanword
मुकोरोसी,mukorossi,english_loanword
डैमिश,demisse,english_loanword
कोसीपुर,cossipore,english_loanword
एक्सट्रेक्ट,extract,english_loanword
सिसोको,sissoko,english_loanword
स्विचगियर्स,switchgears,english_loanword
तसादुक,tasaduq,english_loanword
स्विजलेस्थिक,swizzleshtick,english_loanword
हुसैनवाला,hussainwala,english_loanword
जेसोप,jessop,english_loanword
लारिक्स,larix,english_loanword
रफ्लस,ruffles,english_loanword
इंस्टीटयूशनल,institutional,english_loanword
कैसशन,cassation,english_loanword
एयरोमेक्सिको,aeromxico,english_loanword
एक्स्ट्रागैलेक्टिक,extragalactic,english_loanword
फिकह,fiqh,english_loanword
डिकोनेस,deaconess,english_loanword
रिकोनेसेंस,reconnaissance,english_loanword
असफी,assafi,english_loanword
प्रिडेशन,predation,english_loanword
ब्रानक्स,bronx,english_loanword
डेलाक्रॉक्स,delacroix,english_loanword
शेफेक्सिल,shefexil,english_loanword
डॉमीनीक,dominique,english_loanword
थालसेरी,thalassery,english_loanword
जाफ़राबाद,jaffrabad,english_loanword
वोल्फशांज़,wolfsschanze,english_loanword
अपैक्स,apax,english_loanword
असेम्बल,assemble,english_loanword
फयरफोक्स,firefox,english_loanword
अन्प्रीडिक्टबल,unpredictable,english_loanword
वॉचडॉग,watchdog,english_loanword
वॉचमेकर,watchmaker,english_loanword
एडीक्यू,edique,english_loanword
टेक्सचर्स,textures,english_loanword
आइजोलेशन,isolation,english_loanword
लैक्सटिव,laxative,english_loanword
स्विचगेयर,switchgear,english_loanword
स्क्रिलेक्स,skrillex,english_loanword
रिकुआयरमेंट,requirement,english_loanword
एप्रीसिएशन,appreciation,english_loanword
मुरुगदस,murugadoss,english_loanword
फिल्टरेशन,filtration,english_loanword
मसाकरे,massacre,english_loanword
इन्स्ट्रक्शन,instruction,english_loanword
जोआकिम,joaquim,english_loanword
अॉथाेराइजेशन,authorisation,english_loanword
एक्स्पेन्डेबल,expendable,english_loanword
प्रॉसेसर्स,processors,english_loanword
रिफिंग,riffing,english_loanword
डेप्युटेशन,deputation,english_loanword
हेसलिंग,hessling,english_loanword
स्वीचिंग,switching,english_loanword
किउशी,qiushi,english_loanword
यूएसआईएऩडीईएक्स,ausindex,english_loanword
स्टैबिलाइजेशन,stabilization,english_loanword
थायरोटॉक्सिकोसिस,thyrotoxicosis,english_loanword
जॉकिन,joaquin,english_loanword
डाक्युमेंटेशन,documentation,english_loanword
एफिल्ड्ट,affeldt,english_loanword
जोफ्रा,joffra,english_loanword
सरविक्स,cervix,english_loanword
सीएफक्यूसीटीआई,cfqcti,english_loanword
क्यूसीएस,qcs,english_loanword
डेकोनेस,deaconess,english_loanword
इंटरनेशनलिस,internationalis,english_loanword
ग्लिक्समैन,glixman,english_loanword
क्यूपीएफ,qpf,english_loanword
एक्सचेंज्ड,exchanged,english_loanword
प्रोपलशन,propulsion,english_loanword
इनट्यूबेशन,intubation,english_loanword
एक्सीनॉस,exynos,english_loanword
पासेरिडे,passeridae,english_loanword
अशुर,assyria,english_loanword
हाइड्रॉक्सीप्रोपाइल,hydroxypropyl,english_loanword
रेप्युटेशन,reputation,english_loanword
एफर्डएबल,affordable,english_loanword
रिहैबलिटेशन,rehabilitation,english_loanword
मोडेक्स,modexs,english_loanword
ग्रॉसमेन,grossman,english_loanword
कियाम,qiym,english_loanword
सुपरग्रास,supergrass,english_loanword
गेरासिमेंको,gerassimenko,english_loanword
ब्लीजार्ड,blizzard,english_loanword
बोन्सडॉर्फ,bonsdorff,english_loanword
एसलिन,esslin,english_loanword
गोसलिन,gosselin,english_loanword
हक्षी,haxhi,english_loanword
डोरफ,dorff,english_loanword
नोसिटर,nossiter,english_loanword
किसींजर,kissinger,english_loanword
ट्रेडीशनल,traditional,english_loanword
डीईक्यूएम,deqm,english_loanword
विटेक्स,vitex,english_loanword
असीरीया,assyria,english_loanword
एक्सट्रपलेट,extrapolate,english_loanword
जेनरेशंस,generations,english_loanword
जेफ्रीज,jefferies,english_loanword
नक्सलाइट,naxalite,english_loanword
इंडेलिबल,indelible,english_loanword
मोफेट,moffatt,english_loanword
बेसिक्स,basix,english_loanword
ओडीसियस,odysseus,english_loanword
एक्सियल,axial,english_loanword
डीटॉक्सीफिकेशन,detoxification,english_loanword
कसीम,qassem,english_loanword
लक्षिता,laxita,english_loanword
कॉम्प्रिहेंसन,comprehension,english_loanword
कुबैता,qubaita,english_loanword
ट्रांसिसन,transsion,english_loanword
लेफ,leff,english_loanword
इशूज़,issue,english_loanword
एक्सियॉम,axiom,english_loanword
हाल्डेक्स,haldex,english_loanword
एक्ल,aql,english_loanword
फ़िक्शनल,fictional,english_loanword
ब्र्ज़सिस,burgesses,english_loanword
टेलीपोर्टेशन,teleportation,english_loanword
एक्सपीरियंस,experience,english_loanword
प्रॉक्सीज,proxies,english_loanword
सैल्वेशन,salvation,english_loanword
सैफरन,saffron,english_loanword
बेनिओफ्फ,benioff,english_loanword
एग्रिगेशन,aggregation,english_loanword
सुपरनैशनल,supranational,english_loanword
कार्बनिज़ेशन,carbonization,english_loanword
सीओसीएसएसओ,cocsso,english_loanword
इंड्युकिबल,inducible,english_loanword
अटैक्सिया,ataxia,english_loanword
असाफ्रा,assafra,english_loanword
अलेक्सी,alexei,english_loanword
चैप्टलाइजेशन,chaptalization,english_loanword
कमरवारी,qamarwari,english_loanword
कांप्लेक्सों,complexes,english_loanword
पिन्कस,pincuss,english_loanword
प्लास्चर्ट,plasschaert,english_loanword
साल्युशंस,solutions,english_loanword
डाइमेंशियंस,dimensions,english_loanword
फिलट्रेशन,filtration,english_loanword
बीएफएफस,bffs,english_loanword
हार्नेसों,harnesses,english_loanword
बॉसी,bossy,english_loanword
एसेंशियल्स,essentials,english_loanword
किंग्दाओ,qingdao,english_loanword
ओनिक्स,onyx,english_loanword
मुसिना,mussina,english_loanword
मेटास्टेबल,metastable,english_loanword
इनक्लूज़न,inclusion,english_loanword
कोवैक्सीन,covaxin,english_loanword
कैएड,quaid,english_loanword
पासी,passey,english_loanword
डीएमईक्स,dmex,english_loanword
स्टेग्नेशन,stagnation,english_loanword
कंफेडरेशंस,confederations,english_loanword
बार्डरलेस,borderless,english_loanword
डिमॉनेटाइजेशन,demonetisation,english_loanword
साल्यूशंस,solutions,english_loanword
मैट्रेस,mattresses,english_loanword
बैंकाश्योरेंस,bancassurance,english_loanword
एक्टेशन,actuation,english_loanword
एडमिसिबलिटी,admissibility,english_loanword
युटिलाइज़ेशन,utilization,english_loanword
थिसारा,tissara,english_loanword
पीसीएक्स,pcx,english_loanword
फेचर,fetcher,english_loanword
ल्युसियर,lussier,english_loanword
नेक्सटेल,nextel,english_loanword
रिडम्पशन,redemption,english_loanword
क्यूसीबीएस,qcbs,english_loanword
तबलीक,tableek,english_loanword
मुसामत,mussammat,english_loanword
कोरोजन,corrosion,english_loanword
इनुडेशन,inundation,english_loanword
एडमिनिस्ट्रेशंस,administrations,english_loanword
वॉचर,watcher,english_loanword
बेनिओफ,benioff,english_loanword
प्योरिफिकेशन,purification,english_loanword
रिवोल्युशनरी,revolutionary,english_loanword
डीईएक्स,dex,english_loanword
एक्रेडेशन,accreditation,english_loanword
कोवक्सिन,covaxin,english_loanword
इनोवेशन्स,innovations,english_loanword
इन्सपेक्शन,inspection,english_loanword
एआईएमईएक्स,aimex,english_loanword
एव्रौफ़,averoff,english_loanword
कैफीनेटेड,caffeinated,english_loanword
बिजनेसलाइन,businessline,english_loanword
पीबीएक्सों,pbxs,english_loanword
एम्बिएशन,ambition,english_loanword
नोटिफिकेेशन,notification,english_loanword
मुइज्जादीन,muizzadin,english_loanword
रैडकिल्फ,radcliffe,english_loanword
केपेक्सिल,capexil,english_loanword
हैसियम,hassium,english_loanword
सिक्योर,seqr,english_loanword
सप्रेशन,suppression,english_loanword
एक्सपैट,expat,english_loanword
एक्सलेंसी,excellency,english_loanword
एक्सेसरीज्,accessories,english_loanword
लीगलाइजेशन,legalization,english_loanword
डिसेमिनेशन,dissemination,english_loanword
सस्टेनबल,sustainable,english_loanword
कॉन्डोनेशन,condonation,english_loanword
एडेलवेईस,edelweiss,english_loanword
पेंशनस्,pensions,english_loanword
इण्टरफेस,enatarfess,english_loanword
मैटिस,mattiss,english_loanword
एमूलेशन,emulation,english_loanword
कौक्स,coques,english_loanword
यूनीसेक्स,unisex,english_loanword
सिकुआ,sequoia,english_loanword
कन्जूमेबल्स,consumables,english_loanword
प्रोफेसर्ज,professors,english_loanword
डफल,duffle,english_loanword
आईएमएएकस,imax,english_loanword
डिकन्टैमनेशन,decontamination,english_loanword
सास्केटच्वान,sasketchwan,english_loanword
मैक्सिमस,maximus,english_loanword
मराजो,marazzo,english_loanword
रसमुसेन,rasmussen,english_loanword
आईएसएफएफआई,isffi,english_loanword
असिस्टड,assisted,english_loanword
फिटपास,fitpass,english_loanword
सलूशंज,solutions,english_loanword
एक्युइनॉस,aquinas,english_loanword
संस्थाओं,constitution,english_loanword
जीपीएस,gpss,english_loanword
क्यूक्सी,qixi,english_loanword
एग्लोमेरेशन,agglomeration,english_loanword
अदसिया,addassia,english_loanword
कॉग्निशन,cognition,english_loanword
ओकुपेशनल,occupational,english_loanword
इन्फेक्शंस,infections,english_loanword
बेंकुएट,banquet,english_loanword
नैनोफिल्ट्रेशन,nanofiltration,english_loanword
पोलीमराइजेशन,polymerization,english_loanword
सूफर्ड,suffered,english_loanword
डिसल्फराइजेशन,desulfurization,english_loanword
बिसकॉफ,bischoff,english_loanword
ब्लुग्रास,bluegrass,english_loanword
मेमोरेबल,memorable,english_loanword
मैलिस,malisse,english_loanword
एमुनिशन,ammunition,english_loanword
फॉलैक्स,fallax,english_loanword
मुकफ्फा,muqaffa,english_loanword
गास्केट,gasquet,english_loanword
टिंडरबॉक्स,tinderbox,english_loanword
जोहैन्सन,johansson,english_loanword
गैगस्टर,gagsster,english_loanword
नसरुद्दीन,nasseruddin,english_loanword
एक्सोप्लैनेट,exoplanet,english_loanword
सुरानुसी,suranussi,english_loanword
मोइसेस,moiss,english_loanword
एक्सोटिका,exotica,english_loanword
सीक्लिफ,seacliff,english_loanword
कुओपरेशन,cooperation,english_loanword
लक्सो,luxo,english_loanword
अटलांटिक्स,atlantiques,english_loanword
आइनॉक्स,inox,english_loanword
सैफिर,saffir,english_loanword
मनश्शे,manasseh,english_loanword
बकरीद,baqrid,english_loanword
मैनिक्स,mannix,english_loanword
हेक्सागन,hexagon,english_loanword
असीमानंद,assemanand,english_loanword
एनक्सी,annexe,english_loanword
ट्यूनेबल,tunable,english_loanword
कांजीगुंड,qazigund,english_loanword
यूट्रोफिकेशन,eutrophication,english_loanword
इन्कयूबेशन,incubation,english_loanword
ब्रौंक्स,bronx,english_loanword
ग्लॉसिस,glosses,english_loanword
ट्रैकरलेस,trackerless,english_loanword
बैंको,banquo,english_loanword
ट्रेडिशंस,traditions,english_loanword
इवेजन,evasion,english_loanword
मेसेंजिंग,messaging,english_loanword
फुक्सिंग,fuxing,english_loanword
प्रिनेक्स,prenex,english_loanword
हॉसमान,haussmann,english_loanword
प्रोग्राममेबल,programmable,english_loanword
वक्फ़,waqf,english_loanword
रेकमेंडेशन्स,recommendations,english_loanword
मुरुगादास,murugadoss,english_loanword
अल्ट्राएडेज,ultraedge,english_loanword
पटीशन,petition,english_loanword
फेडेरेशंस,federations,english_loanword
जेटीबीएस,jtbss,english_loanword
ट्रांक्युबर,tranquebar,english_loanword
होके,hoque,english_loanword
वेलेस्केज़,velsquez,english_loanword
लुसाक,lussac,english_loanword
ट्रांजैक्शन्स,transactions,english_loanword
इमप्लॉयएबल,employable,english_loanword
एलिक,alyque,english_loanword
ओसीएट्जकी,ossietzky,english_loanword
लुडेन्डोर्फ,ludendorff,english_loanword
इंटरनेश्नलिस,internationalis,english_loanword
फालाकोक्रोकोरैक्स,phalacrocorax,english_loanword
रोक्साना,roxana,english_loanword
कैसल,cassel,english_loanword
रॉक्सी,roxie,english_loanword
प्रोग्रैशन,progression,english_loanword
एक्स्प्लैन्ट,explant,english_loanword
टैक्समैन,taxmann,english_loanword
एम्प्रैस,empress,english_loanword
वामीका,wamiqa,english_loanword
बीएसएसआर,bssr,english_loanword
ओरियंटेशन,orientation,english_loanword
थैक्सटन,thaxton,english_loanword
अपडेशन,updation,english_loanword
लियोनेसा,leonessa,english_loanword
मोक्सा,moxa,english_loanword
टेक्सीडोर,teixidor,english_loanword
आईएसएसएस,isss,english_loanword
डिमोनेटाइज़ेशन,demonetization,english_loanword
इमीटेशन,immitation,english_loanword
इनेबलर्स,enablers,english_loanword
नेशनल्स,nationals,english_loanword
रोक्सेन,roxen,english_loanword
मासारो,massaro,english_loanword
आईआईएफएफ,iiff,english_loanword
मेसियास,messias,english_loanword
सिजलिंग,sizzling,english_loanword
कैंडिक्स,kendix,english_loanword
मसराली,massrali,english_loanword
पिचमैन,pitchman,english_loanword
सफीक,safique,english_loanword
कन्जम्प्शन,consumption,english_loanword
वैल्लनैस्स,wellness,english_loanword
असैस,access,english_loanword
राफल,raffle,english_loanword
मोडरेशन,moderation,english_loanword
हिचहाइकिंग,hitchhiking,english_loanword
बिंदास,bindass,english_loanword
बुरके,burqa,english_loanword
स्तिथियों,situation,english_loanword
कोवैक्स,covax,english_loanword
ोफल,offel,english_loanword
डीसैलिनेशन,desalination,english_loanword
कलमासरी,kalamassery,english_loanword
हक्सली,huxley,english_loanword
टैक्सचर,texture,english_loanword
एडिलविस,edelweiss,english_loanword
मेडॉफ,madoff,english_loanword
मेनकुका,mainquka,english_loanword
डुकासेस,ducasses,english_loanword
ईसाई,issai,english_loanword
सिवुलिक,sivulliq,english_loanword
पिचर्स,pitchers,english_loanword
सासैनियन,sassanian,english_loanword
मिररलेस,mirrorless,english_loanword
क्रॉस्ड,crossed,english_loanword
तबका,tabqa,english_loanword
एक्सप्लिसिट,explicit,english_loanword
बुजोका,buzzoka,english_loanword
क्लिफ़,cliff,english_loanword
रीइवेल्युएशन,revaluation,english_loanword
जारकान,zarqan,english_loanword
प्लांटेशन्स,plantations,english_loanword
फैयरफैक्स,fairfax,english_loanword
कंटेक्स्ट,context,english_loanword
आगनार्सोन,agnarsson,english_loanword
जिमेक्स,jimex,english_loanword
अतिक,atique,english_loanword
आर्गेनाइजेशन्स,organisations,english_loanword
आईओएसआईएफआईआईक्स,isofix,english_loanword
पिजेरिया,pizzeria,english_loanword
अंडरक्लास,underclass,english_loanword
कंस्ट्रक्शनल,constructional,english_loanword
अनबिलीवेबल,unbelievable,english_loanword
विटनेस,witnesses,english_loanword
अनसक्सेसफुल,unsuccessful,english_loanword
ट्रडिशन,tradition,english_loanword
श्लोस,schloss,english_loanword
डॉक्सीसाइक्लिन,doxycycline,english_loanword
बस्ट,busst,english_loanword
डिसक्शन,discussion,english_loanword
इनफ़्यूज़न,infusion,english_loanword
विविसेक्शन,vivisection,english_loanword
कफी,cuffy,english_loanword
सीएसएसआर,cssr,english_loanword
रिसेनबीक,rissenbeek,english_loanword
मियाडोस्की,miadosqui,english_loanword
फोसाइल,fossil,english_loanword
नेदुम्बसरी,nedumbassery,english_loanword
गॉसियन,gaussian,english_loanword
एनेक्स,annex,english_loanword
हसनंदनी,hassanandani,english_loanword
बकेट,bouquet,english_loanword
सुपरइम्पोजिशन,superimposition,english_loanword
रिमारकेबल,remarkable,english_loanword
बिस्सॉफ,bischoff,english_loanword
जैज़ी,jazzy,english_loanword
हेक,haque,english_loanword
वॉफल्स,waffles,english_loanword
सासकैचेवान,saskatchewan,english_loanword
माल्टोडेक्सट्रिन,maltodextrin,english_loanword
ओसेशिया,ossetia,english_loanword
रेशनलाइजेशन,rationalisation,english_loanword
कबाबोस,qaboos,english_loanword
बेसलेस,baseless,english_loanword
सिडीक,sidiq,english_loanword
इरोटेशनल,irrotational,english_loanword
रिमिस,remiss,english_loanword
स्पिनॉफ़,spinoff,english_loanword
सैक्संस,saxons,english_loanword
रिसाइक्लेबल,recyclable,english_loanword
असम्प्शन,assumption,english_loanword
मुइज्जुद्दीन,muizzadin,english_loanword
असेसी,assessee,english_loanword
टैक्सेस,taxes,english_loanword
असदुज्ज्मां,asaduzzaman,english_loanword
नास्डैक,nasdaq,english_loanword
एसेसरीज़,accessories,english_loanword
लिंडक्विस्ट,lindqvist,english_loanword
हेक्साएमाइन,hexamine,english_loanword
मारकिनो,marquino,english_loanword
एसेसी,assessee,english_loanword
कीलेस,keyless,english_loanword
सेबल,sable,english_loanword
प्रेडिक्टेबल,predictable,english_loanword
टाइमलेस,timeless,english_loanword
इसेंशियल,essential,english_loanword
मैंचिंग,matching,english_loanword
एक्सपेरीमेंट,experiment,english_loanword
क्लोजनेस,closeness,english_loanword
कंजंप्शन,consumption,english_loanword
विल्हेमसन,wilhelmsson,english_loanword
मैसेंजर्स,messengers,english_loanword
कॉम्प्लेक्सेस,complexes,english_loanword
लेचेस,latches,english_loanword
सिन्क्रोनाइज़ेशन,synchronization,english_loanword
कॉम्पलेक्स,complexes,english_loanword
एआरएक्स,arx,english_loanword
स्पोरिडैक्स,sporidex,english_loanword
विजिबिल,visible,english_loanword
साइटोटोक्सिसिटी,cytotoxicity,english_loanword
हाइब्रिडाइजेशन,hybridization,english_loanword
कुदस,quds,english_loanword
एएफएफ,aff,english_loanword
क्लॉस,kloss,english_loanword
डिस्पैचिज,despatches,english_loanword
सॉलुशन,solution,english_loanword
डिफरेंसेज,differences,english_loanword
ओरेक्सिस,orexis,english_loanword
ग्लिट्स,glitches,english_loanword
एक्स्ट,ext,english_loanword
जाफरापुर,jaffarpur,english_loanword
वोरके,voreqe,english_loanword
मुफसीर,mufassir,english_loanword
बॉयोमॉस,biomass,english_loanword
मिनीमाइज़ेशन,minimization,english_loanword
अफॉर्ड,afford,english_loanword
चैड,tchad,english_loanword
विजिन,vision,english_loanword
शाफाकत,shafqat,english_loanword
आउटबॉक्स,outbox,english_loanword
बूमबाक्स,boombox,english_loanword
कलेक्टिबल्स,collectibles,english_loanword
एम्बॉस,emboss,english_loanword
आईआईएनएसएस,iinss,english_loanword
हेसिसचर,hessischer,english_loanword
लुइक्स,luykx,english_loanword
मोलिनक्स,molineux,english_loanword
रेफेल,reiffel,english_loanword
मोज़ाम्बीक,mozamibique,english_loanword
प्रोवीजनल,provisional,english_loanword
इनस्पिरेशनल,inspirational,english_loanword
एफलेक,affleck,english_loanword
प्रिपेरेशन,preparation,english_loanword
ड्रास,drass,english_loanword
असाल्ट,assault,english_loanword
इंकंप्रेसेबल,incompressible,english_loanword
कांस्टिट्यूशनल,constitutional,english_loanword
एक्सपेरियेंस,experience,english_loanword
फ्लुओक्सेतिने,fluoxetine,english_loanword
टैक्स्टिज्म्स,textisms,english_loanword
सिददीकी,sediqqi,english_loanword
मुफ्फकिर,muffakir,english_loanword
इम्पॉसिबल,impossible,english_loanword
होफेनहाइम,hoffenheim,english_loanword
गैलैसिआ,galassia,english_loanword
हिचक,hitch,english_loanword
डेपूटेशन,deputation,english_loanword
नोफिके,noffke,english_loanword
प्रिस्क्रिप्शन,prescription,english_loanword
एंजेलिक,angelique,english_loanword
मुकावामा,muqwama,english_loanword
हफलपफ,hufflepuff,english_loanword
सीफ,sieff,english_loanword
गैलस,galluss,english_loanword
शर्टलेस,shirtless,english_loanword
वॉचेज,watches,english_loanword
बेनिहोफ,benioff,english_loanword
ईएफएफ,eff,english_loanword
एम्मुनिशन,ammunition,english_loanword
कॉस्टेक्स,castex,english_loanword
फेसलैस,faceless,english_loanword
बिगफ्लिक्स,bigflix,english_loanword
नासरी,nasseri,english_loanword
टीईएसएस,tess,english_loanword
एक्सट्रीमिज्म,extremism,english_loanword
रुडेस,rudess,english_loanword
रिडेंप्शन,redemption,english_loanword
इजोर,ezzor,english_loanword
टोपामैक्स,topamax,english_loanword
काम्पलेक्स,complexes,english_loanword
मुसोर्गस्की,mussorgsky,english_loanword
डिप्लॉयेबल,deployable,english_loanword
टीक्यूएमएस,tqms,english_loanword
कौकसलैस्स,coxless,english_loanword
वीजल्स,vessels,english_loanword
पपाराजी,paparazzi,english_loanword
एक्स्ट्रावेगेंजा,extravaganza,english_loanword
कुरैशियों,qureshis,english_loanword
जुल्फिकार,zulifqar,english_loanword
थेलेसीमिया,thalassaemia,english_loanword
अथराइजेशन,authorization,english_loanword
इसाक,isaq,english_loanword
एनीमेश्ान,animation,english_loanword
सुसुडियो,sussudio,english_loanword
रीमूवेब्ल,removable,english_loanword
विअरस्ट्रास,weierstrass,english_loanword
पेस्चराइजेशन,pasteurization,english_loanword
लिसोनी,lissoni,english_loanword
आईसीपीक्यूआरओएम,icpqrom,english_loanword
टेराविजन,teravision,english_loanword
डिफेमेशन,defamation,english_loanword
पोलल्यूशन,pollution,english_loanword
मुजफ्फाराबाद,muzaffarabad,english_loanword
तब्लीग,tableegh,english_loanword
सस्काचावेन,saskatchewan,english_loanword
रिजूवेनेशन,rejuvenation,english_loanword
मूवीप्लेक्स,movieplex,english_loanword
रैकेटबॉल,racquetball,english_loanword
दासाल्ट,dassault,english_loanword
देवदास,devadass,english_loanword
प्रोविज़न,provision,english_loanword
अनीसा,anissa,english_loanword
हाईड्राक्साईड,hydroxide,english_loanword
सेंट्रीफ्यूजेशन,centrifugation,english_loanword
वकारिब,waquarib,english_loanword
अपोमिक्सिस,apomixis,english_loanword
जेनेक्स,genex,english_loanword
बगास,bagasse,english_loanword
नेशनलाइजेशन,nationalisation,english_loanword
जीएफएक्स,gfx,english_loanword
पॉलीतेक्निक,polytechnique,english_loanword
उदयलक्ष्मी,udayalaxmi,english_loanword
डानक्सिया,danxia,english_loanword
हार्डनेस,hardness,english_loanword
रीडेबल,readable,english_loanword
बाक्सों,boxes,english_loanword
नुसरल्ला,nussrallah,english_loanword
अडैप्शन,adaptation,english_loanword
बिज़नेसमैन,businessman,english_loanword
प्रीपेयर्डनेस,preparedness,english_loanword
निलसन,nilsson,english_loanword
एलथसर,althusser,english_loanword
ट्रडीशनल,traditional,english_loanword
प्रोपोजिशन,proposition,english_loanword
मेक्सिमम,maximum,english_loanword
फ़ॉक्स,foxe,english_loanword
डीसेलीनेशन,desalination,english_loanword
प्रोसैस,processes,english_loanword
असीरियन,assyrian,english_loanword
क्लासिके,klassique,english_loanword
मोलोसिया,molossia,english_loanword
डाइवेल्प्रोएक्स,divalproex,english_loanword
पेजसिक्स,pagesix,english_loanword
कंपेसन,compassion,english_loanword
पैसनफ्रूट,passionfruit,english_loanword
नील्ससन,nilsson,english_loanword
फज़ी,fuzzy,english_loanword
मैग्नेटाइजेशन,magnetization,english_loanword
डूसेन,dussen,english_loanword
टाटामोटर्सस्मार्टहब,tatamotorssmarthub,english_loanword
नेशनवाईड,nationwide,english_loanword
मल्टीप्लेक्सीज,multiplexes,english_loanword
एफिशिएंसी,efficiency,english_loanword
असौमानी,assoumani,english_loanword
एस्क,esque,english_loanword
अलेक्सेई,alexei,english_loanword
अनीस,aneess,english_loanword
मेसेजेस,messages,english_loanword
मेथॉक्सी,methoxy,english_loanword
असैसिन,assassin,english_loanword
टेबलस्पून,tablespoon,english_loanword
मेसे,messe,english_loanword
काज़मी,qasmi,english_loanword
कलैंडर्स,qalandars,english_loanword
रिकनैसेंस,reconnaissance,english_loanword
सस्पेन्शन,suspension,english_loanword
फिलटरेशन,filtration,english_loanword
ईएफक्यूएम,efqm,english_loanword
कॉन्स्टिट्यूशनल,constitutional,english_loanword
सिस्ना,cissna,english_loanword
कोंपरेससीबल,compressible,english_loanword
जेफरसंस,jeffersons,english_loanword
मोनोकॉक,monocoque,english_loanword
सस्काचेवान,saskatchewan,english_loanword
एक्सपोज़,expos,english_loanword
ट्रिपलेक़्स,triplex,english_loanword
ग्रेसली,grassley,english_loanword
डीजीई,dge,english_loanword
ओपीइएक्स,opex,english_loanword
इंटेग्रेशन,integration,english_loanword
एफएफओ,iffi,english_loanword
इलेक्शन्स,elections,english_loanword
कासिद,qasid,english_loanword
हेक्साप्रोटोडॉन,hexaprotodon,english_loanword
प्रोसेसों,processes,english_loanword
डिस्ट्रिब्यूशनज़,distributions,english_loanword
केपीआईएक्स,kpix,english_loanword
एक्सपेंड,expand,english_loanword
सेसेशन,cassation,english_loanword
बाकरी,baqeri,english_loanword
न्युट्रिशियन,nutrition,english_loanword
एक्सटेंड,extend,english_loanword
इंस्पीरेशनल,inspirational,english_loanword
बारक्यू,baroque,english_loanword
फॉक्सबैट,foxbat,english_loanword
पेन्ट्रेशन,penetration,english_loanword
कंप्रेस,compress,english_loanword
हज़ा,hazza,english_loanword
बीएफएफ्स,bffs,english_loanword
कन्सेशन्स,concessions,english_loanword
क्रॉसरोड,crossroad,english_loanword
सॉलूशन्स,solutions,english_loanword
अथराईजेशन,authorization,english_loanword
हर्टफुलनेस,heartfulness,english_loanword
मैक्सोसपोरीअन,myxosporean,english_loanword
कौर्लिस,corliss,english_loanword
हाइन्सडोर्फ,heinsdorff,english_loanword
एक्सपैंड,expand,english_loanword
असेम्बलिंग,assembling,english_loanword
कंपैटिबल,compatible,english_loanword
क्यूवीजीए,qvga,english_loanword
टॉलग्रास,tallgrass,english_loanword
लब्बैक,labbaq,english_loanword
निसान,nissin,english_loanword
क्यूांग,quang,english_loanword
डॉसियर,dossier,english_loanword
नाइमेक्स,nymex,english_loanword
ड्युसेन,dussen,english_loanword
गैसीफायर,gassifier,english_loanword
लिजी,lizzie,english_loanword
फ्रेक्सिनस,fraxinus,english_loanword
ड्रेसों,dresses,english_loanword
प्रौसीक्यूशन,prosecution,english_loanword
मेडोफ़,madoff,english_loanword
रीपोजिशनिंग,repositioning,english_loanword
रीक्लेमेशन,reclamation,english_loanword
कैविटेशन,cavitation,english_loanword
फाक्सकॉन,foxconn,english_loanword
अलैक्सा,alexa,english_loanword
इनवेज़न,invasion,english_loanword
पोलीमराइज़ेशन,polymerization,english_loanword
एमीशन,emission,english_loanword
नॉमिनेशन्स,nominations,english_loanword
वैलिडैशन,validation,english_loanword
डिजर्ट,dessert,english_loanword
एलेक्सिसनफायर,alexisonfire,english_loanword
एक्सो,exo,english_loanword
बिजनेसों,businesses,english_loanword
रेगुलेशऩ,regulation,english_loanword
फेब्रीकेशन,fabrication,english_loanword
चंगनासेरी,changanassery,english_loanword
इटरेशन,iteration,english_loanword
इश्तियाक,ishtiaq,english_loanword
जाफ़रेलोट,jaffrelot,english_loanword
रजाक,razzaque,english_loanword
मिसगाइडेड,missguided,english_loanword
किचेंस,kitchens,english_loanword
कुरैजा,qurayza,english_loanword
वेरिफिएबल,verifiable,english_loanword
कीमोप्रिवेंशन,chemoprevention,english_loanword
डफान,daffan,english_loanword
ख़ाकान,khaqan,english_loanword
वाचमैन,watchman,english_loanword
मोसोस,mossos,english_loanword
नसर,nassar,english_loanword
ट्रांसलेशनल,translational,english_loanword
कैसेल,cassel,english_loanword
कसाबी,qasabi,english_loanword
पासोस,passos,english_loanword
एनाक्सागोरस,anaxagoras,english_loanword
वॉचेस,watches,english_loanword
कॉन्टेक्टलेस,contactless,english_loanword
माइक्रोसर्क्युलेशन,microcirculation,english_loanword
इन्टरैक्शन,interaction,english_loanword
गुरबक्शानी,gurbaxani,english_loanword
एट्रिब्यूशन,attribution,english_loanword
तारिकुल,tariqul,english_loanword
कम्पलेक्सों,complexes,english_loanword
हाइनिक्स,hynix,english_loanword
कंप्रैसर्स,compressors,english_loanword
कनफेशन,confession,english_loanword
क्रूसों,crosses,english_loanword
ट्रायलेटरेशन,trilateration,english_loanword
नासकॉम,nasscom,english_loanword
कॉम्प्रेसर,kompressor,english_loanword
चैराकसोव,cherkassov,english_loanword
इकोनॉमीस्यूस,economiesuisse,english_loanword
प्लेक्सिपुस,plexippus,english_loanword
रोसेट,rosset,english_loanword
न्यूट्रीशियन,nutrition,english_loanword
जैजर,jazzer,english_loanword
इंडमैक्स,indmax,english_loanword
उक्बा,uqba,english_loanword
हाइपोथेकेशन,hypothecation,english_loanword
गफूर,ghaffor,english_loanword
रिविटलाइजेशन,revitalization,english_loanword
ज़िअस,zeiss,english_loanword
मोंटपार्नेस,montparnasse,english_loanword
लुत्फोजमां,lutfuzzaman,english_loanword
सुटक्लिफ,sutcliffe,english_loanword
सादेक,sadeque,english_loanword
कमिशनर्स,commissionerse,english_loanword
उबराइज़ेशन,uberisation,english_loanword
तालुक,taluqa,english_loanword
रासमोसेन,rasmussen,english_loanword
एनिक्स,enix,english_loanword
सुलफॉक्सीलेट,sulfoxylate,english_loanword
एक्सपीरिएन्स,experience,english_loanword
चिकेनपॉक्स,chickenpox,english_loanword
सूरतिसा,suratissa,english_loanword
एब्लेशन,ablation,english_loanword
इंजेक्शंस,injections,english_loanword
आलेक्सांद्रे,alexandre,english_loanword
रिवोलुशंस,revolutions,english_loanword
डेमन्स्ट्रेशन,demonstration,english_loanword
एक्सपर्ट्स,experts,english_loanword
सर्कसियन,circassian,english_loanword
निक्सन्स,nixons,english_loanword
रसी,rassie,english_loanword
सीएलएसएस,clss,english_loanword
एक्सप्लेनेट,exoplanet,english_loanword
डीस्ट्रक्शन,destruction,english_loanword
ससनीद,sassanid,english_loanword
इसोको,issoko,english_loanword
कन्क्लूजन,conclusion,english_loanword
रिवोलुशनरी,revolutionary,english_loanword
मैकगुंइनेस,mcguinness,english_loanword
सेक्सिज्म,sexism,english_loanword
पेस्विफ,payswiff,english_loanword
रोपनेस,ropiness,english_loanword
डिक्सी,dixcy,english_loanword
ईएएफएफ,eaff,english_loanword
बेटामैक्स,betamax,english_loanword
जॉफ्रे,joffrey,english_loanword
मशरिक,mashreq,english_loanword
स्विसएयर,swissair,english_loanword
कोअलीशन,coalition,english_loanword
दसैं,dussen,english_loanword
मार्कस्,marx,english_loanword
हंदीक,handique,english_loanword
नेश्नल्स,nationals,english_loanword
फोर्म्यूलेशन,formulation,english_loanword
डिक्लयरेशन,declaration,english_loanword
सेक्सि्स्म,sexism,english_loanword
वैक्सलर,wexler,english_loanword
सेक्सीबैक,sexyback,english_loanword
इक्स्प्रेशंज़,expressions,english_loanword
नरगिस,nargiss,english_loanword
हैलिक्स,helix,english_loanword
डसेलडार्फ,dusseldorf,english_loanword
अनीशिया,anissia,english_loanword
ट्रांसिशनल,transitional,english_loanword
बैचवाइज,batchwise,english_loanword
अप्लीक,applique,english_loanword
वाक्स,wax,english_loanword
प्लास्टिनेशन,plastination,english_loanword
रोज़ेफ,rousseff,english_loanword
शफलर,shufflr,english_loanword
थेरोक्स,theroux,english_loanword
रिकानाइसेंस,reconnaissance,english_loanword
टेस्टामैन्ट,testament,english_loanword
क्यूटीएस,qts,english_loanword
मेस्मर,messmer,english_loanword
निगोशिएशंस,negotiations,english_loanword
हैलिफ़ैक्स,halifax,english_loanword
एक्सपीरिएंस,experience,english_loanword
प्रॉसीक्यूशन,prosecution,english_loanword
बाइसेक्शुअल,bisexual,english_loanword
सोरितिशियन,sortition,english_loanword
मुसद्दक,musaddaq,english_loanword
डिफ्युजन,diffusion,english_loanword
स्पोर्टीनेस,sportiness,english_loanword
एम्बार्कशन,embarkation,english_loanword
सोप्रेसाटा,soppressata,english_loanword
केएएसएस,kass,english_loanword
सोल्युशन्स,solutions,english_loanword
फ़्रैक्शनल,fractional,english_loanword
कादिर,quadir,english_loanword
बसेतेरे,basseterre,english_loanword
ट्रांसैक्शंस,transactions,english_loanword
असाएस,assays,english_loanword
बेरनसटोफ,bernstoff,english_loanword
हस्कवरना,husqvarna,english_loanword
डॉक्सीज़ेन,doxygen,english_loanword
लिजो,lizzo,english_loanword
पीजीपीईएक्स,pgpex,english_loanword
नेक्ससन,nexon,english_loanword
रीसरेक्शन,resurrection,english_loanword
कॉन्ट्रासेप्शन,contraception,english_loanword
नासकाम,nasscom,english_loanword
्रआरएसएस,rss,english_loanword
करसे,qarase,english_loanword
हाइड्रोक्सिल,hydroxyl,english_loanword
अख़लाक,akhlaq,english_loanword
प्रोफेसरशिप,professorship,english_loanword
इनकबेशन,incubation,english_loanword
इक्वेलेंट,equivalent,english_loanword
चांगनासेरी,changanassery,english_loanword
स्विसोटल,swissotel,english_loanword
ग्लॉस,gloss,english_loanword
हक्कानी,haqqania,english_loanword
सकीरा,sequeira,english_loanword
डिटरमिनेशन,determination,english_loanword
कॉआपरेशन,cooperation,english_loanword
हिचिन,hitchin,english_loanword
ट्रंकेबार,tranquebar,english_loanword
एपीसीएसएस,apcss,english_loanword
प्रॉफिटेबल,profitable,english_loanword
अकफू,akuffo,english_loanword
रफीकुर,rafiqur,english_loanword
डीक्यूएमएस,dqms,english_loanword
डोमीनीक,dominique,english_loanword
पसू,passu,english_loanword
ईयूएफएफ,euff,english_loanword
ज्यौफ,geoff,english_loanword
वनाची,wenatchee,english_loanword
ससोली,sassoli,english_loanword
ट्रेफ़र्ड,trafford,english_loanword
नुसेरवानजी,nusserwanji,english_loanword
न्यूट्रिशियन,nutrition,english_loanword
रेशनेलाइजेशन,rationalisation,english_loanword
ईक्लेर्क्स,eclerx,english_loanword
काहतानी,qahtani,english_loanword
कश्यई,qashaei,english_loanword
रिएश्योरेंस,reassurance,english_loanword
डॉक्सीसाइक्लीन,doxycycline,english_loanword
एवोल्यूशनरी,evolutionary,english_loanword
सौतलोफ्फ़,sotloff,english_loanword
कॉम्पैक्टनेस,compactness,english_loanword
जॉबलेस,jobless,english_loanword
एआईएसएस,aiss,english_loanword
ज़ेरिनिस्म,serenissima,english_loanword
इज्जुर,izzur,english_loanword
एएसएसओसीएचएएम,assocham,english_loanword
आइजनफंक्शन,eigenfunction,english_loanword
डिप्रेसेंट,depressant,english_loanword
टागेसश्पीगल,taggesspiegel,english_loanword
डीईएफएक्सपो,defexpo,english_loanword
गुरबक्श,gurbax,english_loanword
पेटिसरी,patisserie,english_loanword
टेबलस्पेस,tablespaces,english_loanword
सिनेमाबेलेंड,cinemablend,english_loanword
एजम्पशन,assumption,english_loanword
स्टेब्लाइजेशन,stabilisation,english_loanword
इनफारमेटिक,informatique,english_loanword
मलकॉफ,malakoff,english_loanword
टेक्नोकेबल,technocable,english_loanword
येसो,yasso,english_loanword
पोजो,pozzo,english_loanword
हसमुद्दीन,hussamudin,english_loanword
रासम्युसिन,rasmussen,english_loanword
डेडिकेशन,dedication,english_loanword
सीएनएक्स,cnx,english_loanword
ग्राफकॉल,graphql,english_loanword
डीकॉर्टिकेशन,decortication,english_loanword
परटयुसिस,pertussis,english_loanword
मिड्रेक्स,midrex,english_loanword
कार्बोनाइजेशन,carbonization,english_loanword
एक्सुपेरे,exupry,english_loanword
चामोनिक्स,chamonix,english_loanword
टॉर्क,torque,english_loanword
एक्सबिशन,exhibition,english_loanword
इम्पेकेबल,impeccable,english_loanword
एफ्रामेकस,aframax,english_loanword
ग्रेस,grasse,english_loanword
हसनअब्दुल,hassanabdal,english_loanword
पासेराइन,passerine,english_loanword
एक्सपॉज़िट्री,expository,english_loanword
रैफर्टी,rafferty,english_loanword
इन्युमरेबल,enumerable,english_loanword
डेमोंस्ट्रेशन,demonstration,english_loanword
प्फ्फी,puffy,english_loanword
मुस्तकीश,mustqueesh,english_loanword
दुलकुएर,dulquer,english_loanword
न्यूट्ररेशन,nutrition,english_loanword
रिकॉन्सिलेशन,reconciliation,english_loanword
डिसेमिनेट,disseminate,english_loanword
काम्प्रिहेनशन,comprehension,english_loanword
मार्किफ,markieff,english_loanword
एजाम्प्शन,assumption,english_loanword
यूपीएएस,upass,english_loanword
एक्सिलर,axilor,english_loanword
मलीसी,malisse,english_loanword
ट्रैन्ज़िशन,transition,english_loanword
एफिलिएट,affiliate,english_loanword
वासेनार,wassenaar,english_loanword
दुसेन,dussen,english_loanword
थोलेस,thouless,english_loanword
मासिमो,massimo,english_loanword
डीएसस,dss,english_loanword
टेंजीबल,tangible,english_loanword
हलाका,halqa,english_loanword
एक्सोस्फेरिक,exospheric,english_loanword
एफिसियंसी,efficiency,english_loanword
प्रासिक्यूशन,prosecution,english_loanword
जाफ,jaffa,english_loanword
एफीसिएंसी,efficiency,english_loanword
एपिपोडाफिलोटॉक्सिन्स,epipodophyllotoxins,english_loanword
जसियां,jassian,english_loanword
रिजो,rizzo,english_loanword
बैफल,baffle,english_loanword
रफ़ल्ड,ruffled,english_loanword
कोसीपोर,cossipore,english_loanword
साईटेशन,citation,english_loanword
मॉस्कीटो,mosquito,english_loanword
राफेल्स,raffles,english_loanword
कम्पिटीटिवनेस,competitiveness,english_loanword
सोसेई,ssei,english_loanword
हचीसन,hutchison,english_loanword
कनस्टेलेशन,constellation,english_loanword
कैक्सटोन,caxton,english_loanword
वकिदी,waqidi,english_loanword
रिडीमेबल,redeemable,english_loanword
आटोक्रास,autocross,english_loanword
मेलपास,malpass,english_loanword
वेरिएशंस,variations,english_loanword
मोसैक,mossack,english_loanword
बक्षी,baxi,english_loanword
फेयरफेक्स,fairfax,english_loanword
रिवौल्क्स,rievaulx,english_loanword
पैसेन्जर्स,passengers,english_loanword
कैसियो,cassio,english_loanword
डीरेडिक्लाइजेशन,deradicalisation,english_loanword
टीसीएस,tcss,english_loanword
रिटर्नेबल,returnable,english_loanword
पासार्जे,passarge,english_loanword
पासेक्स,passex,english_loanword
इक्सक्लुसिव,exclusive,english_loanword
कंसेशनेयर,concessionaire,english_loanword
टियॉन,tion,english_loanword
डिस्कनेक्शन,disconnection,english_loanword
सिक्सटीन,sixteen,english_loanword
इम्बार्केशन,embarkation,english_loanword
वेसेल,vessel,english_loanword
लेक्सलस,lexulous,english_loanword
ड्रेसबेरी,dressberry,english_loanword
मोहाकिक,mohaqiq,english_loanword
कुदरतुल्लाह,qudratullah,english_loanword
पेपरलैस,paperless,english_loanword
स्टैकेबल,stackable,english_loanword
रक्सिड,raxid,english_loanword
प्युरिफिकेशन,purification,english_loanword
रोसैफ,rousseff,english_loanword
प्रोविजिंग,provisioning,english_loanword
कैरोक,karoq,english_loanword
फंक्शनिंग,functioning,english_loanword
वैरिएशंस,variations,english_loanword
एसेसरी,accessory,english_loanword
टॉलरेशन,toleration,english_loanword
एसोचोम,assocham,english_loanword
अकफ्फ़,acuff,english_loanword
डेलोनेक्स,delonex,english_loanword
हिचिंग,hitching,english_loanword
एचेंट,etchant,english_loanword
प्लेसी,plessey,english_loanword
हाइड्रॉक्सीबेंजोइक,hydroxybenzoic,english_loanword
इफिसेंस,efficiency,english_loanword
प्रॉक्सीमिटी,proximity,english_loanword
ओसारियो,ossario,english_loanword
ट्रान्शफॉर्मेशन,transformation,english_loanword
एटिसन,aitcheson,english_loanword
सब्मर्सिबल,submersible,english_loanword
कासिग,kassig,english_loanword
आईएस,iss,english_loanword
आईआरएसएस,irss,english_loanword
कम्पस,compass,english_loanword
आईएनएक्स,inx,english_loanword
मल्टिनैशनल,multinational,english_loanword
कॉशन,caution,english_loanword
कन्फ़्रंटेशन,confrontation,english_loanword
बीएमवीएसएस,bmvss,english_loanword
अनबिलीवएबल,unbelievable,english_loanword
प्रिस्कि्रप्शन,prescription,english_loanword
कंसिडिरेशंस,considerations,english_loanword
नेशनलिटीज,nationalities,english_loanword
यान्की,yanqi,english_loanword
परसॉन,persson,english_loanword
कैप्शनिंग,captioning,english_loanword
डोमनिक,dominique,english_loanword
एटमाइजेशन,atomization,english_loanword
ग्लोबलाइज़ेशन,globalization,english_loanword
बुर्किबाह,burqibah,english_loanword
डंजलाफ,dunnzlaff,english_loanword
डिस्ट्रब्यूशन,distribution,english_loanword
लैच्ड,latched,english_loanword
अनप्रोफेशनल,unprofessional,english_loanword
नॉनडिस्क्रिमिनेशन,nondiscrimination,english_loanword
डेक्सामेथसोन,dexamethasone,english_loanword
गैसीफीकेशन,gasification,english_loanword
सॉसर,saussure,english_loanword
पाइरिडोक्सिन,pyridoxin,english_loanword
नॉटिफिकेशन,notification,english_loanword
बॉयोमिथेनेशन,biomethanation,english_loanword
रोमनॉफ,romanoff,english_loanword
रिकम्प्रैशन,recompression,english_loanword
पैफ्रल,paffrel,english_loanword
थिकनेस,thickness,english_loanword
मोलेस्टेशन,molestation,english_loanword
अंशलुस,anschluss,english_loanword
कैंटोनमैंट,cantonment,english_loanword
बज़र्ड,buzzard,english_loanword
मोकपोंदास,moqpondass,english_loanword
ओकाफ,auqaf,english_loanword
रेवोल्यूशनरी,revolutionary,english_loanword
अफोर्डेबिलिटी,affordability,english_loanword
डीजीएसएस,djss,english_loanword
इनकार्पोरेशन,incorporation,english_loanword
साकिर,shaqir,english_loanword
सोल्यूशंस,solutions,english_loanword
माइफप्रेक्स,mifeprex,english_loanword
हानाक,naq,english_loanword
ट्रैन्स्फ्यूशन,transfusion,english_loanword
डॉकुमेंटेशन,documentation,english_loanword
स्पेसएक्स,spacex,english_loanword
एडवरटाईज़मैंट,advertisement,english_loanword
नाम्बासा,nambassa,english_loanword
कार्कासॉन,carcassonne,english_loanword
पास्चुराइजेशन,pasteurization,english_loanword
पिके,pique,english_loanword
प्रोफिलेक्सिस,prophylaxis,english_loanword
इफिशियेंसी,efficiency,english_loanword
रेलीगेशन,relegation,english_loanword
वैलनैस्स,wellness,english_loanword
ओडजरस्,odgers,english_loanword
फैबलेट,phablet,english_loanword
मुसादीक,musadiq,english_loanword
पैची,patchy,english_loanword
पोसिशनिंग,positioning,english_loanword
जोकिन,joaquin,english_loanword
डिस्टीलेशन,distillation,english_loanword
क्यूदवा,qudwa,english_loanword
एडलवाइस,edelweisss,english_loanword
मैक्सिस,maxis,english_loanword
पोज़ीशन,position,english_loanword
डिस्ट्रिब्यूशन,distribution,english_loanword
क्यूबैक,qubec,english_loanword
इनोक्सासिन,enoxacin,english_loanword
फ़िक्शन,fiction,english_loanword
बिशोफ़,bischoff,english_loanword
इंप्रेशनिज़्म,impressionism,english_loanword
टैक्सेबल,taxable,english_loanword
अम्युनिशन,ammunition,english_loanword
क्यूसीआई,qci,english_loanword
क्रॉइक्स,croix,english_loanword
मैसिंग,messing,english_loanword
डीहाईड्रेशन,dehydration,english_loanword
चैफिस,chaffess,english_loanword
प्रोविज़नर,provisioner,english_loanword
आईएसओएफआईएक्स,isofix,english_loanword
डायवर्सिफिकेशन,diversification,english_loanword
जाफ़ा,jaffa,english_loanword
कैफ्री,caffrey,english_loanword
इचगार्ड,itchguard,english_loanword
थेलासरी,thalassery,english_loanword
प्रीमिस,premisses,english_loanword
इनवर्टीबल,invertible,english_loanword
एड्रेसड,addressed,english_loanword
फेबलेट,phablet,english_loanword
नसीरुद्दीन,nasseruddin,english_loanword
ट्रांसफोर्मेशन,transformation,english_loanword
अशफाकुल,ashfaqul,english_loanword
एक्स्टेंडेड,extended,english_loanword
कंसेशन,concession,english_loanword
एक्रेडिटेएशन,accreditation,english_loanword
कुंग,quang,english_loanword
एसेसिनेशन,assassination,english_loanword
पासर,passer,english_loanword
वीएमएक्स,vmx,english_loanword
एआईजेएएसएस,aijass,english_loanword
पियाज़ा,piazza,english_loanword
प्रफेशनल,professionally,english_loanword
डिसकशन,discussion,english_loanword
साल्वेशन,salvation,english_loanword
प्रोविज़नल,provisional,english_loanword
हेक्सागोन्स,hexagons,english_loanword
एड्रेस्ड,addressed,english_loanword
दुसैं,dussen,english_loanword
कॉफे,coffey,english_loanword
कुरत,qurat,english_loanword
नैक्सन,nexon,english_loanword
डम्पनेस,dampness,english_loanword
फॉसेट,fausset,english_loanword
थलेसरी,thalassery,english_loanword
श्टेफीसबर्ग,steffisburg,english_loanword
कॉंग्रेशनल,congressional,english_loanword
सिद्दीकुल,saddiqul,english_loanword
क्यूआरएस,qrs,english_loanword
कॉम्प्यूटेशनल,computational,english_loanword
प्रिजर्वेशन,preservation,english_loanword
सादिकगंज,sadiqganj,english_loanword
लैक्टोपरोक्सीडेस,lactoperoxidase,english_loanword
वेलिडेशंस,validations,english_loanword
मोनोकोक,monocoque,english_loanword
मेडवाच,medwatch,english_loanword
अवलेबल,available,english_loanword
कामबर,qambar,english_loanword
लंचबॉक्स,lunchbox,english_loanword
ओएक्सटीआर,oxtr,english_loanword
मेक्सिका,mexica,english_loanword
दारुस्लाम,darussalam,english_loanword
हैप्टावैक्स,heptavax,english_loanword
कतानी,qatani,english_loanword
सिबली,sibley,english_loanword
टार्क,torque,english_loanword
कैपिटल्यूलेशन,capitulation,english_loanword
आल्टीबाक्स,altibox,english_loanword
अक्सेसरीज,accessories,english_loanword
प्रॉसिक्यूशन,prosecution,english_loanword
जोनस,jonass,english_loanword
ट्रीटेबल,treatable,english_loanword
नॉर्मलाइज़ेशन,normalisation,english_loanword
कन्स्टीट्यूशन,constitution,english_loanword
इवोक,evoque,english_loanword
नोवावैक्स,novavax,english_loanword
इन्वर्टिबल,invertable,english_loanword
विज़,wizz,english_loanword
सिमबैक्स,simbex,english_loanword
इंटरनेशन,internation,english_loanword
कलिक,clique,english_loanword
सैक्सटिंग,sexting,english_loanword
असेसमैंट,assessment,english_loanword
कॉन्फेकशनरी,confectionery,english_loanword
रीहबिलटैशन,rehabilitation,english_loanword
रेफ्रीजिरेशन,refrigeration,english_loanword
एक्रोस,across,english_loanword
इंस्ट्रक्शन,instruction,english_loanword
कौसर,quasar,english_loanword
टैमोक्सीफेन,tamoxifen,english_loanword
थाकिफ,thaqif,english_loanword
केएलएक्स,klx,english_loanword
स्पैडिक्स,spadix,english_loanword
बिसेल,bissel,english_loanword
बौइलाबेसे,bouillabaisse,english_loanword
अमॉक्सिसिलीन,amoxicillin,english_loanword
प्रमोशन्स,promotions,english_loanword
फैब्रिकेशन,fabrication,english_loanword
असम्प्शंज़,assumptions,english_loanword
डेप्लेबल,deployable,english_loanword
कंक्लूजन,conclusion,english_loanword
अफोर्ड,afford,english_loanword
लक्ष्मणदास,laxmandas,english_loanword
लोबाचेव्स्की,lobatchewsky,english_loanword
यूरीक,urique,english_loanword
वैल्युएशन,valuation,english_loanword
मराज़ी,marazzi,english_loanword
बोर्डोक्स,bordeaux,english_loanword
एक्सपेंडिंग,expanding,english_loanword
फड़णवीस,fadnaviss,english_loanword
एएसक्यूआर,asqr,english_loanword
एसेम्बल,assemble,english_loanword
एक्शनस्क्रिप्ट,actionscript,english_loanword
केवलोसिम,cavelossim,english_loanword
बायोकाम्पीटेबल,biocompatible,english_loanword
डाइमिथाइलसिलोक्सेन,dimethylsiloxane,english_loanword
ब्रेज्रस,brazzers,english_loanword
आइसोफिक्स,isofix,english_loanword
गडब्रांडसन,gudbrandsson,english_loanword
जैसिम,jassim,english_loanword
वेरीफाइएबल,verifiable,english_loanword
डेमोनेटाइज़शन,demonetisation,english_loanword
मोसावी,moussawi,english_loanword
डिस्ट्रिक्शन,destruction,english_loanword
इमोशन्स,emotions,english_loanword
स्विचओवर,switchover,english_loanword
कूलपिक्स,coolpix,english_loanword
इनरिक,enrique,english_loanword
काजीगुंड़,qazigund,english_loanword
ईडीएक्स,edx,english_loanword
ड्य्ूरेबल्स,durables,english_loanword
नॉचलेस,notchless,english_loanword
रिवायरेबल,rewireable,english_loanword
बोरुशिया,borussia,english_loanword
मसकूर,masqoor,english_loanword
सस्कचेवान,saskatchewan,english_loanword
बिज़नेस,businesses,english_loanword
बीउक्स,beaux,english_loanword
एक्स्ट्राक्रैनिएल,extracranial,english_loanword
मिसफेल्डर,missfelder,english_loanword
प्लेक्सिपस,plexippus,english_loanword
कारलुक्स,qarluqs,english_loanword
ट्रेडीशंस,traditions,english_loanword
सफ़र,suffer,english_loanword
जेनरेशनल,generational,english_loanword
इंटैक्स,intex,english_loanword
एसिस्ट,assist,english_loanword
एक्साईस,excise,english_loanword
फोकस्ड,focussed,english_loanword
रैसी,rassie,english_loanword
अबकीक,abquaiq,english_loanword
इंटरप्रेटेंशन,interpretation,english_loanword
एंडलेसनेस,endlessness,english_loanword
फ़िफ़र,pfeiffer,english_loanword
मैरीनेशन,marination,english_loanword
क्रूक्स,crux,english_loanword
डिजीफ्लिक्स,digiflix,english_loanword
लफ़ीकुल,lafiqul,english_loanword
लचन्ना,latchanna,english_loanword
डिमोलिशन,demolition,english_loanword
रफेलो,ruffalo,english_loanword
एग्रीबिजनेस,agribusiness,english_loanword
मर्किस,marquis,english_loanword
विक्सी,vixie,english_loanword
रेग्युलराईज़ेशन,regularization,english_loanword
अकीनो,aquino,english_loanword
जॉशन,josson,english_loanword
डिपोर्टेशन,deportation,english_loanword
टेलेमके,telemaque,english_loanword
एल्सा,alyssa,english_loanword
रेडिशन,radisson,english_loanword
एफलूएंस,affluence,english_loanword
रॉस्लर,roessler,english_loanword
वेरीएशन,variation,english_loanword
अराबल,arable,english_loanword
पावरटेक्स,powertex,english_loanword
पर्टिनैक्स,pertinax,english_loanword
सायोक्सी,siouxsie,english_loanword
आफिसज़,offices,english_loanword
एक्सपोज़शन,exposition,english_loanword
मोलिनेक्स,molineux,english_loanword
वर्जन्स,versions,english_loanword
एसीसीईएस,access,english_loanword
बायोसोल्यूशन,biosolution,english_loanword
बॉक्सेज,boxes,english_loanword
एबीसीनिया,abyssinia,english_loanword
कोब्रोसी,kobrossi,english_loanword
डसेलडॉर्फ़,dsseldorf,english_loanword
अंडरपासों,underpasses,english_loanword
अलॉटमैंट,allotment,english_loanword
इशुस,issues,english_loanword
फंक्शनाल्टी,functionality,english_loanword
हसेल्ट,hasselt,english_loanword
गाफाने,gaffaney,english_loanword
कंप्लीशन,completion,english_loanword
एक्सचेंजनेक्स्ट,exchangenext,english_loanword
मुज़्जफरनगर,muzaffarnagar,english_loanword
पीवीएस,pvss,english_loanword
अरुलदास,aruldass,english_loanword
कॉम्पिटिटिवनेस,competitiveness,english_loanword
इक्स्त्रैक्टर,extractor,english_loanword
कुफे,cuffe,english_loanword
रिफ्लेक्शंस,reflections,english_loanword
रीफ्लेशन,reflation,english_loanword
वोल्टॉस,voltass,english_loanword
पिज्जे,pizzey,english_loanword
बायराकदार,bayraqdar,english_loanword
शाफक,shafaq,english_loanword
एक्सपोजॉर,exposure,english_loanword
गालियाबोविच,galiabovitch,english_loanword
जेफ़न,geffen,english_loanword
इफिशियंट,efficient,english_loanword
डीएएनएक्स,danx,english_loanword
डाइफ्रैक्शन,diffraction,english_loanword
मुकरिन,muqrin,english_loanword
मैक्सिमे,maxime,english_loanword
फिब्रिलेशन,fibrillation,english_loanword
मक्सिम,maxim,english_loanword
डेफेक्सपो,defexpo,english_loanword
अरकाता,arquata,english_loanword
कोहासा,kohassa,english_loanword
लीकर,liquor,english_loanword
कार्टलाइजेशन,cartelisation,english_loanword
डिमांस्ट्रेशन,demonstration,english_loanword
टैक्समैनों,taxman,english_loanword
क्यूस,kyuss,english_loanword
एक्सपोशर,exposure,english_loanword
फिज्जी,fizzy,english_loanword
माक्सिम,maxim,english_loanword
कॉन्स्टैब्लेरवाच,konstablerwache,english_loanword
अतिकुल्लाह,atiqullah,english_loanword
मुसाही,mussahi,english_loanword
ओनेक्स,onyx,english_loanword
कॉनक्लूजन,conclusion,english_loanword
कैसन,casson,english_loanword
सप्रेसर्स,suppressors,english_loanword
देसालियन,dessallien,english_loanword
सैसन,sassone,english_loanword
रेनबैक्सी,ranbaxy,english_loanword
अकिब,aaqib,english_loanword
प्रेस्ली,pressley,english_loanword
फ्रेंडलीनेस,friendliness,english_loanword
कॉंकरर,conqueror,english_loanword
बिशौफ,bischoff,english_loanword
वेसीएर,veissiere,english_loanword
टैक्सशील्ड,taxshield,english_loanword
एपोटेक्स,apotex,english_loanword
मैसेकर,massacre,english_loanword
शफ्फाक,shaffaq,english_loanword
ग्रैफ़िटी,graffiti,english_loanword
डिस्ट्रिब्यूशन्स,distributions,english_loanword
फ्लेक्सी,flexi,english_loanword
ड्यूरेक्स,durex,english_loanword
कोटेक्स,cotex,english_loanword
क्यूबरेक्स,qubrex,english_loanword
हाफ्किन,haffkine,english_loanword
दलकेर,dulquer,english_loanword
टोकेविले,tocqueville,english_loanword
ग्रामोएक्स,gromax,english_loanword
इकुअल्ज़,equals,english_loanword
आसोलेशन,isolation,english_loanword
आपरेशन्स,operations,english_loanword
रिफार्मेशन,reformation,english_loanword
वीरोफ्लैक्स,varioflex,english_loanword
वॉचकीपिंग,watchkeeping,english_loanword
टेक्सयार्न,texyarn,english_loanword
आईक्यूब,iqube,english_loanword
ग्रोटेस्क्स,grotesques,english_loanword
हेलोजेनेशन,halogenation,english_loanword
डिजिकेबल,digicable,english_loanword
पेस्ट्यूरेशन,pasteurisation,english_loanword
हुसैनपूरी,hussainpuri,english_loanword
बक्शी,buxi,english_loanword
पीयरलेस,peerless,english_loanword
ट्रान्सफार्मेशन,transformation,english_loanword
प्रोफिलैक्सिस,prophylaxis,english_loanword
सैस्कैचेवेन,saskatchewan,english_loanword
कोडियाक,kodiaq,english_loanword
शेफ,scheff,english_loanword
अइसार,aissar,english_loanword
एक्सप्लांट,explant,english_loanword
एन्टिक,antique,english_loanword
कॉनफिगरेशन,configuration,english_loanword
इंन्सट्रक्शन,instruction,english_loanword
कैल्क्युलेशन्स,calculations,english_loanword
विग्नेस,wigness,english_loanword
कमांडेशन,commendation,english_loanword
एक्सहास्ट,exhaust,english_loanword
वेरिएशंज,variations,english_loanword
बसारथ,bassarath,english_loanword
बाक्सेज,boxes,english_loanword
तूषार,tusshar,english_loanword
इंड्यूसिबल,inducible,english_loanword
डिप्रेसेन्ट,depressant,english_loanword
आगासी,agassi,english_loanword
डाईआक्साईड,dioxide,english_loanword
वेटनेक्स,vetnex,english_loanword
असेस्मेंट,assessment,english_loanword
अडॉप्टेशन,adaptation,english_loanword
पासांग,passang,english_loanword
ट्रांस्लेशनल,translational,english_loanword
युसेफ,youseff,english_loanword
डिफ़ेमेशन,defamation,english_loanword
बाफले,baffle,english_loanword
लक्षमीश्वर,laxmishwar,english_loanword
वेरिफायबल,verifiable,english_loanword
इंटरप्रोमोशनल,interpromotional,english_loanword
तरकियाती,taraqiati,english_loanword
कान्स्टीट्यूशन,constitution,english_loanword
रोक्सी,roxy,english_loanword
आफीसियो,officio,english_loanword
जैकस,jacques,english_loanword
मोबिलाइजेशन,mobilisation,english_loanword
मैनेजमंट्स,managements,english_loanword
मुस्ताक,mushataque,english_loanword
पासरबी,passerby,english_loanword
जफा,jaffa,english_loanword
नेक्सिस,nexis,english_loanword
हाईड्रोक्सी,hydroxy,english_loanword
टूर्निकेट,tourniquet,english_loanword
रोज़ेट्टी,rossetti,english_loanword
कंबर,qambar,english_loanword
तैशकॉफ,tashkoff,english_loanword
स्काफोल्ड,scaffold,english_loanword
कॉम्प्यूटेशन्स,computations,english_loanword
वैल्यूएशन,valuation,english_loanword
आईआईएस,iiss,english_loanword
अनडिक्शेनरी,undictionary,english_loanword
बॉक्सस्टार,boxster,english_loanword
प्रफेशनल्स,professionals,english_loanword
एलेक्से,alexey,english_loanword
अलीएक्सप्रेस,aliexpress,english_loanword
रेसल,russel,english_loanword
प्राक्सिरुंडर,praxairunder,english_loanword
आईनोक्स,inox,english_loanword
रिलोकेशन,relocation,english_loanword
एक्सपलोरेशन,exploration,english_loanword
हेडमिस्ट्रेस,headmistress,english_loanword
एक्सट्रुडेड,extruded,english_loanword
एक्सुमा,exuma,english_loanword
एसाम,essam,english_loanword
मोक्षराज,moxraj,english_loanword
आईडीएक्स,idex,english_loanword
काफ़ा,kaffa,english_loanword
हार्नेस,harnesses,english_loanword
थैलेसिमिया,thalassemia,english_loanword
आईएमटीईएक्स,imtex,english_loanword
रिपरेशन,reparation,english_loanword
कॉलिसन,collisson,english_loanword
गेफ़ेन,geffen,english_loanword
सेनिटेशन,sanitation,english_loanword
बैन्फ,banff,english_loanword
आईएफएफसीओ,iffco,english_loanword
एक्सर्सायज़ेज़,exercises,english_loanword
एसपिरेशंज़,aspirations,english_loanword
डिफयूजर,diffuser,english_loanword
एजम्प्शन,assumption,english_loanword
मैसिना,messina,english_loanword
प्रफेसर्स,professors,english_loanword
सर्गेसा,sargessa,english_loanword
अस्युरंस,assurance,english_loanword
ओज़फ़ेस्ट,ozzfest,english_loanword
बोडरेक्स,boudreaux,english_loanword
सूपरैन्यूएशन,superannuation,english_loanword
मरिसा,marissa,english_loanword
तिषारा,thissara,english_loanword
इन्नोवेशंस,innovations,english_loanword
मैट्रीकुलेशन,matriculation,english_loanword
न्यूरोइन्फ्लेमेशन,neuroinflammation,english_loanword
डिसेंट,dissent,english_loanword
रैशनेलाइजेशन,rationalisation,english_loanword
मिनीप्लेक्स,miniplex,english_loanword
हेक्साहेड्रोन,hexahedron,english_loanword
पांजासी,pazhassi,english_loanword
मेनिफ़ेस्टेशंस,manifestations,english_loanword
एक्सबोई,exboii,english_loanword
जीओक्यूआईआई,goqii,english_loanword
पब्लिकेशनस्,publications,english_loanword
सिदिक,sidiq,english_loanword
गैरिसों,garrisson,english_loanword
इंटरकोपरेशन,intercooperation,english_loanword
हुसैनपुरा,hussainpura,english_loanword
कोलेबरेशन,collaboration,english_loanword
ईवोक,evoque,english_loanword
रिकॉनसन्स,reconnaissance,english_loanword
अनप्रिडिक्टेबल,unpredictable,english_loanword
कोटिएंट,quotient,english_loanword
कुदुस,quddus,english_loanword
एक्सिटोटोक्सिक,excitotoxic,english_loanword
म्यूनीशन,munition,english_loanword
सक्सेसर,successor,english_loanword
सेंसिटाइज़ेशन,sensitisation,english_loanword
कॉन्फेक्शनरी,confectionary,english_loanword
कियाओ,qiao,english_loanword
बसों,busses,english_loanword
चैकर्ड,chequered,english_loanword
अपार्टमैंट,apartment,english_loanword
स्क्वॉ,squaw,english_loanword
म्युटेशन,mutation,english_loanword
दीपांक्षी,deepanxi,english_loanword
बेनिक्स,bennix,english_loanword
अपस्टॉक्स,upstox,english_loanword
अलेक्सियो,aleixo,english_loanword
कासम,qassam,english_loanword
रेडियोप्रेस,radiopress,english_loanword
रक्सम,raqsam,english_loanword
बेक्सिस,beauxis,english_loanword
सेफ़्मिनॉक्स,cefminox,english_loanword
एक्सपिडीशन,expedition,english_loanword
रैक्स,rax,english_loanword
कैल्टेक्स,caltex,english_loanword
प्रिसिपीटेशन,precipitation,english_loanword
इसेबसी,essebsi,english_loanword
लागैस,lagasse,english_loanword
कस्साम,qassam,english_loanword
जेनफ्लॉक्स,zenflox,english_loanword
बायोसॉल्यूशंस,biosolutions,english_loanword
डिफेंएक्सपो,defexpo,english_loanword
सिकेरा,sequeira,english_loanword
रॉक्सना,roxna,english_loanword
कुल्हूधुफ्फुशी,kulhudhuffushi,english_loanword
एफिशिअंसी,efficiency,english_loanword
बकिर,baqir,english_loanword
एबीजेएएसएस,abjass,english_loanword
थ्राम्बाक्सेन,thromboxane,english_loanword
लेक्समार्क,lexmark,english_loanword
क्रेचन,kretchun,english_loanword
कुरानिक,quranic,english_loanword
मिथाइलेशन,methylation,english_loanword
श्लॉसपार्क,schlosspark,english_loanword
डायोक्सिन,dioxin,english_loanword
रामदॉस,ramadoss,english_loanword
कोर्लीस,corliss,english_loanword
लेसन्स,lessons,english_loanword
डिसिपेटिव,dissipative,english_loanword
लक्सम्बर्ग,luxemburg,english_loanword
प्रजंटेशन,presentation,english_loanword
डेजर्टिफिकेशन,desertification,english_loanword
यूबीक्यूटिनेशन,ubiquitination,english_loanword
मेलोक्स,maalox,english_loanword
हक्स्ली,huxley,english_loanword
जोंग्की,zongqi,english_loanword
ईएलएलएस,elss,english_loanword
कैसादा,quesada,english_loanword
रोके,roque,english_loanword
रामादोस,ramadoss,english_loanword
फ़्रैक्शन,fraction,english_loanword
कुन्तल,quintal,english_loanword
अनेक्शन,annexation,english_loanword
पीएसएक्स,psx,english_loanword
एक्स्पेडिशन्स,expeditions,english_loanword
ब्रैजाविले,brazzaville,english_loanword
इंफीनिक्स,infinix,english_loanword
श्लोसेर,schlosser,english_loanword
एक्स्ट्राकोर्पोरियल,extracorporeal,english_loanword
विक्लिफे,wycliffe,english_loanword
तफाजुल,tafazzul,english_loanword
दिशानायके,dissanayake,english_loanword
आफेंडर्स,offenders,english_loanword
नियाकु,neiqiu,english_loanword
किआंग,qiang,english_loanword
मोर्स,morss,english_loanword
डीटैच्मन्ट,detachment,english_loanword
एलीकोटिंग,aliquoting,english_loanword
पोर्टबल,portable,english_loanword
कुदुसी,qudussi,english_loanword
कम्प्रैस्ड,compressed,english_loanword
एक्सपेडीशन,expedition,english_loanword
टेफ़,teff,english_loanword
मैसियास,messias,english_loanword
अनन्सीएशन,annunciation,english_loanword
कॉग्निज़िबल,cognisable,english_loanword
सिज़लिंग,sizzling,english_loanword
इंफोरसमैंट,enforcement,english_loanword
फिशाइल,fissile,english_loanword
मेरिसा,marissa,english_loanword
रामदोस,ramadoss,english_loanword
सिलीनेस,silliness,english_loanword
फ्लेक्सुरल,flexural,english_loanword
ज़ेक्सैंथिन,zeaxanthin,english_loanword
रीमालक्ष्मी,reemalaxmi,english_loanword
काबासा,kabassa,english_loanword
सिक्स्टी,sixty,english_loanword
पोटेंशिएशन,potentiation,english_loanword
कुचेर,kutcher,english_loanword
प्रॉसिक्युशन,prosecution,english_loanword
मल्टीप्लेक्सिंग,multiplexing,english_loanword
एक्सप्लेन्ड,explained,english_loanword
फकीरयार,faqiryar,english_loanword
वाइमैक्स,wimax,english_loanword
डायलूशन,dilution,english_loanword
एक्सपोज़्ड,exposed,english_loanword
बिल्किस,bilquis,english_loanword
एस्पीरेशनल,aspirational,english_loanword
आइसोमराइज़ेशन,isomerization,english_loanword
रज्जाक,razzaque,english_loanword
पासेर,passer,english_loanword
होस,hoss,english_loanword
अशीकुर,ashiqur,english_loanword
काम्प्यूटैशनल,computational,english_loanword
वेरिफायेबल,verifiable,english_loanword
कुफ़िया,quffiya,english_loanword
शेफ़,schiff,english_loanword
सैनिटाइजेशन,sanitization,english_loanword
सिद्दीकस,siddiqas,english_loanword
पज्लस्,puzzles,english_loanword
अलबकर्क,albuquerque,english_loanword
क्यूएएमएनएस,qamns,english_loanword
जाक्स्,jacques,english_loanword
क्रॉसओवर,crossover,english_loanword
कम्बसशन,combustion,english_loanword
बिजनेसमेन,businessmen,english_loanword
एक्सियोस,axios,english_loanword
ग्रीफ्ती,graffiti,english_loanword
कच्चा,kutcha,english_loanword
एक्रीशन,accretion,english_loanword
सेक्सुएलिटी,sexuality,english_loanword
डांसवार्क्स,danceworx,english_loanword
कोक्सीला,coxiella,english_loanword
नार्थेक्स,narthex,english_loanword
ससपेंशन,suspension,english_loanword
पापराजी,paparazzi,english_loanword
स्पिनवॉक्स,spinvox,english_loanword
ब्लैकनेस,blackness,english_loanword
एफर्ट,effort,english_loanword
बफ़ेट,buffet,english_loanword
किपो,quippo,english_loanword
आईबीपीएस,ibpss,english_loanword
मैचरूम,matchroom,english_loanword
एक्स्ट्रीमिस्ट,extremist,english_loanword
कमीशनरेट,commissionerate,english_loanword
जैसी,jaissi,english_loanword
रिकॉइलेस,recoilless,english_loanword
फ़ारूक,farooq,english_loanword
केबलविजन,cablevision,english_loanword
क्लासे,classe,english_loanword
एचिंग,etching,english_loanword
अबकैक,abqaiq,english_loanword
रेस्पांसिबल,responsible,english_loanword
योसेफ,youseff,english_loanword
सेनीटाइजेशन,sanitisation,english_loanword
कॉन्फ़िगरेबल,configurable,english_loanword
वेल्नेस,wellness,english_loanword
सिनेपैक्स,cinepax,english_loanword
रोटैक्स,rotax,english_loanword
इलिवेशन,elevation,english_loanword
शेरिफ्स,sheriffs,english_loanword
इल्यूज़न,illusion,english_loanword
सेक्सपोज़िशन,sexposition,english_loanword
एडलवाइज,edelweiss,english_loanword
ओरियेंटेशन,orientation,english_loanword
गोंक्शा,gonxha,english_loanword
ट्रांस्फॉर्मेशन,transformation,english_loanword
ज़ाकाताला,zaqatala,english_loanword
इम्प्लायमैंट,employment,english_loanword
प्रोसिक्युशन,prosecution,english_loanword
ईश्यू,issue,english_loanword
मिशंस,missions,english_loanword
फेक्शन,faction,english_loanword
अफोरस्टेशन,afforestation,english_loanword
अल्टीबाक्स,altibox,english_loanword
बेसेगेन,besseggen,english_loanword
लैरॉक्स,larox,english_loanword
रीवोल्युशनरी,revolutionary,english_loanword
रिम्यूनरेशन,remuneration,english_loanword
कमीशंड्,commissioned,english_loanword
ज्यूरिसडिक्शन,jurisdiction,english_loanword
कोरेक्स,corex,english_loanword
नेफ्चचिलर,neftchilar,english_loanword
इन्क्लुज़न,inclusion,english_loanword
टेसेलाटे,tessellate,english_loanword
कम्प्यूटेक्स,computex,english_loanword
हुस्कवरना,husqvarna,english_loanword
माटारेजी,materazzi,english_loanword
कुर्र,qurra,english_loanword
जेनोटॉक्सिक,genotoxic,english_loanword
रेडॉक्स,redox,english_loanword
एनाफाइलैक्सिस,anaphylaxis,english_loanword
मल्टीफ़ंक्शन,multifunction,english_loanword
फास़बेंडर,fassbender,english_loanword
सबडिविजनल,subdivisional,english_loanword
मदरसाह,madrassah,english_loanword
अश्योरेंस,assurance,english_loanword
डॉक्युमेंटेंशन,documentation,english_loanword
फ्लेक्सोग्राफिक,flexographic,english_loanword
रॉसकोफ,roskoff,english_loanword
दोंग्क्सू,dongxu,english_loanword
मुरुगदास,murugadoss,english_loanword
मेजनीन,mezzanine,english_loanword
असॉर्टिड,assorted,english_loanword
ईएएक्स,eax,english_loanword
रैफल्स,raffles,english_loanword
रेनेसेन्स,renaissance,english_loanword
कासान्ड्रा,cassandra,english_loanword
डिकलरेशन,declaration,english_loanword
ईडीक्यूएम,edqm,english_loanword
कान्शस्नस,consciousness,english_loanword
मैक्सिमॉफ,maximoff,english_loanword
इररिवोकेबल,irrevocable,english_loanword
सेग्मेंटेशन,segmentation,english_loanword
बिनारिजेशन,binarization,english_loanword
मैडनेस,madness,english_loanword
फरूक,farooque,english_loanword
रिचार्जेबल,rechargeable,english_loanword
न्यूरोएक्स,neurorx,english_loanword
मुआअजम,muazzem,english_loanword
असेसरीज,accessories,english_loanword
मुरुगादॉस,murugadosss,english_loanword
टॉक्सिन्स,toxins,english_loanword
ड्रेसाज,dressage,english_loanword
लॉसी,lossy,english_loanword
माज़रा,mazzara,english_loanword
गिरबॉक्स,gearbox,english_loanword
सैफुल्ला,saiffulah,english_loanword
एक्ससरीज,accessories,english_loanword
इनस्ट्रुमेंटेशन,instrumentation,english_loanword
टेसरा,tesserae,english_loanword
डेक्लरेशन,declaration,english_loanword
कॉम्पेटेटिवनेस,competitiveness,english_loanword
कुशायरी,qushayri,english_loanword
इफिशियंसी,efficiency,english_loanword
कुमरान,qumran,english_loanword
मैसिमिलियानो,massimilliano,english_loanword
एक्सचेंजेबल,exchangeable,english_loanword
टेसियर,tessier,english_loanword
इजहाक,ishaq,english_loanword
स्कीफ,schiff,english_loanword
आईईडीएसएस,iedss,english_loanword
कीपारीस्या,kiparissia,english_loanword
इन्विटेशन,invitation,english_loanword
आफेंस,offences,english_loanword
मैनेजेबल,manageable,english_loanword
मिक्सू,mixu,english_loanword
कलामासैरी,kalamassery,english_loanword
इम्प्लमेंटेशन,implementation,english_loanword
मिरामैक्स,miramax,english_loanword
टोर्क,torque,english_loanword
ड्रेक्सिस,draxis,english_loanword
चैम्बलेस,chambless,english_loanword
कार्नेशंस,carnations,english_loanword
सिंडेक्स,sindex,english_loanword
अनफर्लेबल,unfurlable,english_loanword
हाइड्रोक्सीकोकीन,hydroxycocaine,english_loanword
वेरीफिएबल,verifiable,english_loanword
इजेक्शन,ejection,english_loanword
अनकोटेड,unquoted,english_loanword
फिक्सड़,fixed,english_loanword
इश्यूड,issued,english_loanword
डीमक्सिंग,demuxing,english_loanword
सेक्सटस,sextus,english_loanword
कॉर्टेक्स,cortex,english_loanword
एलेक्सांद्रू,alexandru,english_loanword
प्राइवेटाइजेशन,privatisation,english_loanword
डिक्लेयरेशंस,declarations,english_loanword
प्लुरिनेशनल,plurinational,english_loanword
मुद्दसर,mudassar,english_loanword
रुस्की,russky,english_loanword
पॉलिनेशन,pollination,english_loanword
वल्नरेबल,vulnerable,english_loanword
क्वीक,qavvik,english_loanword
अडिक्शन,addiction,english_loanword
सिदक्की,sediqqi,english_loanword
बोर्डवॉच,boardwatch,english_loanword
कॉरेक्शनल,correctional,english_loanword
डुसेन,dussen,english_loanword
कुलहुधूफुसी,kulhudhuffushi,english_loanword
उम्पकुआ,umpqua,english_loanword
वासोनजी,vussonji,english_loanword
मुजफराबाद,muzaffarabad,english_loanword
डेकलेरेशन,declaration,english_loanword
सेलिक्स,salix,english_loanword
टॉफ़ी,toffee,english_loanword
असाटीग,assateague,english_loanword
बायोमैथेनेशन,biomethanation,english_loanword
नेचुरलाइज़ेशन,naturalisation,english_loanword
कुद्र,qudra,english_loanword
ब्लेज,bless,english_loanword
पीआईएफएफ,piff,english_loanword
रिमार्कबल्स,remarkables,english_loanword
टूसेंट,toussaint,english_loanword
राउंडग्लास,roundglass,english_loanword
इसरू,issru,english_loanword
कुइरोज,queiroz,english_loanword
दिक्सश,diqssh,english_loanword
फिजी,fizzy,english_loanword
डुप्लेक्स,dupleix,english_loanword
टेबलेट्स,tablets,english_loanword
हेक्साकोम,hexacom,english_loanword
कमरुजम्मां,qamruzzaman,english_loanword
इनटचेबल्स,intouchables,english_loanword
मैसेज,messageij,english_loanword
कैप्शंस,captions,english_loanword
एंटीकरप्शन,anticorruption,english_loanword
कैसेंड्रा,cassandra,english_loanword
ग्लोसारयो,glossario,english_loanword
ग्लोबलाईजेशन,globalization,english_loanword
मुवाफाक,muwaffaq,english_loanword
डीएफएफसीआईएल,dffcil,english_loanword
अशमुकाम,ashmuqam,english_loanword
एक्सटीरीयर्स,exteriors,english_loanword
डक्युए,duque,english_loanword
लॉसीमाउथ,lossiemouth,english_loanword
कंसेशन्स,concessions,english_loanword
अबरकू,abarquh,english_loanword
कैसरबाग,qaiserbagh,english_loanword
उरकिज़ा,urquiza,english_loanword
टेलीकम्यूनिकेशंस,telecommunications,english_loanword
एनीहिलेशन,annihilation,english_loanword
पेरोक्सीडेज,peroxidase,english_loanword
पार्टिशिपेशन,participation,english_loanword
फेडरेशंस,federations,english_loanword
हेफ़िंगटन,heffington,english_loanword
डिस्ट्रेस्ड,distressed,english_loanword
एक्सटॉरशन,extortion,english_loanword
एक्सपीरिएन्सी,experience,english_loanword
क्योमोह,qoimoh,english_loanword
चेचिस,chassis,english_loanword
कम्बरबैच,cumberbatch,english_loanword
सॉल्युशन,solution,english_loanword
मिसक्लासिफिकेशन,misclassification,english_loanword
एक्सेलसा,excelsa,english_loanword
विजजन,vision,english_loanword
फरमेंटेशन,fermentation,english_loanword
ब्रेक्िसट,brexit,english_loanword
केईएक्सआईएम,kexim,english_loanword
सेसेट,saisset,english_loanword
फ़िज़ी,fizzy,english_loanword
सिकाया,siqaya,english_loanword
पटुक्सेंट,patuxent,english_loanword
अथमुकाम,athmuqam,english_loanword
विचक्राफ्ट,witchcraft,english_loanword
मैकनागटन,macnaughton,english_loanword
मैक्सिलोफेसियल,maxillofacial,english_loanword
टॉरफैक्शन,torrefaction,english_loanword
एटीकेएसएसयू,atkssu,english_loanword
अनेक्सी,annexe,english_loanword
वैकेशन,vacation,english_loanword
रेस्पोंसीबल,responsible,english_loanword
मैक्सरिच,maxrich,english_loanword
डीजीएक्यूए,dgaqa,english_loanword
पॉसिडी,paussidae,english_loanword
पीएक्सई,pxe,english_loanword
इंजेक्टीबल,injectable,english_loanword
नोशन,notion,english_loanword
कातानी,qahtani,english_loanword
सेरोकन्वर्सन,seroconversion,english_loanword
एक्यूआरआर,aqrr,english_loanword
कॉम्बिनेशन,kombination,english_loanword
कॉर्पोरेटाइज़ेशन,corporatisation,english_loanword
टि्वटिक्स,twittix,english_loanword
स्पसएक्स,spacex,english_loanword
नीसेरिया,neisseria,english_loanword
सब्डक्शन,subduction,english_loanword
इन्टरकनेक्शन,interconnection,english_loanword
बॉक्सी,boxy,english_loanword
आक्सीडेटिव,oxidative,english_loanword
नसार,nassar,english_loanword
फियरलेस,fearless,english_loanword
क्यूयूएस,qus,english_loanword
कन्फेशनल,confessional,english_loanword
बग्रेशन,bagration,english_loanword
एलक्यूशन,elocution,english_loanword
मार्केटेबल,marketable,english_loanword
एक्साइज़,excise,english_loanword
डीएसएसआई,dssi,english_loanword
रोसिओ,rossio,english_loanword
फाकिश,faqish,english_loanword
एरिथ्रोक्साइलॉन,erythroxylon,english_loanword
फ़रुकी,faruqi,english_loanword
ओकीफी,okeeffe,english_loanword
मद्रास,madrass,english_loanword
टिशूज़,tissues,english_loanword
इंबोलाइजेशन,embolisation,english_loanword
केचुआ,quechua,english_loanword
आईक्यूएएस,iqac,english_loanword
कांपलेक्स,complexes,english_loanword
कन्फीग्रेशन,configuration,english_loanword
अनएक्सप्लोर्ड,unexplored,english_loanword
आईकेएसईएक्स,iksex,english_loanword
क्रिएशंस,creations,english_loanword
रिवर्सिबल,reversible,english_loanword
एप्रिसिएशन,appreciation,english_loanword
डिस्टिनेशन्स,destinations,english_loanword
एटमएक्स,atomx,english_loanword
जेजी,jazzy,english_loanword
प्लैक्स,plax,english_loanword
स्टेबिलाइजेश्न,stabilization,english_loanword
कोशचन,question,english_loanword
आईजीएक्स,igx,english_loanword
अगासैम,agassaim,english_loanword
इफ़िशिएन्सि,efficiency,english_loanword
सीएएक्यूएमएस,caaqms,english_loanword
टेक्सचर्ड,textured,english_loanword
बोरडॉक्स,bordeaux,english_loanword
एक्सपिरियन्स,experience,english_loanword
युनिक,unique,english_loanword
फाल्सटाफ,falstaff,english_loanword
रिसीवेबल,receivable,english_loanword
बैंडेबल,bendable,english_loanword
सीमेक्स,cemex,english_loanword
इंसीनरेशन,incineration,english_loanword
रेग्युलेशन्स,regulations,english_loanword
रास्किन्हा,rasquinha,english_loanword
कादिरिया,qadiriya,english_loanword
नैनोमोडिफिकेशन,nanomodification,english_loanword
इन्फोविजन,infovision,english_loanword
इन्टैंगिबल्स,intangibles,english_loanword
आईएसआईएस,isiss,english_loanword
अट्रेक्शन,attraction,english_loanword
इन्टरवेंशन्स,interventions,english_loanword
सीआईएसएस,ciss,english_loanword
डिसट्रेस,distress,english_loanword
रिकंसिलियेशन,reconciliation,english_loanword
आईएफएफ,aiff,english_loanword
इफानदी,effandi,english_loanword
रेइस,reiss,english_loanword
रिसेसिव,recessive,english_loanword
वॉर्थीनेस,worthiness,english_loanword
सीक्यूएएस,cqas,english_loanword
दुप्लेइक्ष,dupleix,english_loanword
डीएक्स,dex,english_loanword
नौक्स,nox,english_loanword
एलेसियो,alessio,english_loanword
कैशलस,cashless,english_loanword
ट्रांसफ्युजन,transfusion,english_loanword
पॉलुशन,pollution,english_loanword
मिसोनी,missoni,english_loanword
प्रोपल्शन,propulsion,english_loanword
इम्बारकेशन,embarkation,english_loanword
चेमोनिक्स,chamonix,english_loanword
प्रोमोशन्स,promotions,english_loanword
प्रेसर्स,pressers,english_loanword
सिटीकेबल,siticable,english_loanword
असे,assay,english_loanword
ओरडेक्स,ordeix,english_loanword
परकशन,percussion,english_loanword
कुररा,qurra,english_loanword
पॉवरपफ,powerpuff,english_loanword
डिजिटलाइजेशन,digitalization,english_loanword
इत्ज़कॉफ़,itzkoff,english_loanword
अक्सिअल,axial,english_loanword
बॉक्स्ड,boxed,english_loanword
़कबूस,qaboos,english_loanword
प्रैसक्रिप्शन,prescription,english_loanword
मिनीिक्स,minix,english_loanword
तहफुज,tahaffuz,english_loanword
क्लीफ,cliff,english_loanword
मेजोंसिनी,mazzoncini,english_loanword
ताराकी,taraqqi,english_loanword
बार्डियक्स,bordeaux,english_loanword
फ्लोस,flosse,english_loanword
फिसाइल,fissile,english_loanword
एसेम्बलिंग,assembling,english_loanword
इन्वर्टीबल,invertible,english_loanword
एनिमिक्स,animax,english_loanword
इफैक्टस,effects,english_loanword
वासेलिन,vasselin,english_loanword
अर्पक्षद्,arphaxad,english_loanword
कंवर्टेबल,convertible,english_loanword
इम्प्रूवमैंट,improvement,english_loanword
यूरोविज़न,eurovision,english_loanword
पिटीशन,petition,english_loanword
किशान,qishan,english_loanword
सेक्सुअलिटी,sexuality,english_loanword
रामकिशन,ramkissoon,english_loanword
एब्स्ट्रक्शन,abstraction,english_loanword
कुरैसी,qureshi,english_loanword
टाइट्रेशन,titration,english_loanword
फेवरेबल,favourable,english_loanword
फ्रीज़ा,frezza,english_loanword
इग्नीशन,ignition,english_loanword
एक्सपेक्टेशंस,expectations,english_loanword
ट्रिक्स,trix,english_loanword
नकर,naqqar,english_loanword
इंस्टिटयूशनल,institutional,english_loanword
रिसरेक्शन,resurrection,english_loanword
मोसेरी,mosseri,english_loanword
कटियन,cation,english_loanword
फॉरगिवनेस,forgiveness,english_loanword
एक्सलसेन,axelsen,english_loanword
मैकॉलिफ,macauliffe,english_loanword
रेवर्बनेशन,reverbnation,english_loanword
डिसिमिनेशन,dissemination,english_loanword
कुहातन,qahtan,english_loanword
ग्रासे,grasse,english_loanword
कसालियन,kassalian,english_loanword
ईश्यूज,issues,english_loanword
राक्का,raqqah,english_loanword
डिसैलिनेशन,desalination,english_loanword
ग्रिमसन,grimsson,english_loanword
इनक्रेडिबल,incredible,english_loanword
रीमोनिटाइज़ेशन,remonetisation,english_loanword
असेंबलिंग,assembling,english_loanword
फार्मेक्ससिल,pharmexcil,english_loanword
स्टेफन,steffen,english_loanword
हिसिंग,hissing,english_loanword
न्यूरोडीजेनेरेशन,neurodegeneration,english_loanword
इफिसिएंसी,efficiency,english_loanword
रिइसू,reissue,english_loanword
आक्सनफोर्ड,oxenford,english_loanword
ओसेटा,ossetia,english_loanword
होमोलोज़ेशन,homologation,english_loanword
लिमिटलेस,limitless,english_loanword
हुस्न,hussan,english_loanword
डिटॉक्सिफिकेशन,detoxification,english_loanword
ब्रेनलेस,brainless,english_loanword
क्लाईमेक्स,climax,english_loanword
सीएएसएस,cass,english_loanword
इफिशिएंसी,efficiency,english_loanword
स्मॉलपॉक्स,smallpox,english_loanword
ईवकी,evoque,english_loanword
आईएमएक्स,imax,english_loanword
क्यूपीएस,qps,english_loanword
आरविदसॉन,arvidsson,english_loanword
एक्सपेडिशनिस्ट,expeditionist,english_loanword
एक्सपायर,expire,english_loanword
इम्पलीमैंटिंग,implementing,english_loanword
सेक्सटोन,sexton,english_loanword
क्यूएनएक्स,qnx,english_loanword
अब्कैक,abqaiq,english_loanword
लैप्सेबुल,lapsable,english_loanword
ड्राइवरलैस,driverless,english_loanword
क्यूएसआर,qsr,english_loanword
तबलीग़ी,tableeghi,english_loanword
फेयरफैक्स,fairfax,english_loanword
रॉसबाइ,rossby,english_loanword
टेक्सान,texan,english_loanword
सिक्युरिटाइजेशन,securitisation,english_loanword
मुरैनग्रास,muraingrasses,english_loanword
नेपोमनियाच्ची,nepomniachtchi,english_loanword
एलेक्सांद्रे,alexandre,english_loanword
पोस्टरेमिशन,postremission,english_loanword
सबवर्जन,subversion,english_loanword
पॉलीटेक्स,polytex,english_loanword
कॉइनडीसीएक्स,coindcx,english_loanword
हक्कानिया,haqqania,english_loanword
ग्रोसमैन,grossman,english_loanword
एसेन्सन,ascension,english_loanword
उसिशकिन,ussishkin,english_loanword
डेक्सामेथासान,dexamethasone,english_loanword
मैंक्स,manx,english_loanword
ब्लिजार्ड,blizzard,english_loanword
किकियांग,keqiang,english_loanword
ग्रेचेन,gretchen,english_loanword
एडमिश्न,admission,english_loanword
कैसियस,cassius,english_loanword
थोरनक्लिफ,thorncliffe,english_loanword
क्रॉसराईल,crossrail,english_loanword
जौक,zauq,english_loanword
डॉजियर,dossier,english_loanword
टेक्स्टाइल,textile,english_loanword
स्पाइरेक्स,spirax,english_loanword
कंसालिडेशन,consolidation,english_loanword
वैक्सेशियस,vexatious,english_loanword
स्लास,sloss,english_loanword
वीआईएक्स,vix,english_loanword
हग्टन,hughton,english_loanword
एक्रिडिएशन,accreditation,english_loanword
एसिट,assist,english_loanword
ट्रेफोर्ड,trafford,english_loanword
मग्नेटोरेसेप्शन,magnetoreception,english_loanword
प्रोजेक्टिसेशन,projectisation,english_loanword
एमहॉफ,emhoff,english_loanword
इन्वार्सन,inversion,english_loanword
मुरुगादोस,murugadoss,english_loanword
दारुशेलम,darussalam,english_loanword
आईएसएसएफ,issf,english_loanword
ग्रोसी,grossi,english_loanword
इन्फिनिक्स,infinix,english_loanword
एसौल्ट,assault,english_loanword
डिक्रिमिनलाइजेशन,decriminalisation,english_loanword
रीवाइटेलाइजेशन,revitalization,english_loanword
पासेज,passages,english_loanword
टीआईएफएफ,tiff,english_loanword
कोआलीशन,coalition,english_loanword
पैरिेसेबल,perishable,english_loanword
एक्स्प्लोरेशन,exploration,english_loanword
क्लुलेस,clueless,english_loanword
रिवर्शनरी,reversionary,english_loanword
कातिफ,qatif,english_loanword
पासाकॉफ़,pasachoff,english_loanword
कोलोरिनेशन,cholorination,english_loanword
एक्स्ट्रासेलुलर,extracellular,english_loanword
बोर्डियाक्स,bordeaux,english_loanword
स्ट्रेस्ड,stressed,english_loanword
पानाविजन,panavision,english_loanword
एक़्यूलिनो,aquilino,english_loanword
जोनासेन,jonassen,english_loanword
शाफ,schaff,english_loanword
मूसा,moussa,english_loanword
टेक्स्चर्ड,textured,english_loanword
कसांग,kessang,english_loanword
एक्सवेटर,excavator,english_loanword
एएसएसएन,assn,english_loanword
वेसल,vessel,english_loanword
अशरक,asharq,english_loanword
वर्स्टचेन,wrstchen,english_loanword
वॉक्सि,voxy,english_loanword
इवेलुएशन,evaluation,english_loanword
हेस्यिन,hessian,english_loanword
बिर्स,birss,english_loanword
ग्रफीटी,graffiti,english_loanword
पैरौक्सीडेज,peroxidase,english_loanword
होसेन,hossein,english_loanword
सस्क्युहन्ना,susquehanna,english_loanword
यूसेफ,youssef,english_loanword
टेकस्टुअलाइज,textualize,english_loanword
इंफ्यूजन,infusion,english_loanword
इत्त़ेफाक,ittefaq,english_loanword
वेरोनिक,veronique,english_loanword
चैनलाइजेशन,channelization,english_loanword
फिक,fiqh,english_loanword
हेलग्रिमसन,hallgrimsson,english_loanword
शेरिफ,sheriffa,english_loanword
एसेसिंग,assessing,english_loanword
मुईज्जाद्दीन,muizzaddin,english_loanword
सदाका,sadaqa,english_loanword
ट्रांसएक्सल,transaxle,english_loanword
रेस्किंक,resquink,english_loanword
ताकिब्लाल्हु,taqabbalallhu,english_loanword
ओबलीगेशन,obligation,english_loanword
कैम्बलिस,chambliss,english_loanword
वनवास,vanvass,english_loanword
पॉज़ीशनिंग,positioning,english_loanword
कम्पैशनेट,compassionate,english_loanword
डेक्सट्रोप्रोपोक्सिफिन,dextropropoxyphene,english_loanword
नेदुम्बासेरी,nedumbassery,english_loanword
बिज़नसमैन,businessmen,english_loanword
पेल्लिसेरी,pellissery,english_loanword
सेक्सियस्ट,sexiest,english_loanword
अश्योर्ड,assured,english_loanword
इंटरवेंशन,intervention,english_loanword
गाफेनी,gaffeney,english_loanword
एक्स्ट्रोपिया,extropia,english_loanword
शर्की,sharqi,english_loanword
कॉक्सिएला,coxiellae,english_loanword
राइफल्स,riffles,english_loanword
सेक्स्टिंग,sexting,english_loanword
गेफेन,geffen,english_loanword
कॉम्प्लेक्सों,complexes,english_loanword
थालासेरी,thalassery,english_loanword
मोसॉप,mossop,english_loanword
डिजॉल्वड,dissolved,english_loanword
सेगमेंटेशन,segmentation,english_loanword
फैब्रीकेशन,fabrication,english_loanword
वासिक,wasique,english_loanword
इन्वेस्टिगेशंस,investigations,english_loanword
नेसेसिटीज़,necessities,english_loanword
इरोजन,erosion,english_loanword
पीएसएसएस,psss,english_loanword
रेजुविनेशन,rejuvenation,english_loanword
एडिलवायस,edelweiss,english_loanword
सफ़ल,successful,english_loanword
कंजम्प्शन,consumption,english_loanword
वासरफाल,wasserfall,english_loanword
नेक्सए,nexa,english_loanword
एकाउंटेबल,accountable,english_loanword
ह्य्पोक्सिया,hypoxia,english_loanword
आर्चक्लिफ़,archcliffe,english_loanword
इंडिक्स,indix,english_loanword
हाइड्रेशन,hydration,english_loanword
एक्सफोलिएशन,exfoliation,english_loanword
सर्टीफिकेशन,certification,english_loanword
हिनक्लिफ,hinchliffe,english_loanword
पीआईबीफैक्टचेक,pibfactcheck,english_loanword
अश्फाकुल्लाह,ashfaqullah,english_loanword
पॉलीएथोक्सिलेटेड,polyethoxylated,english_loanword
वीजन,vision,english_loanword
जसिया,jassia,english_loanword
बीनेक्स्ट,beenext,english_loanword
फ़िल्मेशन,filmation,english_loanword
प्रिपेरिड्नेस,preparedness,english_loanword
मुआजिनोगलू,muezzionglu,english_loanword
जॉफ़,geoff,english_loanword
केचमेंट,catchment,english_loanword
सीआरएस,crss,english_loanword
मायकॉटक्सिन,mycotoxin,english_loanword
कॉम्बिनेशनज़,combinations,english_loanword
रेगेक्स,regex,english_loanword
शिक्सियान,shixian,english_loanword
डायरेकशन,direction,english_loanword
हैंक्स,hankss,english_loanword
रीगैसीफिकेशन,regasification,english_loanword
प्रिंटालिटिक्स,printalytix,english_loanword
सीआरयुएक्स,crux,english_loanword
वायोलेशन,violation,english_loanword
असिसटिंग,assisting,english_loanword
हैल्फरिच,helfferich,english_loanword
टेब्लेटस,tablets,english_loanword
क्लफ,cluff,english_loanword
पर्फेक्शनिस्ट,perfectionist,english_loanword
नीआसा,niassa,english_loanword
डिलिवरेबल्स,deliverables,english_loanword
एल्टिबाक्स,altibox,english_loanword
बसरेयु,bussereau,english_loanword
एफेक्टिव,affective,english_loanword
एसोसिएशन्स,associations,english_loanword
कासेमी,qasemi,english_loanword
आइडेंटिफ़िकेशन,identification,english_loanword
रेसिडेक्स,residex,english_loanword
लिची,litchi,english_loanword
नेवगेशन,navigation,english_loanword
असेंबलीज,assemblies,english_loanword
लैरिसिस,larissis,english_loanword
टेडक्स,tedx,english_loanword
स्माल,ssmall,english_loanword
मैरिसा,marissa,english_loanword
अबडक्शन,abduction,english_loanword
आइएफएफआइ,iffi,english_loanword
प्रीमिक्सेज,premixes,english_loanword
मुकुर,muqur,english_loanword
एसाई,essai,english_loanword
इन्क्ल्यूज़न,inclusion,english_loanword
ट्रोपेक्स,tropex,english_loanword
गोरेज़ियो,gorressio,english_loanword
कमीश्नर,commissionar,english_loanword
पैशनेट,passionate,english_loanword
न्युट्रीशन,nutrition,english_loanword
इनोक्यूलेशन,inoculation,english_loanword
दुलकेर,dulquar,english_loanword
सस्केचेवान,saskatchewan,english_loanword
डायरेक्श्नल,directional,english_loanword
कोरोनेशन,cornonation,english_loanword
रग्गामुफ्फिन,raggamuffin,english_loanword
आयडेन्टिफिकेशन,identification,english_loanword
डोडाक,dodaq,english_loanword
रामादौस,ramadoss,english_loanword
मिडिलसेक्स,middlesex,english_loanword
डेप्रीवेशन,deprivation,english_loanword
विकलिफ़,wycliffe,english_loanword
एक्सट्रेक्शन,extraction,english_loanword
ट्रांज़िशनल,transitional,english_loanword
आइजक,issac,english_loanword
गॉसिप,gossip,english_loanword
विपासना,vipassana,english_loanword
डिटैचेबल,detachable,english_loanword
कोलीफिकेशन,coalification,english_loanword
वरलक्ष्मी,varalaxmi,english_loanword
नासेलसोप्पा,nsselsoppa,english_loanword
टॉक्सीनॉमिक,taxonomic,english_loanword
लूसियर,lussier,english_loanword
वफा,waffa,english_loanword
प्रीवेंनशन,prevention,english_loanword
डैक्स,dax,english_loanword
असौलाइन,assouline,english_loanword
टैक्सिम,taxim,english_loanword
अब्जोर्पशन,absorption,english_loanword
कनक्लुजन,conclusion,english_loanword
रैडिकलाइज़ेशन,radicalization,english_loanword
वेसू,vessu,english_loanword
मेसरश्मिट्स,messerschmitts,english_loanword
टूलबॉक्स,toolbox,english_loanword
सैकलें,saqlain,english_loanword
बोसियो,boussiou,english_loanword
यूएस,issues,english_loanword
मेंसुरेशन,mensuration,english_loanword
इनविंसीबल,invisible,english_loanword
पासपोर्टस,passports,english_loanword
ज्योफ,geoff,english_loanword
रिप्रोसेसिंग,reprocessing,english_loanword
रियूजेबल,reusable,english_loanword
डेपुटेशन,deputation,english_loanword
ट्रान्जैक्शनस्,transactions,english_loanword
फ्यूमेगेशन,fumigation,english_loanword
रिप्रोडक्शन,reproduction,english_loanword
मगहतस,maghtas,english_loanword
कोंक्स,coxs,english_loanword
खालिकुज,khaliquz,english_loanword
गोद्देस,goddess,english_loanword
टेक्नोप्रोमक्सपोर्ट,technopromexport,english_loanword
एलोक्यूशन,elocution,english_loanword
माइंडफुलनेस,mindfulness,english_loanword
गुन्नलॉगसन,gunnlaugsson,english_loanword
तसद्दुक,tasaduq,english_loanword
कदिरिया,qadiriyya,english_loanword
आफ़िस,offices,english_loanword
फ्लैशर,flectcher,english_loanword
आफिसों,offices,english_loanword
एएनएक्स,anx,english_loanword
स्टीफेन्सन,steffensen,english_loanword
प्रेस्टीट्यूट,presstitute,english_loanword
मारजो,marazzo,english_loanword
क्रिस्टललाइज़ेबल,crystallizable,english_loanword
पापराज़ी,paparazzi,english_loanword
एक्सपॉसिटरी,expository,english_loanword
सीएमएसएक्स,cmsx,english_loanword
असदुल्लाह,assadullah,english_loanword
एक्सकैवेटर्स,excavators,english_loanword
मैककिसिक,mckissick,english_loanword
बांसडोर्फ,bonsdorff,english_loanword
रिफ्लेक्स,reflexes,english_loanword
विजियर,vissier,english_loanword
एटोमाइजेशन,atomization,english_loanword
व्हाइटक्रॉस,whitecross,english_loanword
सॉलनेस,solness,english_loanword
ओपरेबल,operable,english_loanword
सेनेटाइजेशन,sanitisation,english_loanword
सिमुलेशन्स,simulations,english_loanword
एक्यूआर,aqr,english_loanword
असुदज्जमां,asaduzzaman,english_loanword
बान्कियो,banqiao,english_loanword
यूनिस,youniss,english_loanword
प्रोलिफरेशन,proliferation,english_loanword
टेकएक्स,thetechex,english_loanword
कस्टोमाइजेबल,customisable,english_loanword
जेक्लीन,jacqueline,english_loanword
एफ़ान,affan,english_loanword
मोलिनेयुक्स,molineux,english_loanword
डिम्युचुअलाइजेशन,demutualisation,english_loanword
मेसुआचुसेट्स,massachussets,english_loanword
क्लचलेस,clutchless,english_loanword
हाइड्राक्सिलेशन,hydroxylation,english_loanword
वाचुंग,watchung,english_loanword
इलेक्ट्रोडिपोजिशन,electrodeposition,english_loanword
क्यूरेशन,curation,english_loanword
प्रोफेशन्स,professions,english_loanword
रिनियुवेबल,renewable,english_loanword
डिफरेंटली,differently,english_loanword
बैचमेट,batchmate,english_loanword
कुए,quy,english_loanword
खालिक़ुज्जमां,khaliquzzaman,english_loanword
ओयासिकुर,oyasiqur,english_loanword
होमोजेनाइजेशन,homogenization,english_loanword
मुज़फ़्फ़रनगर,muzzafarnagar,english_loanword
टक्सीडो,tuxedo,english_loanword
स्पिनटेक्स,spintex,english_loanword
फ़ंक्शनज़,functions,english_loanword
टॉक्सॉप्टेरा,toxoptera,english_loanword
पपराज़ी,paparazzi,english_loanword
एकोमडेशन,accommodation,english_loanword
एरिएशन,aeriation,english_loanword
जंक्शन्स,junctions,english_loanword
तोगटेकिन,toghtekin,english_loanword
कन्वेंशनल,conventional,english_loanword
मिनवैक्स,mynvax,english_loanword
एक्सप्लायटेड,exploited,english_loanword
मेकसीन,maxine,english_loanword
रॉसोव,rossow,english_loanword
वौक्सहॉल,vauxhall,english_loanword
एआईएसएसईई,aissee,english_loanword
आइनोक्स,inox,english_loanword
डीसीएनएस,dcnss,english_loanword
एक्सनल,axonal,english_loanword
प्रोबेशनर,probationary,english_loanword
एक्सपोज्ड,exposed,english_loanword
इलेक्ट्रिक,electrique,english_loanword
कोंग्रेस्नल,congressional,english_loanword
डिफ्यूस,diffuse,english_loanword
प्रेसे,presse,english_loanword
ग्रिफो,griffo,english_loanword
कैलेक्स,calyx,english_loanword
प्रजेक्शन,projection,english_loanword
गीगाप्लेक्स,gigaplex,english_loanword
ग्लासमैन,glassman,english_loanword
आफ्टरहाइपरपोलराईजेशन,afterhyperpolarization,english_loanword
केशम,qeshm,english_loanword
टॉक्सीकोलॉजी,toxicology,english_loanword
कंसिडरेशन,consideration,english_loanword
एक्सेसरी,accessory,english_loanword
मुज्जमिल,muzzammil,english_loanword
सैटिस्फैक्शन,satisfaction,english_loanword
तलासेरी,thalassery,english_loanword
कासीमी,qasimi,english_loanword
हाईड्रॉक्साइड,hydroxide,english_loanword
त्रिसूर,trissur,english_loanword
साज़रमेत्सेज़,csszrmetszs,english_loanword
टैक्ससेवर,taxsaver,english_loanword
मीरामैक्स,miramax,english_loanword
साक्बा,saqba,english_loanword
क्यूओआरक्यूएल,qorql,english_loanword
कार्डलैस,cordless,english_loanword
जूरिसडिक्शन,jurisdiction,english_loanword
डिटेचेबल,detachable,english_loanword
फॉल्टलेस,faultless,english_loanword
एफलिएट,affiliate,english_loanword
बफ्फ़,buff,english_loanword
एक्सोप्लेनेट,exoplanet,english_loanword
एक्सेटर,exeter,english_loanword
लैंडलेस,landless,english_loanword
डिफ़रेंस,differences,english_loanword
सिंक्रनाइज़ेशन,synchronization,english_loanword
लुबाविच,lubavitch,english_loanword
कदसिया,qadsia,english_loanword
नेक्सन,nexon,english_loanword
नेलट्रेक्सॉन,naltrexone,english_loanword
वेयरएबल,wearable,english_loanword
क्यूपीआर,qpr,english_loanword
डिग्रेडेशन,degradation,english_loanword
इंपोसिबल,impossible,english_loanword
हाइड्रोजिनेशन,hydrogenation,english_loanword
गैबल,gable,english_loanword
दुलकार,dulquer,english_loanword
बासेन,bassein,english_loanword
विजऩ,vision,english_loanword
पेटीसेरी,patisserie,english_loanword
अब्दुलहसन,abdelhassan,english_loanword
फॉयरफॉक्स,firefox,english_loanword
क्लिफ़र्ड,clifford,english_loanword
पल्क,pulque,english_loanword
गोफ,goff,english_loanword
क्रोसिंग,crossing,english_loanword
क्रोकेट,croquet,english_loanword
वाथीक,wathiq,english_loanword
मासेफ,massif,english_loanword
नॉयमेक्स,nymex,english_loanword
एफीसिएन्ट,efficient,english_loanword
एरोजन,erosion,english_loanword
एक्सेसेरीज,accessories,english_loanword
सफ्फिर,saffir,english_loanword
पैशन,pasion,english_loanword
ओव्यूलेशन,ovulation,english_loanword
फ़ुरकान,furqan,english_loanword
चेकर्स,chequers,english_loanword
डोवोनेक्स,dovonex,english_loanword
ड्रैक्स,drax,english_loanword
इम्पलांटेशन,implantation,english_loanword
बासिस्ट,bassist,english_loanword
हेनेसी,hennessey,english_loanword
रिटार्डेशन,retardation,english_loanword
हर्नियेशन,herniation,english_loanword
फरुकिया,faroqiya,english_loanword
कचूआ,quechua,english_loanword
पॉलिटिसाइज़ेशन,politicization,english_loanword
टासोस,tssos,english_loanword
बैचमैट,batchmate,english_loanword
अशरूक,asharq,english_loanword
रैफ़ल,raffle,english_loanword
हेक्सेंड्रा,hexandra,english_loanword
माफ़रा,maffra,english_loanword
असाबा,assabah,english_loanword
एक्यूआइ,aqi,english_loanword
अतीक,atique,english_loanword
एएक्सए,axa,english_loanword
नोच,notch,english_loanword
ब्रेज़े,brezza,english_loanword
हिचन्स,hitchens,english_loanword
जीप्लेक्स,zeeplex,english_loanword
सल्फामेथाक्साज़ोल,sulfamethoxazole,english_loanword
जंक्स,jynx,english_loanword
ट्रांज़िशन,transition,english_loanword
मैंड्रैक्स,mandrax,english_loanword
डिमोलेशन,demolition,english_loanword
एक्सर्साइज़,exercises,english_loanword
एडलविस,edelweiss,english_loanword
वेराज़नो,verrazzano,english_loanword
फैडेक्स,fedex,english_loanword
इंटरकनेक्शन,interconnection,english_loanword
रोलेबल,rollable,english_loanword
इन्सट्रूमेंटेशन,instrumentation,english_loanword
पाफ,pfaff,english_loanword
डिस्पेरशन,dispersion,english_loanword
आयोनाइजेशन,ionisation,english_loanword
मिकदाद,miqdaad,english_loanword
फ्रैग्मेंटेशन,fragmentation,english_loanword
हैनसॉन,hansson,english_loanword
जोनास,jonass,english_loanword
रोमनस्क्यू,romanesque,english_loanword
सासानिद,sassanid,english_loanword
मौसंग,mossang,english_loanword
एफिसिएंसी,efficiency,english_loanword
बीयरहोफ,bierhoff,english_loanword
फ़ॉक्सकॉन,foxconn,english_loanword
कयूम,quayyum,english_loanword
ट्राइमेक्स,trimex,english_loanword
सीयरलेस,searless,english_loanword
रिफलेक्शन,reflection,english_loanword
लक्ष्मणनायक,laxmannaik,english_loanword
इकालुइट,iqaluit,english_loanword
ईएनक्यूए,enqa,english_loanword
एफीलिएट,affiliate,english_loanword
असादुजमान,asaduzzaman,english_loanword
डॉजबॉल,dodgeball,english_loanword
बसेइन,bassein,english_loanword
कियोंग,qiong,english_loanword
बेसमैंट,basement,english_loanword
डिस्टॉर्शन,distortion,english_loanword
राचानोक,ratchanok,english_loanword
नेवीगेशनल,navigational,english_loanword
डिफरेन्सेज,differences,english_loanword
कंप्युटेशनल,computational,english_loanword
क्यूओएस,qos,english_loanword
एडलवेइस,edelweiss,english_loanword
कॉफ्स,coffs,english_loanword
एक्सेशन,accession,english_loanword
रोगॉफ,rogoff,english_loanword
बजफीड,buzzfeed,english_loanword
मलपस,malpass,english_loanword
ज़ेबुन्निसा,zebunissa,english_loanword
लेक्सस,lexus,english_loanword
सीएसएसई,csse,english_loanword
न्यूक्लिएशन,nucleation,english_loanword
एक्सिओम्स,axioms,english_loanword
खालिकी,khaliqi,english_loanword
रेन्डिशन,rendition,english_loanword
दारूशलम,darussalam,english_loanword
ज़रीफ़,zariff,english_loanword
नकवीश्री,naqvishri,english_loanword
ड्रेंसिंग,dressing,english_loanword
कैशियस,cassius,english_loanword
रफैलो,ruffalo,english_loanword
हेक्सगोनल,hexagonal,english_loanword
इंट्रूज्न,intrusion,english_loanword
डिडक्टेबल,deductible,english_loanword
गीसेन,giessen,english_loanword
रूसुदान,russudan,english_loanword
कादसिया,qadsia,english_loanword
ट्रांससेक्सुअल,transsexual,english_loanword
अनस्टॉपेबल,unstoppable,english_loanword
ट्रांसन,transsion,english_loanword
बाशा,batcha,english_loanword
इमोशनली,emotionally,english_loanword
डिफरेन्स,difference,english_loanword
विज़ी,wizzie,english_loanword
एक्सोर्किज्म,exorcism,english_loanword
राउसेफ,rouseff,english_loanword
रेक्सटन,rexton,english_loanword
एक्सपेरिअंशियल,experiential,english_loanword
मोटरेबल,motorable,english_loanword
फॉर्म्युलेशंस,formulations,english_loanword
माइंडफुलनैस,mindfulness,english_loanword
ट्रूफ़ोट,truffaut,english_loanword
गफानी,gaffaney,english_loanword
अथॉन्टिकेशन,authentication,english_loanword
केमेक्ससिल,chemexcil,english_loanword
प्रैक्टिश्नर,practitioner,english_loanword
इंफ्लेटेबल,inflatable,english_loanword
मैक्सो,maxo,english_loanword
फॉर्म्यूलेशंस,formulations,english_loanword
रोफर,rouffaer,english_loanword
गैफने,gaffaney,english_loanword
फोर्टरैस,fortress,english_loanword
नेक्सावर,nexavar,english_loanword
स्टिमुलेशन,stimulation,english_loanword
चियासन,chiasson,english_loanword
एवेलेबल,available,english_loanword
प्लांटेशंस,plantations,english_loanword
असेसर्स,assessors,english_loanword
इन्विटेशनल,invitational,english_loanword
स्टैबलाइजेशन,stabilization,english_loanword
एक्चुएशन,actuation,english_loanword
बॉक्सक्रिप्टर,boxcryptor,english_loanword
आईसीईएक्स,icex,english_loanword
कस्टमाईजेबल,customisable,english_loanword
प्रोपलसन,propulsion,english_loanword
डिफ्यूजर,diffuser,english_loanword
इजाज़,izza,english_loanword
कन्वर्टबल,convertible,english_loanword
एसॉल्ट,assault,english_loanword
ओजी,ozzy,english_loanword
मोआजम,moazzam,english_loanword
मोलीनियोक्स,molineux,english_loanword
हिचर,hitcher,english_loanword
वोराविचिचाईकुल,voravichitchaikul,english_loanword
प्लस,pluss,english_loanword
टोक्सिोलॉजी,toxicology,english_loanword
गेस्टेशनल,gestational,english_loanword
स्टॉरैक्स,storax,english_loanword
प्रेजेेन्टेशन,presentation,english_loanword
डायोक्साइड,dioxide,english_loanword
ज़ीएक्सैंथिन,zeaxanthin,english_loanword
परफ्युजन,perfusion,english_loanword
डीएलएक्स,dlx,english_loanword
गोसाईं,gossain,english_loanword
मैक्सिमो,maximo,english_loanword
सासोली,sassoli,english_loanword
कंबस्चन,combustion,english_loanword
प्रिंसेज़,princess,english_loanword
एक्सप्लोरर्स,explorers,english_loanword
मोसल,mossel,english_loanword
कीफ़े,keeffe,english_loanword
एक्सपीरियन,experian,english_loanword
सुपरमासिव,supermassive,english_loanword
रैनबेक्सी,ranbaxy,english_loanword
अंडरशेरिफ,undersheriff,english_loanword
एसिमिलेशन,assimilation,english_loanword
कोडिफिकेशन,codification,english_loanword
क्लासीफाइड,classified,english_loanword
एट्रीब्यूशन,attribution,english_loanword
दुलकर,dulquer,english_loanword
जीएसएक्स,gsx,english_loanword
एफीशिएंसी,efficiency,english_loanword
नक्कार,naqqar,english_loanword
क्यूकेडीसिम,qkdsim,english_loanword
नैशनलिस्ट,nationalist,english_loanword
गेसिफिकेशन,gasification,english_loanword
जियांगक्सी,jiangxi,english_loanword
क्यूज़,qays,english_loanword
मुगाद्दासा,mugaddassah,english_loanword
हफिंगटनपोस्ट,huffingtonpost,english_loanword
इनचिकिन,inchiquin,english_loanword
एफिसेंशी,efficiency,english_loanword
स्विचेबल,switchable,english_loanword
रफालो,ruffalo,english_loanword
हेडगिअर्स,headgears,english_loanword
एआइएफएफ,aiff,english_loanword
रेकेल,raquel,english_loanword
अश्शूर्,asshur,english_loanword
फासिनो,fassino,english_loanword
उज्जियेल,uzziel,english_loanword
कैनथाक्सान्थिन,canthaxanthin,english_loanword
डायमेंशन,dimension,english_loanword
पीएक्सआई,pxi,english_loanword
नवाजुद्दीन,nawazzuddin,english_loanword
क्रिस्टोफरसन,kristofferson,english_loanword
इंवेज़न,invasion,english_loanword
एफसिएंसी,efficiency,english_loanword
लैप्सेबल,lapsable,english_loanword
मोनेटाइजेशन,monetization,english_loanword
स्यूस,suisse,english_loanword
कॉमेक्स,comex,english_loanword
प्रेसिपिटेशन,precipitation,english_loanword
कुआन,quan,english_loanword
सफिशिएंसी,sufficiency,english_loanword
वुडोरोफ,woodroffe,english_loanword
थेसाली,thessaly,english_loanword
चिक्सोय,chixoy,english_loanword
वेल्लिव्यासावदी,vellivavayssavadi,english_loanword
एंटियोक्किया,antioquia,english_loanword
एडीक्शन,addiction,english_loanword
टक्सेडो,tuxedo,english_loanword
इमीटे्रक्स,imitrex,english_loanword
बुकयाक,buqyaq,english_loanword
पाईटैकस,pitex,english_loanword
बायोमेट्रिक्स,biomatrix,english_loanword
ज़काताल,zaqatala,english_loanword
अरकम,arqam,english_loanword
सल्यूशंस,solutions,english_loanword
ससानीद,sassanid,english_loanword
ब्रानिफ़,braniff,english_loanword
कारोक,karoq,english_loanword
कॉन्सिलेशन,conciliation,english_loanword
क्सीनॉस,xenos,english_loanword
ब्रासवेयर,brassware,english_loanword
मेंटेनेबल,maintainable,english_loanword
रीकंसिलिएशन,reconciliation,english_loanword
पेंशन्स,pensions,english_loanword
आइएक्सआइगो,ixigo,english_loanword
लेंसडिस्टॉर्शन,lensdistortion,english_loanword
सुसान,sussan,english_loanword
जेएएक्सए,jaxa,english_loanword
कंसेसियनार,concessionaire,english_loanword
साल्यूशन,solution,english_loanword
फॉक्सकॉन,foxconn,english_loanword
फिनोलेक्स,finolex,english_loanword
स्ट्रोमनेस,stromness,english_loanword
आईडेक्स,idex,english_loanword
विटनेसेस,witnesses,english_loanword
एएसएसएआर,assar,english_loanword
बेजेक,bezeq,english_loanword
डिफ्लेशन,deflation,english_loanword
टेकोन्वू,tchounwou,english_loanword
गुरुबक्सगंज,gurubuxganj,english_loanword
कम्पिटिटिवनेस,competitiveness,english_loanword
बसंत,bassant,english_loanword
मैकडफ,macduff,english_loanword
फलैकसीबल,flexible,english_loanword
मैसैजिंग,messaging,english_loanword
डिस्फंक्शन,dysfunction,english_loanword
आईटीएसएसओ,itsso,english_loanword
एयरवर्थनेस,airworthiness,english_loanword
बेवॉचकी,baywatch,english_loanword
बैचलर,batchelor,english_loanword
बेलोरशिया,belorussia,english_loanword
उरूमकी,urumqi,english_loanword
स्टाफ्स,staffs,english_loanword
क्रॉसरेइल,crossrail,english_loanword
क्यूब्रेक्स,qubrex,english_loanword
तालुकदारी,taluqdari,english_loanword
पॉलीएडेनिलिएशन,polyadenylation,english_loanword
असका,assaka,english_loanword
स्टफ्ड,stuffed,english_loanword
ओप्टमाईज़ेशन,optimization,english_loanword
थन्नीसांदरा,thanissandra,english_loanword
प्राइमेक्स,primex,english_loanword
रिफेल,reiffel,english_loanword
डाइरेक्शनल,directional,english_loanword
इम्परूवमैंट,improvement,english_loanword
क्यूक्सो,quexo,english_loanword
एकस,aequs,english_loanword
आईपीईएसएस,ipess,english_loanword
पॉजिशनर,positioner,english_loanword
मेकाका,macaque,english_loanword
ग्रुमिआक्स,grumiaux,english_loanword
क्यूनसलैंड,queensland,english_loanword
इसहाक,ishaque,english_loanword
टोर्नेस,torness,english_loanword
गुरदास,gurdass,english_loanword
सासे,sasse,english_loanword
देसाउ,dessau,english_loanword
फोक्सकॉन,foxconn,english_loanword
गुजी,guzzi,english_loanword
जीएफएक्सबेंच,gfxbench,english_loanword
ओएलएक्स,olx,english_loanword
रैडक्ल्फि,radcliffe,english_loanword
कन्फेंशनरी,confectionery,english_loanword
इशकजादे,ishaqzaade,english_loanword
डाईस्टफ,dyestuff,english_loanword
इंडस्ट्रियलाइजेशन,industrialisation,english_loanword
एलिक्स,alix,english_loanword
कुतुबा,qutayba,english_loanword
सॉल्यूशन्स,solutions,english_loanword
हैलिफैक्स,halifax,english_loanword
ड्यूसेलडोर्फ,dusseldorf,english_loanword
एडीएक्स,edx,english_loanword
रिफॉर्मेशन,reformation,english_loanword
स्टेबिलाइज़ेशन,stabilization,english_loanword
मंकबात,manqabat,english_loanword
निम्बज,nimbuzz,english_loanword
फरगुसन,fergusson,english_loanword
बायोसिनोसिस,byssinosis,english_loanword
सॉक्स,sox,english_loanword
कमिशनरेट,commissionerate,english_loanword
एंटिकोगुलेशन,anticoagulation,english_loanword
रिसेशनल,recessional,english_loanword
जियोटेक्सटाइल,geotextile,english_loanword
टेंसनर्स,tensioners,english_loanword
डेलिसा,delissa,english_loanword
ट्रांसनेशनल,transnational,english_loanword
ट्रैंजैक्शंस,transactions,english_loanword
मैक्सिलोफेशियल,maxillofacial,english_loanword
कैफिन,caffin,english_loanword
रिजेनेरेशन,regeneration,english_loanword
एक्सिनोस,exynos,english_loanword
एक्समैन,axeman,english_loanword
पसैट,passat,english_loanword
किंगदाओ,qingdao,english_loanword
सेक्सबॉय,saxby,english_loanword
विसाम,wissam,english_loanword
पोज़,posse,english_loanword
नाइट्रीफिकेशन,nitrification,english_loanword
लिमिटेशन्स,limitations,english_loanword
वोरेके,voreqe,english_loanword
बेसन,besson,english_loanword
ज्यूकबॉक्स,jukebox,english_loanword
कृषन,krissann,english_loanword
मोनीटरिंग,mentoring,english_loanword
पैक्सटन,paxton,english_loanword
कार्बोक्सीमिथेलीसाइन,carboxymethyllysine,english_loanword
फिल्म्स,ffilms,english_loanword
एक्सपैंन्सन,expansion,english_loanword
एपिटैक्सियल,epitaxial,english_loanword
बुशे,bussche,english_loanword
फलक्स,fluxes,english_loanword
वेरीफायेबल,verifiable,english_loanword
डिक्लरेशन,declaration,english_loanword
तब्लीगी,tableeghi,english_loanword
विजिबल,visible,english_loanword
वारालक्ष्मी,varalaxmi,english_loanword
रशियंस,russians,english_loanword
सिविलाइजेशन,civilisation,english_loanword
हेनरीकस,henriques,english_loanword
डिसेग्रेगेशन,desegregation,english_loanword
स्टाफर,staffer,english_loanword
टिफ़नी,tiffany,english_loanword
नास्कॉम,nasscom,english_loanword
वेबएक्स,webex,english_loanword
ओपनईएक्सआर,openexr,english_loanword
एचमेंडी,etchemendy,english_loanword
नुसबूम,nussbaum,english_loanword
पलाज़ो,palazzo,english_loanword
शारिक,shariq,english_loanword
वफाकी,wafaqi,english_loanword
इम्प्रेशंस,impressions,english_loanword
शौक्सिंग,shaoxing,english_loanword
मैक्सफ्रेश,maxfresh,english_loanword
नेवडेक्स,navdex,english_loanword
मोहनदॉस,mohandoss,english_loanword
इन्क्रेडिबल,incredible,english_loanword
एक्सटै्रक्टर्स,extractors,english_loanword
श्टेफेन,steffen,english_loanword
सीएमएसएस,cmss,english_loanword
इवोलूशनरी,evolutionary,english_loanword
कुरना,qurna,english_loanword
कंस्टिट्यूशन,constitution,english_loanword
टैक्सीज,taxis,english_loanword
कुशाक,kushaq,english_loanword
कांटिमिनेशन,contamination,english_loanword
असदुजमां,asaduzzaman,english_loanword
कॉम्प्रीहेंशियन,comprehension,english_loanword
एडनेक्स,adnexa,english_loanword
सिद्दकी,siddque,english_loanword
हैसेल,hassel,english_loanword
वुक्सी,wuxi,english_loanword
एफिशियंसी,efficiency,english_loanword
डीकमोशनिंग,decommissioning,english_loanword
एफिशयंसी,efficiency,english_loanword
हाइड्रोक्सी,hydroxy,english_loanword
होमोबोक्स,homeobox,english_loanword
शफाकत,shafqat,english_loanword
ब्रैफ़,braff,english_loanword
कॉंस्टीटूशन,constitution,english_loanword
टरकोटे,turquotte,english_loanword
फ्लैशपिक्स,flashpix,english_loanword
सेकॉया,sequoia,english_loanword
कॉन्सिट्यूशन,constitution,english_loanword
अच्चेनायडू,atchannaidu,english_loanword
बिस्चॉफ,bischoff,english_loanword
केसेडी,cassady,english_loanword
मॉलेस्टेशन,molestation,english_loanword
एगलेस,eggless,english_loanword
न्यूट्रेशन,nutrition,english_loanword
हाईड्रेशन,hydration,english_loanword
इन्सर्शन,insertion,english_loanword
आस्लिेशन,oscillation,english_loanword
डिफरेन्टली,differently,english_loanword
नैप्राक्सेन,naproxen,english_loanword
वर्ज़न्स,versions,english_loanword
इंटीमेशन,intimation,english_loanword
सलूशंस,solutions,english_loanword
गॉडेस,goddess,english_loanword
एक्सपोस्ड,exposed,english_loanword
अफ़ेयर्स,affairs,english_loanword
मारकास,marcoux,english_loanword
सिरिन्क्स,syrinx,english_loanword
एक्सपॉज़िटरी,expository,english_loanword
कीफी,keeffe,english_loanword
गेफेने,gaffaney,english_loanword
ह्य्पोकाल्सिफिकेशन,hypocalcification,english_loanword
सेनीटेशन,sanitation,english_loanword
हर्लेस,hurless,english_loanword
लक्ष्मणकुंड,laxmankund,english_loanword
ब्रीज़ा,brezza,english_loanword
हाइड्रॉक्साइड,hydroxide,english_loanword
वैंडविजन,wandavision,english_loanword
टैक्सालॉग,taxalogue,english_loanword
प्रैक्टिशनर,practitioner,english_loanword
बायोमीथेनेशन,biomethanation,english_loanword
जियोफ,geoff,english_loanword
स्वेरफ्लेक्स,swareflex,english_loanword
स्मिरनॉफ,smirnoff,english_loanword
अनकंप्रेशन,uncompression,english_loanword
बायसेक्सुअल,bisexual,english_loanword
जेफरलॉट,jeffrelot,english_loanword
इनक्रेडीबल,incredible,english_loanword
एक्सटर्नल,externally,english_loanword
बिबल्स,bibles,english_loanword
काहिर,qohir,english_loanword
तस्दुक,tasaduq,english_loanword
दारुसलाम,darussalam,english_loanword
माईनेक्सा,mynexa,english_loanword
टॉक्सिकॉलजी,toxicology,english_loanword
टोक्सिक,toxic,english_loanword
पल्यूशन,pollution,english_loanword
जॉनीक्स,jynx,english_loanword
हासाना,hassana,english_loanword
कॉइनस्विच,coinswitch,english_loanword
मुजम्मिल,muzzammil,english_loanword
आक्सिडेज,oxidases,english_loanword
वीएफएक्स,vfx,english_loanword
ओएसएस,oss,english_loanword
ट्रांस्फ़ॉर्मेशन,transformation,english_loanword
मेक्सिम,maxim,english_loanword
लक्ष्मेशेवर,laxmeshwar,english_loanword
सजेशन्स,suggestions,english_loanword
डिस्लोकेशन,dislocation,english_loanword
सप्रेसेंट,suppressant,english_loanword
डीजीक्यूए,dgqa,english_loanword
एक्सप्लोजिव्स,explosives,english_loanword
कैथेटराइजेशन,catheterization,english_loanword
इनावेशन्स,innovations,english_loanword
एसेंबलिंग,assembling,english_loanword
रेक्टिफिकेशन,rectification,english_loanword
मैचप्ले,matchplay,english_loanword
ह्यूचसन,hutcheson,english_loanword
जूटैक्सा,zootaxa,english_loanword
ग्रोसग्लोकेनर,grossglockner,english_loanword
सुसैन,sussanne,english_loanword
प्रोवेस,prowess,english_loanword
हैचरीज़,hatcheries,english_loanword
फिजन,fission,english_loanword
काम्प्लेक्सेस,complexes,english_loanword
इदरिस,idriss,english_loanword
क्यूनेट,qnet,english_loanword
कॉक्सकाटलन,coxcatlan,english_loanword
अडॉप्शन,adaptation,english_loanword
उज्जिय्याह,uzziah,english_loanword
एक्सीनोस,exynos,english_loanword
आईसीएस,icss,english_loanword
रेफ्लेकशन,reflection,english_loanword
केएसएस,kss,english_loanword
मौड्र्नाइज़ेशन,modernization,english_loanword
रसोफोन,russophone,english_loanword
रिप्रेसर,repressor,english_loanword
लेजिसलेशन,legislation,english_loanword
व्युक्सटेम्प्स,vieuxtemps,english_loanword
एक्सपैंशन,expansion,english_loanword
वेलनस,wellness,english_loanword
क्यूपीसीआर,qpcr,english_loanword
लुडेन्डॉर्फ,ludendorff,english_loanword
रीसेक्शन,resection,english_loanword
एसेंब्लीज,assemblies,english_loanword
इफी,iffi,english_loanword
डिडक्शंस,deductions,english_loanword
ग्रेटनेस,greatness,english_loanword
डार्कनेस,darkness,english_loanword
आईएफएफएए,iffaa,english_loanword
सिब्ली,sibley,english_loanword
इमैक्सिन,imaxin,english_loanword
कमिश्नर्स,commissioners,english_loanword
एबोलिशन,abolition,english_loanword
पार्टीशिपेशन,participation,english_loanword
गॉसिपोल,gossypol,english_loanword
सिम्यूलेशन,simulation,english_loanword
फडनवीस,fadnaviss,english_loanword
ट्रांसफरेबल,transferrable,english_loanword
अफैयर्स,affairs,english_loanword
गुटेरेस,guterress,english_loanword
चेरटॉफ़,chertoff,english_loanword
ओक्सो,oxo,english_loanword
क्रायोब्लेशन,cryoablation,english_loanword
फ़ेसलेस,faceless,english_loanword
सेंशन,sensation,english_loanword
एपिक्यू,epique,english_loanword
न्यूट्रिशनिस्ट,nutritionist,english_loanword
कमार,qamar,english_loanword
इंफ्लूएंट,effluent,english_loanword
नोडिसजंक्शन,nondisjunction,english_loanword
गिलस,glasses,english_loanword
ट्राइकोपैक्स,trichopax,english_loanword
कदेरी,qaderi,english_loanword
सुपरविज़न,supervision,english_loanword
प्रोस्क्यूशन,prosecution,english_loanword
कोंडोलीज़ा,condoleezza,english_loanword
इकलाख,iqlakh,english_loanword
रीकॉनैज़ेंस,reconnaissance,english_loanword
एसौलिन,assouline,english_loanword
क्रॉसफ़ायर,crossfire,english_loanword
विकरुल,viqarul,english_loanword
क्यूएमयूएल,qmul,english_loanword
कुद्दूसी,quddusi,english_loanword
इनफ्लैक्शन,inflection,english_loanword
नुसरवानजी,nusserwanji,english_loanword
वासिलि,vassiliy,english_loanword
फ़ंक्शंज़,functions,english_loanword
फेबल्ड,fabled,english_loanword
डीकॉम्पज़िशन,decomposition,english_loanword
ट्रांजैक्शंस,transactions,english_loanword
मौसिकी,mausiiquii,english_loanword
डीकॉनजेशन,decongestion,english_loanword
एंबिशन,ambition,english_loanword
ओडीएस,odss,english_loanword
सीएस,ssc,english_loanword
टोनिसेन,toneissen,english_loanword
इंटरमीडिएशन,intermediation,english_loanword
हैडोक्स,haddox,english_loanword
हुसैनगंज,hussainganj,english_loanword
होमोसेक्सुएल,homosexual,english_loanword
रेगुलराइज़ेशन,regularization,english_loanword
ड्रेसेज़,dresses,english_loanword
कनवरसेशन,conversation,english_loanword
बोरैक्स,borax,english_loanword
जैकेंडॉफ,jackendoff,english_loanword
क्रिस्टर्सन,kristersson,english_loanword
माराजो,marazzo,english_loanword
हकबयान,haqbayan,english_loanword
मल्टीनैशनल,multinational,english_loanword
सिघतसेवर्स,sightsavers,english_loanword
कीजन,quezon,english_loanword
डेटोक्स,detox,english_loanword
एलक्यू,elque,english_loanword
नफील्ड,nuffield,english_loanword
रिमेडिएशन,remediation,english_loanword
थैलेसेमिक,thalassemic,english_loanword
ाैचेसन,aitchison,english_loanword
वॉचटॉवर,watchtower,english_loanword
सेक्सिएस्ट,sexiest,english_loanword
ट्रैन्स्फ़र्मेशन,transformation,english_loanword
सेलाकुई,selaqui,english_loanword
डिस्टिलेशन,distillation,english_loanword
विज्यूलाइजेशन,visualization,english_loanword
लूसो,lusso,english_loanword
ताकिर,tauqir,english_loanword
सस्काचवन,saskatchewan,english_loanword
रियलाइज़ेशन,realization,english_loanword
कंफिगरेशन,configuration,english_loanword
यूलिसेस,ulysses,english_loanword
शिफ,schiff,english_loanword
फ्यूमिगेशन,fumigation,english_loanword
बेका,beqaa,english_loanword
अश्शूरियों,assyria,english_loanword
बेसमेर,bessemer,english_loanword
थिसली,thessaly,english_loanword
ईसीएक्स,ecx,english_loanword
मुफ्फखम,muffakham,english_loanword
पेसी,passey,english_loanword
हॉस्पिटलाइजेशन,hospitalisation,english_loanword
टेक्सक्राफ्ट,texcraft,english_loanword
ब्राविसिमो,bravissimo,english_loanword
वेलनेंस,wellness,english_loanword
इविक्शन,eviction,english_loanword
जोनसेन,jonassen,english_loanword
रूक्सुआन,ruxuan,english_loanword
कंसेशनियर,concessionaire,english_loanword
बैगास,bagasse,english_loanword
इंपेक्स,impex,english_loanword
ट्रायेसिक,triassic,english_loanword
साची,saatchi,english_loanword
टीएक्यूए,taqa,english_loanword
अफिशीयो,officio,english_loanword
कैंसलेशन,cancellation,english_loanword
अडेपटेशन,adaptation,english_loanword
मोजाइक,mossaic,english_loanword
वायलेशनस,violations,english_loanword
रिडिफ्यूज़न,rediffusion,english_loanword
पोजिशिंनिंग,positioning,english_loanword
बायोइक्विलेन्स,bioequivalence,english_loanword
कसानी,qasani,english_loanword
आफ्लान्ते,afflante,english_loanword
कोइमोह,qaimoh,english_loanword
असाक,assaka,english_loanword
शरच्चन्द्र,saratchandra,english_loanword
मल्टीक्लास,multiclass,english_loanword
जुरिसडिक्शन,jurisdiction,english_loanword
डिफ्रेंट,different,english_loanword
रिफ्लेकशन,reflection,english_loanword
रोसारी,rossari,english_loanword
वेईकिंग,weiqing,english_loanword
पर्कसिव,percussive,english_loanword
एक्सटिंकशन,extinction,english_loanword
निक्संस,nixons,english_loanword
पैपराजी,paparazzi,english_loanword
एसीआरओएसएस,across,english_loanword
फ़ॉयरफ़ॉक्स,firefox,english_loanword
मोसाक,mossack,english_loanword
रिवोल्युश्नरी,revolutionary,english_loanword
हार्नेशिंग,harnessing,english_loanword
मुस्तकिम,mustaqim,english_loanword
पैराफिनिंग,paraffining,english_loanword
मिलैक्स,milex,english_loanword
पेट्रिसाज,petrissage,english_loanword
फेरिस,ferriss,english_loanword
सिविलाइजेशंस,civilisations,english_loanword
सिक्सटी,sixty,english_loanword
वैल्यूएबल,valuable,english_loanword
कॉन्ग्रिगेशनलिस्ट्स,congregationalists,english_loanword
इंजेक्टेबिल,injectable,english_loanword
एक्सपायरिंग,expiring,english_loanword
वीएमएसएस,vmss,english_loanword
ओपेक्स,opex,english_loanword
इचिंग,etching,english_loanword
डेलाक्रोइक्स,delacroix,english_loanword
एडीएफएफ,adff,english_loanword
पैक्स्टोन,paxton,english_loanword
स्टॉफ़ेनबर्ग,stauffenberg,english_loanword
कंट्रीब्यूशन्स,contributions,english_loanword
ट्रैकशन,traction,english_loanword
एक्स्ट्राप्लुरल,extrapleural,english_loanword
एथेनोक्सैट,athenoxat,english_loanword
रेग्युलराइज़ेशन,regularization,english_loanword
श्लॉस,schloss,english_loanword
निक्वेनी,nqweni,english_loanword
हेपस्काच,hopscotch,english_loanword
मैक्सिमाइजर,maximiser,english_loanword
बर्तोलाजी,bertolazzi,english_loanword
काईस,qays,english_loanword
वियरेबल्स,wearables,english_loanword
स्पस्काया,spasskaya,english_loanword
अउगमेंटेशन,augmentation,english_loanword
डीएसएसएसएल,dsssl,english_loanword
रॉकफर्ट,roquefort,english_loanword
वेरीफाएबल,verifiable,english_loanword
फिक्स्ड़,fixed,english_loanword
क्लिफहनगर,cliffhanger,english_loanword
ार्फ़,arff,english_loanword
कास्टरेशन,castration,english_loanword
काची,katchi,english_loanword
विज,wizz,english_loanword
पब्लिकेशंस,publications,english_loanword
इंस्टीच्युशनल,institutional,english_loanword
वॉसअप,wassup,english_loanword
लैमिनेशन,lamination,english_loanword
डीआक्सिराइबोन्यूक्लिएक,deoxyribonucleic,english_loanword
रीकैलीब्रेशन,recalibration,english_loanword
सिमप्लैक्स,simplex,english_loanword
रौनक,raunaq,english_loanword
कमर्शलाइजेशन,commercialisation,english_loanword
एयरोमैट्रिक्स,aeromatrix,english_loanword
थैलीसीमिक्स,thalassemics,english_loanword
कॉलेबल,callable,english_loanword
ब्रेक्सिट,brexit,english_loanword
दसोल्ट,dassault,english_loanword
यूनिटलेस,unitless,english_loanword
डिफ्लेक्शन,deflection,english_loanword
कोन्फीगरेशन,configuration,english_loanword
एसिस्टट,assist,english_loanword
पीटिशन,petition,english_loanword
कफ़ियाह,kuffiyah,english_loanword
प्रिचार्ड,pritchard,english_loanword
जीएसएसआइ,gssi,english_loanword
क्यूफ्लैश,qflash,english_loanword
नैशनलाइजेशन,nationalisation,english_loanword
सिक्सथ,sixth,english_loanword
अफेअरज़,affairs,english_loanword
जिशू,jisshu,english_loanword
मेसेंजर,messer,english_loanword
हॉस,hoess,english_loanword
ट्रोपैक्स,tropex,english_loanword
एस्योरेंस,assurance,english_loanword
मोस्ताक,mostaq,english_loanword
फ्लक्स,fluxes,english_loanword
माइक्रोफिल्टरेशन,microfiltration,english_loanword
ग्रेडेशन,gradation,english_loanword
हैन्सर्ड,hanssard,english_loanword
फंक्शंस,functions,english_loanword
यिक्सिन,yixin,english_loanword
आईडेन्टिफिकेशन,identification,english_loanword
कासा,kassa,english_loanword
वालराफ,wallraff,english_loanword
पासओवर,passover,english_loanword
डिज़र्ट,dessert,english_loanword
मुकद्दस,muqaddas,english_loanword
बेलॉक्सी,belloxy,english_loanword
हरकनेस,harkness,english_loanword
एक्सिनॉस,exynos,english_loanword
निगेशन,negation,english_loanword
एकोमोडेशन,accommodation,english_loanword
कांस्टीट्यूशन,constitution,english_loanword
सिफ्सी,siffcy,english_loanword
आइस्ताक्सानथिन,astaxanthin,english_loanword
कंटेसा,contessa,english_loanword
मैक्सिन,maxine,english_loanword
गफ़्फूर,gaffur,english_loanword
रूसएयर,russair,english_loanword
गारमैंट्स,garments,english_loanword
सीएनक्स,cnx,english_loanword
कुद्दुस,quddus,english_loanword
ट्रांजेक्शनल,transactional,english_loanword
प्रॉसक्यूशन,prosecution,english_loanword
बेनियॉफ,benioff,english_loanword
मुरूगादास,murugadoss,english_loanword
रीकानसन्स,reconnaissance,english_loanword
निसेनकेन,nissenken,english_loanword
कु़रैशी,qureshi,english_loanword
वैंकिश,vanquish,english_loanword
ग्यूकियांग,guoqiang,english_loanword
लैक्टेशनल,lactational,english_loanword
लक्षकार,laxkar,english_loanword
पॉजिशनिंग,positioning,english_loanword
क्सेनोन,xenon,english_loanword
गियरबॉक्स,gearbox,english_loanword
िंडक्विस्ट,indqvist,english_loanword
नैक्सस,nexus,english_loanword
बोसर्ट,bossert,english_loanword
एडएक्स,edx,english_loanword
बेनिफिकेशन,beneficiation,english_loanword
थ्रेसिअम्मा,thressiamma,english_loanword
राफिका,rafiqa,english_loanword
टेक्सचराइज्ड,texturised,english_loanword
कोरमा,qorma,english_loanword
फारक,farooq,english_loanword
पिजिकेटो,pizzicato,english_loanword
एनपास,enpass,english_loanword
ट्रांसनेश्नल,transnational,english_loanword
चेक्स,cheques,english_loanword
मुजफ्फ़राबाद,muzzafarabad,english_loanword
रेडक्स,redux,english_loanword
नोटिफिकेशंस,notifications,english_loanword
राडक्लीफ,radcliffe,english_loanword
रेकन्सिलिएशन,reconciliation,english_loanword
कमिसार,commissar,english_loanword
डॉकलेस,dockless,english_loanword
ग्लेक्सोफार्मा,glaxopharma,english_loanword
अफ्रीकियाह,afriqiyah,english_loanword
रिफा,riffa,english_loanword
वेलीडेशन,validation,english_loanword
कॉटेक्स,cotex,english_loanword
पेमेट्रेक्स्ड,pemetrexed,english_loanword
राकोफ्फ़,rakoff,english_loanword
रिस्टोरेशन,restoration,english_loanword
कन्फेडरेशंस,confederations,english_loanword
कॉलिज़न,collision,english_loanword
सेदिक,sediq,english_loanword
सीकोइया,sequoia,english_loanword
पैटिसरी,patisserie,english_loanword
वशीकुर,washiqur,english_loanword
हसानंदानी,hassanandani,english_loanword
मिथेनेशन,methanation,english_loanword
कॉन्सोलेशन,consolation,english_loanword
मेयेरहॉफ,meyeroff,english_loanword
एट्रेक्शन,attraction,english_loanword
थोरैक्स,thorax,english_loanword
इंवेंशन,invention,english_loanword
एक्सपैंडिड,expanded,english_loanword
जीएफएफए,gffa,english_loanword
इमोशन,emotion,english_loanword
डिफो,diffo,english_loanword
कंपोस्टेबल,compostable,english_loanword
बारोनेस,baroness,english_loanword
सोक्स,sox,english_loanword
एब्रोमोफ,abramoff,english_loanword
कसट,cassat,english_loanword
असॉन,asson,english_loanword
कॉन्करर,konqueror,english_loanword
ईएक्सई,exe,english_loanword
कोलिमेशन,collimation,english_loanword
ग्रॉसमन,grossman,english_loanword
वर्ल्डमैक्स,worldmax,english_loanword
प्लैक्सस,plexus,english_loanword
नर्वसनेस,nervousness,english_loanword
एडवरटाईजमैंट,advertisement,english_loanword
इडलवाइज,edelweiss,english_loanword
चाएकोव्स्की,tchaikovsky,english_loanword
डीबीएकसेस,dbaccess,english_loanword
आईएफएफएम,iffm,english_loanword
रैल्टिट्रेक्स्ड,raltitrexed,english_loanword
रिकॉनिसंस,reconnaissance,english_loanword
कन्सेशनेर,concessionaire,english_loanword
मालफॉर्मेशन,malformation,english_loanword
करैशी,qureshi,english_loanword
प्रोक्सिमिटी,proximity,english_loanword
डिगॉक्सिन,digoxin,english_loanword
हफपोस्ट,huffpost,english_loanword
इनक्युबेशन,incubation,english_loanword
आईईएक्सएल,iexl,english_loanword
एक्सिआटा,axiata,english_loanword
लायनेसिस,lionesses,english_loanword
फाउंडेशन्स,foundations,english_loanword
डिकैफ़िनेटेड,decaffeinated,english_loanword
अन्निहिलेशन,annihilation,english_loanword
सेफैलेक्सिन,cephalexin,english_loanword
लापिकु,lapicque,english_loanword
निसा,nissa,english_loanword
कामिशली,qamishli,english_loanword
पोस्टकॉन्सेप्शनल,postconceptional,english_loanword
एक्सकर्शन,excursion,english_loanword
क्लैसिफ़ायअर्स,classifiers,english_loanword
मफकम,muffakham,english_loanword
हॉटनेस,hotness,english_loanword
कंस्ट्रक्शन्स,constructions,english_loanword
ज्यॉफ,jeff,english_loanword
फॉक्सप्रो,foxpro,english_loanword
सीटमेक्स,sitmex,english_loanword
टैक्सपैनर,taxspanner,english_loanword
स्मार्टक्लास,smartclass,english_loanword
न्यूरोटॉक्सिक,neurotoxic,english_loanword
एनेक्सेट,anexate,english_loanword
अनबॉक्सिंग,unboxing,english_loanword
ओफिट,offit,english_loanword
पीक्यूआईएस,pqis,english_loanword
टोर्शनल,torsional,english_loanword
इनैबल्ड,enabled,english_loanword
लुमिक्स,lumix,english_loanword
गॉगल्स,glasses,english_loanword
ओवरपासों,overpasses,english_loanword
कलासेह,kalasseh,english_loanword
कंसलटेशन,consultation,english_loanword
जफ़ा,jaffa,english_loanword
ग्रासरूट,grassroot,english_loanword
ब्रुइनिनक्स,bruyninckx,english_loanword
होमोजिनाइजेशन,homogenization,english_loanword
हेक्साकॉम,hexacom,english_loanword
डायेस,dyess,english_loanword
वर्ल्डवॉच,worldwatch,english_loanword
डेमलाइनिनेशन,demyelination,english_loanword
स्मरनॉफ़,smirnoff,english_loanword
बेलारूस,belaruss,english_loanword
मेरीसा,merissa,english_loanword
मैटसन,mattsson,english_loanword
रफीकी,rafiqui,english_loanword
टेलेविजन,tlvision,english_loanword
वर्डप्रेस,wordpress,english_loanword
जारूक,zarooq,english_loanword
इंस्टीट्यूटनल,institutional,english_loanword
इंफ्लेशन,inflation,english_loanword
अतिकुल,atiqul,english_loanword
एनरिकुए,enrique,english_loanword
रिमिक्स,remixes,english_loanword
काशन,caution,english_loanword
ट्रांस्क्रिप्शनल,transcriptional,english_loanword
जैकेंडॉफ़,jackendoff,english_loanword
जेफ्रिस,jeffries,english_loanword
कम्बिनेशन,combination,english_loanword
तारिकात,tariqat,english_loanword
प्रीफेचिंग,prefetching,english_loanword
गॉफिन,goffin,english_loanword
निगोशियेबुल,negotiable,english_loanword
ग्लासडोर,glassdoor,english_loanword
रिसीवेबल्स,receivables,english_loanword
लुडगर,ludger,english_loanword
होक्सटन,hoxton,english_loanword
वीकेएसएसएस,vksss,english_loanword
लिचफिल्ड,litchfield,english_loanword
इंस्टीच्यूशनल,institutional,english_loanword
मेहरुन्निसा,mehrunissa,english_loanword
पैराडोक्स,paradox,english_loanword
कुरैज़ा,qurayza,english_loanword
एक्स्ट्राकॉर्पोरियल,extracorporeal,english_loanword
राउंडटेबल,roundtable,english_loanword
रिगैसीफिकेशन,regasification,english_loanword
एफ्लूएंट,effluent,english_loanword
रेवोल्युशनरी,revolutionary,english_loanword
असोमानी,assoumani,english_loanword
रॉसी,rossi,english_loanword
श्रॉाफ,shroff,english_loanword
कसिम,qassim,english_loanword
अट्रैक्शन,attraction,english_loanword
प्रेसिंग,pressing,english_loanword
चिकनपॉक्स,chickenpox,english_loanword
रिएक्शंस,reactions,english_loanword
थैलेसेमिया,thalassemia,english_loanword
कॉक्सियल,coaxial,english_loanword
ट्रैन्ज़ैक्शन्स,transactions,english_loanword
एडेलवीस,edelweiss,english_loanword
स्किफ,schiff,english_loanword
प्लूस,pluess,english_loanword
पासबैंड,passband,english_loanword
एड्गर्टन,edgerton,english_loanword
एबिक्सकैश,ebixcash,english_loanword
एफको,iffco,english_loanword
रिससीटेशन,resuscitation,english_loanword
कुद्दसी,quddusi,english_loanword
बिटामैक्स,betamax,english_loanword
कांस्टीटयूशन,constitution,english_loanword
ग्रैनलूसो,granlusso,english_loanword
केएमएसएस,kmss,english_loanword
कॉपरेशन,cooperation,english_loanword
जैफ्रेलट,jaffrelot,english_loanword
तुसाद्स,tussauds,english_loanword
इंडीपेक्स,indipex,english_loanword
फर्मेंटेशन,fermentation,english_loanword
वकेशन,vacation,english_loanword
श्रॉफ़,shroff,english_loanword
ट्रोपेक्ष,tropex,english_loanword
इन्डेक्सेस,indexes,english_loanword
कम्यूटेशन,commutation,english_loanword
क्रासब्रीड,crossbreed,english_loanword
इसोडेवेक्सिंग,isodewaxing,english_loanword
नासाओ,nassau,english_loanword
पेंशनरी,pensionary,english_loanword
कुआम,quam,english_loanword
कयूमी,qayoomi,english_loanword
तुसार,tussar,english_loanword
एक्सेज,access,english_loanword
रेडीसन,radisson,english_loanword
फलेक्सोग्राफ़िक,flexographic,english_loanword
वैरेबल,wearable,english_loanword
रेवॉल्यूशनरी,revolutionary,english_loanword
वेसेलिन,vasselin,english_loanword
इक्विलैंस,equivalence,english_loanword
प्रेजन्टेशन,presentation,english_loanword
मलपास,malpass,english_loanword
सीएमएक्सएस,cmxs,english_loanword
फेवरबल,favorable,english_loanword
वाचेज,watches,english_loanword
हौएलेबेक,houellebecq,english_loanword
लेच,leitch,english_loanword
गिअरबॉक्स,gearbox,english_loanword
अंबासा,ambassa,english_loanword
सैशन्ज़,sessions,english_loanword
होउनेस,hoeness,english_loanword
ड्रेक्सलर,drexler,english_loanword
नारक्सोज,narxoz,english_loanword
जाकेट,jaquet,english_loanword
बक्सटन,buxton,english_loanword
रॉसर,rosser,english_loanword
शिवानी,sshivani,english_loanword
मैनसन,mansion,english_loanword
पिसारिडेस,pissarides,english_loanword
एयरवेज,airwayss,english_loanword
जायसवाल,jaisswal,english_loanword
इनवेसन,invasion,english_loanword
रेसी,rassie,english_loanword
एक्सेक्यूटेबल्स,executables,english_loanword
रासुल,rassul,english_loanword
शोफर,chauffeur,english_loanword
फ्लोरिसैंट,florissant,english_loanword
रेपरिक्सिन,reparixin,english_loanword
शफाक,shafaq,english_loanword
आईडेंटीफिकेशन,identification,english_loanword
क्यूग्राफिक्सव्यू,qgraphicsview,english_loanword
गाइसन,giessen,english_loanword
रैक्सियल,raxual,english_loanword
थैलेसरी,thalassery,english_loanword
फ्लूपेंथिक्सोल,flupenthixol,english_loanword
कमीशंस,commissions,english_loanword
हक्स,haxe,english_loanword
आर्क्स,arques,english_loanword
इंडिविजन,indivision,english_loanword
नैगोशीएबल,negotiable,english_loanword
क्यूलैस,queless,english_loanword
फीलिक्स,flix,english_loanword
बीएफएफ,bff,english_loanword
डेसालियन,dessallien,english_loanword
प्रोपोगेशन,propagation,english_loanword
लिनेक्सिया,linxia,english_loanword
रेज़ैलेबल,resalable,english_loanword
फ्लैक्सिबिल,flexible,english_loanword
मसनजोर,massanjore,english_loanword
डायरेक्शंस,directions,english_loanword
ड़ॉक्यूमेंटेशन,documentation,english_loanword
इसोफोउ,issoufou,english_loanword
डेजर्टीफिकेशन,desertification,english_loanword
क़ासेमी,qassemi,english_loanword
बाकेरी,baqeri,english_loanword
पफर,puffer,english_loanword
डुक,duque,english_loanword
शिकदार,shiqdar,english_loanword
आथराइजेशन,authorisation,english_loanword
सद्दीक,saddiq,english_loanword
इमिशन,emission,english_loanword
मोडिफिकेशन,modification,english_loanword
नोटफिकेशन,notification,english_loanword
एक्स्ट्रासोलर,extrasolar,english_loanword
सिफिन,siffin,english_loanword
लेसिक्स,lasix,english_loanword
फेडेक्स,fedex,english_loanword
हचर्सन,hutcherson,english_loanword
एक्सप्लॉयटेशन,exploitation,english_loanword
होफेनहीम,hoffenheim,english_loanword
क्लासरूम्स,classrooms,english_loanword
ट्रेंडवॉचइंडिया,trendwatchindia,english_loanword
बेससतादिर,bessastadir,english_loanword
ताक्लिद,taqld,english_loanword
नेशनलिस्टिक,nationalistic,english_loanword
प्रिडक्शन,prediction,english_loanword
मॉफुसिल,mofussil,english_loanword
कुआराउइने,quaraouiyine,english_loanword
वॉल्फ,wolff,english_loanword
कफली,cuffley,english_loanword
एलासाने,alassane,english_loanword
गुनेस,gunness,english_loanword
एलेसेंड्रा,alessandra,english_loanword
रिकंस्टरक्कशन,reconstruction,english_loanword
मसूरिया,massuria,english_loanword
नॉसकॉम,nasscom,english_loanword
पीटरहाफ,peterhoff,english_loanword
टोटलाइजेशन,totalization,english_loanword
सबडिवीज़न,subdivision,english_loanword
नौच,notch,english_loanword
एक्साइटेड,excited,english_loanword
प्रेज़ेंटेशन,presentation,english_loanword
रेक्स,rax,english_loanword
कॉम्पास,compass,english_loanword
ब्रॉक्सी,braxie,english_loanword
एक्सपैलर,expeller,english_loanword
कयाद,quaid,english_loanword
इंटरपिरेशन,interoperation,english_loanword
केस्लर,kessler,english_loanword
गौफ,gauff,english_loanword
ससकेचवान,saskatchewan,english_loanword
कांट्रिब्यूशन,contribution,english_loanword
एक्सपेरियन,experian,english_loanword
अनिसिया,anissia,english_loanword
प्रोसक्यूशन,prosecution,english_loanword
अनस्टेबल,unstable,english_loanword
वैक्सन्स,waxsons,english_loanword
एसौचेम,assocham,english_loanword
माइक्रोफिल्ट्रेशन,microfiltration,english_loanword
कॉन्ट्रीब्यूशन्स,contributions,english_loanword
हसल,hussle,english_loanword
एपरीशिएशन,appreciation,english_loanword
अब्देसलेम,abdessalem,english_loanword
कंपोजीशन,composition,english_loanword
लक्ष्मीमणि,laxmamani,english_loanword
पेल्लीसेरी,pellissery,english_loanword
स्वैच,swatch,english_loanword
उज्जमान,uzzman,english_loanword
कौवैक्सीन,covaxin,english_loanword
फैसबेंडर,fassbender,english_loanword
मीडिएशन,mediation,english_loanword
इनवेंशन,invention,english_loanword
कंपोजिशन,composition,english_loanword
फ्लक्सस,fluxus,english_loanword
एक्स्प्रेसन्स,expressions,english_loanword
एक्सेलसियर,excelsior,english_loanword
दांतों,dentition,english_loanword
हंसन,hansson,english_loanword
वाफिक,wafiq,english_loanword
डोक्युमेंटेशन,documentation,english_loanword
आइसोलक्स,isolux,english_loanword
मक्रीज़ी,maqrizi,english_loanword
रियलाइजेशन,realisation,english_loanword
नियोक्लासिकल,neoclassical,english_loanword
फैक्शन,faction,english_loanword
अश्युरेन्स,assurance,english_loanword
मिलिगॉस,milligauss,english_loanword
मुफसिल,mofussil,english_loanword
मीटिगेशन,mitigation,english_loanword
ग्रेसले,grassley,english_loanword
इन्क्रेडबल,incredible,english_loanword
तसादक,tassaduq,english_loanword
कॉम्मेमोरिशन,commemoration,english_loanword
गुरबक्सानी,gurbaxani,english_loanword
माटेराज्जी,materazzi,english_loanword
एटानासॉफ़,atanasoff,english_loanword
डिमिनरलाइजेशन,demineralization,english_loanword
इंस्टिट्यूशनल,institutional,english_loanword
फॉर्मिडेबल,formidable,english_loanword
फ्लुवोक्सामिने,fluvoxamine,english_loanword
सलूशन,solution,english_loanword
हसनिया,hassaniya,english_loanword
प्रोफेसर्स,professors,english_loanword
तनिष्क,tanishq,english_loanword
हेचबैक,hatchback,english_loanword
बर्लस्क,burlesque,english_loanword
सर्क,cirque,english_loanword
परस्पेक्स,perspex,english_loanword
सीपीएक्स,cpx,english_loanword
बिजनसों,businesses,english_loanword
रेक्सटॉन,rexton,english_loanword
स्वाश,swatch,english_loanword
सैस,saiss,english_loanword
आइडेंटीफिकेशन,identification,english_loanword
सैनीटेशन,sanitation,english_loanword
कोस्कॉफ,koskoff,english_loanword
बरोके,baroque,english_loanword
इंटरवेंशन्स,interventions,english_loanword
पेरॉक्साइड,peroxide,english_loanword
सिटक्लिफ,sutcliffe,english_loanword
डीआक्सीराइबोन्यूक्लिक,deoxyribonucleic,english_loanword
दासनायके,dassanayake,english_loanword
ओंकलिंक्स,onkelinx,english_loanword
असेंबल,assemble,english_loanword
प्रिचर्ड,pritchard,english_loanword
डिहायड्रेशन,dehydration,english_loanword
व्हिटस्टेबल,whitstable,english_loanword
मेडमन्ट,maidment,english_loanword
टेक्सटबुक,textbook,english_loanword
डिटॉक्स,detox,english_loanword
पेंटॉक्साइड,pentoxide,english_loanword
जेइस,zeiss,english_loanword
हुसैनिनी,husseini,english_loanword
हाईपोक्सिक,hypoxic,english_loanword
एफिशियंट,efficient,english_loanword
बुलेनबीसर,bullenbeisser,english_loanword
डीसेलिनेशन,desalination,english_loanword
अनलेबल्ड,unlabled,english_loanword
रेनिसन्स,renaissance,english_loanword
बारबारोसा,barbarossa,english_loanword
नासा,nassa,english_loanword
कोलोसा,colossa,english_loanword
लाम्ब्सडॉर्फ,lambsdorff,english_loanword
वासल,vassal,english_loanword
कैधी,qadhi,english_loanword
एक्यूजीशन,acquisition,english_loanword
नोसाल,nossal,english_loanword
नेशनली,nationally,english_loanword
एक्सपोसिट्री,expository,english_loanword
मच्योरेशन,maturation,english_loanword
निओकॉर्टेक्स,neocortex,english_loanword
इन्टर्डिक्शन,interdiction,english_loanword
पीएमएसएसएस,pmsss,english_loanword
रिजुविनेंशन,rejuvenation,english_loanword
प्रिवेंटेबल,preventable,english_loanword
इश्यु,issue,english_loanword
वैरिबल,variable,english_loanword
क्लासन,klassen,english_loanword
पॉसिबिलिटी,possibility,english_loanword
मार्किस,marquis,english_loanword
मॉडुलेशन,modulation,english_loanword
क्राईस्टचर्च,christchurch,english_loanword
कुची,kutchi,english_loanword
रैचिट,ratchet,english_loanword
कोआपरेशन,cooperation,english_loanword
इम्पेक्स,impex,english_loanword
कॉस,koss,english_loanword
आईएसएसआर,issr,english_loanword
लासकाक्स,lascaux,english_loanword
क्राइस्चर्च,christchurch,english_loanword
कन्फेक्शनरी,confectionery,english_loanword
ओक्साका,oaxaca,english_loanword
एलेक्सा,alexa,english_loanword
रुक्याया,ruqayya,english_loanword
कांग्रेसनल,congressional,english_loanword
एकसेसारीज,accessorize,english_loanword
बारेसी,baressi,english_loanword
एक्सचेंजेज,exchanges,english_loanword
पोटास,potassic,english_loanword
मोफाज्जल,mofazzal,english_loanword
डिस्पेंशंस,dispensations,english_loanword
दिसानायके,dissanayake,english_loanword
एक्साइट,excite,english_loanword
हार्मोनियसनेस,harmoniousness,english_loanword
टैक्समन,taxman,english_loanword
अफलेक,affleck,english_loanword
इक्तेसेड,eqtesad,english_loanword
बिक्सेंट,bixente,english_loanword
हैसे,hesse,english_loanword
एमोक्सीसिलीन,amoxycillin,english_loanword
सॉलिडिफिकेशन,solidification,english_loanword
रासकनिहा,rasquinha,english_loanword
कॉम्मिशन,kommission,english_loanword
कन्फ़िग्यरेशन,configuration,english_loanword
कंैसिलेशन,cancellation,english_loanword
नास्डाक,nasdaq,english_loanword
रज्जाकी,razzaqi,english_loanword
मालपास,malpass,english_loanword
टेलीकम्युनिकेशन्स,telecommunications,english_loanword
मीनाक्षीबेन,meenaxiben,english_loanword
ओरीएन्टेशन,orientation,english_loanword
क्लूलेस,clueless,english_loanword
आइरेक्स,irex,english_loanword
एसेंबलर,assembler,english_loanword
हेकामात्रे,heqamaatre,english_loanword
एस्टिमेशन,estimation,english_loanword
एफिशिएन्सी,efficiency,english_loanword
डिस्पोज़ेबल,disposable,english_loanword
टेंजिबल्स,tangibles,english_loanword
गैग्नियक्स,gagneux,english_loanword
युलिसीज़,ulysses,english_loanword
फ्लाईकैचर्स,flycatchers,english_loanword
होमोसेक्शुअल,homosexual,english_loanword
एम्बेसी,embassy,english_loanword
मजल,muzzle,english_loanword
आईएफआरएस,ifrss,english_loanword
एक्सप्रेशंस,expressions,english_loanword
कंप्रेशर्स,compressors,english_loanword
पॉल्यूशन,pollution,english_loanword
जफरवाल,zaffarwal,english_loanword
ग्रोसेस,grosses,english_loanword
ग्रैनक्विस्ट,granqvist,english_loanword
रिड्रेस,redress,english_loanword
जेबॉस,jboss,english_loanword
ओज़फेस्ट,ozzfest,english_loanword
मुआज्जम,muazzem,english_loanword
एक्सॉन,exon,english_loanword
कोवॉक्सिन,covaxin,english_loanword
कोन्सालिडेशन,consolidation,english_loanword
ताशकोफ,tashkoff,english_loanword
रूबिक,rubique,english_loanword
पोजिशंस,positions,english_loanword
वैसेलीन,vasselin,english_loanword
सीमैक्स,cmax,english_loanword
मैथेनेशन,methanation,english_loanword
डिपॉलीमेराइज़ेशन,depolymerization,english_loanword
स्टैंडर्डाइजेशन,standardization,english_loanword
सीएफएफ,cff,english_loanword
लॉजिक्स,logix,english_loanword
मॉनिक,monique,english_loanword
पवनेक्स,pawanexh,english_loanword
कारटॉक,cartoq,english_loanword
रेक्सोना,rexona,english_loanword
रिकर्शन,recursion,english_loanword
मारकिस,marquis,english_loanword
किमोह,qoimoh,english_loanword
कंफेशन,confession,english_loanword
कुद्दूस,quddus,english_loanword
एंबेसडर्स,ambassadors,english_loanword
सिल्टेशन,siltation,english_loanword
फंडुक,funduq,english_loanword
मॉडिफिकेशन,modification,english_loanword
फ्रिज़ेल,frizzell,english_loanword
आईएक्सआईजीओ,ixigo,english_loanword
सीईएस,cess,english_loanword
मुज्जेम,muazzem,english_loanword
फाउंडेशनल,foundational,english_loanword
माइंडलेस,mindless,english_loanword
टैक्सशैक्स,taxshax,english_loanword
एम्युनिशन,ammunition,english_loanword
कंपोज़िशन,composition,english_loanword
कैसीनो,cassino,english_loanword
मुज़ामिल,muzzamil,english_loanword
एक्सट,ext,english_loanword
फिक्सेटर,fixator,english_loanword
गुआकियांग,guoqiang,english_loanword
मैनड्रैक्स,mandrax,english_loanword
ट्रांसफॉर्मेशन,transformation,english_loanword
लेक्सिंग्टन,lexington,english_loanword
लॉसलेस,lossless,english_loanword
सेंसिटाइजेशन,sensitisation,english_loanword
बुजार्ड,buzzard,english_loanword
मॉन्टेसरी,montessori,english_loanword
एक्सप्लॉइट,exploit,english_loanword
कुनैकशन,connection,english_loanword
असेम्बलीज़,assemblies,english_loanword
इचगोयन,etchegoyen,english_loanword
वादासेरी,vadassery,english_loanword
लीचफील्ड,litchfield,english_loanword
टेक्स्टाईल,textile,english_loanword
अप्प्रोप्रिएशन,appropriation,english_loanword
जाकलीन,jacqueline,english_loanword
एनाफिलेक्सिस,anaphylaxis,english_loanword
एआईएफएफ,aiff,english_loanword
कदासिया,qadsia,english_loanword
ज़ुल्कारनैन,zulqarnain,english_loanword
एपर्टिज़ेशन,appertization,english_loanword
टैक्सेज़,taxes,english_loanword
रज्जी,razzie,english_loanword
सीपीएसएस,cpss,english_loanword
मुफ्फाखम,muffakham,english_loanword
अंडरपास,underpasses,english_loanword
कंट्रिब्यूशन,contribution,english_loanword
कॉन्स्ट्यूटिशनल,constitutional,english_loanword
बोटॉक्स,botox,english_loanword
एडेलवाइस,edelweiss,english_loanword
किसास,qisas,english_loanword
एएफएफडीएफ,affdf,english_loanword
इनॉग्रेशन,inauguration,english_loanword
मोन्टेसरी,montessori,english_loanword
सिट्रिक्स,citrix,english_loanword
फार्मेक्सिल,pharmexcil,english_loanword
करासे,qarase,english_loanword
रेवोल्यूशनरीज़,revolutionaries,english_loanword
सैसून,sassoon,english_loanword
एक्स्सिडियो,excidio,english_loanword
कय्युम,qayoom,english_loanword
असदुज्जामन,asaduzzaman,english_loanword
किसिमी,kissimmee,english_loanword
कांग्रेसेशनल,congressional,english_loanword
लक्ष्मीसागर,laxmisagar,english_loanword
त्रिसूरपुरम,thrissurpooram,english_loanword
गुगुशेफ,gugusheff,english_loanword
क्यूबिकोइस,quebecois,english_loanword
ग्रोटेस्क,grotesque,english_loanword
मद्रेसतुल,madressatul,english_loanword
ट्रेफर्ड,trafford,english_loanword
ओफट,offutt,english_loanword
फेयरनेस,fairness,english_loanword
कमबस्टन,combustion,english_loanword
आक्सजेपाम,oxazepam,english_loanword
नॉक्सियस,noxious,english_loanword
रॉमदास,ramadoss,english_loanword
एिफडेविट,affidavit,english_loanword
क्यूसीओ,qco,english_loanword
फॉरमेलाइजेशन,formalisation,english_loanword
फिक्सर्स,fixers,english_loanword
एक्यूआइएम,aqim,english_loanword
फ्लाइकैचर,flycatcher,english_loanword
सॉल्युशंस,solutions,english_loanword
फ़ॉसी,fossey,english_loanword
प्रेक्टिशनर,practitioner,english_loanword
कम्युटेशन,commutation,english_loanword
बुसेरेयू,bussereau,english_loanword
इफीज,effies,english_loanword
ह्रासमेंट,harassment,english_loanword
माशेबल,mashable,english_loanword
डेमनस्ट्रेशन,demonstration,english_loanword
ट्रानसिओन,transsion,english_loanword
क्यूबीई,qbe,english_loanword
उकाब,uqba,english_loanword
कैलिक्सिन,calixin,english_loanword
ट्रैकर्स,traqueros,english_loanword
प्रॉक्सिमल,proximal,english_loanword
पैस्चोराइजेशन,pasteurization,english_loanword
आईएनक्स,inx,english_loanword
मैसेजेस,messages,english_loanword
एन्फ्रोसमैंट,enforcement,english_loanword
टाइटनएक्स,titanx,english_loanword
मगतस,maghtas,english_loanword
फ्लूक्साइटीन,fluoxetine,english_loanword
एक्ट्रस,actress,english_loanword
ब्रूइनिक्स,bruynickx,english_loanword
फैक्सियन,faxian,english_loanword
डीहफ,dehuff,english_loanword
डिफ्फुसिओं,diffusion,english_loanword
फ़लक,plaque,english_loanword
इन्कंबेशन,incubation,english_loanword
टीआरएसीएसएस,tracss,english_loanword
कांडोलीजा,condoleezza,english_loanword
नेक्सेसी,nxesi,english_loanword
जर्मनवॉच,germanwatch,english_loanword
मोटीवेशनल,motivational,english_loanword
सुपरएनुएशन,superannuation,english_loanword
डेफ्लेक्शन,deflection,english_loanword
रैटक्लिफ,ratcliffe,english_loanword
एम्स,aiimss,english_loanword
फॉर्निक्स,fornix,english_loanword
कैरेस,karess,english_loanword
प्राक्सिर,praxair,english_loanword
बिजनसमैन,businessmen,english_loanword
इन्क्रेडेबल,incredible,english_loanword
सलूशनस,solutions,english_loanword
राकैल,raquel,english_loanword
यूटीलायज़ेशन,utilization,english_loanword
एक्सपेरिमेंटस,experiments,english_loanword
बर्लेस्क,burlesque,english_loanword
इन्फ्यूजन,infusion,english_loanword
रैंडमाइजेशन,randomisation,english_loanword
सोनीएरिकसन,sonyericsson,english_loanword
यूलेक्स,eulex,english_loanword
टैक्सीमैन,taximen,english_loanword
डिसेबल,disable,english_loanword
कॉम्बीनेशन,combination,english_loanword
एलीसा,elissa,english_loanword
कैचेक्सिया,cachexia,english_loanword
किमाडा,quemada,english_loanword
मोलास,molasses,english_loanword
केपेम,quepem,english_loanword
इंपॉसीबल,impossible,english_loanword
टेक्स्टिंग,texting,english_loanword
कार्डलेस,cardless,english_loanword
एलेक्सांद्र,alexandr,english_loanword
क्रॉसरिल,crossrail,english_loanword
कोन्फिडरेशन्स,confederations,english_loanword
कॉनॉनिसेर्स,connoisseurs,english_loanword
मुजफफरनगर,muzaffarnagar,english_loanword
इन्वेस्टिगेशन्स,investigations,english_loanword
क्लोक्सासिलिन,cloxacillin,english_loanword
ट्रांजेक्शन्स,transactions,english_loanword
लॉकबल,lockable,english_loanword
मल्टीप्लेक्सिस,multiplexes,english_loanword
पिक्चर्सक्यू,picturesque,english_loanword
अमाक,aamaq,english_loanword
कोंवोल्युशन,convolution,english_loanword
एसप्रेसो,espresso,english_loanword
फ़ॉर्म्युलेशन,formulation,english_loanword
हाइड्रॉक्सिल,hydroxyl,english_loanword
सस्टनेबल,sustainable,english_loanword
अच्चेन्नायडू,atchannaidu,english_loanword
देसो,dessau,english_loanword
अोफेंस,offences,english_loanword
कंप्यूटराइज़ेशन,computerisation,english_loanword
आईएसओएफआईआईक्स,isofix,english_loanword
एक्सपायर्ड,expired,english_loanword
कॉंग्रेसनल,congressional,english_loanword
लॉडज,lodge,english_loanword
विंदलास,windlass,english_loanword
कनकशन,concussion,english_loanword
सिविलाइज़ेशन,civilization,english_loanword
इनेब्लड,enabled,english_loanword
होसबोले,hosable,english_loanword
इश्केदारियां,ishqedarriyaan,english_loanword
क्रिसिडेक्स,crisidex,english_loanword
स्टाफर्स,staffers,english_loanword
मुअज्जम,muazzam,english_loanword
सिक्योरिटाइजेशन,securitisation,english_loanword
जेसी,jessica,english_loanword
फ्रैक्शन्स,fractions,english_loanword
मेसेंजर्स,messengers,english_loanword
लास्काक्स,lascaux,english_loanword
थलसेरी,thalassery,english_loanword
हॉफा,hoffa,english_loanword
मैननॉक्स,mannox,english_loanword
डिज़ी,dizzy,english_loanword
इंडोनेक्स्ट,indonext,english_loanword
सेंसेशंस,sensations,english_loanword
नौशेरवांजी,nusserwanji,english_loanword
कारुन,quaroon,english_loanword
प्राक्सडेस,praxedes,english_loanword
अनीशा,anissa,english_loanword
फ्लेक्सट्रॉनिक्स,flextronics,english_loanword
ट्रुसेल,trussell,english_loanword
बॉक्सस,boxes,english_loanword
असिस्ट,assist,english_loanword
प्रविजनल,provisional,english_loanword
अमरटैक्स,amartex,english_loanword
मकसूदां,maqsudan,english_loanword
निगोशिएबल,negotiable,english_loanword
वक्कास,waqqas,english_loanword
प्लेसएसएस,pleassss,english_loanword
सफोला,saffola,english_loanword
लेटरबॉक्स,letterbox,english_loanword
क्लासीफ़ायर्स,classifiers,english_loanword
हाइपॉक्सिया,hypoxia,english_loanword
रॉउसेफ,rousseff,english_loanword
डिस्टॉरशन,distortion,english_loanword
एक्सपेरिंमेंट,experiment,english_loanword
एचरला,etcherla,english_loanword
सैमपेंशन,sampension,english_loanword
क्योर्न,quorn,english_loanword
रिवीलेशन्ज़,revelations,english_loanword
क्यूजीएम,qgm,english_loanword
सेंट्रीफ्यूगेशन,centrifugation,english_loanword
काइंडनेस,kindness,english_loanword
कमपैशनेट,compassionate,english_loanword
वोरटेक्स,vortex,english_loanword
कलंदर्स,qalandars,english_loanword
किलोन,quilon,english_loanword
आईकॉमडेक्स,icomdex,english_loanword
यूनीकली,uniquely,english_loanword
एक्सेलेंसीज़,excellencies,english_loanword
एएसएसएसई,assse,english_loanword
केफर,keffer,english_loanword
नोसिसेप्शन,nociception,english_loanword
मिसिंगएक्स,missingx,english_loanword
इशु,issue,english_loanword
टीबीईएक्स,tbex,english_loanword
दीक्षस,diqssh,english_loanword
ओरेशन,oration,english_loanword
मिसक्लैसिफ़िकेशन,misclassification,english_loanword
फालाक्रोकोरैक्स,phalacrocorax,english_loanword
पिक्सिलेशन,pixelation,english_loanword
नेक्सियम,nexium,english_loanword
माइकोटॉक्सिन,mycotoxin,english_loanword
एक्सेलसन,axelson,english_loanword
एएसएसटीए,assta,english_loanword
मेसियस,messias,english_loanword
इंस्टीट्यूशनल,institutional,english_loanword
वासले,vassalo,english_loanword
मसौद,massoud,english_loanword
अग्रेसिव,aggressive,english_loanword
आईईएसएस,iess,english_loanword
डेफेयरस,daffaires,english_loanword
एनिमैक्स,animax,english_loanword
कुनलिफ,cunliffe,english_loanword
हसनअल,hassanal,english_loanword
एमोक्सिसिलिन,amoxicillin,english_loanword
एफिशन्सी,efficiency,english_loanword
कॉन्शियसनेस,consciousness,english_loanword
रेट्रोफ्लेक्स,retroflex,english_loanword
शिफेलिन,schieffelin,english_loanword
कैक्स,cax,english_loanword
मैक्सेट,maxette,english_loanword
वीएनएसएसएम,vnssm,english_loanword
नाकी,naqi,english_loanword
डीग्रास,degrasse,english_loanword
मुश्ताकुद्दीन,mustaquddin,english_loanword
तौसीक,tousiq,english_loanword
स्केज़ी,skizzy,english_loanword
महीसा,messiah,english_loanword
एक्सपोज़िटरी,expository,english_loanword
लिवेबल,livable,english_loanword
डिप्रेवेशन,deprivation,english_loanword
टेल्डिक्स,teldix,english_loanword
कोलोसी,kolossi,english_loanword
फ़ैक्शन,faction,english_loanword
कियान,qian,english_loanword
बिजनेसवुमन,businesswoman,english_loanword
हेतेरोताक्स्य,heterotaxy,english_loanword
कफिया,qafia,english_loanword
एक्सट्रेक्टर्स,extractors,english_loanword
स्वीचर,switcher,english_loanword
शेमलेस,shameless,english_loanword
प्रीप्रोसेसर,preprocessor,english_loanword
न्यूरोटॉक्सिटी,neurotoxicity,english_loanword
फिलोसोफिक्स,philosophiques,english_loanword
काजेशन,cassation,english_loanword
कुच्ची,kutcha,english_loanword
आईसीएफएफ,icff,english_loanword
डेजिगनेशन,designation,english_loanword
कंसल्टेशन,consultation,english_loanword
रिन्यूवेएबल,renewable,english_loanword
एस्सेक्स,essex,english_loanword
मॉरटिनिक,martinique,english_loanword
कालामसरी,kalamassery,english_loanword
लवलेस,loveless,english_loanword
ईएलएसएस,elss,english_loanword
पुतुलनाच,putulnautch,english_loanword
कॉन्टेक्स्चुअल,contextual,english_loanword
एक्सपोर्टर्स,exporters,english_loanword
हसनउल,hassanul,english_loanword
होएसलिन,hoesslin,english_loanword
कंडिशनर्स,conditioners,english_loanword
रिक्सिंगर,riexinger,english_loanword
टिसेनक्रुप,thyssenkrupp,english_loanword
फार्मुलेशंस,formulations,english_loanword
जेफ्फेन,geffen,english_loanword
लेंक्यूएसैंग,lencquesaing,english_loanword
पाश्चराइजेशन,pasteurization,english_loanword
लेजीसलेशन,legislation,english_loanword
स्नैच,snatch,english_loanword
डिडेक्शन,deduction,english_loanword
आईआईएसएफ,issf,english_loanword
पॉजिशन,position,english_loanword
जफ्फेरसेठ,jafferseth,english_loanword
कमीश्नरस्,commissioners,english_loanword
नेपोमनियाची,nepomniachtchi,english_loanword
एबेल्ड,abled,english_loanword
लवाजा,lavazza,english_loanword
आइडैंटीफिकेशन,identification,english_loanword
रुसेफ,rousseff,english_loanword
पेक्सटन,paxton,english_loanword
प्रॉविजनिंग,provisioning,english_loanword
ट्रांसियन,transsion,english_loanword
सीएसएसटीई,csste,english_loanword
हांडीक,handique,english_loanword
नैरेशन,narration,english_loanword
एक्स्मूर,exmoor,english_loanword
मैनसे,manesse,english_loanword
यूरोमैक्स,euromax,english_loanword
डोजियर,dossier,english_loanword
एंटीटॉक्सिन,antitoxin,english_loanword
इक्स,ickx,english_loanword
लेक्सिस,lexis,english_loanword
आईइएसएस,iess,english_loanword
कॉन्क्लूज़न,conclusion,english_loanword
क्रोच,crotch,english_loanword
क्लिफ़हैंगर,cliffhanger,english_loanword
अंसी,anssi,english_loanword
पेपरलेस,paperless,english_loanword
मुहार्रक,muharraq,english_loanword
पीएलएमएक्स,plmx,english_loanword
तरक्कीयाती,taraqqiati,english_loanword
स्टीचिंग,stitching,english_loanword
ड्यूक्सने,duquesne,english_loanword
हुसनीनी,husseini,english_loanword
जेसु,jessu,english_loanword
कॉन्कशन,concussion,english_loanword
पेलिसेरी,pellissery,english_loanword
एक्सपेडिशनरी,expeditionary,english_loanword
डीआईएफएफ,diff,english_loanword
इक्वावेलेंट,equivalent,english_loanword
प्रोट्रूशियंस,protrusions,english_loanword
थ्रोसेल,throssell,english_loanword
अनएक्सपोज़्ड,unexposed,english_loanword
इम्प्रेग्नेशन,impregnation,english_loanword
विसेनशाफ्ट,wissenschaft,english_loanword
पेट्रोज़ीएलो,petrozziello,english_loanword
ब्रिजा,brezza,english_loanword
एक्सपेरिअन,experian,english_loanword
फ़्लेचर,fletcher,english_loanword
एक्सपर्टाइज,expertise,english_loanword
कायल,qoil,english_loanword
थैलिसीमिया,thalassemia,english_loanword
मुण्डशेरी,mundasseri,english_loanword
सोटलोफ,sotloff,english_loanword
संसेशन,sensation,english_loanword
टॉरकेटी,turquotte,english_loanword
ड्रायवरलेस,driverless,english_loanword
क्यूपीआई,qpi,english_loanword
वाचडॉग,watchdog,english_loanword
इलुमिनेशन,illumination,english_loanword
रेवोटॉर्क,revotorq,english_loanword
वालरस,walrass,english_loanword
ज़ेक्सानथिन,zeaxanthin,english_loanword
करदावी,qaradawi,english_loanword
आसुसस्क्रीनपैड,asusscreenpad,english_loanword
जोहॉनसन,johansson,english_loanword
इफ्तिकार,iftiqar,english_loanword
एक्सचेंज्स,exchanges,english_loanword
जाइरेशन,gyration,english_loanword
मोल्डेबल,moldable,english_loanword
असदुज्जमान,asaduzzaman,english_loanword
सर्राफ्स,shroffs,english_loanword
बिशॉफ,bischoff,english_loanword
ओम्निबॉक्स,omnibox,english_loanword
ओकेजंश,occasions,english_loanword
इंडएक्स,indx,english_loanword
इंफोसोल्यूशंस,infosolutions,english_loanword
ब्रेजा,brezza,english_loanword
मलरॉक्स,malraux,english_loanword
हेडमिस्ट्रेसेस,headmistresses,english_loanword
रैकेट्स,racquets,english_loanword
अनेब्लड,enabled,english_loanword
पोस्ट्रेमिशन,postremission,english_loanword
कुतुबद्दीन,qutubuddin,english_loanword
काशिफ,qashif,english_loanword
जैक्सी,jaxay,english_loanword
एफेयर्स,affairs,english_loanword
केंसिलेशन,cancellation,english_loanword
रीफेल,reiffel,english_loanword
मॉक्स,mox,english_loanword
मार्केटवाच,marketwatch,english_loanword
बर्टशेल,burtchaell,english_loanword
वैक्समैन,waxman,english_loanword
थर्माइज़ेशन,thermization,english_loanword
कमीशन्ड,commissioned,english_loanword
बिट्स,bitches,english_loanword
जेनरेशन्स,generations,english_loanword
कम्प्यूटेश्नल,computational,english_loanword
कमरुल,qamrul,english_loanword
वेकेशंस,vacations,english_loanword
मक्दीसी,maqdisi,english_loanword
अलिशा,alyssa,english_loanword
इवैलूएशन,evaluation,english_loanword
मिस्रिय्या,missriyyah,english_loanword
कांगे्रस,congresss,english_loanword
नॉच,notch,english_loanword
एसासिंस,assassins,english_loanword
बौक्सशैल,boxshall,english_loanword
प्लासचार्ट,plasschaert,english_loanword
जेकलीन,jacqueline,english_loanword
एलियेनेशन,alienation,english_loanword
टीक्यूएम,tqm,english_loanword
नैसर,nassar,english_loanword
मोनस्पेसुलानस,monspessulanus,english_loanword
फॉक्सवेइकली,foxweekly,english_loanword
एयरकंडीशंड,airconditioned,english_loanword
हैचिंग,hatching,english_loanword
रेडियोइम्यूनोएसे,radioimmunoassay,english_loanword
स्क्वैक्ड,squawked,english_loanword
महाफ्फिए,mahaffie,english_loanword
कासिनीली,cassinelli,english_loanword
इफेक्टिवनेस,effectiveness,english_loanword
डिस्क्रिमिनेशन,discrimination,english_loanword
इवैल्यूएशन,evaluation,english_loanword
मैक्सीमम,maximum,english_loanword
एक्सपिरेशन,expiration,english_loanword
क्यूमादा,quemada,english_loanword
कॉनफिगुरेशन,configuration,english_loanword
जाफा,jaffa,english_loanword
कार्बाक्सीलिक,carboxylic,english_loanword
यूरोचेक,eurocheque,english_loanword
जोकिम,joaquim,english_loanword
होफनंग,hoffnung,english_loanword
कम्पीटीशंस,competitions,english_loanword
पोलुशन,pollution,english_loanword
अख्तरुज्जमां,akhtaruzzaman,english_loanword
क्रप्शन,corruption,english_loanword
इंटरचेंजेबल,interchangeable,english_loanword
डिप्रेसिएशन,depreciation,english_loanword
सेकर,saqr,english_loanword
मिफ्लिन,mifflin,english_loanword
इंटरकनेकशन,interconnection,english_loanword
फोर्मुलेशन्स,formulations,english_loanword
सेक्सेना,saxena,english_loanword
वैलनेस,wellness,english_loanword
इमर्शन,immersion,english_loanword
टेक्निक्स,techniques,english_loanword
एएफआईएनडीईएक्स,afindex,english_loanword
कमरुज्जमान,kamruzzaman,english_loanword
ग्लोसॉप,glossop,english_loanword
क्यूपीएम,qpm,english_loanword
मुज़फ्फरनगर,muzaffarnagar,english_loanword
प्रोफसरशिप,professorship,english_loanword
रोसेलिनी,rossellini,english_loanword
मर्केज़,mrquez,english_loanword
योवानोविच,yovanovitch,english_loanword
टेबलवियर,tableware,english_loanword
ओरिसी,orissi,english_loanword
कासीनी,cassini,english_loanword
सिनेमैक्स,cinemax,english_loanword
मालरॉक्स,malraux,english_loanword
बैंकेटिंग,banqueting,english_loanword
सूक,souq,english_loanword
निप्पोनिज़ेशन,nipponization,english_loanword
कोजिना,kossinna,english_loanword
एडसेरी,edasseri,english_loanword
डॉक्सीजन,doxygen,english_loanword
टैक्सॉनमी,taxonomy,english_loanword
स्टर्गेस,sturgess,english_loanword
एफएशिएंसी,efficiency,english_loanword
एक्रास,across,english_loanword
जैकेट,jacquet,english_loanword
एक्सेलसेन,axelsen,english_loanword
सेगरिगेशन,segregation,english_loanword
टैस्टमैंट,testament,english_loanword
एलॉफ,eloff,english_loanword
सेनिटाइजेशन,sanitisation,english_loanword
विजंस,visions,english_loanword
कोलोसल,colossal,english_loanword
इन्ग्रैस,ingress,english_loanword
एक्सपैडिशन,expedition,english_loanword
बेसेमेर,bessemer,english_loanword
ग्रिफिश,griffith,english_loanword
अफाक,affaque,english_loanword
बॉन्सडार्फ,bonsdorff,english_loanword
डिस्इंफैक्शन,disinfection,english_loanword
कुरतुलैन,quratulain,english_loanword
वेलनैस,wellness,english_loanword
पॉंटिफेक्स,pontifex,english_loanword
ट्रिपइंडेक्स,tripindex,english_loanword
डिसपेच,dispatch,english_loanword
टाउटडॉक्स,toutdoux,english_loanword
रफीका,rafiqa,english_loanword
नौगटन,naughton,english_loanword
कन्वर्सेशन,conversation,english_loanword
स्लाइनेक्स,slinex,english_loanword
वानकुआन,wanquan,english_loanword
फ्रैटर्नाइजेशन,fraternization,english_loanword
मेक्सीमम,maximum,english_loanword
मैग्नेटोस्ट्रिक्शन,magnetostriction,english_loanword
लक्ष्मणन,laxmanan,english_loanword
एन्सी,anssi,english_loanword
प्रोफेश्नल्स,professionals,english_loanword
कम्प्लेक्सिटी,complexity,english_loanword
मैचबॉक्स,matchbox,english_loanword
रिनेसान्स,renaissance,english_loanword
निक्स्दोर्फ़,nixdorf,english_loanword
कीजास,quizs,english_loanword
नासिफ,nassif,english_loanword
मैसिमिलानो,massimiliano,english_loanword
क्रोमाफिन,chromaffin,english_loanword
रूस्ताक,rustaq,english_loanword
प्रोग्रेसवे,progressway,english_loanword
एड्रेसबल,addressable,english_loanword
जैकलान,jacqueline,english_loanword
फ़ोंडेशं,fondation,english_loanword
हाइपोपरफ्यूजन,hypoperfusion,english_loanword
नेशनलिटीज़,nationalities,english_loanword
आफसैट,offset,english_loanword
मोलिनिक्स,molineux,english_loanword
ट्रेडिशनली,traditionally,english_loanword
रीएश्योर,reassure,english_loanword
अक्सेल्र्रोड,axelrod,english_loanword
कोज,quoz,english_loanword
एक्सप्र्रेसवे,expressway,english_loanword
कोवैक्सिन,covaxin,english_loanword
रिफ़,riff,english_loanword
बुसेलटन,busselton,english_loanword
रक्स,raqs,english_loanword
इंजेक्टेबल,injectable,english_loanword
ग्लिस,gliss,english_loanword
अफेंसेज,offences,english_loanword
इनविटेशनल,invitational,english_loanword
कैलिक्स,calyx,english_loanword
एक्सटीरियर्स,exteriors,english_loanword
बुचर्ट,butchart,english_loanword
नोवामोक्स,novamox,english_loanword
ग्रीवैक्स,griveaux,english_loanword
इलेस्ट्रेशन,illustartion,english_loanword
डिसरप्शन,disruption,english_loanword
डेप्यूटेशन,deputation,english_loanword
एसक्यूथ,asquith,english_loanword
स्पर्ाक्स,sparx,english_loanword
हैनसेन,hanssen,english_loanword
एग्रीवाच,agriwatch,english_loanword
बिसम,bissam,english_loanword
कार्लॉफ़,karloff,english_loanword
इलेक्ट्रोक्यूशन,electrocution,english_loanword
फासबेंडर,fassbender,english_loanword
डीआईएमडीईएक्स,dimdex,english_loanword
टीआरओपीईएक्स,tropex,english_loanword
विजयलक्ष्मी,vijaylaxmi,english_loanword
पेट्रोलीमेक्स,petrolimex,english_loanword
अकूफो,akuffo,english_loanword
शिक्सिन,shixin,english_loanword
मेसनर,messner,english_loanword
कन्क्लूज़न,conclusion,english_loanword
रिडेंपशन,redemption,english_loanword
बॉयोमास,biomass,english_loanword
एक्सपेडिशन,expedition,english_loanword
उज्जियाह,uzziah,english_loanword
मोबीलाइजेशन,mobilization,english_loanword
सैसी,sassy,english_loanword
हाइपोपिगमेंटेशन,hypopigmentation,english_loanword
सैक्साफोन,saxophone,english_loanword
सबस्टेशन,substation,english_loanword
इन्टीमेशन,intimation,english_loanword
वेरीयबल,variable,english_loanword
हांडिक,handique,english_loanword
ग्लोसोप्टेरिस,glossopteris,english_loanword
मॉड्यूलेशन,modulation,english_loanword
एडीशन्स,additions,english_loanword
एस्केलेशन,escalation,english_loanword
ओलोफसन,olofsson,english_loanword
एक्शनसाफ्ट,actionsoft,english_loanword
एक्सिओम,axiom,english_loanword
डीफेनबाच,dieffenbach,english_loanword
इंटरनेशनेल,internationale,english_loanword
आइआरएनएसएस,irnss,english_loanword
ज़ौक,zauq,english_loanword
लाइगेशन,ligation,english_loanword
टॉक्सिस,toxics,english_loanword
इशहाक,ishaq,english_loanword
सीजर्स,scissors,english_loanword
मोनोशॉक,monocoque,english_loanword
रिस्पाउंसेबुल,responsible,english_loanword
सीक्यूए,cqa,english_loanword
बोज़ियो,bozzio,english_loanword
डायवर्शन,diversion,english_loanword
डिस्ट्रूब्यूशन,distribution,english_loanword
असीर,assir,english_loanword
हीकम्प्लेक्सिटी,complexity,english_loanword
शूफ़्टन,schfftan,english_loanword
एक्सपोज़ीशन,exposition,english_loanword
टैबुलेशन,tabulation,english_loanword
इरपैक्स,irpex,english_loanword
सिकोइया,sequoia,english_loanword
इस्टैब्लिशमंट,establishment,english_loanword
इन्सट्रक्शन,instruction,english_loanword
अलेक्सिएविच,alexievich,english_loanword
इल्युजन,illusion,english_loanword
कासिनो,cassino,english_loanword
डिसर्टेशन,dissertation,english_loanword
प्रजेंटेंशन,presentation,english_loanword
कंफर्मेंशन्स,confirmations,english_loanword
कॉलीशन,coalition,english_loanword
असेंबलर्स,assemblers,english_loanword
एपॉक्सी,epoxy,english_loanword
सैक्सोफोन,saxophone,english_loanword
पॉलीफेनोलोक्सीडेज,polyphenoloxidase,english_loanword
अकिला,aquila,english_loanword
एक्सप्लोजिव,explosive,english_loanword
कोट्टासेरी,kottasseri,english_loanword
टेबलवेयर,tableware,english_loanword
स्लीनेक्स,slinex,english_loanword
हेमेटोसाल्पिनक्स,hematosalpinx,english_loanword
फिजीक,physique,english_loanword
अफरेचर्स,affreteurs,english_loanword
गुसार,gussar,english_loanword
किंगहाई,qinghai,english_loanword
इंस्टीगेशंस,instigations,english_loanword
परफेक्शन,perfection,english_loanword
मारूसिया,marussia,english_loanword
टीआईएसएस,tiss,english_loanword
आईडीइएक्स,idex,english_loanword
एक्सक्लूजन,exclusion,english_loanword
एमिसन,emission,english_loanword
हाइड्रोक्सीक्लोरोकिन,hydroxychloroquine,english_loanword
मेहरुनिसा,mehrunissa,english_loanword
मैक्सिलोफैशियल,maxillofacial,english_loanword
रेक्सबर्ग,rexburg,english_loanword
टॉक्सिकोलॉजिस्ट,toxicologist,english_loanword
राइफल,reiffel,english_loanword
एक्सपेरिस,experis,english_loanword
मल्टिप्लिकेशन,multiplication,english_loanword
ढिकार,dhiqar,english_loanword
एनरीके,enrique,english_loanword
कायद,quaid,english_loanword
डायोक्सॉइड,dioxide,english_loanword
डिकैफिनेशन,decaffeination,english_loanword
रिकनैसैंस,reconnaissance,english_loanword
शकीर,shaqir,english_loanword
सस्पेंसन,suspension,english_loanword
इंवेस्टिगेशन्स,investigations,english_loanword
ब्रोक्सटन,broxton,english_loanword
कस्बा,qasba,english_loanword
काफ़ूर,caffoor,english_loanword
टीसाइड,teesside,english_loanword
गुरबक्स,gurbax,english_loanword
कियांग,keqiang,english_loanword
अपडीग्राफ,updegraff,english_loanword
रेनबेक्सी,ranbaxy,english_loanword
मॉनेक्सो,monexo,english_loanword
अड्रेस,addresses,english_loanword
पोल्यूशन,pollution,english_loanword
गन्नारशन,gunnarsson,english_loanword
आपरेशंस,operations,english_loanword
ट्रांसफर्मेशन,transformation,english_loanword
ओर्थोडॉक्स,orthodox,english_loanword
फाइक,faiq,english_loanword
ज़ुल्फिकराबाद,zulfiqarabad,english_loanword
एपीक्यूएन,apqn,english_loanword
सैबल,sable,english_loanword
मुजेम,muazzem,english_loanword
जेसेल,jessel,english_loanword
अफेक्टिव,affective,english_loanword
कजा,qaza,english_loanword
कुइरिन,quirin,english_loanword
नैशनल्स,nationals,english_loanword
टैक्स्चर,texture,english_loanword
इसिंग्लास,isinglass,english_loanword
लासेटर,lasseter,english_loanword
कान्स्टीट्यूशनल,constitutional,english_loanword
सक्सैना,saxena,english_loanword
टॉर्सनल,torsional,english_loanword
ब्रासी,brassy,english_loanword
लोंगस्टाफ,longstaff,english_loanword
पेंशनभोगी,pensionbhogi,english_loanword
केनेक्सट,knext,english_loanword
पफीफर,pfeiffer,english_loanword
इन्फ्युजन,infusion,english_loanword
मोक्सिटास,moxitas,english_loanword
वेयरेबल,wearable,english_loanword
कमेंडेशन,commendation,english_loanword
टीइइएस,tess,english_loanword
कॉन्फ़िगरेशन,configuration,english_loanword
फिज्ज,fizz,english_loanword
डिस्ट्रीब्युशन,distribution,english_loanword
अनएक्सपेक्टेड,unexpected,english_loanword
इफीशिएंसी,efficiency,english_loanword
माइसाउ,maissau,english_loanword
मैसेजेज,messages,english_loanword
रिवॉल्यूशनरी,revolutionary,english_loanword
बूटीक,boutique,english_loanword
व्हिच,witch,english_loanword
कैसिनो,cassino,english_loanword
विकारुद्दीन,viqaruddin,english_loanword
कंटेनमैंट,containment,english_loanword
एडमिसबिलिटी,admissibility,english_loanword
पैरनासुस,parnassus,english_loanword
सोटलॉफ़,sotloff,english_loanword
अनप्लेअबल,unplayable,english_loanword
क्रिकेटनेक्स्ट,cricketnext,english_loanword
टेट्रोक्साइड,tetroxide,english_loanword
डेनिस,denness,english_loanword
विसी,vissi,english_loanword
सेक्शुएलिटी,sexuality,english_loanword
प्रौपल्शन,propulsion,english_loanword
रासी,rassie,english_loanword
मैक्सीकोड,maxicode,english_loanword
कुताब,qutab,english_loanword
एक्स्ट्रासेल्युलर,extracellular,english_loanword
एक्स्टेंशन,extension,english_loanword
वेइस,weiss,english_loanword
रिससिटेशन,resuscitation,english_loanword
कालामसेरी,kalamassery,english_loanword
कंसोलिडेशन,consolidation,english_loanword
शफिकुर,shafiqur,english_loanword
बैंकेक्स,bankex,english_loanword
गावस,gavass,english_loanword
कॉम्पलैक्स,complexes,english_loanword
ग्लयाक्सिलेट,glyoxylate,english_loanword
आईक्यूएफ,iqf,english_loanword
कौसरी,kousseri,english_loanword
इनोक्सापारिन,enoxaparin,english_loanword
चार्तचाय,chartchai,english_loanword
इंटरप्रीटेशन,interpretation,english_loanword
विस्काउंटेस,viscountess,english_loanword
मोबलाइजेशन,mobilization,english_loanword
ओमिशन,omission,english_loanword
बोंसडॉर्फ,bonsdorff,english_loanword
एयरोस्टाफ,aerostaff,english_loanword
पेट्रिक्स,patrix,english_loanword
जोहान्सन,johansson,english_loanword
कोंस्टेलेशन,constellation,english_loanword
एक्सप्रेसवेज,expressways,english_loanword
वॉचमैन,watchman,english_loanword
कस्टमाइजेबल,customizable,english_loanword
इफीसियेंसी,efficiency,english_loanword
सीएफएस,cfss,english_loanword
क्यूरोगा,quiroga,english_loanword
मुज्जफरपुर,muzzafarpur,english_loanword
एकट्रेस,actress,english_loanword
इंसपेक्शन,inspection,english_loanword
हेरिटेबल,heritable,english_loanword
कन्सेशन,concession,english_loanword
हमास,hamass,english_loanword
मैचेस,matches,english_loanword
बोर्डेक्स,bordeaux,english_loanword
चैटरबॉक्स,chtrbox,english_loanword
ट्राईलेटेरेशन,trilateration,english_loanword
फर्मेन्टेशन,fermentation,english_loanword
एज़म्प्शन,assumption,english_loanword
ट्रांसफ्यूज़न,transfusion,english_loanword
स्पालेशन,spallation,english_loanword
महाबालेश्वर,mahableshwar,english_loanword
पोटेशिक,potassic,english_loanword
सुपरप्रिक्स,superprix,english_loanword
कंबस्शन,combustion,english_loanword
रोटेशनल,rotational,english_loanword
ईक्लर्क्स,eclerx,english_loanword
क्यूएफआई,qfi,english_loanword
केपीएसएस,kpss,english_loanword
बाइसेक्सुअल,bisexual,english_loanword
फ्लैक्सिबल,flexible,english_loanword
जेसिया,jessia,english_loanword
जसी,jassie,english_loanword
मैक्सीलोफेशियल,maxillofacial,english_loanword
जीडीएस,gdss,english_loanword
तौफिक,toufique,english_loanword
रेजुवेनशन,rejuvenation,english_loanword
इन्वैंशन,invention,english_loanword
ताराकती,taraqiati,english_loanword
ट्रांसमीशन,transmission,english_loanword
डेफिकेशन,defecation,english_loanword
शाफिक,shafique,english_loanword
इव्हानजलाइजेशन,evangelization,english_loanword
रेमेडियशन,remediation,english_loanword
मक्सिंग,muxing,english_loanword
शानक्सी,shaanxi,english_loanword
क्रेवेस,crevasses,english_loanword
बैरोक,baroque,english_loanword
इस्साक,issaq,english_loanword
होलनेस,holness,english_loanword
किकाजीगुंड,qazigund,english_loanword
मिकेलॉन,miquelon,english_loanword
रिजूवनैशन,rejuvenation,english_loanword
गेमिफिकेशन,gamification,english_loanword
प्रोहिबेशन,prohibition,english_loanword
मसाजर,massasieur,english_loanword
हॉटचकिस,hotchkiss,english_loanword
इल्यूमिनेशन,illumination,english_loanword
एलेसेंड्रेलो,alessandrello,english_loanword
ओडिसी,odyssea,english_loanword
मुकद्दासी,muqaddasi,english_loanword
कुवा,quwa,english_loanword
स्कूटरिज़ेशन,scooterization,english_loanword
केशलेस,cashless,english_loanword
सीईएक्स,cex,english_loanword
सदीक,sadique,english_loanword
मिज्जा,mizzah,english_loanword
सौसिज़न,saucisson,english_loanword
कुइलो,quilo,english_loanword
अबिसिनिया,abyssinia,english_loanword
टिसेनक्रप,thyssenkrupp,english_loanword
ट्रांसमिशंस,transmissions,english_loanword
फैक्सेंडर,faxander,english_loanword
स्पेनटेक्स,spentex,english_loanword
स्पॉलेशन,spallation,english_loanword
टायरलेस,tireless,english_loanword
एक्सट्रॉकोर्पोरियल,extracorporeal,english_loanword
नयूरोतोक्सिक,neurotoxic,english_loanword
विंडलास,windlass,english_loanword
पोंटिफिक्स,pontifex,english_loanword
प्रोबेशनर्स,probationers,english_loanword
क्यूबाला,qibla,english_loanword
फॉसे,fosse,english_loanword
हलवोरसीन,halvorssen,english_loanword
प्यूरिफिकेशन,purification,english_loanword
इमेज़िनेशन,imagination,english_loanword
टाटाक्लिक,tatacliq,english_loanword
मेसडेक,messdeck,english_loanword
डीओक्सी,deoxy,english_loanword
मैथोट्रेक्सेट,methotrexate,english_loanword
कदूस,quddus,english_loanword
डिक्लेयरेशन,declaration,english_loanword
एडोरेशन,adoration,english_loanword
किलियांग,qiliang,english_loanword
एक्सालिबुर,excalibur,english_loanword
फिलोक्सीनिया,philoxenia,english_loanword
मुचु,mutchu,english_loanword
एसावी,essawi,english_loanword
स्ट्रीफ़,streiff,english_loanword
सेग्रेगेशनिस्ट,segregationist,english_loanword
रज़ी,razzie,english_loanword
डाइसफंक्शन,dysfunction,english_loanword
इम्प्रुवमैंट,improvement,english_loanword
अमीशा,amissah,english_loanword
डोकोसाहेक्सैनोइक,docosahexaenoic,english_loanword
उज्जीएल,uzziel,english_loanword
स्नुफर,sniffer,english_loanword
मुरकोंगसेलेक्स,murkongselex,english_loanword
ट्रांसपोर्टेबल,transportable,english_loanword
ओक्सिकोडोन,oxycodone,english_loanword
क्यूबिट,qubit,english_loanword
पिकार्ट,picquart,english_loanword
डेक्सटर,dexter,english_loanword
सिनटेक्स,sintex,english_loanword
पुतुसेरी,puthussery,english_loanword
अर्बुसेट,arbousset,english_loanword
प्लुफे,plouffe,english_loanword
एबीबीएफएफ,abbff,english_loanword
डर्नेस,durness,english_loanword
किआओ,qiao,english_loanword
बेजोस,bezoss,english_loanword
पेरोक्सीडेस,peroxidase,english_loanword
इनफ्लेशन,inflection,english_loanword
फायरफोक्स,firefox,english_loanword
अर्बनाइजेशन,urbanisation,english_loanword
दारेसलाम,darussalam,english_loanword
यूएएस,uass,english_loanword
कट्टान,qattan,english_loanword
ट्विचिंग,twitching,english_loanword
इंक्युबेशन,incubation,english_loanword
वॉक्सर,voxer,english_loanword
स्टेबल,stable,english_loanword
सास्काचेवान,saskatchewan,english_loanword
थोरेक्स,thorax,english_loanword
एक्सेाडस,exodus,english_loanword
सबक,sabq,english_loanword
मोनिरुजमान,moniruzzaman,english_loanword
प्रेशन,pression,english_loanword
अक्रेडिटेशन,accreditation,english_loanword
क्रसिंग,crossing,english_loanword
सीएएक्यूएम,caaqm,english_loanword
प्रिपेयरेशन,preparation,english_loanword
टेफ्,teff,english_loanword
प्रेसबोर्ड,pressboard,english_loanword
केएक्सएएन,kxan,english_loanword
होफ्स,hoffs,english_loanword
कॉन्फ़िगुरेशऩ,configuration,english_loanword
नेशनेलिटीज,nationalities,english_loanword
कुनैक्शन,connection,english_loanword
डिक्शन,diction,english_loanword
पेलिसारी,pelissari,english_loanword
कान्सोलिडेशन,consolidation,english_loanword
पैंसेंजर,passenger,english_loanword
लंचन्ना,latchanna,english_loanword
मुवफ़्फ़क,muwaffaq,english_loanword
डीसैलीनेशन,desalination,english_loanword
बैंकेबल,bankable,english_loanword
सिपॉक्स,sipox,english_loanword
एफ़िशियींट,efficient,english_loanword
इंसेप्शन,inception,english_loanword
आईयूएसएसटीएफ,iusstf,english_loanword
पैक्सन,paxon,english_loanword
बेशो,bessho,english_loanword
जीआईएसएस,giss,english_loanword
असदुज्जमन,asaduzzaman,english_loanword
लैसमैन,lassman,english_loanword
जाइसलर,geissler,english_loanword
ओसस,ossus,english_loanword
पिटीशनर्स,petitioners,english_loanword
कंट्रडिक्शन,contradiction,english_loanword
इमिटेशन,imitation,english_loanword
स्टैगफ्लेशन,stagflation,english_loanword
हेसलहॉफ,hasselhoff,english_loanword
बायोकम्पैटेबल,biocompatible,english_loanword
अक्ताश,aqtash,english_loanword
मल्तिकात,multaqat,english_loanword
आईविटनेस,eyewitness,english_loanword
मिशन्स,missions,english_loanword
कम्प्रेस्ड,compressed,english_loanword
रीडम्पशन,redemption,english_loanword
पेनामेक्स,panamax,english_loanword
स्टेटलेस,stateless,english_loanword
जैफे,jaffe,english_loanword
एक्सपायरी,expire,english_loanword
अनोफिशिअल,unofficial,english_loanword
आईएसओफिक्स,isofix,english_loanword
सॉस,sass,english_loanword
प्रिन्सेस,princess,english_loanword
रिविजनल,revisional,english_loanword
वैनलेस,vaneless,english_loanword
मैसीमिलियानो,massimilano,english_loanword
प्रोलिफ़रेशन,proliferation,english_loanword
मुईजद्दीन,muizzaddin,english_loanword
प्रेडोमिक्स,predomix,english_loanword
नेक्सा,nexa,english_loanword
सबवेंशन,subvention,english_loanword
स्टॉफिंग,staffing,english_loanword
डिफ्यूज्ड,diffused,english_loanword
एक्सल्स,axles,english_loanword
रीअसेसमेंट,reassessment,english_loanword
फड़नवीस,fadnaviss,english_loanword
पैरामाइक्सोविरिडे,paramyxoviridae,english_loanword
तीसा,tissa,english_loanword
एक्सपीरियंसेज,experiences,english_loanword
क्रूज,krauss,english_loanword
डिएक्टिवेशन,deactivation,english_loanword
मॉडर्नाइजेशन,modernization,english_loanword
लालकिले,lalquila,english_loanword
जैनसेन,janssen,english_loanword
रिडाक्स,redox,english_loanword
नवीगेशन,navigation,english_loanword
अकेल,aqeel,english_loanword
रेस्टोरेशन,restoration,english_loanword
कयारा,qayyara,english_loanword
रसिटो,russito,english_loanword
ट्रांसस्टैडिया,transstadia,english_loanword
यूनिफिकेशन,unification,english_loanword
आर्थोडॉक्स,orthodox,english_loanword
इनकेबल,incable,english_loanword
वेसेलीन,vasselin,english_loanword
मिलिसा,melissa,english_loanword
लेक्सिकल,lexical,english_loanword
क्यूआरएसएएम,qrsam,english_loanword
केवीएसएस,kvss,english_loanword
चैकबॉक्स,checkbox,english_loanword
प्रेसले,pressley,english_loanword
ससिक्स,sussex,english_loanword
फर्टिलाइज़ेशन,fertilisation,english_loanword
नचियप्पन,natchiappan,english_loanword
हाइड्रोक्सिब्यूटाइरेट,hydroxybutyrate,english_loanword
काहतनी,qahtani,english_loanword
डिक्सिन,dixinn,english_loanword
पेन्टाक्साइड,pentoxide,english_loanword
गुओकियांग,guoqing,english_loanword
स्पोफ़ोर्थ,spofforth,english_loanword
सॉरेक्स,sorex,english_loanword
डिलिवरेबल,deliverable,english_loanword
निओक्लासिकल,neoclassical,english_loanword
परसाला,parassala,english_loanword
हसनुल,hassanul,english_loanword
सासकेश्वान,saskatchewan,english_loanword
मैक्सीट्रक,maxitruck,english_loanword
एम्बिशन,ambition,english_loanword
रजहियूस्की,rzheussky,english_loanword
हरास्मेंट,harassment,english_loanword
व्हिजर,whizzer,english_loanword
इंडेक्सेस,indexes,english_loanword
डायल्यूशन,dilution,english_loanword
कौर्डलेस,cordless,english_loanword
कयूमर,qamar,english_loanword
मकदीस,maqdis,english_loanword
हेक्सागोनल,hexagonal,english_loanword
कंप्यूटेशंस,computations,english_loanword
आईपीएमएक्स,ipmx,english_loanword
बीटिफ़िकेशन,beatification,english_loanword
एरोस्टफ,aerostaff,english_loanword
रीएनिमेशन,reanimation,english_loanword
रॉसलिन,rosslyn,english_loanword
हैरेसमेंट,harassment,english_loanword
कैसिटेराइट,cassiterite,english_loanword
क्यूओएमएस,qoums,english_loanword
बीपीएसएस,bpss,english_loanword
डॉज,dodge,english_loanword
क्रिंगटॉन,crighton,english_loanword
फ्रेक्शन्स,fractions,english_loanword
एक्सेसेबिल,accessible,english_loanword
रीची,ritchie,english_loanword
याकूबी,yaqoubi,english_loanword
रोसो,rosso,english_loanword
एसेज़,essays,english_loanword
कस्टमाइज़ेशन,customization,english_loanword
डेक्स्टेरिटीस,dexterities,english_loanword
सिनेविजन,cinevision,english_loanword
वैसन,wasson,english_loanword
टेक्सिम,taxim,english_loanword
टीइएसएस,tess,english_loanword
किंग्गी,qingyi,english_loanword
आउटस्टेशन,outstation,english_loanword
कॉलोनाइज़ेशन,colonisation,english_loanword
ट्रंपिजेशन,trumpization,english_loanword
आईएनओएक्स,inox,english_loanword
रेडीनेस,readiness,english_loanword
इज्जुद्दीन,izzuddin,english_loanword
पजल,puzzle,english_loanword
करौक,karoq,english_loanword
कसरगढ़,kassargod,english_loanword
ज़ुफेंहौसेन,zuffenhausen,english_loanword
डेक्स,dex,english_loanword
टेनासेरिम,tenasserim,english_loanword
ट्रांसफ़ॉर्मेशन,transformation,english_loanword
रेडिच,redditch,english_loanword
आएफएफआई,iffi,english_loanword
एटानासॉफ,atanasoff,english_loanword
डिसेक्शन,dissection,english_loanword
विशन,vision,english_loanword
कमर्शियालाइजेशन,commercialisation,english_loanword
स्किफल,skiffle,english_loanword
मोसांग,mossang,english_loanword
हेल्पलेस,helpless,english_loanword
प्रोफेशनलिजम,professionalism,english_loanword
सोलराइजेशन,solarisation,english_loanword
शांक्सी,shaanxi,english_loanword
मेन्शन,mention,english_loanword
अलाटमैंट,allotment,english_loanword
रिज़क,rizq,english_loanword
एफिशियेंसी,efficiency,english_loanword
रैक्सुअल,raxual,english_loanword
ट्रूफॉट,truffaut,english_loanword
बैंकाश्युरेंस,bancassurance,english_loanword
फिडेचेस,fidechess,english_loanword
एंश्योरेंस,assurance,english_loanword
एक्सपेक्टेड,expected,english_loanword
विशनदास,vishandass,english_loanword
कमिश्नरज़,commissioners,english_loanword
सफू,saffo,english_loanword
पेसरीज़,pessaries,english_loanword
यिनक्सी,yinxi,english_loanword
फर्टीलाइजेशन,fertilisation,english_loanword
कैक्सटन,caxton,english_loanword
हाइकविजन,hikvision,english_loanword
कंपैैशिनेट,compassionate,english_loanword
इंडकशन,induction,english_loanword
कंपीटिशंस,competitions,english_loanword
कॉमैक्स,comex,english_loanword
यूपीएसएस,upss,english_loanword
रिजेनरेशन,regeneration,english_loanword
रोसलिन,rosslyn,english_loanword
ओर्न्दोर्फ़,orndorff,english_loanword
ओलंपिक,olympique,english_loanword
अनास्तासिया,anastassia,english_loanword
इसेकेशेव,issekeshev,english_loanword
प्रिंसेज,princess,english_loanword
फ्लुरोडियोक्सीग्लुकोज,fluorodeoxyglucose,english_loanword
कोंडोलीजा,condoleezza,english_loanword
मोटोप्लेक्स,motoplex,english_loanword
आइडेन्टीफिकेशन,identification,english_loanword
मैक्सस,maxus,english_loanword
रिकमेंडेशन,recommendation,english_loanword
टैक्सक्रागन,taxkorgan,english_loanword
प्रोफेस्ड,professed,english_loanword
सिदीक,sidiq,english_loanword
दरकाद,darqad,english_loanword
पिस्तोंलेस,pistonless,english_loanword
जॉस,joss,english_loanword
सेक्सियेस्ट,sexist,english_loanword
लिवोफ़्लॉक्सासिन,levofloxacin,english_loanword
दुलकिर,dulquer,english_loanword
ओईएमटेबल,oemtable,english_loanword
फिराक,firaaq,english_loanword
एक्स्ट्रीम्स,extremes,english_loanword
क्रिएशन्स,creations,english_loanword
ग्रैविटेशनल,gravitational,english_loanword
एसोसिएशंस,associations,english_loanword
मल्टीप्लैक्सर,multiplexer,english_loanword
एक्सेक्यूशन,execution,english_loanword
सैफुर्रहमान,saiffurehman,english_loanword
सैका,saiqa,english_loanword
मोनिटाइजेशन,monetization,english_loanword
इंश्योरेन्स,assurance,english_loanword
ट्रांसस्टेडिया,transstadia,english_loanword
कंप्लीमेंटेशन,complementation,english_loanword
टेपलेस,tapeless,english_loanword
ब्रैक्सटन,braxton,english_loanword
रिकंडीशनर्स,reconditioners,english_loanword
कोलीशन,coalition,english_loanword
ओकीफे,okeeffe,english_loanword
असदुज्जमां,asaduzzaman,english_loanword
एफेक्टीज,affectees,english_loanword
काजीगंड,qazigund,english_loanword
ग्रॉसर,grosser,english_loanword
माज़ुकाटोस,mazzucatos,english_loanword
दुलेकर,dulquer,english_loanword
इंटग्रेशन,integration,english_loanword
कोचर,kutcher,english_loanword
अलेसांड्रो,alessandro,english_loanword
खकान,khaqan,english_loanword
सॉफ्टमैक्स,softmax,english_loanword
मनश्शें,manasseh,english_loanword
बफरजोन,bufferzone,english_loanword
बेंडेबल,bendable,english_loanword
चिकिकामता,chuquicamata,english_loanword
अलेक्सा,alexa,english_loanword
इंस्ट्रूमेंटेशंस,instrumentations,english_loanword
इनसिजन,incision,english_loanword
सीएसएसआरआई,cssri,english_loanword
नैनोमिशन,nanomission,english_loanword
वास्ताट्रिक्स,vastatrix,english_loanword
कन्फेशंस,confessions,english_loanword
बसाम,bassam,english_loanword
टॉक्सिकक,toxic,english_loanword
इंमपेयरमैंट,impairment,english_loanword
प्रेस्क्रिप्शन,prescription,english_loanword
एफोर्डेबल,affordable,english_loanword
आवज़ानो,avezzano,english_loanword
परसेप्शंस,perceptions,english_loanword
नासडैक,nasdaq,english_loanword
पनामाक्स,panamax,english_loanword
रॉशनलैज़ेशन,rationalization,english_loanword
टैक्सस्पैनर,taxspanner,english_loanword
केबलको,cableco,english_loanword
केच,ketch,english_loanword
गौकियांग,guoqiang,english_loanword
ड्यूसेलडॉर्फ,dsseldorf,english_loanword
एल्युमिनाइजेशन,aluminization,english_loanword
जीएफएस,gfss,english_loanword
इंडेक्शन,indexation,english_loanword
कंबरबैच,cumberbatch,english_loanword
मिनिशा,minissha,english_loanword
किक्सिया,qixia,english_loanword
एम्प्शन,emption,english_loanword
क्यांग,keqiang,english_loanword
डीएफसीसीआईएल,dffcil,english_loanword
हैचर,hatcher,english_loanword
प्रोबेश्नरी,probationary,english_loanword
एक्ससाइज,excise,english_loanword
सुनैना,sussanne,english_loanword
कोड्स,qods,english_loanword
डिसॉल्वड,dissolved,english_loanword
प्रजेंटेशन,presentation,english_loanword
कैस्ट्रेशन,castration,english_loanword
विन्क्लेवोस,winklevoss,english_loanword
गिफिन,geffen,english_loanword
पोटेसिक,potassic,english_loanword
ट्विच,twitch,english_loanword
एक्सोटिक,exotic,english_loanword
कॉफ़्स,coffs,english_loanword
आर्केट,arquette,english_loanword
बोस्कुए,bosque,english_loanword
एबिसिनिया,abyssinia,english_loanword
केमिक्सिलीन,chemexcilin,english_loanword
दौसाबाह,daussabah,english_loanword
स्पैस्काया,spasskaya,english_loanword
गियरबाक्स,gearbox,english_loanword
एश्युरेंस,assurance,english_loanword
एडेक्स,adex,english_loanword
हेस्टिंग्स,hastingss,english_loanword
लूफ़्टवाफे़,luftwaffe,english_loanword
काहफा,qahafa,english_loanword
सिजलर्स,sizzlers,english_loanword
इन्कॉर्पोरेशन,incorporation,english_loanword
चैक्स्ट,text,english_loanword
रिपोर्टेबल,reportable,english_loanword
मार्कुअस,marques,english_loanword
कतील,qateel,english_loanword
काजीपोरा,qazipora,english_loanword
लक्ष्मणभोग,laxmanbhog,english_loanword
रीकैलिब्रेशन,recalibration,english_loanword
आईडेेंटिफिकेशन,identification,english_loanword
क्लासएं,classes,english_loanword
एडीलवाइस,edelweiss,english_loanword
एलिएनेशन,alienation,english_loanword
एग्रोटेक्सटाइल,agrotextile,english_loanword
इसाम,issam,english_loanword
असदुज्ज़मां,asaduzzaman,english_loanword
शफकतुल्लाह,shafqatullah,english_loanword
वीबीएसएस,vbss,english_loanword
कन्विक्शन,conviction,english_loanword
प्रॉविजनल,provisional,english_loanword
कंडिशंड,conditioned,english_loanword
सदुकासोवा,saduakassova,english_loanword
कम्पेटेटिवनैस,competitiveness,english_loanword
इंपॉसिबल,impossible,english_loanword
एक्सपॉज़िशन,exposition,english_loanword
पोस्टरमिशन,postremission,english_loanword
सीएसएसएम,cssm,english_loanword
प्रॉस,pross,english_loanword
टेलीकम्युनिकेशंस,telecommunications,english_loanword
डेमोलिशन,demolition,english_loanword
पोजैशन,possession,english_loanword
पर्स्पेक्स,perspex,english_loanword
इकलास,iqlas,english_loanword
एक्स्प्लोरर्स,explorers,english_loanword
असिस्टेंटस,assistants,english_loanword
यूएनएफएफ,unff,english_loanword
एंबैसी,embassy,english_loanword
अप्रिसिएशन,appreciation,english_loanword
पातुक्सेंट,patuxent,english_loanword
रुमेक्स,rumex,english_loanword
ट्रॉफ,troff,english_loanword
एक्सिगुओबैक्टीरियम,exiguobacterium,english_loanword
एफैशेन्सी,efficiency,english_loanword
क्रासओवर,crossover,english_loanword
सेलॉस,schloss,english_loanword
टैरिफ्स,tariffs,english_loanword
हैचरीज,hatcheries,english_loanword
ओसियस,osseus,english_loanword
डिस्पेचेज,dispatches,english_loanword
रीसेसिव,recessive,english_loanword
रेवोटरक,revotorq,english_loanword
अजम्पशन,assumption,english_loanword
एफ्फलूएंस,affluence,english_loanword
कॉन्ग्रिगेशन्स,congregations,english_loanword
कॉम्बोबाक्स,combobox,english_loanword
एश्योरैंस,assurance,english_loanword
रॉडक्लिफ,radcliffe,english_loanword
स्नैचबॉट,snatchbot,english_loanword
हंगरबॉक्स,hungerbox,english_loanword
गीसन,giessen,english_loanword
सैफरीड,saffarid,english_loanword
उज्जी,uzzi,english_loanword
रज्जाकजादा,razaqzada,english_loanword
जर्मनवाच,germanwatch,english_loanword
फ्लैक्सर,flexure,english_loanword
मोरिसी,morrissey,english_loanword
नेसेसिटी,necessity,english_loanword
गॉडेसेस,goddesses,english_loanword
जेचिरी,zetchiri,english_loanword
डॉमिनिक,dominique,english_loanword
विज्जी,vizzy,english_loanword
स्पास्की,spassky,english_loanword
हैचड,hatched,english_loanword
ल्यूकेशर,luxure,english_loanword
हरैसमेंट,harassment,english_loanword
गुसाईं,gossain,english_loanword
हायस,heuss,english_loanword
काजीगंद,qazigund,english_loanword
प्रोप्रोर्शन,proportion,english_loanword
एस्प्रेसो,espresso,english_loanword
किंघई,qinghai,english_loanword
साडमैक्स,saadmex,english_loanword
डिस्पैचरों,dispatcher,english_loanword
नैनोफिल्टरेशन,nanofiltration,english_loanword
डैजलिंग,dazzling,english_loanword
एक्सकॉन,excon,english_loanword
कॉम्प्यूटेशनली,computationally,english_loanword
डॉक्यूमेंटेशन,documentation,english_loanword
डीकॉनेस,deaconess,english_loanword
रामबास,rambass,english_loanword
मेसौद,messaoud,english_loanword
कम्बशन,combustion,english_loanword
सिक्योइया,sequoia,english_loanword
चेकबुक,chequebook,english_loanword
फनक्शनल,functional,english_loanword
पफ़ीनस,puffinus,english_loanword
एटैक्सिया,ataxia,english_loanword
अफॉर्डबिलिटी,affordability,english_loanword
एक्सकॉम,excom,english_loanword
आक्सेनफोर्ड,oxenford,english_loanword
नोटिफिकेशन्स,notifications,english_loanword
डिसक्रिशनरी,discretionary,english_loanword
आइसोलशन,isolation,english_loanword
इमेजिनेशन,imagination,english_loanword
एक्सक्लिूसिव,exclusive,english_loanword
मोसाम्बिका,mossambica,english_loanword
विकिटेक्स्ट,wikitext,english_loanword
उपतिसा,upatissa,english_loanword
कैसेडी,cassady,english_loanword
ग्रैसले,grassley,english_loanword
लिक्सिल,lixil,english_loanword
वोक्स,vox,english_loanword
ग्रिफिन,gryffin,english_loanword
ख़ालिकाबाद,khaliqabad,english_loanword
क्रॉसफायर,crossfire,english_loanword
सेलासी,selassie,english_loanword
मोलेसेस,molasses,english_loanword
रेक्सरोत,rexroth,english_loanword
फॉक्सहाउंड,foxhound,english_loanword
गुसु,gossu,english_loanword
हसानिन,hassanin,english_loanword
क्लासिज,classes,english_loanword
इनफ्यूजन,infusion,english_loanword
थैलासीमिया,thalassemia,english_loanword
डिफ्रेंशियल,differential,english_loanword
जेनेरेशन्स,generations,english_loanword
रासू,rassu,english_loanword
एबस्ट्रेकशन,abstraction,english_loanword
फोरटिस्मो,fortissimo,english_loanword
हेयरड्रेसिंग,hairdressing,english_loanword
इरेडिकेशन,eradication,english_loanword
सैनिटेशन,sanitation,english_loanword
कन्नेक्शन,connection,english_loanword
नैस्डेक,nasdaq,english_loanword
कन्सोलेशन,consolation,english_loanword
इएमआरएसएस,emrss,english_loanword
नाटैसिया,natassia,english_loanword
जेल्लिफ़,jelliffe,english_loanword
क्यूला,qilla,english_loanword
मोटीवेशन,motivation,english_loanword
श्टेफाइन,steffen,english_loanword
कोलोसस,colossus,english_loanword
गैसटेशनल,gestational,english_loanword
मैकरिचिन,mkrtchyan,english_loanword
ट्रान्जिशनल,transitional,english_loanword
सेक्शन्स,sections,english_loanword
प्राहिबिशन,prohibition,english_loanword
सुलक्षण,sulaxan,english_loanword
जियोटेक्सटाइल्स,geotextiles,english_loanword
कमरुद्दीन,quamaruddin,english_loanword
हाइपोथिकेशन,hypothecation,english_loanword
रेन्सेलेअर,rensselaer,english_loanword
बागास,bagasse,english_loanword
सिनकरिम,sinquerim,english_loanword
इम्युनोस्पेप्रेसेंट,immunosuppressant,english_loanword
विटनेसिस,witnesses,english_loanword
क्यूआईए,qia,english_loanword
फैज़बेंडर,fassbender,english_loanword
ईएक्सएल,exl,english_loanword
वासिलियू,vassiliou,english_loanword
कन्फिगरेशन,configuration,english_loanword
वीरालक्ष्मी,varalaxmi,english_loanword
एक्रीडेशन,accreditation,english_loanword
डिकंटैमिनेशन,decontamination,english_loanword
एक्सेलेंट,excellent,english_loanword
रेसे,rassie,english_loanword
वेरियेबल्स,variables,english_loanword
लक्ष्मीम्,laxmamma,english_loanword
सबडिवीजन,subdivision,english_loanword
रेप्रेज़ेंटेशन्स,representations,english_loanword
इलेक्ट्रोपोरेशन,electroporation,english_loanword
कैबीनेस,cabiness,english_loanword
मुक्तादिर,muqtadir,english_loanword
जाफरलॉट,jaffrelot,english_loanword
डिस्क्रीशन,discretion,english_loanword
कंफ्रंटेशन,confrontation,english_loanword
डिसाइडेबल,decidable,english_loanword
ओएक्स,oex,english_loanword
क्लियरटैक्स,cleartax,english_loanword
कनवर्सेशंस,conversations,english_loanword
कसबा,qasba,english_loanword
वैसोप्रेसिन,vasopressin,english_loanword
रोसेलो,rossello,english_loanword
गैसीनेस,gassiness,english_loanword
क्रेगटन,creighton,english_loanword
ईरोकिओइस,iroquois,english_loanword
रेमूनरेशन,remuneration,english_loanword
डिमेन्शन्स,dimensions,english_loanword
प्रोफेशनलिज्म,professionalism,english_loanword
लिंड्कुईस्ट,lindquist,english_loanword
क्रिकब्ज,cricbuzz,english_loanword
अफलाक,aflaq,english_loanword
रोमनेस्क,romanesque,english_loanword
रैशनलिस्ट्स,rationalists,english_loanword
वेयरेबल्स,wearables,english_loanword
सेक्साजेसिमल,sexagesimal,english_loanword
एंटिक्स,antiques,english_loanword
एक्सपरिमेंट,experiment,english_loanword
उलिसस,ulysses,english_loanword
कंपोज़ीशन,composition,english_loanword
सोनकच्च,sonkatch,english_loanword
अनप्रोसेस्ड,unprocessed,english_loanword
प्रोसेसुअल,processual,english_loanword
फॉक्सी,foxy,english_loanword
बासवराज,bassavaraj,english_loanword
आब्जेक्शन,objection,english_loanword
बरोकुए,baroque,english_loanword
असफ,assaf,english_loanword
टेक्स्टबुक,textbook,english_loanword
अवेयर्नेस,awareness,english_loanword
एफिन्डेक्स,afindex,english_loanword
पोजशनिंग,positioning,english_loanword
कंपाश,compass,english_loanword
अलर्टनेस,alertness,english_loanword
बफी,buffy,english_loanword
इंटरएक्शन,interaction,english_loanword
टेललेस,tailless,english_loanword
एम्पलाइज,employeess,english_loanword
स्वाच,swatch,english_loanword
प्रॉफिलेक्सिस,prophylaxis,english_loanword
फ़िज़,fizz,english_loanword
कैसेशन,cassation,english_loanword
एबल्ड,abled,english_loanword
पिज्ज,pizzas,english_loanword
मॉकुआ,moqua,english_loanword
रैनेसांस,renaissance,english_loanword
याकूबपुर,yaqoobpur,english_loanword
मसीना,massena,english_loanword
बिक्सबाई,bixby,english_loanword
पीएएसएसआईए,passia,english_loanword
फॉर्मेक्सिल,pharmexcil,english_loanword
बैटलएक्स,battleaxe,english_loanword
रोबिडौक्स,robidoux,english_loanword
होसाम,hossam,english_loanword
रेवल्यूशनरी,revolutionary,english_loanword
डिकन्शट्रक्शन,deconstruction,english_loanword
कुतुबपुर,qutubpur,english_loanword
कतररी,qatari,english_loanword
कन्वर्टीबल,convertible,english_loanword
ओवरपास,overpass,english_loanword
ओपनएक्सचेंज,openexchange,english_loanword
अलीसा,alyssa,english_loanword
डिजाल्व्ड,dissolved,english_loanword
क्रॉसवर्ड,crossword,english_loanword
मौसौई,moussaoui,english_loanword
कस्टमाइजेशन,customization,english_loanword
बफून,buffoon,english_loanword
काज़विनी,qazwini,english_loanword
ल्यूमिक्स,lumix,english_loanword
टाफी,toffee,english_loanword
ग्लोसी,glossy,english_loanword
मिसेल,missal,english_loanword
इंटेरोगेशन,interrogation,english_loanword
बाक्सली,bxli,english_loanword
कॉन्ट्रीब्यूशन,contribution,english_loanword
रीप्रडक्शन,reproduction,english_loanword
जीएसएसआई,gssi,english_loanword
सार्टिफिकेशन,certification,english_loanword
लेक्सिको,lexico,english_loanword
विसे,visse,english_loanword
हिट्रोजंक्शन,heterojunction,english_loanword
वेनक्सुआन,wenxuan,english_loanword
कलजर,qalzar,english_loanword
मनश्शेई,manasseh,english_loanword
नुकायद,nuqayd,english_loanword
एक्साम्पल,example,english_loanword
टेंशनर्स,tensioners,english_loanword
एडॉप्टेशन,adaptation,english_loanword
प्रियपर्डनेस,preparedness,english_loanword
इसूज,issues,english_loanword
असीरी,assiri,english_loanword
कमरजहां,qamarjahan,english_loanword
एमैक,amaq,english_loanword
ओसेनी,ousseni,english_loanword
ज़ीथ्रोमैक्स,zithromax,english_loanword
हेक्सावेलेंट,hexavalent,english_loanword
पीडीजीई,pdge,english_loanword
कांटेक्टलैस,contactless,english_loanword
इवैक्यूएशन,evacuation,english_loanword
स्निच,snitch,english_loanword
कॉलॉसस,colossus,english_loanword
सुपरनेशन,superannuation,english_loanword
अथांटिकेशन,authentication,english_loanword
डिस्पेंसेशन,dispensation,english_loanword
नैनोफाइब्रिकेशन,nanofabrication,english_loanword
रेक्शन,reaktion,english_loanword
सीयूएसएस,cuss,english_loanword
अनट्रांस्लेटेबल,untranslatable,english_loanword
मारकेशस,marquesas,english_loanword
एप्लीकेबल,applicable,english_loanword
किनलिंग,qinling,english_loanword
एएएसएसए,aassa,english_loanword
आईएसएसडीए,issda,english_loanword
हिल्डिच,hilditch,english_loanword
सिवाच,siwatch,english_loanword
बकेरी,baqeri,english_loanword
हैफर्ड,hafford,english_loanword
कामरिया,qamriya,english_loanword
मैसीमिलानो,massimiliano,english_loanword
मास्टिफ,mastiff,english_loanword
एबीएलई,able,english_loanword
एससरीज,accessories,english_loanword
टेक्सिकन,texican,english_loanword
स्नेेचिंग,snatching,english_loanword
एक्सक्लूसिवली,exclusively,english_loanword
फ्लैक्सट्रॉनिक्स,flextronics,english_loanword
बैजर्ड,bazzard,english_loanword
एलेसांद्रो,alessandro,english_loanword
कंस्टीट्यूशनल,constitutional,english_loanword
चाप्पाकुआ,chappaqua,english_loanword
इन्सूलेशन,insulation,english_loanword
मुरुगदोस,murugadoss,english_loanword
वैसिली,vassily,english_loanword
गैमेटियन,gametion,english_loanword
मुजफ़्फरनगर,muzaffarnagar,english_loanword
लेक्सिंगटन,lexington,english_loanword
सिसेला,sissela,english_loanword
एडलवेस,edelweiss,english_loanword
कंप्रेशर,compressor,english_loanword
लेफ्फ्लेर,leffler,english_loanword
सैसोन,sasson,english_loanword
दुसां,dussen,english_loanword
कैनी,qaani,english_loanword
सलुशन,solution,english_loanword
असेंबल्ड,assembled,english_loanword
कुअत्त्रो,quattro,english_loanword
सिप्रोफ्लोक्सासिन,ciprofloxacin,english_loanword
ओलम्पिक,olympique,english_loanword
रिकोनाइसेंस,reconnaissance,english_loanword
वीयरएबल,wearable,english_loanword
हचइंग्स,hutchings,english_loanword
फाउन्डेशन्स,foundations,english_loanword
बॉस्क,bosque,english_loanword
बोकियांग,boqiang,english_loanword
ट्रांसक्रिप्शनल,transcriptional,english_loanword
बाल्क्स,balx,english_loanword
एक्सटर,exeter,english_loanword
इनटॉक्सीकेशन,intoxication,english_loanword
कांग्रेशनल,congressional,english_loanword
जॉफ्री,joffrey,english_loanword
सैक्शुअली,sexually,english_loanword
मेघाट्रोपिकस,meghatropiques,english_loanword
बासमा,bassma,english_loanword
रिज्यूवेनेशन,rejuvenation,english_loanword
अक्लीयाह,aqliyah,english_loanword
मानीटरिंग,mentoring,english_loanword
कोआलिएशन,coalition,english_loanword
पिक्सो,pixo,english_loanword
स्नैचर,snatcher,english_loanword
ईजीफिक्स,easyfix,english_loanword
बेसेट,bassett,english_loanword
ओवेशन,ovation,english_loanword
डिफ्लोरिडिएशन,defluoridation,english_loanword
सिसु,sissu,english_loanword
बासम,bassam,english_loanword
ग्रोसर,grosser,english_loanword
मोडनेशन,modnation,english_loanword
कासेल,kassel,english_loanword
किसीम्मी,kissimmee,english_loanword
जोफानी,zoffany,english_loanword
डिफ्फ,diff,english_loanword
क्यूबीए,qba,english_loanword
एसेंबल,assemble,english_loanword
खाकन,khaqan,english_loanword
एक्रीडीटेशन,accreditation,english_loanword
बिजनेसवीक,businessweek,english_loanword
मुनकाद,munquad,english_loanword
सेक्सिस्ट,sexist,english_loanword
कॉम्पलैक्सों,complexes,english_loanword
मिश,mitch,english_loanword
मासु,massu,english_loanword
दक्षिणमूर्ति,daxinamurti,english_loanword
रीमुवेबल,removable,english_loanword
सिसे,cisse,english_loanword
नॉमिनेशंस,nominations,english_loanword
यसो,yasso,english_loanword
ईक्यूआई,eqi,english_loanword
कोसिपुर,cossipore,english_loanword
अजंपशन,assumption,english_loanword
मेलएक्सप्रेस,mailexpress,english_loanword
पॉज्जोलाना,pozzolana,english_loanword
निल्सन,nilsson,english_loanword
अर्पक्षद,arphaxad,english_loanword
लोमैक्स,lomax,english_loanword
डेफएक्सपो,defexpo,english_loanword
कंसेशंस,concessions,english_loanword
कैलसीनेशन,calcination,english_loanword
युकी,yuqi,english_loanword
रेफ्रिजेरेशन,refrigeration,english_loanword
एडाप्टेशन,adaptation,english_loanword
एम्पलिफिकेशन,amplification,english_loanword
अमल्गमेशंस,amalgamations,english_loanword
कयनुका,qaynuqa,english_loanword
एक्ट्रेसेस,actresses,english_loanword
बोत्सा,botcha,english_loanword
मुकदादिया,muqdadiyah,english_loanword
फिलाटेक्स,filatex,english_loanword
इनेबलमैंट,enablement,english_loanword
रूफिनो,ruffino,english_loanword
रिमूवेबल,removable,english_loanword
एक्यूआईएस,aqis,english_loanword
जैसिडस,jassids,english_loanword
रॉफ,rauff,english_loanword
सेक्सबॉट्स,sexbots,english_loanword
एक्सीलेंस,excellences,english_loanword
प्रॉपल्शन,propulsion,english_loanword
बुक्का,buqah,english_loanword
जुल्करनैन,zulqarnain,english_loanword
क्सिंजो,xinzo,english_loanword
वाचटॉवर,watchtower,english_loanword
प्रेसमेन,pressman,english_loanword
प्रुक्स,preux,english_loanword
असांध,assandh,english_loanword
लिसिन,lissin,english_loanword
टेक्सकैम,texchem,english_loanword
प्रामिसरी,promissory,english_loanword
मोजाक,mossack,english_loanword
केक्यांग,keqiang,english_loanword
एक्सक्लूसिविली,exclusively,english_loanword
वेरिएंशन,variation,english_loanword
कर्नेक्स,kernex,english_loanword
रेव्यूल्युशनरी,revolutionary,english_loanword
विज़नरी,visionary,english_loanword
राजलक्ष्मी,rajalaxmi,english_loanword
रॉसकांग्रेस,roscongress,english_loanword
असिरी,assiri,english_loanword
बिजनसमेन,businessmen,english_loanword
आईएक्सओएस,ixos,english_loanword
एसेसीरिज,accessories,english_loanword
जेमैक्स,jmax,english_loanword
वेल्युएशन,valuation,english_loanword
सिमलेस,seamless,english_loanword
एशोयरेंस,assurance,english_loanword
वेरियेबल,variable,english_loanword
मैकॉलीफ,mcauliffe,english_loanword
ईजी,eassie,english_loanword
लिबरेशनिस्ट्स,liberationists,english_loanword
टचलेस,touchless,english_loanword
टैक्सीफॉरश्योर,taxiforsure,english_loanword
कैपिटलाइजेशन,capitalisation,english_loanword
रेकॉन्सेन्स,reconnaissance,english_loanword
जेएफएफ,jff,english_loanword
ग्रैटीफिकेशन,gratification,english_loanword
कास्केडेबल,cascadable,english_loanword
वेकैंया,waqa,english_loanword
संस्पेंशन,suspension,english_loanword
क्रेसे,cressey,english_loanword
प्रॉपलशन,propulsion,english_loanword
कोसाक,cossack,english_loanword
सेफर,saffar,english_loanword
मोण्टपारनास,montparnasse,english_loanword
बसिस्ट,bassist,english_loanword
प्रोविजन्स,provisions,english_loanword
फोर्टेज़ा,fortezza,english_loanword
एलिजिबल,eligible,english_loanword
चोफनैस,choffnes,english_loanword
मिस्किन,mysskin,english_loanword
कंविक्शन,conviction,english_loanword
आइमैक्स,imax,english_loanword
प्रोवैस,prowess,english_loanword
मुजसिम,mujassim,english_loanword
एक्सप्रेसिव,expressive,english_loanword
सादाका,sadaqa,english_loanword
रेनेसांस,renaissance,english_loanword
रोस्जलर,ressler,english_loanword
निसारुद्दीन,nissarudin,english_loanword
एआईएफफ,aiff,english_loanword
कॉन्सेटेलेशन,constellation,english_loanword
बोलेसुफ़,bolessuaf,english_loanword
कारासिउस,carassius,english_loanword
प्रॉक्सीमा,proxima,english_loanword
क्यूजेक्स,quezx,english_loanword
हेटरोडॉक्स,heterodox,english_loanword
यूटीलाइजेशन,utilisation,english_loanword
मैसिमो,massimo,english_loanword
काल्टेक्स,caltex,english_loanword
डेप्रिसिएशन,depreciation,english_loanword
कंसल्टेशंस,consultations,english_loanword
बैलाट्रिक्स,bellatrix,english_loanword
रीकॉन्सेन्स,reconnaissance,english_loanword
फ़ेयरफ़ॉक्स,fairfax,english_loanword
वेल्यूएशन,valuation,english_loanword
अफोंसो,affonso,english_loanword
इवैक्युएशन,evacuation,english_loanword
वैरिएबिल,variable,english_loanword
सैनेटाइजेशन,sanitisation,english_loanword
सेफालेक्सिन,cephalexin,english_loanword
बूचर,butcher,english_loanword
ओजफेस्ट,ozzfest,english_loanword
पूसी,pussy,english_loanword
स्टिफ,stiff,english_loanword
डेस्मोप्रेसिन,desmopressin,english_loanword
कांस्टीटयूशनल,constitutional,english_loanword
ड्यूरेबल्स,durables,english_loanword
ओसेतिया,ossetia,english_loanword
रिजुवनेशन,rejuvenation,english_loanword
प्रिफिक्स,prefix,english_loanword
इमल्शंस,emulsions,english_loanword
रीजनरेशन,regeneration,english_loanword
ट्रांजैक्शनल,transactional,english_loanword
ट्रैवर्सबल,traversable,english_loanword
एमिग्रेशन,emigration,english_loanword
रिक्लेम,riquelme,english_loanword
रिफ्लेक्सिस,reflexes,english_loanword
क्रॉसिंग्स,crossings,english_loanword
सिक्सरेड,sixred,english_loanword
अख्तरूज्जमां,akhtaruzzaman,english_loanword
प्रेस्ड,pressed,english_loanword
एप्रोप्रिएशंस,appropriations,english_loanword
सेयडौक्स,seydoux,english_loanword
कंडीशनर्स,conditioners,english_loanword
वैरिएबल,variable,english_loanword
एक्सर्साइज,exercises,english_loanword
कैशलैस,cashless,english_loanword
हुसैलिन,hoesslin,english_loanword
मोंटपारनासे,montparnasse,english_loanword
सासानिड्स,sassanids,english_loanword
लॉरेशिया,laurussia,english_loanword
मैक्सीमिलन,maximilian,english_loanword
असेम्बलर्स,assemblers,english_loanword
फ्रस्ट्रेशन,frustration,english_loanword
ट्रांजीशनल,transitional,english_loanword
बायोसोल्यूशंस,biosolutions,english_loanword
इन्जेक्टेबल,injectable,english_loanword
फॉक्सकोन,foxconn,english_loanword
यिनक्सियांग,yinxiang,english_loanword
इंट्रूज़न,intrusion,english_loanword
कंडेंसशन,condensation,english_loanword
एनन्सिएशन,annunciation,english_loanword
प्रपल्शन,propulsion,english_loanword
लेक्सटन,laxton,english_loanword
दरकद,darqad,english_loanword
बेकरेल,becquerel,english_loanword
सैनीटाइजेशन,sanitization,english_loanword
एम्बैसी,embassy,english_loanword
नुक्सी,nucssi,english_loanword
कॉफमैन,kauffman,english_loanword
एट्रीशन,attrition,english_loanword
वाफेन,waffen,english_loanword
थाइसेनक्रुप,thyssenkrupp,english_loanword
रेडियोलोकेशन,radiolocation,english_loanword
जीनोटॉक्सिक,genotoxic,english_loanword
इंटरप्रोसेसर,interprocessor,english_loanword
फ़िकेशन,fication,english_loanword
क्लोरोक्साइलॉन,chloroxylon,english_loanword
लक्ष्माकांत,laxmikant,english_loanword
डीवीएशन,deviation,english_loanword
हैक्सिया,haixia,english_loanword
कन्स्टीट्यूशनल,constitutional,english_loanword
कॉम्पटीशंस,competitions,english_loanword
एक़्स्ट्राआर्डिनरी,extraordinary,english_loanword
रैगुलेशन,regulation,english_loanword
मायलोपेरॉक्सिडेज़,myeloperoxidase,english_loanword
रेडोक्स,redox,english_loanword
मेहवासी,mehwassi,english_loanword
कॉम्पलेक्सेज,complexes,english_loanword
लेसंस,lessons,english_loanword
ग्लासेज,glasses,english_loanword
होसैन,hossein,english_loanword
पिचर,pitcher,english_loanword
जूरिस्डिक्शन,jurisdiction,english_loanword
कैमोह,qaimoh,english_loanword
केआरक्यूई,krqe,english_loanword
मल्टीप्रोसेसिंग,multiprocessing,english_loanword
सीएसएसएस,csss,english_loanword
यूरोविजन,eurovision,english_loanword
क्यूमी,qaumi,english_loanword
क्रॉसब्रीड,crossbreed,english_loanword
मदासरी,madassery,english_loanword
आईनएक्स,inx,english_loanword
गैफ्नी,gaffney,english_loanword
एबसेसेस,abscesses,english_loanword
सुटेबल,suitable,english_loanword
हॉगटन,houghton,english_loanword
आईएसओएफआईक्स,isofix,english_loanword
प्रोसेर,prosser,english_loanword
टेक्स्चरिंग,texturing,english_loanword
डॉक्सोरूबिसिन,doxorubicin,english_loanword
इनोक्स,inox,english_loanword
ओसीएक्स,ocx,english_loanword
पैचवॉल,patchwall,english_loanword
शेफाली,sheffali,english_loanword
नचीयप्पन,natchiappan,english_loanword
रोसॉफ,rossoff,english_loanword
गॉशियन,gaussian,english_loanword
प्रोहिबिशन,prohibition,english_loanword
कॉरटेक्स,cortex,english_loanword
पिकैक्स,pickaxe,english_loanword
बैस्टियन,bastion,english_loanword
प्रोविजन,provision,english_loanword
क्लीयरनेस,clearness,english_loanword
मुदासर,mudassar,english_loanword
क्रॉसबार,crossbar,english_loanword
कम्पोजिशन,composition,english_loanword
नईस,nss,english_loanword
स्मरनॉफ,smirnoff,english_loanword
डि़टेक्शन,detection,english_loanword
ग्रोसमन,grossman,english_loanword
सकीब,saqueb,english_loanword
सीएक्सआर,cxr,english_loanword
विलामिक्स,villamix,english_loanword
गुरुबक्स,gurbux,english_loanword
एग्रीविज़न,agrivision,english_loanword
डियरनेस,dearness,english_loanword
फ्लेक्सि,flexi,english_loanword
पासोवर,passover,english_loanword
एक्सक्यूज,excuses,english_loanword
मासिमिलियानो,massimiliano,english_loanword
इंटिमेशन,intimation,english_loanword
लेनोक्स,lennox,english_loanword
टेसेइड,teesside,english_loanword
रिकॉयललेस,recoilless,english_loanword
मॉलिटप्लेक्सों,mulitplexes,english_loanword
मोसी,mossi,english_loanword
एआरएसएस,arss,english_loanword
जेनेस,jenness,english_loanword
पोज़ेशन,possession,english_loanword
कैनवसिंग,canvassing,english_loanword
कॉन्सटेलेशन,constellation,english_loanword
थलासेरी,thalassery,english_loanword
अकेजन,occasion,english_loanword
डीवैक्सिंग,dewaxing,english_loanword
मार्केस,marques,english_loanword
स्टेफान,steffen,english_loanword
एक्सटार्शन,extortion,english_loanword
ब्रेथलेसनेस,breathlessness,english_loanword
आईआरएनएस,irnss,english_loanword
ट्रांजैक्शन्ज,transactions,english_loanword
टेक्ष्ट,text,english_loanword
काचेक्सिया,cachexia,english_loanword
डिसप्रेक्सिया,dyspraxia,english_loanword
डिटोनेशन,detonation,english_loanword
कंज्यूमेबल्स,consumables,english_loanword
ग्रैफ,graff,english_loanword
ट्रेसप्लेक्स,tressplex,english_loanword
राउसियु,rousseau,english_loanword
बेसक्यूट,basquiat,english_loanword
सेडिशन,sedition,english_loanword
एफलिएट्स,affiliates,english_loanword
इंसट्रक्शन,instruction,english_loanword
चिरचिउक,chirchiq,english_loanword
प्रवेंशन,prevention,english_loanword
रोजोमानडो,rossomando,english_loanword
जीएनएसएस,gnss,english_loanword
मातेसिच,mattessich,english_loanword
एक्सेसिबल,accessible,english_loanword
वोकेश्नल,vocational,english_loanword
हेंडेडनेस,handedness,english_loanword
उनिसा,unissa,english_loanword
प्रोसेर्स,processors,english_loanword
मास्क्यू,macaque,english_loanword
मूवस,movss,english_loanword
रेनसेलर,rensselaer,english_loanword
लार्सॉन,larsson,english_loanword
कियोजिया,qiaojia,english_loanword
सिटेशन,citation,english_loanword
सिचुएशन्स,situations,english_loanword
क्लासिफायरियर,classifier,english_loanword
शोफिकुल,shofiqul,english_loanword
डुक्यू,duque,english_loanword
एमप्लिफिकेशन,amplification,english_loanword
लियाकतपुर,liaquatpur,english_loanword
सिरीनिवासा,srinivassa,english_loanword
मैक्सिमिलियन,maximilian,english_loanword
शफीकुर,shafiqur,english_loanword
बॉक्सवाला,boxwala,english_loanword
सोलनेस,solness,english_loanword
रूडबॉक्स,rudebox,english_loanword
गॉडेसेज,goddesses,english_loanword
लेस्नर,lassner,english_loanword
इम्यूनोस्प्रेसिव,immunosuppressive,english_loanword
यूसीएक्स,ucx,english_loanword
ग्लैक्सी,galaxy,english_loanword
सेंसिटाईजेशन,sensitisation,english_loanword
सिफ,schiff,english_loanword
परॉक्साइड,peroxide,english_loanword
लॉसेरवातोरे,losservatore,english_loanword
गोज़ो,gozzo,english_loanword
माज़ुकाटो,mazzucato,english_loanword
मोफसिल,mofussil,english_loanword
प्रोबेशनर्ज,probationers,english_loanword
एक्स्पोनेनशीयल,exponential,english_loanword
फइक,faeq,english_loanword
ईएक्सआर,exr,english_loanword
टाइमटेबल,timetable,english_loanword
खुल्की,khulqi,english_loanword
मोक्सी,moxy,english_loanword
ट्रंकिल,tranqil,english_loanword
बोकवाना,boqwana,english_loanword
सिगुर्डसन,sigurdsson,english_loanword
हुंट्रेस,huntress,english_loanword
यशुदास,yesudass,english_loanword
हैरासमेंट,harassment,english_loanword
इनोवेक्स,innovex,english_loanword
प्रपोज़िशन,preposition,english_loanword
जैक्सेंथिन,zeaxanthin,english_loanword
फ्यूमीगेशन,fumigation,english_loanword
गोलाघाट,golaghta,english_loanword
वाकुएरो,vaquero,english_loanword
सेनुसी,senussi,english_loanword
मासेज,masses,english_loanword
हुसैनारा,hussainara,english_loanword
प्रिडिक्शन्स,predictions,english_loanword
हेंगकिन,hengqin,english_loanword
रिस्पॉन्सिबल,responsible,english_loanword
फेलिसा,felissa,english_loanword
अलासाने,alassane,english_loanword
थीसेन,thyssen,english_loanword
हचिसन,hutchison,english_loanword
फैक्सों,faxes,english_loanword
कम्बीनेशन,combination,english_loanword
एक्ट्रेसेज,actresses,english_loanword
इंटरप्रिटेशन,interpretation,english_loanword
इज़ार्ड,izzard,english_loanword
हैंसन,hansson,english_loanword
सिनेमेक्स,cinemax,english_loanword
यूटीलाईजेशन,utilization,english_loanword
अफान,affan,english_loanword
रिप्रेसेंटेशनल,representational,english_loanword
स्क्फ,scuff,english_loanword
वीयरेबल,wearable,english_loanword
एक्सटेंशंस,extensions,english_loanword
मैट्सन,mattsson,english_loanword
मुसादिक,musadiq,english_loanword
सईस,saiss,english_loanword
डेसॉन,desson,english_loanword
माकदिसी,makdissi,english_loanword
फ्लॉसिंग,flossing,english_loanword
रवीश,ravessh,english_loanword
बॉक्सों,boxes,english_loanword
कॉम्पैक,compaq,english_loanword
कैंसेलेशन,cancellation,english_loanword
पेंशनेबल,pensionable,english_loanword
क्यूदा,qudah,english_loanword
कारमेलाइजेशन,caramelization,english_loanword
आफिशियल्स,officials,english_loanword
प्रिंसलेस,priceless,english_loanword
टिसियर,tissier,english_loanword
केचम,ketchum,english_loanword
एक्ष्तेन्सिओन,extension,english_loanword
हिकविजन,hikvision,english_loanword
बैक्सी,baxi,english_loanword
कंडक्शन,conduction,english_loanword
डेफोडिल,daffodil,english_loanword
प्लूरीनेशनल,plurinational,english_loanword
सिचुएशंस,situations,english_loanword
टैक्सट्राइज्ड,texturised,english_loanword
लुसो,lusso,english_loanword
मेलबाक्सों,mailboxes,english_loanword
गुरइकबाल,guriqbal,english_loanword
अफेक्शन,affection,english_loanword
संसुन,sassoon,english_loanword
कौलोबरेशन,collaboration,english_loanword
क्लॉसीफ़ायर्स,classifiers,english_loanword
कोंडालिज़ा,condoleezza,english_loanword
रिजुवेनेशन,rejuvenation,english_loanword
एसेय,assays,english_loanword
माल्पास,malpass,english_loanword
मैकगिनैनेस,mcguinness,english_loanword
टेबलटॉप्स,tabletops,english_loanword
बेन्फ्फ़,banff,english_loanword
मिकीस,miqyas,english_loanword
सांक्शी,shanxi,english_loanword
सैनक्सिया,sanxia,english_loanword
सैस्केचवेन,saskatchewan,english_loanword
डुफ्फेरिन,dufferin,english_loanword
डाइस्टफ,dyestuff,english_loanword
पोज़िशन,position,english_loanword
सिकेरिम,siquerim,english_loanword
इश्यूएंस,issuance,english_loanword
मसरत,mussarat,english_loanword
जुलकरनैन,zulqarnain,english_loanword
रिहाइड्रेशन,rehydration,english_loanword
कार्डियोवर्सन,cardioversion,english_loanword
कॉन्ट्रैक्शन्स,contractions,english_loanword
एयरोसोलाइजेशन,aerosolization,english_loanword
सीक्यूएल,cql,english_loanword
ट्रेन्चलैस,trenchless,english_loanword
क्लिक्स,clix,english_loanword
इलैक्ट्रिफिकेशन,electrification,english_loanword
हैक्सा,hexa,english_loanword
स्टॉपवॉच,stopwatch,english_loanword
एकस्पॉज़ीटरी,expository,english_loanword
बैसिस्ट,bassist,english_loanword
इंस्टीट्युशनल,institutional,english_loanword
अक्सेशन,accession,english_loanword
डिप्रेसेंट्स,depressants,english_loanword
प्रेसराइज्ड,pressurised,english_loanword
एयरकंडिशनिंग,airconditioning,english_loanword
मैक्सिला,maxilla,english_loanword
शाकिब,saquib,english_loanword
मीरबाजार,mirbazzar,english_loanword
रोस्कोन्ग्रेस,roscongress,english_loanword
कोल्फ,kolff,english_loanword
इमैजिनेशन,imagination,english_loanword
फ़्लोमॉक्सेफ़,flomoxef,english_loanword
बेनीओफ,benioff,english_loanword
सुसकिंड,susskind,english_loanword
सीसू,sissu,english_loanword
कान्वेक्स,convex,english_loanword
ट्रांसेक्शनल,transactional,english_loanword
रसूलपुर,rassolpur,english_loanword
कॉगएक्स,cogx,english_loanword
हेसिस्चर,hessischer,english_loanword
ब्रेज्जा,brezza,english_loanword
डिकंप्रेशन,decompression,english_loanword
ग्रैफिटी,graffiti,english_loanword
किलेशन,chelation,english_loanword
वायक्लिफ,wycliffe,english_loanword
मार्कुएट,marquette,english_loanword
प्रीडिक्शन,prediction,english_loanword
पेफेर,pfeffer,english_loanword
कन्सीलिएशन,conciliation,english_loanword
ग़ुरबक्षीश,gurbaxish,english_loanword
मिक्से,mixe,english_loanword
ईशाक,ishaqe,english_loanword
डफ़ी,duffy,english_loanword
सेल्जुक,seljuq,english_loanword
इनसेसेंट,incessant,english_loanword
कंपस,compass,english_loanword
सुपरमैसिव,supermassive,english_loanword
क्यूएएस,qas,english_loanword
कियाना,qiana,english_loanword
मिनमायज़ेशन,minimization,english_loanword
ट्रैफ़र्ड,trafford,english_loanword
डोकोसैहेक्सेनोइक,docosahexaenoic,english_loanword
सादिकबाद,sadiqabad,english_loanword
सिमलैस,seamless,english_loanword
वैलीडेशन,validation,english_loanword
नरेशन,narration,english_loanword
जेस्शन,gestion,english_loanword
अबोलहसन,abholhassan,english_loanword
कोगुलेशन,coagulation,english_loanword
हैरसमेंट,harassment,english_loanword
स्वॉच,swatch,english_loanword
दिलकर,dulquer,english_loanword
पिटीशनर,petitioner,english_loanword
फ्रेमलेस,frameless,english_loanword
होमलेस,homeless,english_loanword
बेस्टियन,bastion,english_loanword
पोचेफस्ट्रम,potchefstroom,english_loanword
मैग्नेटिसेशन,magnetisation,english_loanword
शोशाई,ssai,english_loanword
क्रोस,crosses,english_loanword
ओपनएसएसएल,openssl,english_loanword
इंटरसेक्स,intersex,english_loanword
हेक्सपेलॉयड,hexaploid,english_loanword
ड्राइवरलेस,driverless,english_loanword
वाचडाग,watchdog,english_loanword
सल्फिडेशन,sulphidation,english_loanword
गयासुद्दीन,gyassuddin,english_loanword
बासेम,bassem,english_loanword
बिज़ोनी,bizzoni,english_loanword
ओलोनॉफ,olonoff,english_loanword
मासेस,masses,english_loanword
ओलोफ्सन,olofsson,english_loanword
स्केफर,schaffer,english_loanword
टॉक्सिकोडेंड्रोन,toxicodendron,english_loanword
इंस्ट्रक्शंज,instructions,english_loanword
निगोशिएबिल,negotiable,english_loanword
वीएसएसडीएम,vssdm,english_loanword
रेंगूलेशन,regulation,english_loanword
रिजनरेशन,regeneration,english_loanword
मैक्सआइटर,maxiter,english_loanword
मल्टीफंक्शनल,multifunctional,english_loanword
पिचफोर्ड,pitchford,english_loanword
दसाल्ट,dassault,english_loanword
कोईदेंगारबो,qoidngarbo,english_loanword
मैक्समाइज,maximize,english_loanword
प्रेस्लर,pressler,english_loanword
ग्लोनॉस,glonass,english_loanword
आफिसर्स,officers,english_loanword
पीजीपीएक्स,pgpx,english_loanword
प्रोबेशन,probation,english_loanword
सल्युशंस,solutions,english_loanword
टॉक्सिंस,toxins,english_loanword
एम्प्लीफफिकेशन,amplification,english_loanword
पैटिसेरी,patisserie,english_loanword
इंट्यूबेशन,intubation,english_loanword
ब्यूटीफिकेशन,beautification,english_loanword
एस्टेरिफिकेशन,esterification,english_loanword
बरका,barqa,english_loanword
खाकां,khaqan,english_loanword
लासकॉक्स,lascaux,english_loanword
इवोक्यू,evoque,english_loanword
काफो,caffo,english_loanword
वासमुस,wassmuss,english_loanword
प्रिपेयर्डनेस,preparedness,english_loanword
ब्रशलेस,brushless,english_loanword
यूजेबल,usable,english_loanword
स्टॉफ़ेनबर्गस्टर,stauffenbergstr,english_loanword
मार्किनो,marquino,english_loanword
एसिद,essid,english_loanword
आक्स्ले,oxley,english_loanword
मेकिनेज़,maquinez,english_loanword
कॉर्डलैस,cordless,english_loanword
नोटिाफिकेशन,notification,english_loanword
रीड्रेसल,redressal,english_loanword
आइएसएसएफ,issf,english_loanword
ड्यूसेलडोर्फ़,dusseldorf,english_loanword
प्रेसक्रिप्शन,prescription,english_loanword
स्विचएबल,switchable,english_loanword
एस्टेरीफिकेशन,esterification,english_loanword
कॉन्सटीटयूशनल,constitutional,english_loanword
टूथलेस,toothless,english_loanword
आगमैंटिड,augmented,english_loanword
जासिया,jassia,english_loanword
नैचुराइलेजेशन,naturalisation,english_loanword
एक्सट्रॉ,extra,english_loanword
करेक्शनल,correctional,english_loanword
डेविएशन,deviation,english_loanword
वीइस,weiss,english_loanword
एक्सीकॉर्प,axicorp,english_loanword
हाक्सटन,hoxton,english_loanword
काईसी,caisse,english_loanword
मोअज्जम,moazzam,english_loanword
लुटियंस,lutyenss,english_loanword
क्यूटीए,qta,english_loanword
तौफीक,toufique,english_loanword
इशकज़ादे,ishaqzaade,english_loanword
सेवेनसन,svensson,english_loanword
रिफ्लैक्सिविटी,reflexivity,english_loanword
केनिज़िट,kenizzite,english_loanword
टेरेक्स,terex,english_loanword
इस्टैबलिशमैंट,establishment,english_loanword
प्रिक्सडेस,praxedes,english_loanword
मैकरिची,macritchie,english_loanword
एक्सनॉस,exynos,english_loanword
टेक्सको,texaco,english_loanword
हिंक्लिफ,hinchliffe,english_loanword
डिस्ट्रेस,distress,english_loanword
जुल्कारनैन,zulqarnain,english_loanword
नैशनलाइज्ड,nationalized,english_loanword
बेन्डेलेरस्ट्रासे,bendlerstrasse,english_loanword
एडरेसेबल,addressable,english_loanword
हैचबैक,hatchback,english_loanword
टैक्सक्लाउड,taxcloud,english_loanword
गुजपेक्स,gujpex,english_loanword
कन्वेंशनस्,conventions,english_loanword
रासि,rassie,english_loanword
पेरिशेबल,perishable,english_loanword
इसाई,issai,english_loanword
डिलेमिनेशन,delamination,english_loanword
जोनसेंन,jonassen,english_loanword
एब्स्ट्रेक्शन,abstraction,english_loanword
मनतेना,mentena,english_loanword
टॉक्सिंज,toxins,english_loanword
इनॉक्स,inox,english_loanword
पैकियाओ,pacquiao,english_loanword
बेक्स,bex,english_loanword
डिस्कशन,discussion,english_loanword
ब्रॉन्क्स,bronx,english_loanword
नालोक्सोन,naloxone,english_loanword
वकारुल्ला,waqarullah,english_loanword
टैक्सोनॉमी,taxonomy,english_loanword
फेजारी,fazzari,english_loanword
मॉनेटाइजेशन,monetization,english_loanword
इंडीटेक्स,inditex,english_loanword
प्रीफिक्स,prefix,english_loanword
मल्टीक्स,multix,english_loanword
जेआईएफएफ,jiff,english_loanword
शफल्स,shuffles,english_loanword
रैनबक्सी,ranbaxy,english_loanword
डेसन,desson,english_loanword
रिडंपशन,redemption,english_loanword
इन्क्लूजन,inclusion,english_loanword
मैटलॉफ,matloff,english_loanword
एक्रिडेशन,accreditation,english_loanword
नमसिवायम,namassivayam,english_loanword
ट्रांसफॉरमेशन,transformation,english_loanword
कायैद,quaid,english_loanword
यूरोनेक्स्ट,euronext,english_loanword
अनीसिया,anissia,english_loanword
डीआक्सीहीमोग्लोबिन,deoxyhemoglobin,english_loanword
असेरिअन,assarion,english_loanword
बॉर्डरलेस,borderless,english_loanword
क्रीएशन,creation,english_loanword
परोक्षियों,proxies,english_loanword
रीफवाच,reefwatch,english_loanword
अकोमोडेशन,accommodation,english_loanword
एसेन्शन,ascension,english_loanword
बॉसर्ट,bossert,english_loanword
क्रूसीफिक्शन,crucifixion,english_loanword
हुसैनिया,hussainiya,english_loanword
गॉसेलिन,gosselin,english_loanword
केएसएसआर,kssr,english_loanword
मेज़ो,mezzo,english_loanword
एक्सपेरिमेंटेशन,experimentation,english_loanword
सीरियसएक्सएम,siriusxm,english_loanword
विसम,wissam,english_loanword
ट्रांसलोकेशन,translocation,english_loanword
सिसन,cissna,english_loanword
इन्वेस्टिगेशनल,investigational,english_loanword
टॉफ,toff,english_loanword
टेबललिस्ट,tablelist,english_loanword
जेकेएसएसडीएम,jkssdm,english_loanword
डिस्टॉर्शनएफ़एक्स,distortionfx,english_loanword
कैशलेश,cashless,english_loanword
ब्रोघटन,broughton,english_loanword
फार्मूलेशंस,formulations,english_loanword
कहकशां,kaykasshan,english_loanword
हाइपोक्सिया,hypoxia,english_loanword
लुब्विच,lubavitch,english_loanword
अप्रॉक्सिमेशन,approximation,english_loanword
डिमडेक्स,dimdex,english_loanword
ट्रोफ,troff,english_loanword
इज्जतनगर,izzatnagar,english_loanword
आइडेन्टिफिकेशन,identification,english_loanword
गैलेक्सियन,galaxian,english_loanword
काटोलीक,catholique,english_loanword
बोरूसिया,borussia,english_loanword
रेक्सएक,rexec,english_loanword
एक्सप्लोरेटरी,exploratory,english_loanword
स्निफिंग,sniffing,english_loanword
विज़ूअलाइज़ेशन,visualization,english_loanword
हिचेन्स,hitchens,english_loanword
रेपरेशन,reparation,english_loanword
कनेक्शनज़,connections,english_loanword
असुन्ना,assounna,english_loanword
नेस्कॉेम,nasscom,english_loanword
इम्यूनोसप्रेसिव,immunosuppressive,english_loanword
कार्टेलाइजेशन,cartelisation,english_loanword
कोलेशन,collation,english_loanword
एक्सीलेंसीज,excellencies,english_loanword
हफ़पोस्ट,huffpost,english_loanword
एफीशियन्सी,efficiency,english_loanword
वेंकटचलैया,vankatchalaih,english_loanword
प्रैसों,presses,english_loanword
बाउआजा,bouazza,english_loanword
सेक्सुअली,sexually,english_loanword
नसीब,nassib,english_loanword
युटिलाइजेशन,utilization,english_loanword
एश्योरेन्स,assurance,english_loanword
कॉन्टैक्टलेस,contactless,english_loanword
फ़िक्सर,fixer,english_loanword
आइएनएक्स,inx,english_loanword
कुबूल,qubool,english_loanword
असोसिएशनज़,associations,english_loanword
शिफर,shiffer,english_loanword
ओपीईएक्स,opex,english_loanword
इसू,issue,english_loanword
रीकैपिटलाइजेशन,recapitalisation,english_loanword
पासीघाट,passighat,english_loanword
प्रैस,presses,english_loanword
डिस्क्रिशनरी,discretionary,english_loanword
कन्सेसन,concession,english_loanword
बैरक,baroque,english_loanword
वेरीएबल,variable,english_loanword
असेसर,assessor,english_loanword
क्यूमोह,qoimoh,english_loanword
नेसेलहौफ,nesselhauf,english_loanword
कैश्लेश,cashless,english_loanword
फॉक्सक्स,foxx,english_loanword
मिसकन्फिगरेशन,misconfiguration,english_loanword
चेसीस,chassis,english_loanword
एडिशन,edition,english_loanword
जैजी,jazzy,english_loanword
इनसुलेशन,insulation,english_loanword
थैचर्स,thatchers,english_loanword
मराज़ो,marazzo,english_loanword
एविक्शन,eviction,english_loanword
डिफ्रेन्शियबिलिटी,differentiability,english_loanword
मिनीमाईजेशन,minimization,english_loanword
मुफ्फकम,muffakham,english_loanword
केमएक्सॉन,chemaxon,english_loanword
बायोकंपैटिबल,biocompatible,english_loanword
किशिंजर,kissinger,english_loanword
एक्सटॉर्शन,extortion,english_loanword
मोनिक,monique,english_loanword
कोलॉसकेलिस,colosschelys,english_loanword
सेरोकनवर्सन,seroconversion,english_loanword
प्रिसियन,prussian,english_loanword
एश्योंरेंस,assurance,english_loanword
मारकेसस,marquesas,english_loanword
पोजिशनर,positioner,english_loanword
रियालिटिक्स,rhealityx,english_loanword
ब्रुक्सलेस,bruxelles,english_loanword
कॉन्सटीट्यूशन,constitution,english_loanword
एशमुकाम,aishmuqam,english_loanword
ओएस,oss,english_loanword
कोओपरेशन,cooperation,english_loanword
चैमोनिक्स,chamonix,english_loanword
इवैलुएशन,evaluation,english_loanword
अफेंसेस,offences,english_loanword
कन्स्टेलेशन,constellation,english_loanword
अल्लासाने,alassane,english_loanword
टिफनी,tiffany,english_loanword
अब्दुलाकावी,abduylqawi,english_loanword
किचन्स,kitchens,english_loanword
किस्ड,kissed,english_loanword
पॉसिबल,possible,english_loanword
रीडिफ्यूजन,rediffusion,english_loanword
लिटिगेशन,litigation,english_loanword
रिप्लेसेबल,replaceable,english_loanword
एग्रेस,agress,english_loanword
एक्सपीरिएंसिंग,experiencing,english_loanword
सप्रेस्ड,suppressed,english_loanword
बलकर्ण,balqarn,english_loanword
यूपीएएसएस,upass,english_loanword
मेथॉक्सीमिथाइल,methoxymethyl,english_loanword
लक्ष्मीपुरा,laxmipura,english_loanword
कॉक्ससेकी,coxsackie,english_loanword
डीमॉनेटाइजेशन,demonetisation,english_loanword
मेजेजेस,messages,english_loanword
गनीस,gneisses,english_loanword
पलाजो,palazzo,english_loanword
मूसेरी,mosseri,english_loanword
नास्टलिक,nastaliq,english_loanword
काशीपुर,cossipore,english_loanword
रैचेटिंग,ratcheting,english_loanword
इन्विसिबल,invisible,english_loanword
जसूर,jassur,english_loanword
कन्स्ट्रक्शन्स,constructions,english_loanword
मेक्सिकाना,mexicana,english_loanword
डेटॉक्स,detox,english_loanword
बल्कानेस्कुए,balkanesque,english_loanword
ग्रासले,grassley,english_loanword
अबेसिनिया,abyssinia,english_loanword
लेक्सी,laxey,english_loanword
इंटरमिक्स,intermix,english_loanword
रिकंसट्रक्शन,reconstruction,english_loanword
हिविजन,hivision,english_loanword
रेपुटेशन,reputation,english_loanword
रेसलर,ressler,english_loanword
हरीसा,harissa,english_loanword
हार्डस्टाफ,hardstaff,english_loanword
इश्यूअर,issuer,english_loanword
इचेगोयन,etchegoyen,english_loanword
ओहिदुज्जमान,ohiduzzaman,english_loanword
कियानयु,qianyu,english_loanword
क्लासिफ़ायर,classifier,english_loanword
कासबा,qasba,english_loanword
डजेलडर्फ,dusseldorf,english_loanword
टसेल,tassel,english_loanword
एक्सट्रैक्टर्स,extractors,english_loanword
डेक्लेयरेशन,declaration,english_loanword
ट्राएंगुलेशन,triangulation,english_loanword
कोरोसन,corrosion,english_loanword
इश्यूमेकर,issuemaker,english_loanword
इन्वेस्टीगेशंस,investigations,english_loanword
कमीशन्स,commissions,english_loanword
कुरेश,quraysh,english_loanword
केबलग्राम,cablegram,english_loanword
लौएटहौएजर,leutheusser,english_loanword
इंटरडिक्शन,interdiction,english_loanword
फ्लेक्सिबिल,flexible,english_loanword
फोसे,fosse,english_loanword
सॉफ़्टस्विच,softswitch,english_loanword
स्विचगीयर,switchgear,english_loanword
वकालतनामा,vaqalatnama,english_loanword
ब्रीजा,brezza,english_loanword
सर्कमलक्युशन,circumlocution,english_loanword
लेस्पिएक,lespiaucq,english_loanword
ड्रेसमेकर,dressmaker,english_loanword
नौसकॉम,nasscom,english_loanword
स्टफ़र,stuffer,english_loanword
रिज्जो,rizzo,english_loanword
वेरबल्स,wearables,english_loanword
केपेक्स,capex,english_loanword
सेग्रीगेशन,segregation,english_loanword
सुज़ैन,sussanne,english_loanword
रिहाईड्रेशन,rehydration,english_loanword
क्यूडीआई,qdi,english_loanword
एक्सटीयिर,exterior,english_loanword
डिस्ट्रैस,distress,english_loanword
निफ्ट,nifft,english_loanword
इन्टेक्स,intex,english_loanword
नेक्सस्टेज,nxstage,english_loanword
एक्ससाईट,excite,english_loanword
डैजल,dazzle,english_loanword
एक्स्ट्रैक्टर्स,extractors,english_loanword
अल्ट्रासोनिकेशन,ultrasonication,english_loanword
सूइस,suisse,english_loanword
माज़िका,mazzika,english_loanword
मैक्सस्टील,maxsteel,english_loanword
कांबिनेशन,combination,english_loanword
मेक्सिस,maxis,english_loanword
कुइकसिल्वर,quiksilver,english_loanword
डीएसएसओज़,dssos,english_loanword
सीईएनएस,censs,english_loanword
लॉवक्स,lavaux,english_loanword
कूपरविज़न,coopervision,english_loanword
अवेयरनैस,awareness,english_loanword
पटक्सेंट,patuxent,english_loanword
एक्सक्लूसिविटी,exclusivity,english_loanword
ग्रॉसमैन,grossman,english_loanword
मदरसातुल,madrassatul,english_loanword
टेन्शनर्स,tensioners,english_loanword
कबिलाह,qiblah,english_loanword
अप्प्रोक्स,approx,english_loanword
कॉरपोरेटाइजेशन,corporatisation,english_loanword
बार्बारोसा,barbarossa,english_loanword
कैफर्टी,cafferty,english_loanword
मुकीम,muqim,english_loanword
ब्लाईंड्नेस,blindness,english_loanword
एक्सोजेनस,exogenous,english_loanword
एक्साइटिड,excited,english_loanword
ग्लोवबॉक्स,glovebox,english_loanword
बेसों,basses,english_loanword
एक्समोर,exmor,english_loanword
गास्केत,gasquet,english_loanword
कंपटीटिवनेस,competitiveness,english_loanword
कम्फ़र्टेबल,comfortable,english_loanword
पासपोर्ट्स,passports,english_loanword
नहशोन,naasson,english_loanword
एसेक्सुअल,asexual,english_loanword
आइकॉनिक,iconiq,english_loanword
रोसकांग्रेस,roscongress,english_loanword
टेक्नीक,technique,english_loanword
जेस्मिन,jessamine,english_loanword
फीफर,pfeiffer,english_loanword
ग्रैसली,grassley,english_loanword
नालॉक्सोन,naloxone,english_loanword
कलंडर्स,qalandars,english_loanword
आइटरेशन,iteration,english_loanword
प्रॉयसलर,preussler,english_loanword
कचर,kutcher,english_loanword
रिसर्क्युलेशन,recirculation,english_loanword
प्रीवेन्शन,prevention,english_loanword
गफाने,gaffaney,english_loanword
मुबारराका,mubarraqa,english_loanword
जाकुइमा,jaquima,english_loanword
सिद्दिका,siddiqa,english_loanword
ईवॉक,evoque,english_loanword
मैक्सेंटियस,maxentius,english_loanword
रिनेसन्स,renaissance,english_loanword
क्रॉसमैच,crossmatch,english_loanword
इनड्यूशन,inundation,english_loanword
ट्रांसप्लांटेबल,transplantable,english_loanword
टेक्स्टबुक्स,textbooks,english_loanword
क्रुसिबल,crucible,english_loanword
फेसलेस,faceless,english_loanword
कॉक्सोन,coxsone,english_loanword
ूका,ouqu,english_loanword
पेनटेरेशन,penetration,english_loanword
क्लैसिफ़ायअर्ज़,classifiers,english_loanword
काराह,qarah,english_loanword
टोजर,tozzer,english_loanword
डिसइन्फेक्शन,disinfection,english_loanword
इंक्लूजन,inclusion,english_loanword
वीएक्सआई,vxi,english_loanword
न्यूट्रीशियनिस्ट,nutritionist,english_loanword
पासारो,passaro,english_loanword
बाक्सरविजेंदर,boxervijender,english_loanword
बैकक्रॉस,backcross,english_loanword
इट्ज़कोफ,itzkoff,english_loanword
फर्गूसन,fergusson,english_loanword
डसेन,dussen,english_loanword
रिससिटैशन,resuscitation,english_loanword
ओयएसएस,oyss,english_loanword
फ्रैक्शंस,fractions,english_loanword
एक्सीटर,exeter,english_loanword
किंगडाउ,qingdao,english_loanword
एडोप्शन,adaptation,english_loanword
सारलोरलक्स,saarlorlux,english_loanword
फर्ग्यूसन,fergusson,english_loanword
रिवॉल्युशनरी,revolutionary,english_loanword
रीजेनरेशन,regeneration,english_loanword
बाइपास,bypasses,english_loanword
गैफनी,gaffaney,english_loanword
कैचिंग,catching,english_loanword
पैसेंजर्स,passengers,english_loanword
डिफरेंसेस,differences,english_loanword
मासागेटे,massagetae,english_loanword
वेवटेबल,wavetable,english_loanword
एलिजबल,eligible,english_loanword
पेराडॉक्स,paradox,english_loanword
कंडीशन्ड,conditioned,english_loanword
मुकदस,muqadas,english_loanword
जनरेशन्स,generations,english_loanword
क्युइम,quyuim,english_loanword
फ्रिज़ी,frizzy,english_loanword
कॉपलेशन,copulation,english_loanword
चफफी,chaffee,english_loanword
कंट्रीब्यूशंस,contributions,english_loanword
कुलधुफ़ुशी,kulhudhuffushi,english_loanword
टैलाहैसी,tallahassee,english_loanword
रेनसान्स,renaissance,english_loanword
रेजुवनेशन,rejuvenation,english_loanword
अफोर्डेबल,affordable,english_loanword
म्यूनिशन,munition,english_loanword
मैकाल्फ,macauliffe,english_loanword
कुइंगदाओ,qingdao,english_loanword
कतेल,qateel,english_loanword
टेबलटॉप,tabletop,english_loanword
कमिशन्ड,commissioned,english_loanword
इश्कजादे,ishaqzaade,english_loanword
बीम्बेक्स,bembex,english_loanword
डिटॉक्सीफायर,detoxifier,english_loanword
ख़िलाफ़गफ़एक्स,khilafahgfx,english_loanword
स्ट्रिक्स,strix,english_loanword
डाज,dodge,english_loanword
मैन्थोसा,menthosa,english_loanword
हेचरिज,hatcheries,english_loanword
फिक्सिया,fixya,english_loanword
सीएक्सओ,cxo,english_loanword
जानुशी,zanussi,english_loanword
टफ़ी,tuffey,english_loanword
एशुरेंस,assurance,english_loanword
अराकची,araqchi,english_loanword
सिसेरी,sisseri,english_loanword
रीकंस्ट्रक्शन,reconstruction,english_loanword
डिस्इंफेक्शन,disinfection,english_loanword
सैफरॉन,saffron,english_loanword
सीडीएस,cdss,english_loanword
जेआईएमईएक्स,jimex,english_loanword
नोटिफ़िकेशन,notification,english_loanword
रिकॉन्सिलिएशन,reconciliation,english_loanword
किचलेव,kitchlew,english_loanword
त्साधक,tsadhaq,english_loanword
बाईडायरेक्शनल,bidirectional,english_loanword
इफ्रीकिया,ifriqiya,english_loanword
डिमल्टीप्लेक्सिंग,demultiplexing,english_loanword
प्रेसो,presso,english_loanword
एक्स्पलोरेशन,exploration,english_loanword
जुरिस्डिकेशन,jurisdiction,english_loanword
वोर्टेक्स,vortex,english_loanword
स्ट्रैंगुलेशन,strangulation,english_loanword
वर्बेक्स,verbex,english_loanword
बेन्सूसन,bensoussan,english_loanword
डेथमैच,deathmatch,english_loanword
प्रोस्िक्यूशन,prosecution,english_loanword
चेकबॉक्स,checkboxes,english_loanword
हिड्रोक्सी,hydroxy,english_loanword
इंट्यूशन,intuition,english_loanword
एक्सई,exe,english_loanword
इसारा,issara,english_loanword
लिमीटेशन,limitation,english_loanword
एफीशियेंसी,efficiency,english_loanword
लीजर,lisser,english_loanword
पोटेबल,potable,english_loanword
मुक्द्दीमा,muqaddimah,english_loanword
रिवल्यूशन,revaluation,english_loanword
कान्स्टिटूशनल,constitutional,english_loanword
थायसीनक्रूप,thyssenkrupp,english_loanword
प्रिडिक्शन,prediction,english_loanword
बज्ज,buzz,english_loanword
फ्लॉस,floss,english_loanword
इशतेयाक्यू,ishteyaque,english_loanword
बायोएसेय,bioassay,english_loanword
हाइपोटेंशन,hypotension,english_loanword
बासेट,bassett,english_loanword
उफ़ी,uffie,english_loanword
एक्सपिरियंस,experience,english_loanword
मोस्टाक,mostaq,english_loanword
गॉच,gotch,english_loanword
रेशनलाइज़ेशन,rationalization,english_loanword
रिकानिसएंस,reconnaissance,english_loanword
फारमुलेशनों,formulation,english_loanword
इश्युअर,issuer,english_loanword
रीपोजेशन,repossession,english_loanword
बॉक्सय,boxes,english_loanword
अल्ट्रापोटेसिक,ultrapotassic,english_loanword
एक्शनएड,actionaid,english_loanword
कमीशण,commission,english_loanword
क्यूआरएफ,qrf,english_loanword
मिसेंस,missense,english_loanword
कसाम,qassam,english_loanword
आक्सीमीटर,oximeter,english_loanword
डुप्लास,duplass,english_loanword
केसिग,kassig,english_loanword
कोफी,coffey,english_loanword
क्लीनलिनेस,cleanliness,english_loanword
हार्डकिस,hardkiss,english_loanword
क्रासिंग्स,crossings,english_loanword
बासेटेयर,basseterre,english_loanword
लीसेल,liessel,english_loanword
एप्रिसेएशन,appreciation,english_loanword
सियोन,sion,english_loanword
कैट्रीड्ज,catridge,english_loanword
जीएमएसएसएस,gmsss,english_loanword
हसम,hassam,english_loanword
आफ़िसों,offices,english_loanword
लक्ष्मणभाई,laxmanbhai,english_loanword
कंज्मप्शन,consumption,english_loanword
इफिसेंसी,efficiency,english_loanword
मैदास,maidass,english_loanword
ब्लेचले,bletchley,english_loanword
रौसेउ,rousseau,english_loanword
ओप्रेसेड,oppressed,english_loanword
कोंसिलेशन,conciliation,english_loanword
केआईएफएफ,kiff,english_loanword
मसूदी,massodi,english_loanword
कोवाक्सिन,covaxin,english_loanword
रौक्सैन,roxanne,english_loanword
मोराक्सेला,moraxella,english_loanword
कोलैबोरेशन,collaboration,english_loanword
पफर्स,puffers,english_loanword
हैलुसिनेशन,hallucination,english_loanword
कॉलिजन,collision,english_loanword
टीआईएफएफसीओएम,tiffcom,english_loanword
पजल्स,puzzles,english_loanword
रुफालो,ruffalo,english_loanword
सैक्सोफोनिस्ट,saxophonist,english_loanword
डॉजर्स,dodgers,english_loanword
स्पलीमेंटेशन,supplementation,english_loanword
पोटाशिक,potassic,english_loanword
एक्सिला,axilla,english_loanword
मायबॉक्स,mybox,english_loanword
रेजुवेनेशन,rejuvenation,english_loanword
अजोर,ezzor,english_loanword
रिजुस्की,rzheussky,english_loanword
प्रोपल्सन,propulsion,english_loanword
तरक्कियाती,taraqqiati,english_loanword
जैन्सन,jension,english_loanword
बसर,bassar,english_loanword
इसोलेशन,isolation,english_loanword
कंस्टीटूशन,constitution,english_loanword
गेफन,geffen,english_loanword
पारश्शाला,parassala,english_loanword
दलेकर,dulquer,english_loanword
क्यूइनलान,quinlan,english_loanword
मुज्जफरनगर,muzzafarnagar,english_loanword
विट्नेसिज़,witnesses,english_loanword
डेस्मोप्रैसिन,desmopressin,english_loanword
सकाय,sqay,english_loanword
हचरसन,hutcherson,english_loanword
इंस्पिरेशन,inspiration,english_loanword
सुपरआक्साइड,superoxide,english_loanword
इक्सिगो,ixigo,english_loanword
रीगैसिफिकेशन,regasification,english_loanword
मेटाफिनिटी,metaffinity,english_loanword
कर्लेस,curless,english_loanword
एचगैराइ,etchegaray,english_loanword
बायोडिग्रेडेबल,biodegredable,english_loanword
न्यूक्लियेशन,nucleation,english_loanword
कायदात,qaedat,english_loanword
एजेदीन,ezzedine,english_loanword
तालाहासी,tallahassee,english_loanword
बोरूशिया,borussia,english_loanword
बसाउ,bissau,english_loanword
नेस्कौम,nasscom,english_loanword
मैकगिनेंस,mcguinness,english_loanword
जेस्टेशनल,gestational,english_loanword
ईसा,essa,english_loanword
ब्रेक्सित,brexit,english_loanword
हसनपुर,hassanpur,english_loanword
रूसव्लादिमीर,russiavladimir,english_loanword
रेइफेल,reiffel,english_loanword
एडिबल,edible,english_loanword
प्रेज़न्टेशन,presentation,english_loanword
एब्स्ट्रैकशन,abstraction,english_loanword
रिकानसंस,reconnaissance,english_loanword
जीशू,jisshu,english_loanword
रैक्सिल,raxil,english_loanword
मालफंक्शन,malfunction,english_loanword
हैक्स,hex,english_loanword
फेसियो,fessio,english_loanword
इशराक,isharaq,english_loanword
उफ्लेक्स,uflex,english_loanword
रैसमुसेन,rasmussen,english_loanword
प्रोग्रेसन,progression,english_loanword
मोइजाह,moizzah,english_loanword
एनरिके,enrique,english_loanword
ऩकवी,naqvi,english_loanword
गैसलेस,gasless,english_loanword
कोइल,qoil,english_loanword
रिक्रिएशनल,recreational,english_loanword
आईसोफिक्स,isofix,english_loanword
आशिकी,aashiquii,english_loanword
बीओएक्सएन,boxn,english_loanword
व्हिटक्लिफ,whitcliffe,english_loanword
आब्जर्वेशन,observation,english_loanword
असन्ध,assandh,english_loanword
कम्प्रेसर्स,compressors,english_loanword
सेफट्राइएक्सिन,ceftriaxone,english_loanword
पाजीशन,position,english_loanword
फंक्शनलाइज़्ड,functionalized,english_loanword
ड्युरेबल्स,durables,english_loanword
डिफेक्शन,defection,english_loanword
टेरिबल,terrible,english_loanword
इज़ी,izzy,english_loanword
कदीराबाद,qadirabad,english_loanword
क्रोसफेस,crossface,english_loanword
एफेलिएट्स,affiliates,english_loanword
पुराचि,puratchi,english_loanword
ह्स्क्वारना,husqvarna,english_loanword
कृष,krissh,english_loanword
माइंडवॉक्स,mindvox,english_loanword
ओरियन्टेशन,orientation,english_loanword
श्रेफेलर,schreffler,english_loanword
ओताक,otaq,english_loanword
सूटेबल,suitable,english_loanword
सिक्स्टस,sixtus,english_loanword
राइफेल,reiffel,english_loanword
मिफ,miff,english_loanword
गॉफ,gauff,english_loanword
पासों,passes,english_loanword
ओक्सेनफोर्ड,oxenford,english_loanword
स्मार्टवाचेज,smartwatches,english_loanword
किगोंग,qigong,english_loanword
मेक्सी,maxi,english_loanword
कोमोलांग्मा,qomolangma,english_loanword
कियूशी,qiushi,english_loanword
सौल्युशन,solution,english_loanword
कॉम्पोज़िशन,composition,english_loanword
हंट्रेस,huntress,english_loanword
ग्रिफित,griffith,english_loanword
रॉजॉफ,rogoff,english_loanword
फाक्सकान,foxconn,english_loanword
टिक्साल,tixall,english_loanword
डिटैचमैंट,detachment,english_loanword
स्टीफ़,stiff,english_loanword
काबूस,qaboos,english_loanword
सैंटेक्सीस,syntaxis,english_loanword
स्टि्क्स,stix,english_loanword
कन्स्ट्रक्शंस,constructions,english_loanword
क्लिक्सटर,clixtr,english_loanword
बैक्यूरिज़ो,baquerizo,english_loanword
वेरिफ़िएबल,verifiable,english_loanword
वाइलेशन,violation,english_loanword
ईआरएसएस,erss,english_loanword
कोलोनाइजेशन,colonisation,english_loanword
मास्टरबेशन,masturbation,english_loanword
गुडनेस,goodness,english_loanword
स्केचेस,sketches,english_loanword
डाइमेन्शन्स,dimensions,english_loanword
रोसिया,rossiya,english_loanword
मास्कीटोफिश,mosquitofish,english_loanword
कादियां,qadian,english_loanword
नोमिनेशन,nomination,english_loanword
इंप्रेशनिस्ट,impressionist,english_loanword
करोशन,corrosion,english_loanword
नासॉफिरैन्क्स,nasopharynx,english_loanword
अफॉरेस्टेशन,afforestation,english_loanword
रोगोफ,rogoff,english_loanword
सोशी,sshi,english_loanword
एसोटेक,assotech,english_loanword
डाइवर्सन,diversion,english_loanword
एडूवोल्यूशन,eduvolution,english_loanword
फ्लिचर,fletcher,english_loanword
लासे,lasse,english_loanword
एक्सपेरिमेंट्स,experiments,english_loanword
प्लेआफ,playoff,english_loanword
नैस्काम,nasscom,english_loanword
मेड्रोक्सीप्रोजेस्टेरोन,medroxyprogesterone,english_loanword
सुपरविजन,supervision,english_loanword
लेशियल,loessial,english_loanword
डेराबसी,derabassi,english_loanword
आइडेंटिटीफिकेशन,identification,english_loanword
रोसियो,rossio,english_loanword
हेसेरर,heisserer,english_loanword
जेसौप,jessop,english_loanword
लुब्रिकेशन,lubrication,english_loanword
क्यूयएमएस,qms,english_loanword
मसाया,messiah,english_loanword
बायोरेमेडिएशन,bioremediation,english_loanword
कॉमडेक्स,comdex,english_loanword
साइम्यूलेशन,simulation,english_loanword
आईएमडीईएक्स,imdex,english_loanword
दुसें,dussen,english_loanword
एक्स्पैंशन,expansion,english_loanword
इन्फ्लेटबल,inflatable,english_loanword
स्विज़,swizz,english_loanword
सेक्शंस,sections,english_loanword
प्रीवैंशन,prevention,english_loanword
एडेलवेइस,edelweiss,english_loanword
इफिशंसी,efficiency,english_loanword
हेड्रेस,headdress,english_loanword
फॉर्म्यूलेशन,formulation,english_loanword
नॉज़ल,nozzle,english_loanword
कयूमाबाद,qayyumabad,english_loanword
एंडोटॉक्सिन,endotoxin,english_loanword
सईदुज्जमां,saeeduzzaman,english_loanword
कन्सिलिएशन,conciliation,english_loanword
हेडड्रेस,headdress,english_loanword
डिफ़्यूजन,diffusion,english_loanword
कर्कहॉफ,kerckhoff,english_loanword
आर्टिक्यूलेशन,articulation,english_loanword
पासकोड,passcode,english_loanword
सेक्शुअली,sexually,english_loanword
ग्लोब्लाइजेशन,globalization,english_loanword
तालासेरी,thalassery,english_loanword
बिशौफ़,bischoff,english_loanword
ब्लूक्रॉस,bluecross,english_loanword
जीस,zeiss,english_loanword
बिजनसेज,businesses,english_loanword
गिफ्फेन,giffen,english_loanword
ओपनटेक्स्ट,opentext,english_loanword
एशोरेंस,assurance,english_loanword
किइलियांग,qiliang,english_loanword
नैनोकॉम्पलेक्स,nanocomplexes,english_loanword
हर्केन्स,harkness,english_loanword
माइक्रोप्रोसर,microprocessor,english_loanword
एक्सएलयूजन,exclusion,english_loanword
गिफेन,giffen,english_loanword
सैल्यूटेशंस,salutations,english_loanword
फिजिक,physique,english_loanword
एक्सपेंशन,expansion,english_loanword
वेलुएशन,valuation,english_loanword
मिक्सीडीमा,myxedema,english_loanword
योसी,yossi,english_loanword
लिकियू,liqiu,english_loanword
हॉफकिन,haffkine,english_loanword
बकर,baqar,english_loanword
एलियासन,eliasson,english_loanword
रिजूवनेशन,rejuvenation,english_loanword
क्यूसीसीआई,qcci,english_loanword
स्केचेज,sketches,english_loanword
असेम्ब्लड,assembled,english_loanword
विंडिकेशन,vindication,english_loanword
टाइमपास,timepass,english_loanword
क्यूवेदो,quevedo,english_loanword
मुफज्जल,muffazal,english_loanword
सेलेब्रेशन्स,celebrations,english_loanword
इंपासिबल,impossible,english_loanword
सैंक्शन्स,sanctions,english_loanword
गॉसीपॉल,gossypol,english_loanword
कांस्टीट्यूशनल,constitutional,english_loanword
कॉन्ट्रिब्यूशन,contribution,english_loanword
वेक्टराइज़ेशन,vectorization,english_loanword
एंप्लिफिकेशन,amplification,english_loanword
कंजम्पशन,consumption,english_loanword
इत्त़फाक,ittefaq,english_loanword
फार्ग्युसन,fergusson,english_loanword
शफीकुल्ला,shafiqullah,english_loanword
बक्सिपात्र,buxipatra,english_loanword
रेलीटैक्स,rhealityx,english_loanword
किर्चहोफ,kirchhoff,english_loanword
कन्सालिडेशन,consolidation,english_loanword
मालेक,maleque,english_loanword
रोसुम,rossum,english_loanword
कम्पटीटिवनेस,competitiveness,english_loanword
लेक्सकॉर्प,lexcorp,english_loanword
रुसोलो,russolo,english_loanword
बीआईएफएफ,biff,english_loanword
ओसेटिया,ossetia,english_loanword
कालमार्क्स,kalmarx,english_loanword
पोलरिज़शन,polarization,english_loanword
एसेलबॉर्न,asselborn,english_loanword
आईएसएसफ,issf,english_loanword
डिफ्रैक्शन,diffraction,english_loanword
रिजल,rizzle,english_loanword
कंडीशंड,conditioned,english_loanword
बेसेट्रे,basseterre,english_loanword
कनेक्शंन,connection,english_loanword
शरकिया,sharqiya,english_loanword
सियस,seuss,english_loanword
स्पीक्स,speex,english_loanword
एक्सपोजिटरी,expository,english_loanword
सेसंस,sessions,english_loanword
अटेस्टेशन,attestation,english_loanword
क्रिकबज,cricbuzzs,english_loanword
टेक्सेशन,taxation,english_loanword
क्लिफ्फोर्ड,clifford,english_loanword
एक्सप्लोसिव,explosive,english_loanword
ट्रडिशनल,traditional,english_loanword
लाइपोप्लेक्सेस,lipoplexes,english_loanword
एक्स्ट्रावैगांजा,extravaganza,english_loanword
एक्सपोज़िटर्स,expositors,english_loanword
नैसडैक,nasdaq,english_loanword
स्टैंडर्डाइज़ेशन,standardization,english_loanword
एक्टर्स,actresses,english_loanword
प्यूरीफिकेशन,purification,english_loanword
एस्फिक्सिया,asphyxia,english_loanword
वेस्ली,wessely,english_loanword
पफी,puffy,english_loanword
पार्टीसिपेशन,participation,english_loanword
रैड़ैक्लफ,radcliffe,english_loanword
प्रजेन्टेशन,presentation,english_loanword
इनिस,inniss,english_loanword
मेलानोक्सिलोन,melanoxylon,english_loanword
कनक्लूजन,conclusion,english_loanword
बूसि,bussy,english_loanword
ग्लासफॉल्ट,glassphalt,english_loanword
रुकय्या,ruqayyah,english_loanword
पावरटैक्स,powertex,english_loanword
कार्पोरेशन,corportion,english_loanword
डिसीजन्स,decisions,english_loanword
कैसिंजर,kissinger,english_loanword
जॉफ,geoff,english_loanword
दसौनी,dassauni,english_loanword
वेरहॉफ,verhoeff,english_loanword
हिचेंस,hitchens,english_loanword
मासेज़,masses,english_loanword
सैक्सनी,saxony,english_loanword
रेडीनैस,readiness,english_loanword
विज़िबल,visible,english_loanword
स्नैचिंग,snatching,english_loanword
मल्टीपिक्सल,multipixel,english_loanword
एनेक्सिन,annexin,english_loanword
कामर,qamar,english_loanword
डेनस,denness,english_loanword
रजिस्ट्रेशंंस,registrations,english_loanword
करप्श्न,corruption,english_loanword
रिपलेस्मैंट,replacement,english_loanword
मक्सिमिलियन,maximilian,english_loanword
फ़ाइफ़र,pfeiffer,english_loanword
तारीक,tarique,english_loanword
फोर्टिफिकेशन,fortification,english_loanword
कहटन,qahtan,english_loanword
क्लासवर्क,classwork,english_loanword
कैसियोडोरस,cassiodorus,english_loanword
डिमोनेटाइजेशन,demonetisation,english_loanword
एक्साइटमेंट,excitement,english_loanword
इंटरनैशनल,internationale,english_loanword
स्टुर्गेस,sturgess,english_loanword
कैप्चा,captcha,english_loanword
रॉकल,racquel,english_loanword
कोडिएक,kodiaq,english_loanword
मुज़फ्फर,muzzaffar,english_loanword
डिस्क्रिप्शन,description,english_loanword
डीकलासीफ़ाईड,declassified,english_loanword
बॉस्नोवा,bossonova,english_loanword
गैलैक्सी,galaxy,english_loanword
आसफ,assaf,english_loanword
टेक्निक,technique,english_loanword
एसाल्ट,assault,english_loanword
सिविलाइज़ेशन्स,civilizations,english_loanword
फ्लैगस्टॉफ,flagstaff,english_loanword
अन्फ़ॉर्गेटेबल,unforgettable,english_loanword
विजन्स,visions,english_loanword
रुसफ,rousseff,english_loanword
इंटरफैक्स,interfax,english_loanword
फिशन,fission,english_loanword
इफेक्टेड,affected,english_loanword
अस्सोसिएशन्स,associations,english_loanword
मिस्ड,missed,english_loanword
काबानोसी,cabanossi,english_loanword
ग्रिफिथ,griffith,english_loanword
वॉचलिस्ट,watchlist,english_loanword
युनुस,yunuss,english_loanword
फाउंडेशंस,foundations,english_loanword
बैकेट,baquet,english_loanword
एक्सपेडिया,expedia,english_loanword
रीहेबिलिटेशन,rehabilitation,english_loanword
एक्सोप्लानेटरी,exoplanetary,english_loanword
रैकेबल,rackable,english_loanword
कंकरर,conqueror,english_loanword
मेंदेल्ससोन,mendelssohn,english_loanword
हेक्सॉगन,hexagon,english_loanword
कनवर्टिबल,convertible,english_loanword
मैचा,matcha,english_loanword
ट्रूफोट,truffaut,english_loanword
स्टोमोक्सिस,stomoxys,english_loanword
गनासी,ganassi,english_loanword
एक्सप्लोडिंग,exploding,english_loanword
जोनफ्लेक्स,zoneflex,english_loanword
ट्रांसमिसोमीटर,transmissometer,english_loanword
एक्सोर,exor,english_loanword
मैंसेजों,messages,english_loanword
परसेप्शन,perception,english_loanword
टॉक्सिकोलॉजी,toxicology,english_loanword
रिलैक्सेशन,relaxation,english_loanword
बुफ,buff,english_loanword
ग्रिफ्फोन,griffon,english_loanword
एसेंसियन,ascension,english_loanword
रस्सिफिकेशन,russification,english_loanword
फिक्शनल,fictional,english_loanword
सेंक्शन्स,sanctions,english_loanword
रसिया,rassiya,english_loanword
बाशन,bastion,english_loanword
स्ट्रेसर्स,stressors,english_loanword
आक्शन,auction,english_loanword
लाक्रोस,lacrosse,english_loanword
अलेक्सई,alexei,english_loanword
ग्राफ़ी,graffi,english_loanword
जोकुइन,joaqun,english_loanword
लताचन्ना,latchanna,english_loanword
आक्सीहीमोग्लोबिन,oxyhemoglobin,english_loanword
शॉफ,schaff,english_loanword
गैसिफिकेशन,gasification,english_loanword
इसावी,issawi,english_loanword
एक्सप्रेसव,expressway,english_loanword
कुलोन,quilon,english_loanword
विस्को,vissco,english_loanword
कमीशऩ,commission,english_loanword
स्मर्नौफ़,smirnoff,english_loanword
एम्पलीफिकेशन,amplification,english_loanword
सिचुएशनल,situational,english_loanword
एएफएफएस,affs,english_loanword
एक्सप्लोएटेड,exploited,english_loanword
नेगोशिएशन्स,negotiations,english_loanword
एक्सपीडिया,expedia,english_loanword
विनिफिकेशन,vinification,english_loanword
बेसिस्ट,bassist,english_loanword
कॉन्स्टिट्यूशन,constitution,english_loanword
फ्लक्सिंग,fluxing,english_loanword
फिक्स्चर,fixture,english_loanword
डिमिनरलाइज़ेशन,demineralization,english_loanword
हिपोक्सिया,hypoxia,english_loanword
कोंडालिजा,condoleezza,english_loanword
बसेट,bassett,english_loanword
डीग्रेडेशन,degradation,english_loanword
एरिस्टॉफ,eristoff,english_loanword
यानिकी,yanqi,english_loanword
मिस्टरेस,mistress,english_loanword
काशाकी,qashqai,english_loanword
किसिम्मे,kissimmee,english_loanword
रिमोशन,remotion,english_loanword
डोनबास,donbass,english_loanword
रीकॉन्सेंस,reconnaissance,english_loanword
लैचन्ना,latchanna,english_loanword
रॉसरी,rossari,english_loanword
अश्शूरी,assyria,english_loanword
क्लासिस,classes,english_loanword
सैसोली,sassoli,english_loanword
इंस्ट्रूमैंट्स,instruments,english_loanword
एआईएसएसएफ,aissf,english_loanword
इन्फ्लेशन,inflation,english_loanword
गोडेसेज,goddesses,english_loanword
आईएसएसएफ़,issf,english_loanword
एक्सपैंडेबल,expandable,english_loanword
मिसिसीपी,mississippi,english_loanword
विटनेसेज़,witnesses,english_loanword
स्टेशनर्स,stationers,english_loanword
प्रोक्सिमोडिस्टल,proximodistal,english_loanword
काम्पलेक्सों,complexes,english_loanword
डिफफ्यूज,diffuse,english_loanword
रेप्लीकेशन,replication,english_loanword
टर्नटेबल,turntable,english_loanword
पाकपैशन,pakpassion,english_loanword
एलबुकरक्ए,albuquerque,english_loanword
मल्टिक्स,multix,english_loanword
सुसी,suisse,english_loanword
त्रिसंकु,thrissanku,english_loanword
पार्टियन,portion,english_loanword
रशीक,rashique,english_loanword
कॉम्प्लीकेशन्स,complications,english_loanword
एम्प्रेस,empress,english_loanword
फैक्टचेकर,factchecker,english_loanword
मैस्टरबेशन,masturbation,english_loanword
वेंकटचलम,venkatchalam,english_loanword
एक्सपेंडिशन,expedition,english_loanword
ब्लाइंडनेस,blindness,english_loanword
रीमिक्सिंग,remixing,english_loanword
क्लासस,classes,english_loanword
टाइट्रेटेबल,titratable,english_loanword
एक्स्चेंज़िज,exchanges,english_loanword
वकीना,vaquina,english_loanword
इन्स्ट्रुमेंटेशन,instrumentation,english_loanword
ब्रैसी,brassy,english_loanword
पपराजी,paparazzi,english_loanword
वेसेनार,wassenaar,english_loanword
एमेजनरिकोगनिशन,amazonrekognition,english_loanword
एक्सट्रामैरिटल,extramarital,english_loanword
पिज्जी,pizzi,english_loanword
लावेजी,lavezzi,english_loanword
गगयरबॉक्स,gearbox,english_loanword
कंसोलेशन,consolation,english_loanword
असेसिंग,assessing,english_loanword
मिस्टिक,mystique,english_loanword
क्यूडी,qudi,english_loanword
रिप्रेशन,repression,english_loanword
प्रोक्सिमा,proxima,english_loanword
स्यान,sion,english_loanword
कार्बोक्सिल,carboxyl,english_loanword
रेडियाएशन,radiation,english_loanword
पीएमएसएस,pmss,english_loanword
वाइवैक्स,vivax,english_loanword
इन्सिपिरेशन,inspiration,english_loanword
वैरीफाएबल,verifiable,english_loanword
टर्बोलिंक्स,turbolinux,english_loanword
ब्राजर्स,brazzers,english_loanword
कन्सल्टेशन,consultation,english_loanword
फ़्लोटेशन,flotation,english_loanword
यूसुफ़,yusuff,english_loanword
होसैल,hossell,english_loanword
लुक़मान,luckman,english_loanword
एसै,assay,english_loanword
पौलिनेशन,pollination,english_loanword
कम्पैशन,compassion,english_loanword
सिसना,cissna,english_loanword
किबला,qibla,english_loanword
किसपेप्टिन,kisspeptin,english_loanword
डिगाक्सिन,digoxin,english_loanword
पोड्जर,podger,english_loanword
जेफिन,jeffin,english_loanword
करेक्शंस,corrections,english_loanword
वेल्क्स,velox,english_loanword
रीट्रैक्शंस,retractions,english_loanword
अब्दुलकवी,abdulqawi,english_loanword
प्रोमोशंस,promotions,english_loanword
सल्फाइडेशन,sulphidation,english_loanword
डायाक़्साइड,dioxide,english_loanword
एक्सपोर्टिंग,exporting,english_loanword
नेशनलेंसीक्लोपेडिन,nationalencyklopedin,english_loanword
हेक्सावैलेंट,hexavalent,english_loanword
हैयरड्रेसिंग,hairdressing,english_loanword
एट्रिशन,attrition,english_loanword
बफिट,buffet,english_loanword
यूसफ,yusuff,english_loanword
स्नेचिंग,snatching,english_loanword
इम्मोबिलाइजेशन,immobilisation,english_loanword
इंडीक,indique,english_loanword
एक्सपेल्ड,expelled,english_loanword
आस्किलेशन,oscillation,english_loanword
पैलेटिजेशन,palletisation,english_loanword
ग्रेटबैच,greatbatch,english_loanword
स्क्रिलक्स,skrillex,english_loanword
ब्रैचली,bratchley,english_loanword
बज़िंगटन,buzzington,english_loanword
ओवेसी,oveyssi,english_loanword
राफैल्स,raffles,english_loanword
रक्का,raqa,english_loanword
डाइवर्सिफिकेशन,diversification,english_loanword
जेसा,jassa,english_loanword
कैफिनेटेड,caffeinated,english_loanword
कोंट्राबास,contrabass,english_loanword
ट्रेडिशन,tradition,english_loanword
सीएसएसएफ,cssf,english_loanword
रैफल,raffle,english_loanword
कुरैशिया,qurashiyya,english_loanword
अनिसुज्जमां,anisuzzaman,english_loanword
ट्रांजैक्शंज,transactions,english_loanword
शीशेल,sissel,english_loanword
मफखम,muffakham,english_loanword
नॉमिनेशन,nomination,english_loanword
एड्रेसेबुल,addressable,english_loanword
उनोफ्फिसिअल,unofficial,english_loanword
मेगापिक्सल्स,megapixels,english_loanword
क्लिफ़ोर्ड,clifford,english_loanword
पिक्सोमोंडो,pixomondo,english_loanword
स्टैफोर्डशायर,staffordshire,english_loanword
मुइज़,muizz,english_loanword
तिसारा,thissara,english_loanword
मुआजाम,muazzam,english_loanword
वेजस्टाफ,wagstaff,english_loanword
वेसु,vessu,english_loanword
सॉर्टिशन,sortition,english_loanword
कालटेक्स,caltex,english_loanword
एक्सपीरिमेंट,experiment,english_loanword
जिशु,jisshu,english_loanword
अफ़ेयर्ज़,affairs,english_loanword
पौल्यूशन,pollution,english_loanword
बासेले,basseley,english_loanword
एक्रॉस,across,english_loanword
रविदासिया,ravidassia,english_loanword
वेरिफाएबल,verifiable,english_loanword
अफेक्ट,effect,english_loanword
स्टेपमैक्स,stepmax,english_loanword
प्रेसमैन,pressman,english_loanword
एंगेजमैंट,engagement,english_loanword
एक्सियो,axio,english_loanword
वुडरफ़,woodruff,english_loanword
हाफनर,haffner,english_loanword
असिस्ट्ड,assisted,english_loanword
एसेसिबिलिटी,accessibility,english_loanword
रिकार्डेबल,recordable,english_loanword
टेक्नोटेक्स,technotex,english_loanword
एरोमैट्रिक्स,aeromatrix,english_loanword
मोलेस,molasses,english_loanword
आइडिएशन,ideation,english_loanword
जंक्शंस,junctions,english_loanword
ट्रैफोर्ड,trafford,english_loanword
रैगूलेशन,regulation,english_loanword
रिएक्शनेयर्स,ractionnaires,english_loanword
किंटोन,quinton,english_loanword
लैचेस,latches,english_loanword
इरिजि़स्टबल,irresistible,english_loanword
पैसेक्स,passex,english_loanword
इलेक्ट्रोफ्यूज़न,electrofusion,english_loanword
मुअज्जिन,muezzin,english_loanword
कैलिबरेशन,calibration,english_loanword
एक्सटेंसिबल,extensible,english_loanword
एश्योरेंश,assurance,english_loanword
रउस,rouass,english_loanword
इखलाक,akhlaq,english_loanword
घासन,ghassan,english_loanword
स्नेचरों,snatcher,english_loanword
पैट्टीराची,pattiaratchi,english_loanword
डिस्लेक्सिक,dyslexic,english_loanword
लेजिस्लेशन,legislation,english_loanword
क्लैसिफ़ायअर,classifier,english_loanword
सेक्सटॉर्शन,sextortion,english_loanword
एक्यूआइएस,aqis,english_loanword
ड्राइवेबल,driveable,english_loanword
प्रस्थानम,prassthanam,english_loanword
अशोयरड़,assured,english_loanword
काम्पटीटिवेनेस,competitiveness,english_loanword
विक,vicq,english_loanword
जीएलएक्स,glx,english_loanword
स्टरलाइजेशन,sterilisation,english_loanword
नुसीबेह,nusseibeh,english_loanword
इंस्पेक्शन,inspection,english_loanword
अतिकाह,atiqah,english_loanword
लेक्सिकोग्राफर,lexicographer,english_loanword
हेयरड्रेसर,hairdresser,english_loanword
अफ़ान,affan,english_loanword
एक्साईज़,excise,english_loanword
चाफ,chaff,english_loanword
फर्रूकाबाद,farooqabad,english_loanword
इसएसएसओ,esso,english_loanword
एक्सपेरमेंटल,experimental,english_loanword
कुदाशेफ,kudascheff,english_loanword
एडेलविस,edelweiss,english_loanword
एफिशेंसी,efficiency,english_loanword
इन्वेशन,invasion,english_loanword
डिसेंटर्स,dissenters,english_loanword
मैन्थर्मोसोनिकेशन,manothermosonication,english_loanword
कान्स्टिट्यूशन,constitution,english_loanword
केकियांग,keqiang,english_loanword
कॉन्शसनेस,consciousness,english_loanword
हेक्सा,hexa,english_loanword
फ्यूलवॉच,fuelwatch,english_loanword
तरकती,taraqiati,english_loanword
टिफनेउ,tiffeneau,english_loanword
एक्सीला,axilla,english_loanword
इश्ितयाक,ishtiaq,english_loanword
सियरलेस,searless,english_loanword
एप्रेशिएशन,appreciation,english_loanword
एलेक्सो,aleixo,english_loanword
शायनेस,shyness,english_loanword
बट्रेस,buttress,english_loanword
ट्रॉडसन,troedsson,english_loanword
वेलनेस,wellness,english_loanword
सीईएसएस,cess,english_loanword
ग्लोनैस,glonass,english_loanword
ट्राइमैक्स,trimax,english_loanword
शलैस,cashless,english_loanword
क्यूड्ज़िया,qudsia,english_loanword
नार्सिसस,narcissus,english_loanword
हचीशन,hutchison,english_loanword
रिकंसीलेशन,reconciliation,english_loanword
मल्टिप्लेक्स,multiplex,english_loanword
ईएसएसओ,esso,english_loanword
इवोल्यूशनरी,evolutionary,english_loanword
क्रोक्सटेथ,croxteth,english_loanword
रासकिन्हा,rasquinha,english_loanword
इम्पलिमेंटेशन,implementation,english_loanword
टोफोली,toffoli,english_loanword
काजीकुंड,quazikund,english_loanword
इश्हाक,ishaq,english_loanword
रेस्पोंसिबल,responsible,english_loanword
डिटेंशन,detection,english_loanword
एटकेगारे,etchegaray,english_loanword
मिक्यस,miqyas,english_loanword
अनिशिया,anissia,english_loanword
अनटचेबल्स,untouchables,english_loanword
रूसेफ़,rousseff,english_loanword
एवलेबल,available,english_loanword
मास्टरक्लास,masterclasses,english_loanword
डॉक्युमेंटेशन,documentation,english_loanword
सिटिबानामेक्स,citibanamex,english_loanword
विक्सल,vixcel,english_loanword
तक्षशिला,taxshila,english_loanword
जारकवी,zarqawi,english_loanword
ग्रैबटैक्सी,grabtaxi,english_loanword
सीसीएस,css,english_loanword
बुसॉल,bussol,english_loanword
रेवलेशन,revelation,english_loanword
एक्यीनॉस,aquinas,english_loanword
नैसडेक,nasdaq,english_loanword
फ़िआक,faiq,english_loanword
तालकामा,taulqama,english_loanword
इंवेस्टीगेशन्स,investigations,english_loanword
पेटिशन,petition,english_loanword
क्राफ्ट,krafft,english_loanword
आईएसएफएफ,isff,english_loanword
हाइड्रोक्साइड,hydroxide,english_loanword
एक्सप्लोरिंग,exploring,english_loanword
इंट्रीनसिक्स,intrinsyx,english_loanword
प्रीजर्वेशन,preservation,english_loanword
फिलम्स,ffilms,english_loanword
ट्रांन्स्फोर्मेशन,transformation,english_loanword
सलीक,saliq,english_loanword
स्ट्रैटेक्स,stratex,english_loanword
बुइसन,boisson,english_loanword
मसंजोर,massanjore,english_loanword
पुथुसेरी,puthussery,english_loanword
एकॉमोडेशन,accommodation,english_loanword
मॉण्टेसरी,montessori,english_loanword
इनक्रेडेबल,incredible,english_loanword
मैसरेशन,maceration,english_loanword
एबडक्शन,abduction,english_loanword
मेसेजिस,messages,english_loanword
रस्किन्हा,rasquinha,english_loanword
रेक्स्रोथ,rexroth,english_loanword
रिकहस,rickhuss,english_loanword
दासॉल्ट,dassault,english_loanword
असोसिएशन्स,associations,english_loanword
कंबिनेशंज,combinations,english_loanword
एक्सट्रूडेड,extruded,english_loanword
पीटरहॉफ,peterhoff,english_loanword
कैसिएल,cassiel,english_loanword
कौम,quam,english_loanword
मासड,massad,english_loanword
कलासेज,classes,english_loanword
इन्विंसिबल,invisible,english_loanword
नौसाम,nossam,english_loanword
टेलिकम्यूनिकेशंस,telecommunications,english_loanword
इराकिया,iraqiya,english_loanword
हेनरीक्स,henriques,english_loanword
एम्प्लीफिकेशन,amplification,english_loanword
माशैबल,mashable,english_loanword
सेस्केचुवान,saskatchewan,english_loanword
मेजानाइन,mezzanine,english_loanword
इनकारपोरेशन,incorporation,english_loanword
कंपेटिबल,compatible,english_loanword
असिस्टिव,assistive,english_loanword
टॉर्सन,torsion,english_loanword
एफ़िशियंट,efficient,english_loanword
नॉाइसरिडक्शन,noisereduction,english_loanword
नजमुन्निसा,najumunissa,english_loanword
वीपीएक्स,vpx,english_loanword
बायोमैक्स,biomax,english_loanword
डीएफएफ,dff,english_loanword
रीएनीमेशन,reanimation,english_loanword
रेग्युलरेज़ेशन,regularization,english_loanword
स्टैंडरडाइजेशन,standardisation,english_loanword
रोडोनैसा,rhodonessa,english_loanword
कैसाज़ा,casazza,english_loanword
इनक्रेडेबल्स,incredibles,english_loanword
इंप्रेसिव,impressive,english_loanword
यूबिक,ubique,english_loanword
एक्सचेंजर्स,exchangers,english_loanword
वीवेक्स,vivax,english_loanword
डेप्रिवेशन,deprivation,english_loanword
गै्रफिटी,graffiti,english_loanword
टौफिक,toufique,english_loanword
जैनसन,janssen,english_loanword
एफीलिएशन,affiliation,english_loanword
मिसिसगुआ,mississauga,english_loanword
एप्लिक्सवेयर,applixware,english_loanword
डोमेस्टिकेशन,domestication,english_loanword
असफाकुल्लाह,ashfaqulla,english_loanword
एकोरेक्स,acorex,english_loanword
डेजलर,dazzler,english_loanword
गासियन,gaussian,english_loanword
मैकिनेज,maquinez,english_loanword
इक्यूफैक्स,equifax,english_loanword
हैंडलबॉक्स,handlebox,english_loanword
टचमी,tchami,english_loanword
मैक्सीमॉफ,maximoff,english_loanword
एंबारकेशन,embarkation,english_loanword
हेजलवुड,hazzlewood,english_loanword
डॉक्स,deux,english_loanword
डक्यूए,duque,english_loanword
हेफ,heff,english_loanword
माउंटेबल,mountable,english_loanword
बजर्ड,buzzard,english_loanword
एक्रीडिटेशन,accreditation,english_loanword
नाईटाज़ोक्सैनाइड,nitazoxanide,english_loanword
टेकस्टिंग,texting,english_loanword
हार्मोनाइजेशन,harmonization,english_loanword
पिटिशन,petition,english_loanword
लवेबल,lovable,english_loanword
हॉस्पिटेलाइजेशन,hospitalisation,english_loanword
टाफ़ी,taffy,english_loanword
ट्रांस्लिटरेशन,transliteration,english_loanword
इंडियामीन्सबिजनेस,indiameansbusiness,english_loanword
एक्ट्यूएशन,actuation,english_loanword
डिस्कसन,discussion,english_loanword
रोहिदास,rohidass,english_loanword
प्रीपेरेशन,preparation,english_loanword
नोजल्स,nozzles,english_loanword
माइक्रोप्रोसेसर्स,microprocessors,english_loanword
एनेबल्ड,enabled,english_loanword
आईईएक्स,iex,english_loanword
टोक्सोलॉजी,toxicology,english_loanword
डाइइथॉक्सिईथेन,diethoxyethane,english_loanword
सिन्डिकैशन,syndication,english_loanword
डीसेंट्रलाइजेशन,decentralization,english_loanword
प्रोहीबिशन,prohibition,english_loanword
टेक्साको,texaco,english_loanword
मकसिमो,maxmo,english_loanword
इनमोशन,inmotion,english_loanword
क्रॉकेट,croquet,english_loanword
इंस्ट्रक्शन्स,instructions,english_loanword
ड्रेक्सेल,drexel,english_loanword
टोक्सीयोलॉजी,toxicology,english_loanword
आईसोलेशन,isolation,english_loanword
रफाएल,raffaele,english_loanword
जॉफ़्री,joffrey,english_loanword
टैक्साको,texaco,english_loanword
डिफरेन्शियल,differential,english_loanword
सेफ,saff,english_loanword
ओक्स्ले,oxley,english_loanword
बर्जेस,burgess,english_loanword
ओसामा,oussama,english_loanword
डुसैन,dussen,english_loanword
डाइओक्साइड,dioxide,english_loanword
डेसेग्रेगेशन,desegregation,english_loanword
ओमिक्स,omix,english_loanword
कंकर्ड,conquered,english_loanword
एश्योीर्ड,assured,english_loanword
मेसुआ,messua,english_loanword
एम्बार्केशन,embarkation,english_loanword
बहनोफास्ट्रेस,bahnhofstrasse,english_loanword
सेक्सिंग,sexing,english_loanword
टैक्सेज,taxes,english_loanword
कॉन्ग्रेस,congresss,english_loanword
जीएमडीएसएस,gmdss,english_loanword
इफीशंट,efficient,english_loanword
कनेक्श्न,connection,english_loanword
कहटानी,qahtani,english_loanword
एमिशन्स,emissions,english_loanword
प्रशया,prussia,english_loanword
परेस,presses,english_loanword
डायोडोक्सी,dideoxy,english_loanword
ओवुलेशान,ovulation,english_loanword
ट्रांसमिसन,transmission,english_loanword
कफ़,cuff,english_loanword
मोअजम,moazzam,english_loanword
िची,itchie,english_loanword
इंपोजिशन,imposition,english_loanword
मोबीक्विक,mobiqvik,english_loanword
बक्स्टन,buxton,english_loanword
नेस्कॉम,nasscom,english_loanword
एक्सक्यूजेज,excuses,english_loanword
हेपाटोटॉक्सिसिटी,hepatotoxicity,english_loanword
जैककुलीन,jacquline,english_loanword
ग्लॉसी,glossy,english_loanword
ओफ्फिसिनालिस,officinalis,english_loanword
कमिश्नड,commissioned,english_loanword
मेक्सिकनोस,mexicanos,english_loanword
टुसनक्रप,thyssenkrupp,english_loanword
आशीष,asses,english_loanword
आईएसएसएन,issn,english_loanword
पसाट,passat,english_loanword
नैलट्रीक्सोन,naltrexone,english_loanword
स्पीचलेस,speechless,english_loanword
लॉसेस,losses,english_loanword
आइसटेक्सानथिन,astaxanthin,english_loanword
मेकिफ,meckiff,english_loanword
युसुफूद्दीन,yusuffudeen,english_loanword
सालिक,saliq,english_loanword
कंबरबैंच,cumberbatch,english_loanword
रेचानोक,ratchanok,english_loanword
गुन्न्लौगसन,gunnlaugsson,english_loanword
वॉचटावर,watchtower,english_loanword
सासन,sassan,english_loanword
बारोसो,barrosso,english_loanword
डबर्क,duburcq,english_loanword
हार्टफुलनेस,heartfulness,english_loanword
फ़ारुक,faruque,english_loanword
एक्स्ट्रीमिज्म,extremism,english_loanword
निसिन,nissin,english_loanword
नेसिरिया,neisseria,english_loanword
इंटेंसीफिकेशन,intensification,english_loanword
इंटरनैशनले,internationale,english_loanword
सेक्सपोजिशन,sexposition,english_loanword
अशुरेन्स,assurance,english_loanword
कनेकशन,connection,english_loanword
रोजेल्यूशंस,resolutions,english_loanword
एकस्ट्रा,extraa,english_loanword
स्ट्रैचिज,stretches,english_loanword
सुसक्यूहाना,susquehanna,english_loanword
ससेकंडी,ssekandi,english_loanword
सैक्स्न्स,saxons,english_loanword
पेलिसरी,pellissery,english_loanword
बैरोनेस,baroness,english_loanword
इलोक्यूशंस,elocutions,english_loanword
ग्रिसोम,grissom,english_loanword
दल्कर,dulquer,english_loanword
जोफ,jeff,english_loanword
नोशंस,notions,english_loanword
ओसोबुको,ossobuco,english_loanword
किंगडाओ,qingdao,english_loanword
पुसीकैट,pussycat,english_loanword
लासेन,lassen,english_loanword
सॉयन,sion,english_loanword
इमलशन्स,emulsions,english_loanword
पेकियाओ,pacquiao,english_loanword
डिमटेरियलाइजेशन,dematerialisation,english_loanword
रैंडमनेस,randomness,english_loanword
एफिसिएनशी,efficiency,english_loanword
खवास,khavass,english_loanword
डिसाइवनेस,decisiveness,english_loanword
स्टिफनेस,stiffness,english_loanword
रैशनल,rational,english_loanword
अबीसिनियन,abyssinian,english_loanword
नेसकॉम,nasscom,english_loanword
एसेसिबल,accessible,english_loanword
ग्लेक्सी,galaxy,english_loanword
कय्याम,qayum,english_loanword
कमिश्न,commission,english_loanword
व़क्त,waqt,english_loanword
फार्माएक्सिल,pharmexcil,english_loanword
दराश,drass,english_loanword
हाइपोक्सिक,hypoxic,english_loanword
गोवरनेस,governess,english_loanword
कलको,qalco,english_loanword
समेशन्स,summations,english_loanword
क्रिसिस,chrissie,english_loanword
योनेक्स,yonex,english_loanword
इनफिलिक्सीमैब,infliximab,english_loanword
डिफेक्सपो,defexpo,english_loanword
ग्लॉज,gloss,english_loanword
एफिसिएंशी,efficiency,english_loanword
पब्लिकेशन्स्,publications,english_loanword
अज्जूर,azzur,english_loanword
स्विसकॉम,swisscom,english_loanword
कुमिनेक्स,kuminex,english_loanword
दक्सिया,daxia,english_loanword
स्वफर,swaffer,english_loanword
सैपरेशन,separation,english_loanword
रसकिन्हा,rasquinha,english_loanword
कवास्मी,qawasmi,english_loanword
किक्यांग,keqiang,english_loanword
कुआरक,quark,english_loanword
केमोनिक्स,chamonix,english_loanword
क्यूसिमी,qasimi,english_loanword
हार्शनेस,harshness,english_loanword
प्रशियन,prussian,english_loanword
सिंकफील्ड,sinquefield,english_loanword
लेबेसन,lebesson,english_loanword
रक्सुआन,ruxuan,english_loanword
बासीनेट,bassinet,english_loanword
कन्वेन्शनल,conventional,english_loanword
रिविलेशन,revelation,english_loanword
रोसल,rssle,english_loanword
आईडीईएक्स,idex,english_loanword
बॉक्सेस,boxes,english_loanword
हफ़्किने,haffkine,english_loanword
प्रपल्सन,propulsion,english_loanword
आईनॉक्स,inox,english_loanword
डीएसएसएस,dsss,english_loanword
पेटीशन,petition,english_loanword
ट्राइफुरेशन,trifurcation,english_loanword
बेसर,besser,english_loanword
मुइजाद्दीन,muizzadin,english_loanword
एक्स्त्रत्रोपिकल,extratropical,english_loanword
लुसियर,lussier,english_loanword
ग्रीनग्रास,greengrass,english_loanword
रिएक्शन्स,reactions,english_loanword
सैनिटाईज़ेशन,sanitisation,english_loanword
जुशचेव्सकी,zushtchevski,english_loanword
एक्सपेरियंस,experience,english_loanword
इनविजन,invision,english_loanword
यासो,yasso,english_loanword
डिफ्यूज़र,diffuser,english_loanword
रीहैबलिएशन,rehabilitation,english_loanword
अफोरडेबल,affordable,english_loanword
कदीरी,qadiri,english_loanword
सिमडेक्स,simdex,english_loanword
एक्सपोकमर,expocomer,english_loanword
होपलेस,hopeless,english_loanword
वाटरलेस,waterless,english_loanword
रिशेक,risheq,english_loanword
इन्जेशन,ingestion,english_loanword
कोलाइजन,collision,english_loanword
रिड्यूसिंबल,reducible,english_loanword
माचिसों,matches,english_loanword
नाईफर्टिमॉक्स,nifurtimox,english_loanword
जैसिका,jessica,english_loanword
कॉंस्टीट्यूशन,constitution,english_loanword
चिकी,chiqui,english_loanword
स्टेफेन,steffen,english_loanword
राउजेफ,rousseff,english_loanword
निक्सोन,nixon,english_loanword
रेष्टशाफेन,rechtshaffen,english_loanword
प्रीकॉन्फिगरेशन,preconfiguration,english_loanword
होसेल,hossell,english_loanword
एसेन्डोह,essandoh,english_loanword
हसीना,hassena,english_loanword
रेड्रेसल,redressal,english_loanword
एक्सपोज़िट्री,expository,english_loanword
एलेक,alyque,english_loanword
काक्सटन,caxton,english_loanword
मासाम्बा,massamba,english_loanword
प्रॉक्सिमिटी,proximity,english_loanword
कुलहुधुफुसी,kulhudhuffushi,english_loanword
एडगरटन,edgerton,english_loanword
कैथीटेराइजेशन,catheterization,english_loanword
गिफ़ेन,giffen,english_loanword
अनिसिमोवा,anissimova,english_loanword
क्यूटीएल,qtl,english_loanword
डेकलरेशन,declaration,english_loanword
रेक्सा,rexha,english_loanword
प्रोफेशनली,professionally,english_loanword
मैसे,messe,english_loanword
कास्टेक्स,castex,english_loanword
दायोनिसियस,dionyssios,english_loanword
सिजेन,cezzane,english_loanword
कॉन्फ़िगुरेशन,configuration,english_loanword
एम्बीशन,ambition,english_loanword
श्रौफ,shroff,english_loanword
कार्नेशन्स,carnations,english_loanword
प्रोप्लसन,propulsion,english_loanword
अफाकुल्लाह,afaqullah,english_loanword
ब्लैकबॉक्स,blackbox,english_loanword
असम्पशन,assumption,english_loanword
मैकास,macaques,english_loanword
ओएमएसएस,omss,english_loanword
एमफ्लक्स,emflux,english_loanword
कदी,qadi,english_loanword
एक्सप्लेनेटरी,explanatory,english_loanword
कोशेंट,quotient,english_loanword
ईडीईएक्स,idex,english_loanword
पेलिजरी,pellissery,english_loanword
वेफल्स,waffles,english_loanword
एप्लिक,applique,english_loanword
अलहसन,alhassan,english_loanword
ट्राफोर्ड,trafford,english_loanword
गुसींग,gssing,english_loanword
एक्सपोर्टर,exporter,english_loanword
जैक्लिन,jacqueline,english_loanword
सिंडिकेशन,syndication,english_loanword
अकिना,aqina,english_loanword
बुरका,burqa,english_loanword
बैंकएश्योरेंस,bancassurance,english_loanword
मिसीसिप्पी,mississippi,english_loanword
ओरिक्स,orix,english_loanword
असोसिएशंस,associations,english_loanword
कम्पैटिबल,compatible,english_loanword
सौनेस,souness,english_loanword
रुस,russias,english_loanword
कैननाइज़ेशन,canonisation,english_loanword
याकूत,yaqut,english_loanword
आईएनएसएस,inss,english_loanword
रीक्रिएशनल,recreational,english_loanword
बफ्फी,buffy,english_loanword
मुफ्फज़ल,muffazal,english_loanword
गिफोर्ड,gifford,english_loanword
एकुइनो,aquino,english_loanword
ओओएक्सएमएल,ooxml,english_loanword
पेल्लिसियर,pellissier,english_loanword
इवोल्युशनरी,evolutionary,english_loanword
कोश्चन,question,english_loanword
मोज्जरेल्ला,mozzarella,english_loanword
प्रोसीक्यूशन,prosecution,english_loanword
प्रपोर्शनल,proportional,english_loanword
कोवेक्सिन,covaxin,english_loanword
डिवोशनल,devotional,english_loanword
एक्स्ट्रूडेड,extruded,english_loanword
एरोक्स,aerox,english_loanword
वीयरेबल्स,wearables,english_loanword
गिरौक्स,giroux,english_loanword
वैरीएशन,variation,english_loanword
साउंडएक्सचेंज,soundexchange,english_loanword
डसेलडोर्फ,dsseldorf,english_loanword
एएमईएक्स,amex,english_loanword
वासनर,wassenaar,english_loanword
कतीफ,qatif,english_loanword
इनडोमिटेबल,indomitable,english_loanword
कैपेबल,capable,english_loanword
मोफऱ,moffer,english_loanword
क्यूरेटारो,quertaro,english_loanword
डैक्सिंग,daxing,english_loanword
डिफिसाइल,difficile,english_loanword
ट्यूबलेस,tubeless,english_loanword
डुप्लीकेशन,duplication,english_loanword
अटानासोफ़,atanasoff,english_loanword
एफिडेविट,affidavit,english_loanword
आईएमपीआरईएसएस,impress,english_loanword
एक्सोनल,axonal,english_loanword
इचेंडरफ,eichendorff,english_loanword
कर्सनॉफ़,kirsanoff,english_loanword
मरोजा,marazzo,english_loanword
जीओक्यू,goqii,english_loanword
बिसर,bissar,english_loanword
नैस,nass,english_loanword
डिजायरेबल,desirable,english_loanword
डेक्सट्रान,dextran,english_loanword
पोचेफस्ट्रूम,potchefstroom,english_loanword
आर्गिनाइजेशंस,organisations,english_loanword
इम्प्लिमेंटेशन,implementation,english_loanword
मेसोनियर,messonnier,english_loanword
व्हीटग्रास,wheatgrass,english_loanword
वेइकी,weiqi,english_loanword
सेलेक्शन,slection,english_loanword
अॉफेंसेज,offences,english_loanword
आईएफ़एफ़आई,iffi,english_loanword
ग्लौसरी,glossary,english_loanword
मुज्जफ्फरनगर,muzaffarnagar,english_loanword
मिसी,missy,english_loanword
गिनीज,guiness,english_loanword
लेवासोर,levassor,english_loanword
क्रिचफील्ड,critchfield,english_loanword
अक्षतनिब,axitinib,english_loanword
इंकुबेशन,incubation,english_loanword
ग्रैफी,graffi,english_loanword
मैंड्रेक्स,mandrax,english_loanword
हॉरक्रक्स,horcrux,english_loanword
वकारुल,vaqarul,english_loanword
हैचिस,hatches,english_loanword
ग्रासकोर्ट,grasscourt,english_loanword
अज्जा,azzah,english_loanword
कन्वर्टिबल,convertible,english_loanword
पॉलीहाइड्रोक्सिवैलेरेट,polyhydroxyvalerate,english_loanword
कॉम्पिटिशंस,competitions,english_loanword
एक्यूआईएम,aqim,english_loanword
अनबिटेबल,unbeatable,english_loanword
सस्टेनेबेल,sustainable,english_loanword
कैशलैश,cashless,english_loanword
क्यूइलोन,quilon,english_loanword
माजिली,mazzilli,english_loanword
फ्लोकुलेशन,flocculation,english_loanword
ड्रेकसेलर,drexler,english_loanword
क्युक्सो,quexo,english_loanword
निक्विस्ट,nyqvist,english_loanword
कॉंस्टीच्यूशनल,constitutional,english_loanword
पाकी,paqui,english_loanword
अट्रैक्शन्स,attractions,english_loanword
एक्सोडज़,exodus,english_loanword
यूनकी,unique,english_loanword
रिफ्लेक्सेस,reflexes,english_loanword
रामलक्ष्मण,raamlaxman,english_loanword
कुद्दहोस,quddhose,english_loanword
डीएसएस,dss,english_loanword
फैब्रीकेशन्स,fabrications,english_loanword
स्मार्टप्रिक्स,smartprix,english_loanword
बेविलाका,bevilaqua,english_loanword
एडलवीस,edelweiss,english_loanword
ग्नुचेस,gnuchess,english_loanword
ओक्सिडेटिव,oxidative,english_loanword
कुआंग,quang,english_loanword
थर्मोसेप्शन,thermoception,english_loanword
हैनरिक्स,henriques,english_loanword
प्रोग्रामबल,programmable,english_loanword
एसिस्ट्स,assists,english_loanword
मोलेसों,molasses,english_loanword
रिमेडिशन,remedition,english_loanword
अब्सॉर्प्शन,absorption,english_loanword
पास्वर्ड,password,english_loanword
मिजरेबल्स,miserables,english_loanword
क्योट,quote,english_loanword
पेडजेट्ट,padgett,english_loanword
एक्सपेरीमेंटल,experimental,english_loanword
डोर्मिशन,dormition,english_loanword
कमिश्नरेट,commissionerate,english_loanword
बेलेबल,bailable,english_loanword
एफिशंसी,efficiency,english_loanword
सिचुएशिन,situation,english_loanword
एनकैप्सुलेशन,encapsulation,english_loanword
थेरॉक्स,theroux,english_loanword
कमंडेशन,commendation,english_loanword
मेजानो,mezzano,english_loanword
कोजेनरेशन,cogeneration,english_loanword
किकबॉक्सिंग,kickboxing,english_loanword
पेट्रियाक्स,petriaux,english_loanword
मसाद,massad,english_loanword
रिसेप्शनिस्ट,receptionist,english_loanword
स्टफिंग,stuffing,english_loanword
क्रिस्ना,krissna,english_loanword
पैराडाक्स,paradox,english_loanword
मुरुगादौस,murugadoss,english_loanword
असला,assala,english_loanword
एक्सट्रीमिजम,extremism,english_loanword
सेचुएशन,situation,english_loanword
सैंक्शन,sanction,english_loanword
प्रॉपगेशन,propagation,english_loanword
सासून,sassoon,english_loanword
यून्के,yunque,english_loanword
रिसाईक्लेबल,recyclable,english_loanword
मिक्सटेप,mixtape,english_loanword
अनएक्सपैक्टेड,unexpected,english_loanword
वासिली,wassily,english_loanword
डिटॉक्सिंग,detoxing,english_loanword
कन्फेशन,confession,english_loanword
एक्रेडिशिन,accreditation,english_loanword
अफंदी,effendi,english_loanword
दिसानायक,dissanayake,english_loanword
टेडएक्स,tedx,english_loanword
श्टेफान,steffen,english_loanword
इंफिनिक्स,infinix,english_loanword
टेक्सीरिया,teixeira,english_loanword
कुर्तुबी,qurtubi,english_loanword
इम्यूनोएसे,immunoassay,english_loanword
पोल्युशन,pollution,english_loanword
ग्रासरूट्स,grassroots,english_loanword
लच्चन्ना,latchanna,english_loanword
नेसलेहौफ,nesselhauf,english_loanword
फोटोडिटेक्शन,photodetection,english_loanword
डिसोप्रोक्सील,disoproxil,english_loanword
मॉजरेला,mozzarella,english_loanword
एटकेगायर,etchegaray,english_loanword
अलबुकर्क,albuquerque,english_loanword
इन्वीटेशन,invitation,english_loanword
कांग,quang,english_loanword
एक्सपोजिशन,exposition,english_loanword
बिक्सबी,bixby,english_loanword
स्केलेबुल,scalable,english_loanword
सबलोक्सेशन,subluxation,english_loanword
सदके,sadaqah,english_loanword
सुजौन,sussanne,english_loanword
सफ़रेज,suffrage,english_loanword
काम्पटीटिवनेस,competitiveness,english_loanword
होमोजिनाइज़ेशन,homogenization,english_loanword
संस्थानों,constitution,english_loanword
डिस्क,disque,english_loanword
कार्निफ़ेक्स,carnifex,english_loanword
लेक्सिसनैक्सिस,lexusnexus,english_loanword
ईएमआरएस,emrss,english_loanword
स्टिफेन,steffen,english_loanword
इन्सेमीनेशन,insemination,english_loanword
वीजल,vessel,english_loanword
क्रॉसबोन्स,crossbones,english_loanword
रीससिटैशन,resuscitation,english_loanword
सीटीएस,ctss,english_loanword
मीकेलोन,miquelon,english_loanword
कोलैबरेशन,collaboration,english_loanword
बरॉक,baroque,english_loanword
स्ट्रिच,stritch,english_loanword
क्लेक्सन,klaxon,english_loanword
ग्रिम्सन,grimsson,english_loanword
रिडॉक्स,redox,english_loanword
होचटिफ,hochtiff,english_loanword
एन्टीसिपेशन,anticipation,english_loanword
प्रमोशंस,promotions,english_loanword
रोपेक्स,ropax,english_loanword
मज्ज,mazz,english_loanword
ट्राइफंक्शनल,trifunctional,english_loanword
ब्रिक्स,brix,english_loanword
कैम्पैटिबल,compatible,english_loanword
पिरोजी,pirozzi,english_loanword
ओक्सिडेन,oxidane,english_loanword
कबीला,qiblah,english_loanword
असदुज़्ज़मान,asaduzzaman,english_loanword
टाइग्रेस,tigress,english_loanword
केंट्स,qantas,english_loanword
डायवर्सन,diversion,english_loanword
अलेसान्ड्रो,alessandro,english_loanword
साइटोटोक्सिक,cytotoxic,english_loanword
एक्सेचेंजों,exchanges,english_loanword
एयरक्रॉस,aircross,english_loanword
ट्रायोक्साइड,trioxide,english_loanword
मैस्यूर,masseur,english_loanword
जोहेनसन,johansson,english_loanword
प्रजन्टेशन,presentation,english_loanword
ब्रेज़्जा,brezza,english_loanword
तासीन,tassine,english_loanword
रेग्यूलराईज़ेशन,regularization,english_loanword
हाउसम,houssam,english_loanword
टोक्सारिस,toxaris,english_loanword
कुएज़,quays,english_loanword
डीकार्बाक्सिलेज,decarboxylase,english_loanword
काम्प्रिहेंशन,comprehension,english_loanword
तलस्ट्रैस,talstrasse,english_loanword
वकाकस,waqqas,english_loanword
फिंटेलिक्स,fintellix,english_loanword
पीएमआरएसएसएम,pmrssm,english_loanword
ट्रॉपिक्स,tropiques,english_loanword
मल्टीप्लेक्सिज,multiplexes,english_loanword
एफेन्ट्रेन्जर,affentranger,english_loanword
रिक्यूएलमे,riquelme,english_loanword
कुद्दुसी,quddusi,english_loanword
तलाकनामा,talaqnama,english_loanword
नड्जी,nudgee,english_loanword
एफिसियेंसी,efficiency,english_loanword
इनेबलर,enabler,english_loanword
बीटीएस,btss,english_loanword
गलैक्सी,galaxy,english_loanword
एडसा,edessa,english_loanword
एक्सोक्राइन,exocrine,english_loanword
गैलेक्स,galaxy,english_loanword
क्यूएएलसीओ,qalco,english_loanword
गलियाज़ो,galeazzo,english_loanword
प्रोपोज़िशनल,propositional,english_loanword
गैल्वनाइजेशन,galvanisation,english_loanword
शंकरदास,shankardass,english_loanword
मुज़फ़राबाद,muzaffarabad,english_loanword
मैकगिनिस,mcguinness,english_loanword
हाईड्रोक्सीस्टेरिक,hydroxystearic,english_loanword
इग्निनिशन,ignition,english_loanword
बोरोसो,borrosso,english_loanword
ज्यूरिस्डिक्शंस,jurisdictions,english_loanword
मैक्सीलोफेसियल,maxillofacial,english_loanword
इंटरनेशनल्स,internationals,english_loanword
मारकुज्जो,marcuzzo,english_loanword
थैलिसिमिया,thalassemia,english_loanword
इनवेस्टिगेशन्स,investigations,english_loanword
ट्रीफिट,triffitt,english_loanword
डोसिया,dossia,english_loanword
रीकंफीग्रेशन,reconfiguration,english_loanword
थाउसेन,thoussen,english_loanword
अर्कम,arqam,english_loanword
वाजकेज,vazquez,english_loanword
अबरूजो,abruzzo,english_loanword
इवेशन,evasion,english_loanword
पैनामैक्स,panamax,english_loanword
ईवोसा,ewossa,english_loanword
फॉर्मूलेशन्स,formulations,english_loanword
इवैल्यूशन,evaluation,english_loanword
फॉर्मुलेशन्स,formulations,english_loanword
सप्लीमेंटेशन,supplementation,english_loanword
टेंशनर,tensioner,english_loanword
क्रायफ,cryuff,english_loanword
पेपेरलेस,paperless,english_loanword
मोकरेन,moqren,english_loanword
सीजीएस,cgss,english_loanword
फन्क्शनल,functional,english_loanword
गैमीफिकेशन,gamification,english_loanword
प्रोक्सिज,proxies,english_loanword
क्रिमेशन,cremation,english_loanword
रोसी,rossi,english_loanword
मॉडरनाइजेशन,modernisation,english_loanword
मार्के,marque,english_loanword
सुपरइंपोजिशन,superimposition,english_loanword
ट्रांस्मिशन,transmission,english_loanword
एप्रोप्रिशन,appropriation,english_loanword
एसेरिक,eysseric,english_loanword
इनामुलहक,inaamulhaq,english_loanword
पजैसन्स,possessions,english_loanword
बोरिसोव,borissov,english_loanword
इलेक्शंस,elections,english_loanword
कंपाउंडेबल,compoundable,english_loanword
कंप्रेस्ड,compressed,english_loanword
केफ,keeffe,english_loanword
दोरास,dorass,english_loanword
कन्फेशन्स,confessions,english_loanword
सेनसेशन,sensation,english_loanword
रेफिल,reiffel,english_loanword
इनबेल्ड,enabled,english_loanword
हुसा,hussa,english_loanword
मॉस्किटो,mosquito,english_loanword
इंस्क्रिप्शन,inscription,english_loanword
प्रफेशनलिज्म,professionalism,english_loanword
क्यूशी,qiushi,english_loanword
ग्लेडिस,gladyss,english_loanword
डिक्लेयेरशन,declaration,english_loanword
कासमी,qasmi,english_loanword
वॉक्स,vox,english_loanword
सिलेक्टेबल,selectable,english_loanword
कॉम्पिटिटिवनेश,competitiveness,english_loanword
एमेक्स,amex,english_loanword
एनफोर्समैंट,enforcement,english_loanword
रिशेप्शनिस्ट,receptionist,english_loanword
प्रौक्सीज्म,proxyism,english_loanword
कंसॉलिडेशन,consolidation,english_loanword
कनफिगुरेशन,configuration,english_loanword
नॉनफिक्शन,nonfiction,english_loanword
एचवीहेरे,etchevehere,english_loanword
अशफॉक,ashfaq,english_loanword
फास्बेन्डर,fassbender,english_loanword
मैसाच्यूस्टस,massachussets,english_loanword
कॉम्पैटिबल,compatible,english_loanword
रिडालॉफ,ridloff,english_loanword
पोटैसिक,potassic,english_loanword
एक्ट्रैस,actress,english_loanword
डीजीएनएसएस,dgnss,english_loanword
मेकोन,mequon,english_loanword
टैक्सटाईल,textile,english_loanword
सुपरपोजिशन,superposition,english_loanword
नेक्सॉन,nexon,english_loanword
फिडान्क्यू,fidanque,english_loanword
क्रिश,krissh,english_loanword
इद्रिस,idreess,english_loanword
मैच्योरेशन,maturation,english_loanword
हार्नेसिंग,harnessing,english_loanword
एक्सपिरिएंसेज,experiences,english_loanword
स्पॉटलेस,spotless,english_loanword
रेडीएशन,radiation,english_loanword
रेडिनेस,readiness,english_loanword
हेनरिकेस,henriques,english_loanword
सोलवैक्स,soulwax,english_loanword
हलका,halqa,english_loanword
इवेल्यूशन,evaluation,english_loanword
ग्राईफिंडर,gryffindor,english_loanword
उज़िय्याह,uzziah,english_loanword
रूफैलो,ruffalo,english_loanword
जोसन,josson,english_loanword
प्लेटॉक्स,plateaux,english_loanword
सेक्सनी,saxony,english_loanword
कीफ,keeffe,english_loanword
यूनिविजन,univision,english_loanword
मोशफिक्र,moshfequr,english_loanword
कुर्रा,qurra,english_loanword
बायोरिमेडियेशन,bioremediation,english_loanword
अनबॉक्स,unbox,english_loanword
डेनफॉस,danfoss,english_loanword
पोकेडेक्स,pokdex,english_loanword
ग्रिफट्स,griffiths,english_loanword
इम्पोजिशन,imposition,english_loanword
तकबीर,taqbeer,english_loanword
पल्युशन,pollution,english_loanword
रोमनॉफ़,romanoff,english_loanword
एलेक्सियो,alexio,english_loanword
सुपरप्लेक्स,superplex,english_loanword
एक्सट्राकॉरपोरियल,extracorporeal,english_loanword
क्यूसैस,qusais,english_loanword
पीरहुसैन,pirhossein,english_loanword
सल्युशन,solution,english_loanword
परफेक्शनिस्ट,perfectionist,english_loanword
मेडिटेशन्स,meditations,english_loanword
आइजिक,issac,english_loanword
एक्सटेंडेबल,extendable,english_loanword
कॉन्स्टीट्यूशन,constitution,english_loanword
सेंक्शंस,sanctions,english_loanword
इमॉफ,imhoff,english_loanword
अकिनास,aquinas,english_loanword
स्किरीलक्स,skrillex,english_loanword
असोसीयटिव,associative,english_loanword
टेलीट्रोनिक्स,teletronix,english_loanword
कंटीन्यूएशन,continuation,english_loanword
पनामैक्स,panamax,english_loanword
नेक्सट्रा,nxtra,english_loanword
मेट्रोसेक्सुअल,metrosexual,english_loanword
पीफैफ,pfaff,english_loanword
रिकोनिसेंस,reconnaissance,english_loanword
रिसर्कुलेशन,recirculation,english_loanword
डेमोटिक्स,demotix,english_loanword
सॉफ्टेक्स,softex,english_loanword
रिकार्डबल,recordable,english_loanword
घासेम,ghassem,english_loanword
बोयोमास,biomass,english_loanword
कन्सलटेशन,consultation,english_loanword
हकबानी,haqbani,english_loanword
बोस्क,bosque,english_loanword
इन्फोर्मेटीक,informatique,english_loanword
आर्बिट्रेशन्स,arbitrations,english_loanword
हॉफेनहाइम,hoffenheim,english_loanword
कियास,qiys,english_loanword
पैसैट,passat,english_loanword
एक्सिफ़,exif,english_loanword
होमोलॉगेशन,homologation,english_loanword
किंघाई,qinghai,english_loanword
कोडिक,kodiaq,english_loanword
रेनिसंस,renaissance,english_loanword
डनकर्क,dunkerque,english_loanword
मैलपास,malpass,english_loanword
रत्ससिमा,ratchsima,english_loanword
प्लगेबल,pluggable,english_loanword
एक्सचेंजोंं,exchanges,english_loanword
रिप्यूडिएशन,repudiation,english_loanword
फूडस्टफ,foodstuff,english_loanword
कफूर,qhafoor,english_loanword
सीजेन,cezzane,english_loanword
अम्मीसाडुका,ammisaduqa,english_loanword
ट्रायासिक,triassic,english_loanword
वैसेन,vaessen,english_loanword
एक्सामिनेशन,examination,english_loanword
वेकेशन,vacation,english_loanword
सेक्सटिंग,sexting,english_loanword
सेक्शुअल,sexually,english_loanword
एडीएस,adss,english_loanword
मंथ्लिटी,mentality,english_loanword
एचिंग्स,etchings,english_loanword
फेडरेशन्स,federations,english_loanword
कॉलेबोरेशन,collaboration,english_loanword
एक्सपीडिशन,expedition,english_loanword
शाग्नेसी,shaughnessy,english_loanword
इंजंक्शन,injunction,english_loanword
चिकशुलूब,chicxulub,english_loanword
किसेल,kissel,english_loanword
सुसेन,sussanne,english_loanword
पैग्रेक्सको,pagrexco,english_loanword
कॉनसोलेशन,consolation,english_loanword
निक्सडोर्फ़,nixdorf,english_loanword
शारकियाह,sharqiyah,english_loanword
ब्रेसन,bresson,english_loanword
ओक्सिदेटिव,oxidative,english_loanword
इस्तियाक,istiyaq,english_loanword
पिक्सीज़,pixies,english_loanword
बायोसॉल्युशंस,biosolutions,english_loanword
एटलांटिक,atlantique,english_loanword
कन्फिगुरेशन,configuration,english_loanword
डिसनायके,dissanayake,english_loanword
यूलिसिस,ulysses,english_loanword
ट्रांसलेशंस,translations,english_loanword
हाइपौक्सिया,hypoxia,english_loanword
जैज्जी,jazzy,english_loanword
रॉसिफ,rossif,english_loanword
रोस्कॉन्ग्रेस,roscongress,english_loanword
लेपसेबल,lapsable,english_loanword
एलेक्सेई,alexei,english_loanword
पैक्सिल्लाइन,paxilline,english_loanword
सिमेक्स,simex,english_loanword
कंट्रीब्युशन,contribution,english_loanword
एक्सोडस,exodus,english_loanword
प्यूपेशन,pupation,english_loanword
वैरिएबल्स,variables,english_loanword
गुज्जी,guzzi,english_loanword
सोडेक्सो,sodexo,english_loanword
टिक्सेरा,tixeira,english_loanword
ड्यूप्लेक्स,duplexes,english_loanword
मेसीना,messina,english_loanword
कनेक्शनन,connection,english_loanword
सैनेटाईज़ेशन,sanitization,english_loanword
वॉयलेशन,violation,english_loanword
सेक्सोलॉजिस्ट,sexologist,english_loanword
कंटेंनमैंट,containment,english_loanword
बोल्डनेस,boldness,english_loanword
डिसइंफेक्शन,disinfection,english_loanword
इफिशन्सी,efficiency,english_loanword
मैक़ेन्ज़ी,mackenzie,english_loanword
जोनोशन,zonation,english_loanword
आपरेशनल,operational,english_loanword
फलदेसाई,faldessai,english_loanword
मेटाहेलिक्स,metahelix,english_loanword
सनलैस,sunless,english_loanword
मिसिसौगा,mississauga,english_loanword
एफिलिएशन,affiliation,english_loanword
उफ्फ,ufff,english_loanword
वीइएलओएक्स,velox,english_loanword
कॉन्टेक्स्ट,context,english_loanword
अकोमडेशन,accommodation,english_loanword
क्लेश,quilt,english_loanword
लेडबाइबल,ladbible,english_loanword
हायरैक्स,hyrax,english_loanword
कॉम्बोबॉक्स,combobox,english_loanword
मीथेनेशन,methanation,english_loanword
सेफ्ट्रियाक्सोन,ceftriaxone,english_loanword
प्रूसिया,prussia,english_loanword
डेसर्ट,dessert,english_loanword
डेरिवेशन,derivation,english_loanword
जेक,jacque,english_loanword
एक्स्ट्राग्लेक्टिक,extragalactic,english_loanword
एमबैसी,embassy,english_loanword
ग्रासमन,grossman,english_loanword
कंप्रेसिव,compressive,english_loanword
टोक्सिन,toxin,english_loanword
ग्राफ़कॉल,graphql,english_loanword
वैरिफिएबल,verifiable,english_loanword
नीएसेरिया,neisseria,english_loanword
वैरीफाएबिल,verifiable,english_loanword
लैटामॉक्सेफ़,latamoxef,english_loanword
रेनिसिन्स,renaissance,english_loanword
कॉन्ट्राबास,contrabass,english_loanword
नेहाफ्लिक्स,nehaflix,english_loanword
ओरिजिनेशन,origination,english_loanword
रिकमेंडेशंस,recommendations,english_loanword
एक्साइटेशन,excitation,english_loanword
चंकज,chunkzz,english_loanword
अडेप्टेशन,adaptation,english_loanword
एंटिक,antique,english_loanword
इवोल्यूशंस,evolutions,english_loanword
इन्स्ट्रूमेंटेशन,instrumentation,english_loanword
ड्रीमकैचर,dreamcatcher,english_loanword
एबीसिनिया,abyssinia,english_loanword
डेक्सामेथासोन,dexamethasone,english_loanword
हुक्कायक,huqayq,english_loanword
कैचर,catcher,english_loanword
रोज़ियो,rossio,english_loanword
इंडेक्सेशन,indexation,english_loanword
नौसेउ,nassau,english_loanword
कॉम्बिनेशन्,combination,english_loanword
श्रौफ़,shroff,english_loanword
ओक्सालिप्लेटिन,oxaliplatin,english_loanword
एसेक़्स,essex,english_loanword
ग्रोसिंग,grossing,english_loanword
इंटरसेप्शन,interception,english_loanword
तबास,tabass,english_loanword
मैन्शन,mansion,english_loanword
एजोर,ezzor,english_loanword
बायोरीमेडिएशन,bioremediation,english_loanword
क्लासिफाईर्स,classifiers,english_loanword
स्मार्टनेस,smartness,english_loanword
प्रेक्टीशनर,practitioner,english_loanword
बैगेस,bagasse,english_loanword
सुपरस्टीशन्स,superstitions,english_loanword
बैण्डरस्नैच,bandersnatch,english_loanword
स्किब,squibb,english_loanword
सस्टैनेबल,sustainable,english_loanword
क्रूसिबल,crucible,english_loanword
पीएक्सआईएल,pxil,english_loanword
इन्कैप्सूलेशन,encapsulation,english_loanword
डियरेंस,dearness,english_loanword
क्रिप्टोप्रोसेसर,cryptoprocessor,english_loanword
वैक्सी,waxy,english_loanword
ट्रांजिशंस,transitions,english_loanword
इथाइलहेक्सानॉल,ethylhexanol,english_loanword
ब्रुसलर्स,brusselers,english_loanword
सीसीआईएसएस,cciss,english_loanword
फ्रिक्शन,friction,english_loanword
कनविक्शन,conviction,english_loanword
आक्सस,oxus,english_loanword
पियाज्ज़ा,piazza,english_loanword
प्रीजरवेशन,preservation,english_loanword
अकोमेडेशन,accommodation,english_loanword
बेनालेस,boneless,english_loanword
मेसेजेज,messages,english_loanword
हेलीपोर्टेबल,heliportable,english_loanword
विजनलेस,visionless,english_loanword
रिन्युवेबल,renewable,english_loanword
वेक्सनर,wexner,english_loanword
डिसमिसल्स,dismissals,english_loanword
फ़िकह,fiqh,english_loanword
यांडेक्स,yandex,english_loanword
कोम्प्लीकेशन्ज़,complications,english_loanword
एक्सियाता,axiata,english_loanword
डेक्सट्रन,dextran,english_loanword
सुप्रैक्स,suprax,english_loanword
आक्सीरिंकस,oxyrhynchus,english_loanword
वॉफ़ल्स्,waffles,english_loanword
रिन्यूवेबल,renewable,english_loanword
क्यूग्ले,quigley,english_loanword
निसीम,nissim,english_loanword
दक्ष,dakssh,english_loanword
विकेके,viqueque,english_loanword
राकेश,raqesh,english_loanword
सांग्योंग,ssangyong,english_loanword
लेटरप्रेस,letterpress,english_loanword
मसल्स,mussels,english_loanword
कॉफ़ी,coffee,english_loanword
एसेम्ब्ली,assembly,english_loanword
ईमूविक्स,emovix,english_loanword
फोक्स,foxes,english_loanword
जीजीएमएसएसएस,ggmsss,english_loanword
एरिगेशन,irrigation,english_loanword
फॉक्सट्रॉट,foxtrot,english_loanword
मूवबल,movable,english_loanword
वैक्स्ड,waxed,english_loanword
रिजॉल्यूशन,resolution,english_loanword
बुथाइलहाइड्रोक्युइनन,butylhydroquinull,english_loanword
कंडिशंस,conditions,english_loanword
सिद्दिकुल्ला,siddiqullah,english_loanword
डैसिन,dassin,english_loanword
एक्स्ट्रीमाडुरा,extremadura,english_loanword
एक्सएनएक्स,xnx,english_loanword
इलेक्ट्रोटेक्स,electrotex,english_loanword
डिस्ट्रिव्यूशन,distrivution,english_loanword
फिक्सिंगः,fixingh,english_loanword
पेंशनधारियों,pensiondhaariyon,english_loanword
एलएक्स,lx,english_loanword
ऑक्सीडेंट,oxident,english_loanword
एक्सक्लेशन,acsclation,english_loanword
सर्किलेशन,circulation,english_loanword
क्यूआईडब्ल्यूआई,qiwi,english_loanword
ऐसेट्स,assets,english_loanword
क्यूसैक्स,cusex,english_loanword
एक्सटेक्टर,extektar,english_loanword
क्वॉरेनटाइन,quarantine,english_loanword
लफ्फाजी,laffaajee,english_loanword
ऑफिसरी,officery,english_loanword
ऑक्सीज,oxys,english_loanword
ऑफिशियली,officially,english_loanword
वैरीफ़िकेशन,verification,english_loanword
एक्स्पेक्टेंसी,expectancy,english_loanword
प्रॉस्पेक्स,prospex,english_loanword
क्यूडब्ल्यूवीजीए,qwvga,english_loanword
लक्ष्मीनियां,laxmeeniyaan,english_loanword
रैडक्रास,redcross,english_loanword
मैक्सियों,maxiyon,english_loanword
एक्सिसटेंस,existence,english_loanword
डिफरर्ड,differrd,english_loanword
क्यूआईपीएस,qips,english_loanword
रैगुलाइजेशन,raigulization,english_loanword
क्यूएसएस,qss,english_loanword
काॅप्लेक्स,coplex,english_loanword
प्रेसनोट,pressnote,english_loanword
ऐसेट,asset,english_loanword
ऑफरः,offerh,english_loanword
बीएसएसएस,bsss,english_loanword
मल्टिप्लेक्सों,multiplexon,english_loanword
स्ट्रेशन,stration,english_loanword
काबिलेगौर,qaabilegour,english_loanword
प्रोजेक्शन्स,projections,english_loanword
मैग्निफिकेशन,magnification,english_loanword
एयरकंडीशनर,airconditioner,english_loanword
पैसेंजरजींद,passengerjind,english_loanword
गैरमौजूदगी,gairmaujoodgee,english_loanword
पेंषन,pension,english_loanword
इन्वेस्टेबल,investable,english_loanword
पफिन,puffin,english_loanword
फेनिक्स,phenix,english_loanword
हफ़मैन,huffman,english_loanword
होजेस,hodges,english_loanword
टेक्सरकाना,texarkana,english_loanword
फेलिक्स,felix,english_loanword
लेनेक्सा,lenexa,english_loanword
रूसो,russo,english_loanword
एनरिकेज़,enriquez,english_loanword
शाफर,shaffer,english_loanword
गैबल्स,gables,english_loanword
हेंड्रिक्स,hendrix,english_loanword
सियुक,sioux,english_loanword
क्विन,quinn,english_loanword
क्विंटरो,quintero,english_loanword
सफ़क,suffolk,english_loanword
बैक्सटर,baxter,english_loanword
साईप्रस,cypress,english_loanword
एपेक्स,apex,english_loanword
हचिंसन,hutchinson,english_loanword
मैडोक्स,maddox,english_loanword
प्लांटेशन,plantation,english_loanword
एलेग्जेंडर,alexander,english_loanword
एलेक्जेंड्रिया,alexandria,english_loanword
मैसी,massey,english_loanword
जेफरसनविल,jeffersonville,english_loanword
शियोंग,xiong,english_loanword
स्टेफोर्ड,stafford,english_loanword
मनासस,manassas,english_loanword
बार्नस्टेबल,barnstable,english_loanword
हेस,hess,english_loanword
यूलेस,euless,english_loanword
नॉक्सविल,knoxville,english_loanword
बोसीयर,bossier,english_loanword
मिसौला,missoula,english_loanword
डिक्सन,dixon,english_loanword
मिचेल,mitchell,english_loanword
इक्विपमेंट,equipment,english_loanword
इंफ़्राकंस्ट्रक्शन,infraconstruction,english_loanword
थरमैक्स,thermax,english_loanword
पोलीप्लेक्स,polyplex,english_loanword
सेक्वेंट,sequent,english_loanword
सुबेक्स,subex,english_loanword
एफल,affle,english_loanword
गेज,gadge,english_loanword
किटेक्स,kitex,english_loanword
नेक्स्टजेन,nextgen,english_loanword
ओडिसा,orissa,english_loanword
ग्लैक्सोस्मिथक्लीन,glaxosmithkline,english_loanword
रिन्यूएबल्स,renewables,english_loanword
पॉलीप्लेक्स,polyplex,english_loanword
प्रिसिशन,precision,english_loanword
कम्यूनिकेशन्स,communications,english_loanword
क्विक,quick,english_loanword
स्कैफलर,schaeffler,english_loanword
स्टायरोल्यूशन,styrolution,english_loanword
सीमेंटेशन,cementation,english_loanword
एक्स्प्लेओ,expleo,english_loanword
ओमैक्स,omaxe,english_loanword
केबल्स,cables,english_loanword
हेक्सावेयर,hexaware,english_loanword
एपकोटेक्स,apcotex,english_loanword
ऐवीऐशन,aviation,english_loanword
कंडीशनिंग,conditioning,english_loanword
स्कैफ़लर,schaeffler,english_loanword
हासन,hassan,english_loanword
एक्सेल,excel,english_loanword
फिनोटेक्स,fineotex,english_loanword
टेक्समैको,texmaco,english_loanword
कुएस,quess,english_loanword
Found 797 from dakshina, 13416 from aksharantar (total: 14213),
