अंकल	uncle
अंकुर	ankur
अंकुश	ankush
अंग	ang
अंगद	angad
अंगुली	anguli
अंगूठी	anguthi
अंगों	angon
अंग्रेजी	angreji
अंचल	anchal
अंचलों	anchalon
अंजना	anjana
अंजली	anjali
अंजान	anjaan
अंजुम	anjum
अंजुमन	anjuman
अंजू	anju
अंडर	under
अंडरकवर	undercover
अंडा	anda
अंडे	ande
अंत	ant
अंतर	antar
अंतरराष्ट्रीय	antarrashtriya
अंतराल	antral
अंतरिक्ष	antriksh
अंतरिम	antrim
अंतर्गत	antargat
अंतिम	antim
अंत्येष्टि	antyeshti
अंत्योदय	antyoday
अंदर	andar
अंदरूनी	andruni
अंदाज	andaaz
अंदेशा	andeshaa
अंधाधुंध	andhadhundh
अंपायर	umpire
अंबाला	ambala
अंबिका	ambika
अंबेडकर	ambedkar
अंर्तगत	antargat
अंश	ansh
अंसारी	ansari
अकबर	akbar
अकबरपुर	akbarpur
अकाउंट	account
अकादमी	akadami
अकाल	akaal
अकाली	akali
अकेडमी	academy
अकेला	akela
अकेली	akeli
अकेले	akele
अकोला	akola
अक्टूबर	october
अक्षत	akshat
अक्षम	aksham
अक्षय	akshay
अक्षर	akshar
अक्षांश	akshansh
अक्सर	aksar
अखंडता	akhandata
अखिलेश	akhilesh
अख्तर	akhtar
अख्तियार	akhtiyar
अगरतला	agartala
अगली	agali
अगले	agale
अगवा	agava
अग्नि	agni
अग्निशमन	agnishaman
अग्निहोत्री	agnihotri
अग्रणी	agrani
अग्रसर	agrasar
अग्रहरि	agrahari
अग्रिम	agrim
अग्रोहा	agroha
अचानक	achanak
अचेत	achet
अच्छा	achcha
अच्छे	achchhe
अजगर	ajgar
अजनाला	ajnaala
अजब	ajab
अजमेर	ajmer
अजय	ajay
अजीत	ajit
अजीब	ajeeb
अजीम	ajim
अटल	atal
अटलांटा	atlanta
अटैक	attack
अठारह	atharah
अड्डा	adda
अता	ata
अति	ati
अतिउत्साह	atiutsah
अतिक्रमण	atikraman
अतिथि	atithi
अतिथियों	atithiyon
अतिरिक्त	atirikt
अतिसंवेदनशील	atisamvedansheel
अतीत	atit
अतुल	atul
अत्यंत	atyant
अत्यधिक	atyadhik
अत्याचार	atyachar
अत्याधुनिक	atyadhunik
अत्री	atri
अथवा	athva
अथॉरिटी	authority
अदा	ada
अदायगी	adayagi
अदालत	adalat
अदालती	adalati
अदालतों	adalton
अदिति	aditi
अद्भुत	adbhut
अधिक	adhik
अधिकांश	adhikansh
अधिकाधिक	adhikadhik
अधिकार	adhikar
अधिकारिक	adhikarik
अधिकारिता	adhikarita
अधिकारियों	adhikariyon
अधिकारी	adhikari
अधिकारों	adhikaron
अधिग्रहण	adhigrahan
अधिग्रहित	adhigrahit
अधिग्रहीत	adhigrahit
अधिनियम	adhiniyam
अधिवक्ता	adhivakta
अधिवेशन	adhiveshan
अधीक्षक	adhikshak
अधीन	adhin
अधूरा	adhura
अधूरी	adhuri
अध्यक्ष	adhyaksh
अध्यक्षता	adhyakshta
अध्यक्षा	adhyaksha
अध्यक्षों	adhyakshon
अध्ययन	adhyayan
अध्यात्मिक	adhyatmik
अध्यादेश	adhyadesh
अध्यापक	adhyapak
अध्यापन	adhyapan
अध्यापिका	adhyapika
अध्याय	adhyay
अनजान	anjaan
अनदेखा	andekha
अनदेखी	andekhi
अनधिकृत	andhikrit
अनपढ़	anpadh
अनमोल	anmol
अनवर	anwar
अनशन	anshan
अनाथ	anath
अनामिका	anamika
अनार	anaar
अनारक्षित	anarkshit
अनावरण	anavaran
अनिता	anita
अनियंत्रित	aniyantrit
अनियमित	aniyamit
अनियमितता	aniyamitata
अनिरुद्ध	aniruddh
अनिल	anil
अनिवार्य	anivarya
अनिवार्यता	anivaryata
अनिश्चित	anishchit
अनिश्चिता	anishchita
अनीता	anita
अनीश	anish
अनु	anu
अनुग्रह	anugrah
अनुज	anuj
अनुज्ञप्ति	anugyapti
अनुदान	anudan
अनुदानित	anudanit
अनुदेशक	anudeshak
अनुदेशकों	anudeshakon
अनुप	anup
अनुपम	anupam
अनुपस्थिति	anupasthiti
अनुपात	anupat
अनुपालन	anupalan
अनुबंध	anubandh
अनुबंधित	anubandhit
अनुभव	anubhav
अनुभवी	anubhavi
अनुभवों	anubhavon
अनुभाग	anubhag
अनुभूति	anubhuti
अनुमंडल	anumandal
अनुमति	anumati
अनुमान	anuman
अनुमानत	anumanat
अनुमानित	anumanit
अनुमोदन	anumodan
अनुमोदित	anumodit
अनुयायियों	anuyayiyon
अनुयायी	anuyayi
अनुराग	anurag
अनुराधा	anuradha
अनुरूप	anurup
अनुरोध	anurodh
अनुशंसा	anushansa
अनुशासन	anushasan
अनुशासित	anushasit
अनुश्रवण	anushravan
अनुष्का	anushka
अनुष्ठान	anushthan
अनुसंधान	anusandhan
अनुसार	anusar
अनुसूचित	anusuchit
अनूठा	anutha
अनूप	anup
अनेक	anek
अनेकों	anekon
अनोखा	anokha
अन्न	ann
अन्ना	anna
अन्नू	annu
अन्य	anya
अन्यथा	anyatha
अपग्रेड	upgrade
अपडेट	update
अपना	apna
अपनाई	apnai
अपनाकर	apnakar
अपनाते	apnate
अपनाने	apnane
अपनाया	apnaya
अपनी	apni
अपने	apne
अपमान	apman
अपमानजनक	apmanjanak
अपमानित	apmanit
अपर	apar
अपराधबोध	apraadhbodh
अपराधियों	apradhiyon
अपराधी	apradhi
अपलोड	upload
अपहरण	apharan
अपार	apar
अपार्टमेंट	apartment
अपितु	apitu
अपील	appeal
अपेक्षा	apeksha
अपेक्षाकृत	apekshakrit
अपेक्षित	apekshit
अपॉइंटमेंट	appointment
अप्रकाशित	aprakashit
अप्रत्यक्ष	apratyaksh
अप्रत्याशित	apratyashit
अप्रशिक्षित	aprashikshit
अप्रिय	apriya
अप्रैल	april
अफवाह	afwah
अफवाहों	afwahon
अफसर	afsar
अफसरशाही	afsarshahi
अफसरों	afsaron
अफीम	afeem
अबोहर	abohar
अब्दुल	abdul
अब्दुल्ला	abdulla
अभय	abhay
अभाव	abhav
अभिकरण	abhikaran
अभिकर्ताओं	abhikartaon
अभिनंदन	abhinandan
अभिनय	abhinay
अभिनव	abhinav
अभिनेता	abhineta
अभिनेत्री	abhinetri
अभिन्न	abhinn
अभिभावक	abhibhavak
अभिभावकों	abhibhavakon
अभिमन्यु	abhimanyu
अभिमान	abhiman
अभियंता	abhiyanta
अभियंत्रण	abhiyantran
अभियान	abhiyan
अभियुक्त	abhiyukt
अभियुक्तों	abhiyukton
अभियोग	abhiyog
अभियोजक	abhiyojak
अभियोजन	abhiyojan
अभिलाषा	abhilasha
अभिलेख	abhilekh
अभिलेखों	abhilekhon
अभिवादन	abhivadan
अभिव्यक्ति	abhivyakti
अभिषेक	abhishek
अभूतपूर्व	abhutpurv
अभ्यास	abhyas
अमजद	amjad
अमन	aman
अमर	amar
अमरनाथ	amarnath
अमरीश	amrish
अमरेंद्र	amrendra
अमरोहा	amroha
अमल	amal
अमानवीय	amanviya
अमिताभ	amitabh
अमीन	amin
अमीर	amir
अमूमन	amuman
अमूल्य	amulya
अमृत	amrit
अमृतसर	amritsar
अमृता	amrita
अमेठी	amethi
अमेरिका	america
अमेरिकी	ameriki
अयूब	ayub
अयोध्या	ayodhya
अरब	arab
अरबों	arabon
अरमान	aramaan
अरविंद	arvind
अरशद	arshad
अरहर	arhar
अराजकता	arajakta
अरावली	aravali
अरुणा	aruna
अरूण	arun
अरोड़ा	arora
अर्चना	archana
अर्जित	arjit
अर्थव्यवस्था	arthvyavastha
अर्थशास्त्र	arthashastra
अर्पण	arpan
अर्से	arse
अलका	alka
अलख	alakh
अलग	alag
अलबत्ता	albatta
अलमारी	almari
अलवर	alvar
अलविदा	alvida
अलाउद्दीन	alauddin
अलावा	alava
अलीगंज	aliganj
अलीगढ़	aligarh
अलीपुर	alipur
अल्ट्रासाउंड	ultrasound
अल्पसंख्यक	alpsankhyak
अल्लाह	allah
अवगत	avgat
अवधि	avadhi
अवधेश	avdhesh
अवर	avar
अवरुद्ध	avruddh
अवशेष	avshesh
अवसर	avsar
अवस्था	avastha
अवस्थी	awasthi
अवार्ड	award
अविनाश	avinash
अविलंब	avilamb
अविवाहित	avivahit
अविश्वास	avishvas
अवैध	avaidh
अव्यवस्थाओं	avyavasthaon
अव्वल	avval
अशफाक	ashfaq
अशरफ	ashraf
अशांति	ashanti
अश्लील	ashleel
अष्टमी	ashtmi
असंगठित	asangathit
असंतुलित	asantulit
असंतुष्ट	asantusht
असंतोष	asantosh
असद	asad
असम	assam
असमंजस	asamanjas
असमय	asamay
असमर्थ	asamarth
असरगंज	asarganj
असल	asal
असलम	aslam
असलियत	asaliyat
असली	asali
असहायों	asahayon
असिस्टेंट	assistant
असीम	aseem
असुरक्षा	asuraksha
अस्त	ast
अस्तित्व	astitva
अस्थाई	asthai
अस्थायी	asthayi
अस्पताल	aspataal
अस्पतालों	aspataalon
अहंकार	ahankaar
अहम	aham
अहमद	ahmad
अहमदाबाद	ahmedabad
अहसास	ahsaas
अहिंसा	ahinsa
आंकी	aanki
आंख	aankh
आंखें	aankhen
आंगन	angan
आंगनबाड़ी	anganbadi
आंतरिक	aantarik
आंदोलित	aandolit
आंधी	aandhi
आंशिक	aanshik
आंसू	aansu
आइडिया	idea
आईआईटी	iit
आईएमए	ima
आईटी	it
आईडी	id
आईपीएल	ipl
आईपीएस	ips
आउट	out
आएंगे	aaenge
आकर	aakar
आकर्षक	akarshak
आकर्षण	aakarshan
आकर्षित	aakarshit
आकलन	aakalan
आकस्मिक	aakasmik
आकार	aakar
आक्रामक	aakramak
आक्रोश	aakrosh
आखिर	aakhir
आखिरकार	aakhirkar
आखिरी	aakhiri
आख्या	aakhya
आगरा	agra
आगाज	aagaaj
आगे	aage
आग्रह	aagrah
आचरण	aacharan
आचार्य	aacharya
आज	aaj
आजकल	aajkal
आजतक	aajtak
आजमगढ़	azamgarh
आजा	aaja
आजाद	ajad
आजीवन	aajeevan
आजीविका	aajivika
आज्ञा	aagya
आठवीं	aathvin
आठवें	aathvein
आडवाणी	advani
आडिट	audit
आतंक	aatank
आतंकवादियों	aatankwadiyon
आतंकवादी	aatankwadi
आतंकियों	aatankiyon
आतंकी	aatanki
आता	aata
आती	aati
आतुर	aatur
आते	aate
आत्म	aatm
आत्मनिर्भर	aatmnirbhar
आत्मरक्षा	atmaraksha
आत्मविश्वास	aatmavishwas
आत्महत्या	aatmhatya
आत्मा	atma
आत्मिक	atmik
आदमी	aadami
आदर्श	aadarsh
आदि	aadi
आदित्य	aditya
आदिल	aadil
आदिवासियों	aadivasiyon
आदी	aadi
आदेश	aadesh
आदेशानुसार	aadeshanusar
आदेशों	aadeshon
आधा	aadha
आधार	aadhaar
आधारशिला	aadharshila
आधिकारिक	adhikarik
आधे	aadhe
आध्यात्मिक	aadhyatmik
आनंद	anand
आनंदपुर	anandpur
आनन	aanan
आनलाइन	online
आना	aana
आनी	aani
आने	aane
आनेवाले	aanewaale
आप	aap
आपकी	aapki
आपके	aapke
आपको	aapko
आपत्ति	aapatti
आपत्तिजनक	aapattijanak
आपत्तियां	aapattiyan
आपत्तियों	aapattiyon
आपदा	aapda
आपराधिक	aapradhik
आपस	aapas
आपसी	aapsi
आपसे	aapse
आपात	aapat
आपातकाल	aapaatkal
आपातकालीन	aapatkalin
आपाधापी	aapadhapi
आपूर्ति	aapurti
आफिस	office
आफिसर	officer
आबाद	abad
आबादी	abadi
आभा	abha
आभार	aabhar
आभास	aabhas
आभूषण	abhushan
आभूषणों	abhushanon
आम	aam
आमंत्रण	aamantran
आमंत्रित	aamantrit
आमजन	aamjan
आमजनों	aamjanon
आमतौर	aamtaur
आमद	aamad
आमरण	aamran
आमिर	aamir
आयरन	iron
आयशा	ayesha
आया	aaya
आयी	aayi
आयु	aayu
आयुक्त	ayukt
आयुर्वेद	ayurved
आयुर्वेदिक	ayurvedic
आये	aaye
आयेगी	aayegi
आयोग	aayog
आयोजकों	aayojakon
आयोजन	aayojan
आयोजित	aayojit
आरंभ	aarambh
आरआर	rr
आरएसएस	rss
आरके	rk
आरक्षण	aarakshan
आरक्षित	aarakshit
आरटीआई	rti
आरती	aarti
आरपार	aarpar
आरसी	rc
आरा	ara
आरिफ	arif
आरोप	aarop
आरोपियों	aaropiyon
आरोपी	aaropi
आरोपों	aaropon
आर्ट	art
आर्मी	army
आलम	alam
आला	ala
आलू	aalu
आलोक	alok
आवंटन	aavantan
आवश्यक	avashyak
आवश्यकता	avashyakta
आवाजाही	aawajahi
आवेदक	aavedak
आशिक	aashiq
आशीर्वाद	aashirwad
आशीष	ashish
आशुतोष	ashutosh
आश्चर्य	ashcharya
आश्चर्यों	ashcharyon
आश्रम	aashram
आश्वस्त	aashwast
आश्वासन	aashwasan
आश्वासनों	ashvasanon
आसपास	aaspaas
आसाम	assam
आसाराम	asaram
आसिफ	asif
आसीन	asin
आस्था	aastha
आहत	aahat
आहुजा	ahuja
आहुति	aahuti
आहूजा	ahuja
आॅफ	off
इंकार	inkaar
इंग्लिश	english
इंच	inch
इंजन	engine
इंजीनियर	engineer
इंजीनियरिंग	engineering
इंजीनियरों	engineeron
इंजीनियर्स	engineers
इंजेक्शन	injection
इंटर	inter
इंटरनेशनल	international
इंटरमीडिएट	intermediate
इंटरव्यू	interview
इंटरसिटी	intercity
इंट्री	entry
इंडस्ट्रियल	industrial
इंडस्ट्री	industry
इंडस्ट्रीज	industries
इंडिका	indica
इंडियन	indian
इंडिया	india
इंडो	indo
इंतजाम	intejaam
इंदर	indar
इंदिरा	indira
इंदु	indu
इंदौर	indore
इंद्र	indra
इंद्रेश	indresh
इंसान	insaan
इंस्टीट्यूट	institute
इंस्पेक्टर	inspector
इकाइयों	ikaiyon
इक्का	ekka
इग्नू	ignu
इच्छा	ichcha
इच्छाशक्ति	ichchashakti
इच्छुक	ichchuk
इजहार	izhaar
इज़राइल	israel
इटली	italy
इटावा	etawah
इतना	itna
इतनी	itni
इतने	itne
इतर	itar
इतिहास	itihaas
इत्यादि	ityaadi
इधर	idhar
इनका	inka
इनकार	inkar
इनकी	inki
इनको	inko
इनसे	inse
इनाम	inam
इन्हीं	inhin
इन्हें	inhen
इन्होंने	inhone
इफ्तार	iftar
इबादत	ibadat
इब्राहिम	ibrahim
इमरजेंसी	emergency
इमरान	imran
इमाम	imam
इमारत	imarat
इमारतें	imaraten
इमारतों	imaraton
इरफान	irfan
इराक	iraq
इरादा	irada
इर्द	ird
इलाके	ilake
इलाहाबाद	allahabad
इलेक्ट्रिक	electric
इलेक्ट्रिकल	electrical
इलेक्ट्रॉनिक	electronic
इलेवन	eleven
इवेंट	event
इस	is
इसका	iska
इसकी	iski
इसके	iske
इसको	isko
इसने	isane
इसमें	ismein
इसराइल	israel
इसलिए	isliye
इससे	isase
इसी	isi
इसे	ise
इस्तीफा	istifa
इस्पात	ispat
इस्राइल	israel
इस्लाम	islam
इस्लामाबाद	islamabad
इस्लामिक	islamic
इस्लामिया	islamiya
ईबे	ebay
ईमानदार	imandar
ईयर	year
ईरानी	irani
ईशा	isha
ईश्वर	ishwar
ईश्वरी	ishwari
ईश्वरीय	ishwariy
ईसाई	isai
ईस्ट	east
उक्त	ukt
उग्र	ugra
उचित	uchit
उछाल	uchhal
उजागर	ujagar
उजाला	ujala
उज्जवल	ujjawal
उज्ज्वल	ujjval
उठकर	uthkar
उठता	uthata
उठती	uthati
उठते	uthate
उठा	utha
उठाई	uthai
उठाए	uthae
उठाते	uthate
उठाना	uthana
उठानी	uthani
उठाने	uthane
उठाया	uthaya
उठायी	uthayi
उठाये	uthaye
उठी	uthi
उतना	utna
उतनी	utani
उतर	utar
उतरकर	utarkar
उतरा	utra
उतरी	utari
उतरे	utare
उतार	utar
उतारने	utaarane
उतारे	utare
उत्कर्ष	utkarsh
उत्कल	utkal
उत्कृष्ट	utkrisht
उत्खनन	utkhanan
उत्तम	uttam
उत्तर	uttar
उत्तरकाशी	uttarkashi
उत्तरपूर्वी	uttarpurvi
उत्तरप्रदेश	uttarpradesh
उत्तराखंड	uttarakhand
उत्तरी	uttari
उत्तीर्ण	uttirn
उत्तेजित	uttejit
उत्थान	utthan
उत्पन्न	utpann
उत्पात	utpat
उत्पाद	utpad
उत्पादक	utpadak
उत्पादकों	utpadakon
उत्पादन	utpadan
उत्पादित	utpadit
उत्पादों	utpadon
उत्पीड़न	utpidan
उत्सव	utsav
उत्साह	utsah
उत्साहित	utsahit
उत्सुकता	utsukta
उदघाटन	udghatan
उदय	uday
उदयपुर	udaipur
उदयभान	udaybhan
उदयवीर	udayveer
उदाहरण	udaharan
उदित	udit
उद्घाटन	udghatan
उद्देश्य	uddeshya
उद्देश्यों	uddeshyon
उद्धार	uddhar
उद्यम	udyam
उद्यापन	udyapan
उद्योगपतियों	udyogpatiyon
उद्योगों	udyogon
उधर	udhar
उधार	udhar
उनका	unka
उनकी	unki
उनके	unke
उनको	unko
उनमें	unmen
उनसे	unse
उन्नत	unnat
उन्नति	unnati
उन्नयन	unnayan
उन्नाव	unnao
उन्मूलन	unmulan
उन्हीं	unhin
उन्हें	unhen
उन्होंने	unhone
उपचार	upchar
उपचुनाव	upchunav
उपज	upaj
उपजातियों	upjatiyon
उपजे	upaje
उपदेश	updesh
उपनगर	upnagar
उपनिदेशक	upnideshak
उपप्रधानमंत्री	uppradhanmantri
उपभोग	upbhog
उपमहानिरीक्षक	upmahanirikshak
उपयुक्त	upyukt
उपयोग	upyog
उपयोगिता	upyogita
उपयोगी	upyogi
उपरांत	uprant
उपरोक्त	uprokt
उपवास	upvaas
उपसचिव	upsachiv
उपसर्ग	upsarg
उपस्थिति	upasthiti
उपहार	uphaar
उपाधि	upadhi
उपाध्यक्ष	upadhyaksh
उपाध्याय	upadhyay
उपासना	upasana
उपेक्षा	upeksha
उपेक्षित	upekshit
उप्र	upr
उफान	ufaan
उबर	uber
उभर	ubhar
उमंग	umang
उमर	umar
उमा	uma
उम्दा	umda
उम्मीदवारों	ummedwaron
उम्मीदें	ummiden
उम्र	umra
उर्मिला	urmila
उर्स	urs
उलझ	ulajh
उलझा	uljha
उलझे	uljhe
उल्टा	ulta
उल्लंघन	ullanghan
उल्ला	ulla
उल्लास	ullas
उल्लेखनीय	ullekhniya
उसका	uska
उसके	uske
उसको	usko
उसने	usne
उसपर	uspar
उससे	usse
उसे	use
उस्ताद	ustad
उस्मान	usman
उस्मानी	usmani
ऊंचा	uncha
ऊंचाई	unchai
ऊंची	unchi
ऊंचे	unche
ऊंट	unt
ऊपर	upar
ऊर्जा	urja
ऊषा	usha
ऋग्वेद	rigved
ऋतु	ritu
ऋषि	rishi
ऋषिकेश	rishikesh
एंकर	anchor
एंगल	angle
एंटरटेनमेंट	entertainment
एंटी	anti
एंटीफंगल	antifungal
एंटीबायटिक	antibiotic
एंटीबायोटिक	antibiotic
एंटीबॉडी	antibody
एंटीवायरस	antivirus
एंट्री	entry
एंड	and
एंड्रॉयड	android
एएसपी	asp
एक	ek
एकजुट	ekjut
एकजुटता	ekjutta
एकड़	ekad
एकतरफा	ektarfa
एकता	ekta
एकमात्र	ekmatra
एकलव्य	eklavya
एकाएक	ekaek
एकादश	ekadash
एकादशी	ekadashi
एक्ट	act
एक्टर	actor
एक्शन	action
एक्स	axe
एक्सचेंज	exchange
एक्सटेंशन	extension
एक्सट्रीम	extreme
एक्सट्रैक्शन	extraction
एक्सपो	expo
एक्सप्रेस	express
एक्सरे	xray
एक्सीडेंट	accident
एक्सेस	access
एग्रीकल्चर	agriculture
एग्रीमेंट	agreement
एग्रो	agro
एचआइवी	hiv
एचआईवी	hiv
एचएस	hs
एचडीएफसी	hdfc
एज	age
एजुकेशन	education
एजेंट	agent
एजेंटों	agenton
एजेंडा	agenda
एजेंसियों	agenciyon
एजेंसी	agency
एट	at
एटलस	atlas
एटा	etah
एटीएम	atm
एडवांस	advance
एडवाइस	advice
एडवेंचर	advencher
एडी	ad
एडीबी	adb
एड्स	aids
एथलीट	athlete
एथलेटिक	athletic
एनटीपीसी	ntpc
एनडीए	nda
एनर्जी	energy
एनसीआर	ncr
एनसीसी	ncc
एनिमेटेड	animated
एपिसोड	episode
एप्रोच	approach
एप्लीकेशन	application
एबी	ab
एम	m
एमए	ma
एमएम	mm
एमएलए	mla
एमएलसी	mlc
एमएस	ms
एमएससी	msc
एमके	mk
एमजीएम	mgm
एमडी	md
एमपी	mp
एमबीए	mba
एमबीबीएस	mbbs
एम्बुलेंस	ambulance
एम्स	ems
एयर	air
एयरकूल्ड	aircooled
एयरपोर्ट	airport
एयरफोर्स	airforce
एरिया	area
एल	l
एलईडी	led
एलएलबी	llb
एलपीजी	lpg
एलर्जी	allergy
एलसीडी	lcd
एल्बम	album
एल्यूमीनियम	aluminium
एविडेंस	evidence
एशिया	asia
एसआई	si
एसएचओ	sho
एसएमएस	sms
एसएमसी	smc
एसएस	ss
एसएसबी	ssb
एसजीपीसी	sgpc
एसटी	st
एसडीएम	sdm
एससी	sc
एसिड	acid
एसी	ac
एसीपी	acp
एसोसिएट	associate
एसोसियेशन	association
एस्टेट	estate
एहतियात	ehtiyat
ऐतिहासिक	aitihasik
ऐप	app
ऐश	aish
ऐश्वर्या	aishwarya
ऐसा	aisa
ऐसी	aisi
ऑक्सीजन	oxygen
ऑटो	auto
ऑडिट	audit
ऑडिशन	audition
ऑनर्स	honours
ऑनलाइन	online
ऑपरेटर	operator
ऑपरेटिंग	operating
ऑपरेशन	operation
ऑप्टिकल	optical
ऑफ	off
ऑफर	offer
ऑफलाइन	offline
ऑफिस	office
ऑफिसर	officer
ऑयल	oil
ऑर्केस्ट्रा	orkestra
ऑर्डर	order
ऑल	all
ऑलिव	olive
ऑस्ट्रेलिया	australia
ओ	o
ओंकार	omkar
ओझा	ojha
ओटी	ot
ओडिशा	odisha
ओपन	open
ओपेरा	opera
ओबामा	obama
ओबीसी	obc
ओम	om
ओमकार	omkar
ओर	or
ओलंपिक	olympic
ओलंपियाड	olympiad
ओल्ड	old
ओवर	over
ओवरफ्लो	overflow
ओवरहेड	overhead
ओवरों	overon
औजार	aujar
औद्योगिक	audyogik
औपचारिक	aupcharik
औपचारिकताएं	aupchariktayen
और	aur
औरत	aurat
औरतों	auraton
औषध	aushadh
औषधि	aushadhi
औसत	ausat
औसतन	ausatan
कंकाल	kankal
कंक्रीट	concrete
कंचन	kanchan
कंटेनर	container
कंट्री	country
कंट्रोल	control
कंठ	kanth
कंडक्टर	conductor
कंडीशनर	conditioner
कंडोम	condom
कंधे	kandhe
कंधों	kandhon
कंपनी	company
कंपाउंड	compound
कंप्यूटर	computer
कंबोडिया	cambodia
कंवर	kanwar
कंवलजीत	kanwaljeet
कंस	kans
कंस्ट्रक्शन	construction
कइयों	kaiyon
कक्ष	kaksh
कक्षा	kaksha
कक्षाओं	kakshaon
कक्षों	kakshon
कगार	kagar
कचरा	kachra
कचरे	kachre
कचहरी	kachhari
कच्चा	kaccha
कच्ची	kacchi
कछुआ	kachhuaa
कटऑफ	cutoff
कटक	katak
कटने	katne
कटा	kata
कटाई	katai
कटाक्ष	kataksh
कटारिया	katariya
कटाव	katav
कटिया	katiya
कटिहार	katihar
कटी	kati
कटे	kate
कटौती	katauti
कट्टे	katte
कठिन	kathin
कठिनाई	kathinai
कढ़ाई	kadhai
कतार	katar
कतिपय	katipay
कत्ल	katla
कथा	katha
कथित	kathit
कदम	kadam
कदमों	kadmon
कदर	kadar
कद्दू	kaddu
कनक	kanak
कनपटी	kanpati
कनाडा	canada
कनिष्ठ	kanishth
कनेक्शन	connection
कन्नौज	kannauj
कन्या	kanya
कन्हैया	kanhaiya
कपड़े	kapde
कपिल	kapil
कपूर	kapoor
कपूरथला	kapurthala
कबीर	kabir
कब्जा	kabja
कब्जे	kabje
कब्जों	kabjon
कब्रिस्तान	kabristan
कभार	kabhar
कभी	kabhi
कम	kam
कमजोर	kamjor
कमजोरी	kamjori
कमर	kamar
कमरा	kamra
कमरे	kamre
कमरों	kamron
कमर्शियल	commercial
कमल	kamal
कमलेश	kamlesh
कमा	kama
कमांडर	commander
कमांडो	commando
कमाई	kamai
कमाने	kamane
कमाया	kamaya
कमाल	kamaal
कमियां	kamiyan
कमियों	kamiyon
कमोबेश	kamobesh
कम्पनी	company
कम्प्यूटर	computer
कम्युनिकेशन	communication
कम्युनिटी	community
कम्युनिस्ट	communist
कर	kar
करके	karke
करण	karan
करता	karta
करती	karti
करते	karte
करन	karan
करनाल	karnal
करनी	karni
करने	karane
करनैल	karnail
करबला	karbala
करमा	karma
करमुक्त	karmukt
करवा	karva
करवाई	karvai
करवाए	karvaye
करवाएं	karvayen
करवाकर	karvakar
करवाते	karvate
करवाना	karvana
करवाने	karvane
करवाया	karvaya
कराइ	karai
कराई	karai
कराए	karae
कराती	karati
कराते	karate
कराधान	karadhan
कराना	karana
करानी	karani
कराने	karane
कराया	karaya
करार	karar
करारी	karari
करियर	carrier
करिश्मा	karishma
करीना	kareena
करीब	kareeb
करीबी	karibi
करुणा	karuna
करूंगा	karunga
करे	kare
करें	karen
करेंगे	karenge
करेगा	karega
करेगी	karegi
करो	karo
करोगे	karoge
करोड़ों	karodon
कर्क	kark
कर्ज	karj
कर्तव्य	kartavya
कर्तव्यों	kartavyon
कर्त्तव्य	kartavya
कर्म	karm
कर्मकांड	karmkand
कर्मकार	karmkar
कर्मचारियों	karmchariyon
कर्मचारी	karmchari
कर्मियों	karmiyon
कर्मी	karmi
कल	kal
कलंक	kalank
कलम	kalam
कलर	colour
कलश	kalash
कलह	kalah
कला	kala
कलाई	kalai
कलाकार	kalakar
कलाकारों	kalakaron
कलाकृतियां	kalakritiyan
कलाकृतियों	kalakritiyon
कलाम	kalam
कलिता	kalita
कली	kali
कलेक्टर	collector
कलेक्ट्रेट	collectorate
कलेक्शन	collection
कल्चर	culture
कल्चरल	cultural
कल्ट	cult
कल्पित	kalpit
कल्याण	kalyan
कल्याणकारी	kalyankari
कल्याणी	kalyani
कवर	cover
कवि	kavi
कविता	kavita
कविताएं	kavitaen
कविताओं	kavitaon
कवियों	kaviyon
कश्मीरी	kashmiri
कश्यप	kashyap
कसते	kasate
कसने	kasne
कसर	kasar
कसी	kasi
कसे	kase
कस्टडी	custody
कस्टम	custom
कस्तूरबा	kasturba
कस्बा	kasba
कस्बे	kasbe
कस्बों	kasbon
कहकर	kahkar
कहती	kahati
कहते	kahate
कहना	kahana
कहा	kaha
कहां	kahan
कहानी	kahani
कहावत	kahavat
कही	kahi
कहीं	kahin
कहे	kahe
कहेंगे	kahenge
कांग्रेस	congress
कांच	kanch
कांठ	kanth
कांड	kand
कांडपाल	kandpal
कांडों	kandon
कांत	kant
कांफ्रेंस	conference
कांबले	kamble
कांबोज	kamboj
काउंसिल	council
काका	kaka
कागज	kagaj
कागजात	kagjat
कागजातों	kagjaton
कागजी	kagaji
काज	kaj
काजल	kajal
काजोल	kajol
काट	kat
काटकर	katkar
काटते	katate
काटने	kaatne
काटा	kata
काटी	kati
काटे	kate
काठमांडू	kathmandu
कादरी	kadari
कादिर	kadir
कानपुर	kanpur
कानूनों	kanunon
कानों	kanon
कान्हा	kanha
कापी	copy
काफिले	kafile
काफी	kafi
काबू	kabu
काम	kaam
कामकाज	kamkaj
कामकाजी	kamkaji
कामगार	kamgar
कामगारों	kamgaron
कामना	kamna
कामयाब	kamyab
कामयाबी	kamyabi
कामरेड	kamred
कामिनी	kamini
कामेश्वर	kameshwar
कामों	kamon
कायम	kayam
कायमगंज	kaimganj
कायर	kayar
कायस्थ	kayasth
कार	car
कारखाना	karkhana
कारखाने	karkhane
कारगर	kargar
कारगिल	kargil
कारण	karan
कारणवश	karanvash
कारतूस	kartus
कारवां	karvan
कारवाई	karwai
कारागार	karagar
कारावास	karavas
कारीगर	karigar
कारीगरों	karigaron
कारों	karon
कारोबारी	karobari
कार्टून	cartoon
कार्टूनिस्ट	cartoonist
कार्ड	card
कार्डियोलॉजी	cardiology
कार्बन	carbon
कार्मिक	karmik
कार्मिकों	karmikon
कार्य	karya
कार्यकारिणी	karyakarini
कार्यकाल	karyakal
कार्यक्रम	karyakram
कार्यमुक्त	karymukt
कार्यवाहक	karyvahak
कार्यशाला	karyshala
कार्यसमिति	karysamiti
कार्यस्थल	karysthal
कार्यालय	karyalaya
कार्यालयों	karyalayon
कार्यों	karyo
काल	kaal
कालरा	kalara
कालिंदी	kalindi
कालिया	kaliya
काली	kali
कालीन	kalin
कालीमिर्च	kalimirch
कालु	kalu
कालू	kalu
काले	kale
काल्पनिक	kalpanik
कावासाकी	kawasaki
काव्य	kavya
काश	kaash
काशी	kashi
काशीनाथ	kashinath
काशीपुर	kashipur
काष्ठ	kashth
कासगंज	kasganj
कासमी	kasmi
कास्ट	cast
कास्टिंग	casting
किंग	king
किंग्स	kings
किंतु	kintu
किए	kie
किक	kick
किग्रा	kigra
किचन	kitchen
किट	kit
किटकैट	kitkat
किडनी	kidney
किड्स	kids
कितना	kitna
कितने	kitne
किताबें	kitaben
किताबों	kitabon
किदवई	kidwai
किन	kin
किनारा	kinara
किनारे	kinare
किनारों	kinaron
किन्नर	kinnar
किन्नौर	kinnaur
किन्हीं	kinhin
किम	kim
किमी	kimi
किये	kiye
किर	kir
किरदार	kirdar
किरदारों	kirdaron
किरन	kiran
किराए	kirae
किराना	kirana
किलर	killer
किला	kila
किले	kile
किलो	kilo
किलोग्राम	kilogram
किलोमीटर	kilometer
किशन	kishan
किशनपुर	kishanpur
किशनपुरा	kishanpura
किशोरियों	kishoriyon
किशोरी	kishori
किशोरों	kishoron
किस	kis
किसका	kiska
किसके	kiske
किसको	kisko
किसने	kisne
किसी	kisi
किसे	kise
किस्म	kism
किस्मत	kismat
किस्मों	kismon
किस्से	kisse
की	ki
कीचड़	kichad
कीट	kit
कीटनाशक	kitnashak
कीबोर्ड	keyboard
कीमत	kimat
कीमती	kimati
कीमतें	kimaten
कीमतों	kimaton
कीर्तन	kirtan
कीर्ति	kirti
कीर्तिमान	kirtiman
कुंज	kunj
कुंड	kund
कुंती	kunti
कुंदन	kundan
कुंभ	kumbh
कुंवर	kunwar
कुआं	kuan
कुओं	kuon
कुक	cook
कुख्यात	kukhyat
कुचल	kuchal
कुछ	kuchh
कुछेक	kuchhek
कुजूर	kujur
कुटिया	kutiya
कुटी	kuti
कुटीर	kutir
कुणाल	kunal
कुत्ते	kutte
कुत्तों	kutton
कुपोषण	kuposhan
कुबेर	kuber
कुमकुम	kumkum
कुमार	kumar
कुमारी	kumari
कुमुद	kumud
कुरान	kuran
कुरीतियों	kurutiyon
कुरैशी	kuraishi
कुर्की	kurki
कुर्ता	kurta
कुल	kul
कुलजीत	kuljeet
कुलदीप	kuldeep
कुलपति	kulpati
कुलभूषण	kulbhushan
कुलवंत	kulvant
कुलसचिव	kulsachiv
कुलाधिपति	kuladhipati
कुल्टी	kulti
कुल्लू	kullu
कुशल	kushal
कुशलक्षेम	kushalkshem
कुशीनगर	kushinagar
कुश्ती	kushti
कुष्ठ	kushth
कुसुम	kusum
कूड़ा	kuda
कूदने	kudne
कूप	coop
कृत	krit
कृति	kriti
कृत्य	kritya
कृत्रिम	kritrim
कृपा	kripa
कृपाल	kripal
कृषक	krishak
कृषकों	krishakon
कृष्ण	krishna
कृष्णदेव	krishnadev
कृष्णा	krishna
के	ke
केंद्र	kendra
केंद्रबिंदु	kendrabindu
केंद्रित	kendrit
केंद्रीय	kendriya
केंद्रों	kendron
केंसर	cancer
केएम	km
केके	kk
केज	cage
केजरीवाल	kejriwal
केजी	kg
केदार	kedar
केदारनाथ	kedarnath
केन	can
केन्या	kenya
केबल	cable
केबिन	cabin
केमिकल	chemical
केमिस्ट्री	chemistry
केयर	care
केरकेट्टा	kerketta
केराकत	kerakat
केला	kela
केली	keli
केले	kele
केवट	kevat
केवल	keval
केवी	kevi
केश	kesh
केशव	keshav
केसर	kesar
केसरी	kesari
कैंटर	canter
कैंटीन	canteen
कैंडी	candy
कैंप	camp
कैंपस	campus
कैंब्रिज	cambridge
कैंसर	cancer
कैच	catch
कैडेट	cadet
कैथल	kaithal
कैद	kaid
कैदियों	kaidiyon
कैदी	kaidi
कैप	cap
कैपिटल	capital
कैप्टन	captain
कैप्शन	caption
कैप्सूल	capsule
कैफे	cafe
कैबिनेट	cabinet
कैमरा	camera
कैमरों	cameron
कैलकुलेटर	calculator
कैलाश	kailash
कैलेंडर	calendar
कैश	cash
कैसा	kaisa
कैसी	kaisi
कैसे	kaise
कॉक	cock
कॉटन	cotton
कॉन्टैक्ट	contact
कॉन्ट्रैक्ट	contract
कॉन्फ्रेंस	conference
कॉन्सर्ट	concert
कॉपर	copper
कॉपी	copy
कॉफी	coffee
कॉम	com
कॉमन	common
कॉमर्स	commerce
कॉमेडियन	comedian
कॉमेडी	comedy
कॉरपोरेट	corporate
कॉरपोरेशन	corporation
कॉर्न	corn
कॉर्प	corp
कॉर्पोरेट	corporate
कॉर्पोरेशन	corporation
कॉल	call
कॉलम	column
कॉलर	caller
कॉलेज	college
कॉलोनियों	coloniyon
कॉलोनी	colony
कॉस्ट	cost
कॉस्मोपॉलिटन	cosmopolitan
कोंच	konch
कोई	koi
कोच	coach
कोचिंग	coaching
कोट	coat
कोटा	kota
कोटी	koti
कोठारी	kothari
कोठी	kothi
कोड	code
कोबरा	cobra
कोमल	komal
कोयंबतूर	coimbatore
कोयल	koyal
कोयला	koyla
कोयले	koyle
कोरिया	korea
कोरियोग्राफर	choreographer
कोरी	cori
कोर्ट	court
कोर्स	course
कोलंबिया	columbia
कोलकाता	kolkata
कोला	cola
कोली	koli
कोल्ड	cold
कोशिश	koshish
कोशिशें	koshishen
कोशिशों	koshishon
कोष	kosh
कोषाध्यक्ष	koshadhyaksh
कोस	kos
कोसी	kosi
कोहरे	kohare
कोहली	kohli
कोहिनूर	kohinoor
कौंसिल	kaunsil
कौन	kaun
कौमी	kaumi
कौर	kaur
कौल	kaul
कौशल्या	kaushalya
क्या	kya
क्यों	kyun
क्योंकि	kyunki
क्रम	kram
क्रमश	kramash
क्रमांक	kramank
क्रमिक	kramik
क्रय	kray
क्रांतिकारी	krantikari
क्राइम	crime
क्राफ्ट	craft
क्रिया	kriya
क्रियाकलाप	kriyakalap
क्रियाकलापों	kriyakalapon
क्रियान्वयन	kriyanvayan
क्रियान्वित	kriyanvit
क्रिश्चियन	christian
क्रिसमस	christmas
क्रूरता	krurata
क्रेडिट	credit
क्रेन	crane
क्रॉस	cross
क्रॉसिंग	crossing
क्रोध	krodh
क्लब	club
क्लबों	clabon
क्लर्क	clerk
क्लस्टर	cluster
क्लिक	click
क्लिनिक	clinic
क्लिप	clip
क्लीन	clean
क्लीनर	cleaner
क्लीनिक	clinic
क्लीवलैंड	cleanland
क्वार्टर	quarter
क्वालिटी	quality
क्वालीफाई	qualify
क्वालीफायर	qualifier
क्विज	quiz
क्वीन	queen
क्वेश्चन	question
क्षण	kshan
क्षति	kshati
क्षतिग्रस्त	kshatigrast
क्षतिपूर्ति	kshatipurti
क्षमता	kshamta
क्षमा	kshama
क्षय	kshay
क्षुब्ध	kshubdh
क्षेत्र	kshetra
क्षेत्रफल	kshetrafal
क्षेत्रवासी	kshetrawasi
क्षेत्रीय	kshetiya
खंडपीठ	khandpeeth
खंडहर	khandhar
खंडित	khandit
खंडेलवाल	khandelwal
खंडों	khandon
खंभे	khambhe
खंभों	khambhon
खजूरिया	khajuriya
खटीमा	khatima
खड़ी	khadi
खड़े	khade
खड्डा	khadda
खतरनाक	khatarnaak
खतरा	khatra
खतरे	khatre
खतौनी	khatauni
खत्री	khatri
खदान	khadan
खदानों	khadanon
खनन	khanan
खनिज	khanij
खन्ना	khanna
खफा	khafa
खबर	khabar
खबरों	khabron
खरा	khara
खराब	kharab
खराबी	kharabi
खरी	khari
खरीद	kharid
खरीदना	kharidna
खरीदा	kharida
खरीदार	kharidar
खरीदारी	kharidari
खरीदी	kharidi
खरीदे	kharide
खरे	khare
खर्च	kharch
खर्चा	kharcha
खली	khali
खलीलाबाद	khalilabad
खसरा	khasra
खां	khan
खांसी	khansi
खाई	khai
खाकर	khakar
खागा	khaga
खाजा	khaja
खादी	khadi
खाद्य	khadya
खाद्यान्न	khadyann
खान	khan
खानपान	khanpaan
खाना	khana
खानापूर्ति	khanapurti
खानी	khani
खाने	khane
खाप	khap
खामियां	khamiyan
खामोश	khamosh
खामोशी	khamoshi
खाया	khaya
खारा	khara
खारिज	kharij
खालसा	khalsa
खालिद	khalid
खाली	khali
खास	khas
खासा	khasa
खासियत	khasiyat
खासी	khasi
खासे	khase
खिताब	khitab
खिल	khil
खिला	khila
खिलाड़ी	khiladi
खिलाने	khilane
खिलाफ	khilaf
खिलाया	khilaya
खिली	khili
खिले	khile
खिलौने	khilaune
खींच	khinch
खींचने	khinchne
खींचा	khincha
खीर	kheer
खीरा	khira
खीरी	khiri
खुद	khud
खुदरा	khudra
खुफिया	khufiya
खुराक	khurak
खुराना	khurana
खुल	khul
खुलकर	khulkar
खुलता	khulata
खुलते	khulate
खुलने	khulane
खुलवाने	khulvane
खुलवाया	khulvaya
खुला	khula
खुलासा	khulasa
खुलासे	khulase
खुली	khuli
खुले	khule
खुलेआम	khuleaam
खुलेगा	khulega
खुशनुमा	khushnuma
खुशहाल	khushhal
खुशी	khushi
खूंटी	khunti
खून	khoon
खूनी	khooni
खूब	khoob
खूबसूरत	khubsurat
खूबसूरती	khubsurti
खेत	khet
खेती	kheti
खेतीबाड़ी	khetibadi
खेतीबारी	khetibari
खेतों	kheton
खेद	khed
खेप	khep
खेमे	kheme
खेल	khel
खेलकर	khelkar
खेलकूद	khelkud
खेलते	khelte
खेलना	khelna
खेलने	khelne
खेला	khela
खेली	kheli
खेले	khele
खेलों	khelon
खेसारी	khesari
खैर	khair
खो	kho
खोखर	khokhar
खोखला	khokhla
खोखा	khokha
खोज	khoj
खोजने	khojne
खोजी	khoji
खोद	khod
खोदने	khodne
खोने	khone
खोल	khol
खोलते	kholte
खोलना	kholna
खोलने	kholne
खोली	kholi
खोसला	khosla
ख्याति	khyati
ख्याल	khyal
ख्वाजा	khwaja
ख्वाब	khwab
ख्वाबों	khwabon
गंगवार	gangwar
गंगा	gangaa
गंगाधर	gangadhar
गंगानगर	ganganagar
गंगाराम	gangaram
गंगे	gange
गंगोत्री	gangotri
गंज	ganj
गंदगी	gandgi
गंदा	ganda
गंदी	gandi
गंदे	gande
गंभीर	gambhir
गंभीरता	gambhirta
गंवा	ganva
गगन	gagan
गगनदीप	gagandeep
गज	gaj
गजराज	gajraj
गजेंद्र	gajendra
गठन	gathan
गठबंधन	gathbandhan
गठित	gathit
गड्ढा	gaddha
गड्ढे	gaddhe
गड्ढों	gaddhon
गढ़	gadh
गढ़वाल	garhwal
गढ़ी	gadhi
गणतंत्र	ganatantra
गणना	ganana
गणमान्य	ganamanya
गणित	ganit
गणेश	ganesh
गणेशजी	ganeshji
गतका	gatka
गति	gati
गतिरोध	gatirodh
गतिविधि	gatividhi
गतिविधियों	gatividhiyon
गद्दाफी	gaddafi
गद्दी	gaddi
गधा	gadha
गन्ना	ganna
गन्ने	ganne
गबन	gaban
गम	gam
गरज	garaj
गरम	garam
गर्ग	garg
गर्दन	gardan
गर्भ	garbh
गर्भधारण	garbhdharan
गर्भपात	garbhpat
गर्भवती	garbhvati
गर्भावस्था	garbhavastha
गर्भाशय	garbhashay
गर्म	garm
गर्मजोशी	garmjoshi
गर्मियों	garmiyon
गर्मी	garmi
गर्ल	girl
गर्व	garv
गल	gal
गलत	galat
गलतियों	galtiyon
गलती	galti
गला	gala
गलियों	galiyon
गली	gali
गले	gale
गल्फ	gulf
गल्ला	galla
गल्ले	galle
गवर्नमेंट	government
गवर्नर	governor
गवर्निंग	governing
गवाही	gavahi
गवाहों	gavahon
गश्त	gasht
गश्ती	gashti
गहन	gahan
गहने	gahne
गहरा	gehra
गहराई	gehrai
गहलोत	gahlot
गांधी	gandhi
गांधीनगर	gandhinagar
गांव	gaon
गांवों	gaon
गाइड	guide
गाजियाबाद	ghaziabad
गाजे	gaje
गाड़ी	gadi
गाते	gate
गाथा	gatha
गान	gaan
गाना	gana
गाने	gaane
गानों	ganon
गाय	gaay
गायक	gayak
गायकी	gayaki
गायकों	gayakon
गायन	gayan
गायब	gayab
गाया	gaya
गायिका	gayika
गायों	gayon
गारंटी	guarantee
गार्ड	guard
गार्डेन	garden
गाल	gaal
गाली	gaali
गाले	gale
गिट्टी	gitti
गिनती	ginti
गिने	gine
गिफ्ट	gift
गियर	gear
गिर	gir
गिरजा	girja
गिरता	girta
गिरते	girte
गिरने	girne
गिरफ्तार	girftar
गिरफ्तारी	girftari
गिरा	gira
गिराने	girane
गिराया	giraya
गिरावट	giravat
गिरि	giri
गिरिजा	girija
गिरिराज	giriraj
गिरी	giri
गिरोह	giroh
गिर्द	gird
गिल	gill
गिलानी	gilani
गीत	geet
गीतकार	geetkar
गीतों	geeton
गुंजन	gunjan
गुंजाइश	gunjaish
गुंटूर	guntur
गुंडा	gunda
गुजरता	gujarta
गुजरते	gujarte
गुजरना	gujarna
गुजरने	gujarne
गुजरात	gujarat
गुजराती	gujarati
गुजरे	gujre
गुजारिश	gujarish
गुट	gut
गुटबाजी	gutbaji
गुटों	guton
गुड	good
गुड़गांव	gurgaon
गुड्डी	guddi
गुड्डू	guddu
गुण	gun
गुणगान	gungan
गुणवत्ता	gunvatta
गुणवत्तापूर्ण	gunvattapurn
गुणा	guna
गुणात्मक	gunatmak
गुणों	gunon
गुना	guna
गुनाह	gunah
गुप्त	gupt
गुम	gum
गुमराह	gumrah
गुमला	gumla
गुर	gur
गुरदास	gurdas
गुरदासपुर	gurdaspur
गुरप्रीत	gurpreet
गुरमीत	gurmeet
गुरु	guru
गुरुंग	gurung
गुरुओं	guruon
गुरुकुल	gurukul
गुरुदेव	gurudev
गुरुद्वारा	gurudwara
गुरुद्वारे	gurudware
गुरुवार	guruwar
गुरूर	gurur
गुर्जर	gurjar
गुल	gul
गुलाब	gulab
गुलाबी	gulabi
गुलाम	gulam
गुलामी	gulami
गुलाल	gulal
गुवाहाटी	guwahati
गुस्सा	gussa
गुस्साए	gussaye
गुस्से	gusse
गुस्सैल	gussail
गूंज	gunj
गूगल	google
गृह	gruh
गृहमंत्री	gruhmantri
गेंद	gend
गेंदबाज	gendbaaz
गेंदों	gendon
गेट	gate
गेम	game
गेम्स	games
गैंग	gang
गैंगस्टर	gangster
गैर	gair
गैरकानूनी	gairkanooni
गैरलाभकारी	gairlabhkari
गैरसरकारी	gairsarkari
गैलरी	gallery
गैस	gas
गो	go
गोंड	gond
गोंडा	gonda
गोकुल	gokul
गोताखोर	gotakhor
गोताखोरों	gotakhoron
गोद	god
गोदाम	godam
गोपनीय	gopniya
गोपनीयता	gopniyata
गोपाल	gopal
गोपालगंज	gopalganj
गोपालपुर	gopalpur
गोपी	gopi
गोपीनाथ	gopinath
गोपेश्वर	gopeshwar
गोबर	gobar
गोबिंद	gobind
गोबिंदगढ़	gobindgarh
गोभी	gobhi
गोमती	gomti
गोरखनाथ	gorakhnath
गोरखपुर	gorakhpur
गोरखा	gorkha
गोरा	gora
गोरी	gori
गोल	goal
गोलबंद	golband
गोला	gola
गोलियों	goliyon
गोली	goli
गोलू	golu
गोले	gole
गोल्ड	gold
गोल्डन	golden
गोल्डी	goldy
गोल्फ	golf
गोवर्धन	govardhan
गोवा	goa
गोविंद	govind
गोविंदपुर	govindpur
गोविंदा	govinda
गोसाई	gosai
गौतम	gautam
गौतमबुद्ध	gautambuddha
गौतमबुद्धनगर	gautambuddhanagar
गौर	gaur
गौरतलब	gaurtalab
गौरव	gaurav
गौरवशाली	gauravshali
गौरी	gauri
गौरीगंज	gauriganj
गौरीशंकर	gaurishankar
ग्रसित	grasit
ग्रस्त	grast
ग्रह	grah
ग्रहण	grahan
ग्रहों	grahon
ग्रांट	grant
ग्राउंड	ground
ग्राफ	graph
ग्राम	gram
ग्रामवासी	gramwasi
ग्रामों	gramon
ग्रामोद्योग	gramodyog
ग्राम्य	gramy
ग्रास	grass
ग्राहक	grahak
ग्राहकों	grahakon
ग्रिड	grid
ग्रिल	grill
ग्रीन	green
ग्रुप	group
ग्रेजुएट	graduate
ग्रेजुएशन	graduation
ग्रेटर	greater
ग्रेड	grade
ग्रेवाल	grewal
ग्रैंड	grand
ग्रोथ	growth
ग्रोवर	grover
ग्लास	glass
ग्लूकोमा	glaucoma
ग्लोबल	global
ग्वालियर	gwalior
घंटा	ghanta
घंटाघर	ghantaghar
घंटी	ghanti
घंटे	ghante
घंटों	ghanton
घटक	ghatak
घटकर	ghatkar
घटती	ghatati
घटते	ghatate
घटना	ghatna
घटनाओं	ghatnaon
घटनाक्रम	ghatnakram
घटनास्थल	ghatnasthal
घटने	ghatne
घटा	ghata
घटाकर	ghatakar
घटाने	ghatane
घटित	ghatit
घटिया	ghatiya
घटी	ghati
घनश्याम	ghanshyam
घना	ghana
घनी	ghani
घने	ghane
घबरा	ghabra
घरानों	gharanon
घरेलू	gharelu
घरों	gharon
घाघरा	ghaghra
घाट	ghat
घाटमपुर	ghatampur
घाटा	ghata
घाटे	ghate
घाटों	ghaton
घात	ghat
घातक	ghatak
घायल	ghayal
घायलों	ghaylon
घाव	ghav
घिर	ghir
घिरा	ghira
घिरे	ghire
घिरोर	ghiror
घुटने	ghutne
घुस	ghus
घुसने	ghusne
घुसी	ghusi
घूम	ghum
घूमकर	ghumkar
घेर	gher
घेरने	gherne
घेरा	ghera
घेराबंदी	gherabandi
घेराव	gherav
घेरे	ghere
घोंटकर	ghontkar
घोटाला	ghotala
घोटाले	ghotale
घोर	ghor
घोल	ghol
घोष	ghosh
घोषणा	ghoshana
घोषित	ghoshit
घोसी	ghosi
चंचल	chanchal
चंडी	chandi
चंडीगढ़	chandigarh
चंदवा	chandwa
चंदेल	chandel
चंद्र	chandra
चंद्रकांता	chandrakanta
चंद्रशेखर	chandrashekhar
चंद्रा	chandra
चंद्रिका	chandrika
चंपा	champa
चंपारण	champaran
चक	chak
चकमा	chakma
चकराता	chakrata
चक्का	chakka
चक्की	chakki
चक्र	chakra
चक्रवर्ती	chakravarti
चचेरे	chachere
चट्टान	chattan
चड्ढा	chaddha
चढ़	chadh
चढ़कर	chadhkar
चढ़ते	chadhte
चढ़ा	chadha
चढ़ाई	chadhai
चढ़ाकर	chadhakar
चढ़ाने	chadhane
चढ़ाया	chadhaya
चढ़ी	chadhi
चढ़े	chadhe
चतुर्थ	chaturth
चतुर्वेदी	chaturvedi
चना	chana
चने	chane
चमक	chamak
चमत्कार	chamatkar
चयन	chayan
चयनित	chaynit
चर	char
चरण	charan
चरणजीत	charanjit
चरणबद्ध	charanbaddh
चरणों	charnon
चरम	charam
चरितार्थ	charitarth
चरित्र	charitr
चर्च	church
चर्चित	charchit
चर्म	charm
चल	chal
चलकर	chalkar
चलता	chalta
चलती	chalti
चलते	chalte
चलन	chalan
चलना	chalna
चलने	chalne
चला	chala
चलाई	chalai
चलाकर	chalakar
चलाता	chalata
चलाते	chalate
चलाना	chalana
चलाने	chalane
चलाया	chalaya
चलायी	chalayi
चलाये	chalaye
चली	chali
चले	chale
चलें	chalen
चलेंगी	chalengi
चलेगा	chalega
चलेगी	chalegi
चलो	chalo
चश्मा	chashma
चांद	chand
चांदनी	chandani
चांदी	chandi
चांसलर	chancellor
चाइना	china
चाइल्ड	child
चाकू	chaku
चाचा	chacha
चाची	chachi
चाट	chat
चाय	chai
चारा	chara
चार्जशीट	chargesheet
चाल	chaal
चालकों	chalkon
चालीस	chalis
चालू	chalu
चाले	chale
चावल	chaval
चावला	chawla
चाह	chah
चाहत	chahat
चाहा	chaha
चाहिये	chahiye
चाहे	chahe
चाहें	chahein
चिंगारी	chingari
चिंतन	chintan
चिंता	chinta
चिंतित	chintit
चिकन	chicken
चिकित्सकीय	chikitsakiy
चिकित्सा	chikitsa
चिकित्सीय	chikitsiy
चिट	chit
चित्र	chitr
चित्रकूट	chitrkut
चित्रगुप्त	chitrgupt
चित्रा	chitra
चित्रांकन	chitrankan
चित्रों	chitron
चिन्ह	chinh
चिन्हित	chinhit
चिमनी	chimani
चिरपरिचित	chirparichit
चिराग	chirag
चिल्ड्रन	children
चीख	chikh
चीखने	chikhane
चीज	chij
चीजें	chijen
चीजों	chijon
चीन	china
चीनी	chini
चीफ	chief
चुकाने	chukane
चुकी	chuki
चुके	chuke
चुटकुले	chutkule
चुनचुन	chunchun
चुना	chuna
चुनार	chunar
चुनाव	chunav
चुनावी	chunavi
चुनावों	chunavon
चुनिंदा	chuninda
चुनी	chuni
चुनौती	chunauti
चुन्नी	chunni
चुप	chup
चुपचाप	chupchap
चुप्पी	chuppi
चुरा	chura
चुराने	churane
चुस्त	chust
चूक	chuk
चूना	chuna
चूर्ण	churn
चूल्हा	chulha
चे	che
चेंबर	chamber
चेक	check
चेतन	chetan
चेतना	chetna
चेतराम	chetram
चेतावनी	chetavani
चेन	chain
चेयर	chair
चेयरमैन	chairman
चेहरा	chehra
चेहरों	chehron
चैंपियंस	champions
चैंपियन	champion
चैंबर	chamber
चैट	chat
चैतन्य	chaitanya
चैत्र	chaitra
चैन	chain
चैनल	channel
चैनलों	channelon
चैरिटेबल	charitable
चैलेंज	challenge
चोट	chot
चोटी	choti
चोटे	chote
चोटें	choten
चोरी	chori
चोली	choli
चौंक	chownk
चौंकाने	chaunkane
चौकस	chaukas
चौके	chauke
चौथ	chauth
चौथा	chautha
चौथी	chauthi
चौथे	chauthe
चौदह	chaudah
चौधरी	chaudhari
चौरसिया	chaurasiya
चौराहा	chauraha
चौराहे	chaurahe
चौहान	chauhan
छ	chh
छंद	chhand
छक्के	chhakke
छटा	chhata
छठा	chhatha
छठी	chhathi
छठे	chhathe
छतरपुर	chhatarpur
छतरी	chhatri
छतों	chhaton
छत्तीसगढ़	chhattisgarh
छत्रपति	chhatrapati
छपी	chhapi
छलांग	chhalang
छांव	chhanv
छाता	chhata
छात्र	chhatra
छात्रवृत्ति	chhatravritti
छात्रसंघ	chhatrasangh
छात्रा	chhatra
छात्राओं	chhatraon
छात्रों	chhatron
छानबीन	chhanbin
छाप	chhap
छापा	chhapa
छापामार	chhapamar
छापामारी	chhapamari
छायादार	chhayadar
छिटपुट	chhitput
छिन	chhin
छिप	chhip
छिपाने	chhipane
छिपी	chhipi
छिपे	chhipe
छीनी	chhini
छीने	chhine
छुटकारा	chhutkara
छुपा	chhupa
छूट	chhut
छूटा	chhuta
छूने	chhune
छेदी	chhedi
छोटा	chhota
छोटी	chhoti
छोटूराम	chhoturam
छोटे	chhote
छोड़	chhod
छोर	chhor
जंक्शन	junction
जंग	jung
जंगल	jungle
जंतर	jantar
जंतु	jantu
जगजीत	jagjit
जगजीवन	jagjivan
जगत	jagat
जगदंबा	jagdamba
जगदीप	jagdeep
जगदीश	jagdish
जगदेव	jagdev
जगन्नाथ	jagannath
जगपाल	jagpal
जगमोहन	jagmohan
जगवीर	jagvir
जगह	jagah
जगहों	jagahon
जगा	jagaa
जग्गी	jaggi
जटिल	jatil
जतिन	jatin
जत्था	jattha
जत्थे	jatthe
जन	jan
जनक	janak
जनजाति	janjati
जनजातीय	janajatiye
जनता	janata
जननी	janani
जनपदों	janpadon
जनप्रतिनिधि	janpratinidhi
जनमानस	janmanas
जनरल	general
जनरेटर	generator
जनवादी	janvadi
जनसंख्या	jansankhya
जनसंपर्क	jansampark
जनहित	janahit
जनार्दन	janardan
जनित	janit
जनों	janon
जन्म	janm
जन्मतिथि	janmtithi
जन्मदिन	janmdin
जन्मदिवस	janmadivas
जन्मे	janme
जन्मोत्सव	janmotsav
जफर	jafar
जबकि	jabki
जबतक	jabtak
जबरदस्त	jabaradast
जबरदस्ती	jabardasti
जब्त	jabt
जमकर	jamkar
जमा	jama
जमात	jamaat
जमानती	jamanati
जमाने	jamane
जमाल	jamaal
जमालपुर	jamalpur
जमाव	jamav
जमीन	zameen
जमीनी	jamini
जमीर	jamir
जमुना	jamuna
जमे	jame
जम्मू	jammu
जयंत	jayant
जयंती	jayanti
जयनगर	jaynagar
जयपाल	jaipal
जयपुर	jaipur
जयराम	jairam
जयश्री	jayshree
जरनैल	jarnail
जरा	jara
जरिए	jarie
जरिया	jariya
जरिये	jariye
जरुर	jarur
जरुरत	jarurat
जरुरी	jaruri
जरूर	jarur
जरूरत	jarurat
जरूरतमंद	jaruratmand
जरूरतमंदों	jaruratmandon
जरूरतों	jarooraton
जरूरी	jaruri
जर्जर	jarjar
जर्मनी	germany
जलकर	jalkar
जलता	jalta
जलती	jalti
जलपान	jalpan
जलप्रलय	jalpralay
जलमग्न	jalmagn
जलविद्युत	jalvidyut
जलसीमा	jalseema
जलसे	jalse
जलस्तर	jalstar
जलाई	jalai
जलाए	jalaye
जलाकर	jalakar
जलाने	jalane
जलापूर्ति	jalapurti
जलाभिषेक	jalaabhishek
जलाया	jalaya
जलालाबाद	jalalabad
जलाशय	jalashay
जलाशयों	jalashayon
जले	jale
जलेबी	jalebi
जल्द	jald
जल्दी	jaldi
जवान	jawan
जवाबदेह	javabdeh
जवाबदेही	javabdehi
जवाबी	javabi
जवाहर	javahar
जवाहरलाल	jawaharlal
जश्न	jashn
जसपुर	jaspur
जसबीर	jasbeer
जसराना	jasrana
जसवंत	jaswant
जस्टिस	justice
जस्सा	jassa
जहाँ	jahan
जहां	jahan
जहांगीर	jahangir
जहाज	jahaj
जहानाबाद	jehanabad
जांचने	jaanchne
जाए	jaaye
जाएगी	jayegi
जाकर	jaakar
जाकिर	jaakir
जाग	jaag
जागरण	jagran
जागीर	jagir
जाट	jaat
जाटव	jatav
जाता	jata
जाते	jate
जादूगर	jadugar
जान	jaan
जानते	jaante
जानमाल	janmal
जानवर	jaanwar
जानवरों	janvaron
जानी	jaani
जानीमानी	jaanimaani
जाने	jaane
जानें	janen
जानेमाने	jaanemaane
जाप	jaap
जापान	japan
जाम	jaam
जामताड़ा	jamtada
जामा	jama
जामिया	jamia
जायदाद	jaydad
जायसवाल	jayaswal
जाया	jaya
जाये	jaye
जायें	jayen
जायेंगे	jayenge
जायेगा	jayega
जायेगी	jayegi
जारी	jari
जाल	jaal
जालंधर	jalandhar
जालान	jalan
जाली	jali
जालौन	jalaun
जावेद	javed
जिंदल	jindal
जिंदा	jinda
जिक्र	jikra
जिज्ञासा	jigyasa
जितना	jitnaa
जितनी	jitni
जिताने	jitaane
जिद	zid
जिनको	jinko
जिनमें	jinmen
जिनसे	jinse
जिन्हें	jinhen
जिन्होंने	jinhonne
जिम	gym
जिम्मेदार	jimmedaar
जिम्मेदारियों	jimmedaariyon
जिम्मेदारी	jimmedaari
जिम्मेवार	jimmevar
जिला	jila
जिलाधीश	jiladhish
जिले	jile
जिलों	jilon
जिस	jis
जिसका	jiska
जिसकी	jiski
जिसके	jiske
जिसको	jisko
जिसने	jisne
जिसमें	jismein
जिससे	jisse
जीएसटी	gst
जीत	jeet
जीतकर	jitkar
जीता	jita
जीती	jiti
जीतू	jeetu
जीते	jeete
जीना	jina
जीप	jeep
जीपीएस	gps
जीबी	gb
जीमेल	gmail
जीरो	zero
जीव	jeev
जीवनी	jivani
जीविका	jivika
जीवित	jivit
जीवों	jivon
जुआ	juaa
जुकाम	jukam
जुगल	jugal
जुटने	jutane
जुड़ी	judi
जुड़े	jude
जुडे़	jude
जुताई	jutaai
जुबली	jubilee
जुबैर	jubair
जुर्म	jurm
जुर्माना	jurmana
जुलाई	july
जुलूस	juluus
जूं	jun
जूझ	jujh
जूझते	jujhate
जूट	jut
जूडो	judo
जूता	juta
जूते	jute
जून	june
जूली	julie
जूस	juice
जूही	juhi
जेएनयू	jnu
जेएस	js
जेटली	jaitley
जेड	z
जेडी	jd
जेनरेटर	generator
जेना	jena
जेपी	jp
जेब	jeb
जेल	jail
जेलों	jailon
जेसी	jc
जैकेट	jacket
जैदी	jaidi
जैम	jam
जैव	jaiv
जैविक	jaivik
जैसलमेर	jaisalmer
जैसा	jaisa
जैसी	jaisi
जैसे	jaise
जॉन	john
जोगबनी	jogbani
जोगा	joga
जोगी	jogi
जोगेंद्र	jogendra
जोड़तोड़	jodtod
जोड़ने	jodne
जोत	jot
जोधपुर	jodhpur
जोधा	jodha
जोन	zone
जोया	zoya
जोर	jor
जोरदार	jordar
जोश	josh
जोशी	joshi
जोसेफ	joseph
जौनपुर	jaunpur
ज्ञात	gyat
ज्ञान	gyan
ज्ञानपुर	gyanpur
ज्ञानी	gyani
ज्ञापन	gyapan
ज्यादा	jyada
ज्यादातर	jyadatar
ज्येष्ठ	jyeshtha
ज्यों	jyon
ज्योति	jyoti
ज्योतिष	jyotish
ज्वाला	jwala
ज्वालापुर	jwalapur
ज्वालामुखी	jwalamukhi
ज्वेलरी	jewellery
ज्वैलरी	jewellery
झंझारपुर	jhanjharpur
झंडा	jhanda
झंडे	jhande
झटका	jhataka
झटके	jhatake
झटपट	jhatpat
झपट	jhapat
झलक	jhalak
झांकी	jhanki
झांसी	jhansi
झांसे	jhanse
झारखंड	jharkhand
झारखंडी	jharkhandi
झुंड	jhund
झुलसा	jhulasa
झुलसे	jhulase
झूठ	jhooth
झूठा	jhutha
झूठी	jhuthi
झूठे	jhuthe
झूला	jhula
झूले	jhule
झेलना	jhelana
झेलनी	jhelani
झेलने	jhelane
टंकियों	tankiyon
टंकी	tanki
टंडन	tandon
टकराई	takraai
टकराया	takraya
टकराव	takraav
टक्कर	takkar
टम्टा	tamta
टर्न	turn
टर्नओवर	turnover
टर्मिनल	terminal
टला	tala
टहल	tahal
टांग	tang
टाइगर	tiger
टाइप	type
टाइपराइटर	typewriter
टाइफाइड	typhoid
टाइल्स	tiles
टाउन	town
टायर	tyre
टाल	taal
टालमटोल	talmatol
टावर	tower
टावरों	toweron
टास्क	task
टिकट	ticket
टिकरी	tikri
टिहरी	tehri
टीका	tika
टीके	tike
टीचर्स	teachers
टीन	teen
टीबी	tb
टीम	team
टीमें	teamen
टीमों	teamon
टीवी	tv
टीवीसी	tvc
टुडू	tudu
टूक	tuk
टूट	tut
टूटा	tuta
टूटी	tuti
टूटे	tute
टूर	tour
टूरिस्ट	tourist
टूर्नामेंट	tournament
टेंपो	tempo
टेक	take
टेकने	tekne
टेका	teka
टेक्नोलॉजी	technology
टेन	ten
टेप	tape
टेबल	table
टेरेसा	teresa
टेलर	tailor
टेलीफोन	telephone
टेलीविजन	television
टैंक	tank
टैक्स	tax
टैक्सी	taxi
टैग	tag
टैगोर	tagore
टैबलेट	tablet
टॉकीज	talkies
टॉप	top
टॉपलेस	topless
टॉर्च	torch
टॉवर	tower
टॉस	toss
टोनी	tony
टोपी	topi
टोल	toll
टोली	toli
ट्यूब	tube
ट्रस्ट	trust
ट्रस्टी	trusty
ट्रांस	trans
ट्रांसपोर्ट	transport
ट्रांसफर	transfer
ट्रांसमिशन	transmission
ट्राफी	trophy
ट्राम	tram
ट्रामा	trama
ट्रायल	trial
ट्राली	trali
ट्रिपल	triple
ट्रेंड	trend
ट्रेक	track
ट्रेड	trade
ट्रेडर्स	traders
ट्रेन	train
ट्रेनर	trainer
ट्रेनिंग	training
ट्रेनें	trainen
ट्रेनों	traino
ट्रेलर	trailer
ट्रैक	track
ट्रैकिंग	tracking
ट्रैक्टर	tractor
ट्रैफिक	traffic
ट्रैवल	travel
ट्रॉफी	trophy
ट्रॉली	trolley
ट्विटर	twitter
ट्विस्ट	twist
ट्वीट	tweet
ठंड	thand
ठंडक	thandak
ठंडा	thanda
ठंडी	thandi
ठंडे	thande
ठहर	thahar
ठहरा	thahara
ठहराया	thahraya
ठहराव	thahrav
ठाक	thak
ठाकरे	thakre
ठाकुर	thakur
ठान	than
ठिकाना	thikana
ठिकानों	thikanon
ठीक	theek
ठेका	theka
ठेके	theke
ठेकेदार	thekedar
ठेकेदारों	thekedaron
ठेले	thele
ठेस	thes
ठोकर	thokar
ठोस	thos
डंडा	danda
डंडे	dande
डंपिंग	dumping
डकैती	dakaiti
डबल	double
डबिंग	dubbing
डांडिया	dandiya
डांस	dance
डाई	dye
डाकघर	dakghar
डाकघरों	dakgharon
डागर	dagar
डाटा	data
डाटाबेस	database
डायट	diet
डायन	dayan
डायमंड	diamond
डायरी	diary
डायरेक्टर	director
डायल	dial
डालना	dalna
डालने	dalne
डाले	dale
डालें	dalen
डालेंगे	dalenge
डिग्गी	diggi
डिग्री	degree
डिजाइन	design
डिजाइनर	designer
डिजाइनिंग	designing
डिजिटल	digital
डिटेक्टर	detector
डिपार्टमेंट	department
डिपो	depo
डिप्लोमा	diploma
डिफेंस	defence
डिब्बा	dibba
डिब्बे	dibbe
डिब्बों	dibbon
डिलीवरी	delivery
डिवाइस	device
डिविजन	division
डिस्ट्रिक्ट	district
डीआरएम	drm
डीएनए	dna
डीएपी	dap
डीएम	dm
डीएमसी	dmc
डीएवी	dav
डीएस	ds
डीएसपी	dsp
डीके	dk
डीजल	diesel
डीजे	dj
डीटीसी	dtc
डीन	deen
डीप	deep
डीपीएस	dps
डीलर	dealer
डीसी	dc
डीसीपी	dcp
डुप्लीकेट	duplicate
डुबकी	dubki
डूब	doob
डूबने	dubne
डूबा	duba
डूबी	dubi
डूबे	dube
डेंटल	dental
डेढ़	dedh
डेमोक्रेटिक	democratic
डेरा	dera
डेरापुर	derapur
डेरे	dere
डेवलपमेंट	development
डेविड	david
डेस्क	desk
डैम	dam
डॉक्टर	doctor
डॉक्टरों	doctoron
डॉग	dog
डॉट	dot
डॉन	don
डॉलर	dollar
डोगरा	dogra
डोडा	doda
डोर	door
डोली	doli
डोले	dole
ड्यूटी	duty
ड्रग	drug
ड्रग्स	drugs
ड्रम	drum
ड्राइव	drive
ड्राइवरों	driveron
ड्राइविंग	driving
ड्राफ्ट	draft
ड्रामा	drama
ड्रिल	drill
ड्रीम	dream
ड्रेनेज	drainage
ड्रेस	dress
ढंग	dhang
ढक्कन	dhakkan
ढलते	dhalte
ढांचा	dhancha
ढांचे	dhanche
ढाई	dhai
ढाका	dhaka
ढाबा	dhaba
ढाबे	dhabe
ढाला	dhala
ढीली	dhili
ढीले	dhile
ढुलमुल	dhulmul
ढेर	dher
ढेरों	dheron
ढोने	dhone
ढोल	dhol
तंग	tang
तंबाकू	tambaku
तंवर	tanwar
तकनीकी	takniki
तकनीकों	taknikon
तकरीबन	takriban
तकलीफ	taklif
तख्त	takht
तख्तियां	takhtiyan
तटवर्ती	tatvarti
तत्काल	tatkal
तत्पर	tatpar
तत्परता	tatparta
तत्पश्चात	tatpashchat
तत्व	tatva
तत्वाधान	tatvadhan
तत्वों	tatvon
तथा	tatha
तथ्य	tathy
तथ्यों	tathyon
तनवीर	tanvir
तनातनी	tanatani
तनाव	tanav
तनिक	tanik
तनु	tanu
तप	tap
तपस्या	tapasya
तबला	tabla
तबादला	tabadala
तबादले	tabadale
तबाह	tabah
तबाही	tabahi
तब्दील	tabdil
तमंचे	tamanche
तमन्ना	tamanna
तमाम	tamaam
तमाशा	tamasha
तमिलनाडु	tamilnadu
तरंग	tarang
तरक्की	tarakki
तरबूज	tarbuj
तरह	tarah
तराई	tarai
तरीका	tarika
तरीके	tarike
तरुण	tarun
तर्ज	tarj
तलब	talab
तलवंडी	talwandi
तलवार	talvaar
तलाश	talaash
तलाशने	talashane
तलाशी	talashi
तली	tali
तलेगांव	talegaon
तस्कर	taskar
तस्करी	taskari
तस्करों	taskaron
तस्दीक	tasdik
तस्वीर	tasvir
तस्वीरें	tasviren
तह	tah
तहत	tahat
तहरीर	tahrir
तहसीलों	tahsilon
तांडव	tandav
तांत्रिक	tantrik
ताइवान	taiwan
ताऊ	tauu
ताक	taak
ताकत	takat
ताकतों	takton
ताज	taj
तादाद	taadaad
तान	taan
तानाशाही	tanashahi
ताप	taap
तार	tar
तारा	tara
तारापुर	tarapur
तारिक	tarik
तारीख	tarikh
तारीफ	tarif
तारों	taron
ताल	taal
तालमेल	taalmel
ताला	tala
तालाब	talab
तालाबों	talabon
तालियों	taliyon
तालीम	talim
ताल्लुक	talluk
ताश	taash
ताहिर	tahir
तिजोरी	tijori
तिथि	tithi
तिथियों	tithiyon
तिपहिया	tipahiya
तिब्बत	tibbat
तिब्बती	tibbati
तिरंगा	tiranga
तिरंगे	tirange
तिरपाल	tirpal
तिर्वा	tirwa
तिल	til
तिलक	tilak
तिहाई	tihai
तीखी	teekhi
तीखे	teekhe
तीज	teej
तीन	teen
तीनों	teenon
तीर्थस्थल	tirthsthal
तीव्र	tivra
तीस	tees
तीसरा	tisara
तीसरी	tisari
तीसरे	tisare
तुझे	tujhe
तुम	tum
तुमको	tumko
तुम्हारा	tumhara
तुम्हें	tumhen
तुरंत	turant
तुलना	tulna
तुलसी	tulsi
तुलसीदास	tulsidas
तुलसीपुर	tulsipur
तुला	tula
तुलाराम	tularam
तुषार	tushar
तूने	tune
तूफान	tufan
तृतीय	tritiy
तृतीया	tritiya
तेज	tej
तेजा	teja
तेरह	terah
तेरा	tera
तेरी	teri
तेरे	tere
तेलुगु	telugu
तैनात	tainat
तैनाती	tainati
तैयार	taiyar
तैयारियों	taiyariyon
तैयारी	taiyari
तैराकी	tairaki
तोड़	tod
तोड़कर	todkar
तोड़फोड़	todfod
तोमर	tomar
तोला	tola
तोले	tole
तौबा	tauba
तौर	taur
त्याग	tyag
त्यागपत्र	tyagpatra
त्यागी	tyagi
त्यों	tyon
त्योहार	tyohar
त्योहारों	tyoharon
त्रस्त	trast
त्रिआयामी	triaayami
त्रिपाठी	tripathi
त्रिभुवन	tribhuvan
त्रिलोकी	triloki
त्रिलोचन	trilochan
त्रिवेणी	triveni
त्रिवेदी	trivedi
त्रुटि	truti
त्वचा	tvacha
त्वरित	tvarit
थमा	thama
थर्ड	third
था	tha
थाना	thana
थानाध्यक्ष	thanadhyaksh
थाने	thane
थानेदार	thanedar
थानों	thanon
थापर	thapar
थापा	thapa
थामा	thama
थाली	thali
थी	thi
थीम	theme
थे	the
थोक	thok
थोड़ी	thodi
थ्रो	throw
दंड	dand
दंडाधिकारियों	dandadhikariyon
दंडाधिकारी	dandadhikari
दंडित	dandit
दंश	dansh
दक्ष	daksh
दक्षता	dakshata
दक्षिण	dakshin
दक्षिणपश्चिम	dakshinpaschim
दक्षिणपूर्व	dakshinpurva
दक्षिणपूर्वी	dakshinpurvi
दक्षिणी	dakshini
दखल	dakhal
दगा	dagaa
दत्त	datt
दत्ता	datta
दफन	dafan
दफ्तर	daftar
दफ्तरों	daftaron
दबंग	dabangg
दबकर	dabkar
दबदबा	dabdaba
दबाव	dabav
दबी	dabi
दबे	dabe
दबोचे	daboche
दमकल	damkal
दमन	daman
दमा	dama
दया	daya
दयानंद	dayanand
दयाल	dayal
दयालु	dayalu
दरअसल	darasal
दरकिनार	darkinar
दरगाह	dargah
दरबार	darbar
दरभंगा	darbhanga
दरम्यान	darmyan
दराज	daraj
दरार	darar
दरिद्र	daridra
दरिया	dariya
दरें	daren
दरों	daron
दर्ज	darj
दर्जा	darja
दर्जे	darje
दर्द	dard
दर्दनाक	dardnak
दर्पण	darpan
दर्शक	darshak
दर्शकों	darshkon
दर्शन	darshan
दर्शनों	darshanon
दर्शाता	darshata
दर्शाया	darshaya
दलदल	daldal
दलाल	dalal
दलालों	dalalon
दलित	dalit
दलितों	daliton
दलीय	daliy
दलील	dalil
दवाईयां	davaiyan
दवाओं	davaon
दशक	dashak
दशकों	dashkon
दशम	dasham
दशमी	dashmi
दशमेश	dashmesh
दशा	dasha
दसवीं	dasvin
दसवें	dasven
दस्त	dast
दस्तक	dastak
दस्ता	dasta
दस्ते	daste
दही	dahi
दहेज	dahej
दांत	daant
दांतों	danton
दाखिला	dakhila
दाग	daag
दादा	dada
दादी	dadi
दान	daan
दाना	dana
दानापुर	danapur
दानी	dani
दाने	dane
दामोदर	damodar
दायर	dayar
दायरा	dayra
दायरे	dayre
दारा	dara
दारू	daru
दारोगा	daroga
दार्जिलिंग	darjeeling
दावत	dawat
दावे	daave
दावेदार	davedaar
दावेदारी	davedari
दिक्कत	dikkat
दिख	dikh
दिखती	dikhti
दिखते	dikhte
दिखने	dikhne
दिखा	dikha
दिखाए	dikhaye
दिखाते	dikhate
दिखाना	dikhana
दिखाने	dikhane
दिखाया	dikhaya
दिखावा	dikhava
दिखी	dikhi
दिखे	dikhe
दिगंबर	digambar
दिग्गज	diggaj
दिग्गजों	diggajon
दिग्विजय	digvijay
दिन	din
दिनकर	dinkar
दिनचर्या	dincharyaa
दिनेश	dinesh
दिनों	dinon
दिया	diya
दियारा	diyara
दिये	diye
दिल	dil
दिलचस्प	dilchasp
दिलचस्पी	dilchaspi
दिला	dila
दिलाई	dilai
दिलाते	dilate
दिलाना	dilana
दिलाने	dilane
दिलों	dilon
दिल्ली	delhi
दिवंगत	divangat
दिवस	divas
दिवसीय	divasiya
दिवाली	diwali
दिशा	disha
दिशानिर्देश	dishanirdesh
दिसंबर	december
दीं	din
दीक्षा	diksha
दीक्षांत	dikshant
दीक्षित	dikshit
दीगर	digar
दीदी	didi
दीनानाथ	dinanath
दीपक	deepak
दीपावली	dipawali
दीपेंद्र	dipendra
दीप्ति	deepti
दीर्घायु	dirghayu
दीवानी	diwani
दीवाली	diwali
दुआ	dua
दुकानदारी	dukaandaari
दुकानदारों	dukaandaaron
दुखद	dukhad
दुग्ध	dugdh
दुधारू	dudharu
दुनिया	duniya
दुनियां	duniyan
दुनियाभर	duniyabhar
दुपहिया	duphiya
दुबे	dube
दुराचार	durachar
दुरुपयोग	durupyog
दुर्ग	durg
दुर्गम	durgam
दुर्गा	durga
दुर्गावती	durgavati
दुर्दशा	durdasha
दुर्भाग्य	durbhagya
दुर्लभ	durlabh
दुल्हन	dulhan
दुश्मन	dushman
दुश्मनी	dushmani
दुष्प्रभाव	dushprabhav
दुष्यंत	dushyant
दूंगा	dunga
दूज	duj
दूत	doot
दूध	dudh
दून	dun
दूभर	dubhar
दूर	dur
दूरदराज	doordaraj
दूरस्थ	durasth
दूरी	duri
दूल्हे	dulhe
दूषित	dushit
दूसरा	dusra
दूसरे	dusre
दूसरों	dusron
दृश्य	drishya
दृष्टया	drishtya
दृष्टि	drishti
दृष्टिकोण	drishtikon
दृष्टिगत	drishtigat
दे	de
दें	den
देंगे	denge
देओल	deol
देकर	dekar
देख	dekh
देखकर	dekhkar
देखता	dekhta
देखते	dekhte
देखना	dekhna
देखने	dekhne
देखरेख	dekhrekh
देखा	dekha
देखिए	dekhiae
देखी	dekhi
देखे	dekhe
देखें	dekhen
देखेंगे	dekhenge
देखो	dekho
देगा	dega
देगी	degi
देता	deta
देती	deti
देन	den
देना	dena
देनी	deni
देने	dene
देय	dey
देर	der
देरी	deri
देवकी	devki
देवगन	devgan
देवता	devta
देवताओं	devtaon
देवबंद	devband
देवर	devar
देवराज	devraj
देवरिया	devriya
देवा	devaa
देवानंद	devanand
देश	desh
देशभक्ति	deshbhakti
देशभर	deshbhar
देशराज	deshraj
देशव्यापी	deshvyapi
देशों	deshon
देसी	desi
देह	deh
देहरादून	dehradun
देहांत	dehant
देहाती	dehati
दैनिक	dainik
दैवीय	daiviy
दोगुना	doguna
दोगुनी	doguni
दोपहर	dopahar
दोबारा	dobara
दोष	dosh
दोषी	doshi
दोस्त	dost
दोस्ती	dosti
दोस्तों	doston
दोहरा	dohara
दोहराया	dohraya
दोहरी	dohari
दोहरे	dohre
दोहा	doha
दोहे	dohe
दौर	daur
दौरा	daura
दौरान	dauran
दौरे	daure
दौलतपुर	daulatpur
द्वार	dwar
द्वारका	dwarka
द्वारा	dwara
द्वितीय	dwitiya
द्वीप	dweep
द्वेष	dvesh
धकेल	dhakel
धक्का	dhakka
धज्जियां	dhajjiyan
धनंजय	dhananjay
धनतेरस	dhanteras
धनबल	dhanbal
धनबाद	dhanbad
धनराज	dhanraj
धनराशि	dhanrashi
धनवार	dhanwar
धनुष	dhanush
धन्य	dhanya
धमकाया	dhamkaya
धमकी	dhamki
धमाका	dhamaka
धमाके	dhamake
धरना	dharna
धरपकड़	dharpakad
धरहरा	dharhara
धरा	dhara
धरातल	dharatal
धरोहर	dharohar
धर्म	dharm
धर्मनिरपेक्ष	dharmnirpeksh
धर्मपरिवर्तन	dharmparivartan
धर्मपाल	dharmpal
धर्मवीर	dharmveer
धर्मशाला	dharmshala
धर्मशास्त्रों	dharmshastron
धवन	dhawan
धागे	dhaage
धातु	dhaatu
धान	dhaan
धाम	dhaam
धार	dhar
धारदार	dhardar
धारा	dhara
धाराओं	dharaon
धार्मिक	dharmik
धालीवाल	dhaliwal
धावा	dhava
धीमी	dhimi
धुंआ	dhunaa
धुंध	dhundh
धुन	dhun
धुनों	dhunon
धुलाई	dhulai
धु्रव	dhruv
धूप	dhup
धूम	dhoom
धूमधाम	dhumdham
धूमिल	dhumil
धूम्रपान	dhumrapan
धूल	dhul
धोखा	dhokha
धोखाधड़ी	dhokhadhadi
धोखे	dhokhe
धोने	dhone
धोबी	dhobi
ध्यान	dhyan
ध्रुव	dhruv
ध्वज	dhwaj
ध्वस्त	dhvast
नंगा	nanga
नंद	nand
नंदन	nandan
नंदा	nanda
नंदिनी	nandini
नंदी	nandi
नंबर	number
नंबरों	numbaron
नकद	nakad
नकदी	nakdi
नकल	nakal
नकलची	nakalchi
नकली	nakali
नकार	nakaar
नकारात्मक	nakaaraatmak
नकुल	nakul
नक्शा	nakshaa
नक्शे	nakshe
नक्षत्र	nakshatra
नगदी	nagadi
नगर	nagar
नगरपालिका	nagarpalika
नगरवासियों	nagarvaasiyon
नगरी	nagari
नगला	nagla
नजदीकी	nazdiki
नजरअंदाज	najarandaaz
नजारा	najara
नतीजतन	natijatan
नतीजा	natija
नतीजे	natije
नतीजों	natijon
नथुनी	nathuni
नदियां	nadiyan
नदियों	nadiyon
नदी	nadi
नन	none
ननिहाल	nanihaal
नन्हे	nanhe
नफरत	nafrat
नफीस	nafees
नबी	nabi
नब्बे	nabbe
नमक	namak
नमन	naman
नमस्कार	namaskar
नमस्ते	namaste
नमाज	namaj
नमी	nami
नमूना	namuna
नमूने	namune
नमूनों	namunon
नमो	namo
नयन	nayan
नया	naya
नर	nar
नरेंद्र	narendra
नरेला	narela
नर्मदा	narmada
नर्स	nurse
नर्सरी	nursery
नर्सिंग	narsing
नलकूपों	nalkupon
नली	nali
नलों	nalon
नवगठित	navgathit
नवजात	navjaat
नवनियुक्त	navniyukt
नवनिर्मित	navnirmit
नवनीत	navneet
नवप्रवर्तन	navpravartan
नवम	navam
नवमी	navmi
नवयुवक	navyuvak
नवरात्र	navratra
नवरात्रि	navratri
नवल	naval
नववर्ष	navvarsh
नवागत	navagat
नवाज	nawaj
नवाजा	navaja
नवादा	navada
नवाब	navab
नवी	navi
नवीन	naveen
नवीनीकरण	navinikaran
नवोदय	navodaya
नशा	nasha
नशीला	nashila
नशीली	nashili
नशीले	nashile
नशे	nashe
नसीब	naseeb
नसीर	nasir
नस्ल	nasl
नहर	nahar
नहरें	naharen
नहरों	nahron
नहा	naha
नहाने	nahane
नहीं	nahin
नाइट	night
नाइन	nine
नाई	naai
नाक	naak
नाकेबंदी	nakebandi
नाग	naag
नागपुर	nagpur
नागर	nagar
नागरिक	nagrik
नागरिकों	nagrikon
नागेंद्र	nagendra
नाच	nach
नाचते	naachte
नाज	naaj
नाजिर	najir
नाजुक	najuk
नाटक	natak
नाटकों	natakon
नाट्य	natya
नाता	naata
नाथ	nath
नाथनगर	nathnagar
नाना	nana
नानी	nani
नाप	naap
नापसंद	napasand
नाबाद	nabad
नाबार्ड	nabard
नामक	namak
नामचीन	naamcheen
नामांकित	namankit
नामित	namit
नामी	naami
नामीबिया	namibia
नारंग	narang
नारा	nara
नाराजगी	narajagi
नारायण	narayan
नारायणपुर	narayanpur
नारियल	nariyal
नार्थ	narth
नालंदा	nalanda
नाला	nala
नालागढ़	nalagarh
नालियों	naliyon
नाली	naali
नाले	nale
नालों	naalon
नाव	naav
नाश	nash
नासिर	nasir
नाहर	naahar
निंदा	ninda
निकट	nikat
निकटतम	nikattam
निकटवर्ती	nikatvarti
निकल	nikal
निकलकर	nikalkar
निकलती	nikalti
निकलते	nikalate
निकलना	nikalna
निकलने	nikalane
निकलवा	nikalwa
निकलवाया	nikalwaya
निकला	nikalaa
निकली	nikali
निकले	nikale
निकायों	nikayon
निकालकर	nikalkar
निकालना	nikalna
निकाला	nikala
निकाले	nikale
निकास	nikaas
निकासी	nikaasi
निकिता	nikita
निखिल	nikhil
निगम	nigam
निगमों	nigamon
निगल	nigal
निचली	nichali
निचले	nichale
निज	nij
निजात	nijaat
निजामुद्दीन	nizamuddin
निजी	niji
निजीकरण	nijikaran
नितिन	nitin
नित्य	nitya
निदेशालय	nideshalay
निधन	nidhan
निधि	nidhi
निपटा	nipta
निपटारे	niptaare
निबंध	nibandh
निभा	nibha
निभाई	nibhaai
निभाते	nibhaate
निभाने	nibhaane
निमंत्रण	nimantran
निम्न	nimna
नियंत्रक	niyantrak
नियंत्रण	niyantran
नियंत्रित	niyantrit
नियत	niyat
नियति	niyati
नियम	niyam
नियमानुसार	niyamanusar
नियमित	niyamit
नियमों	niyamon
नियामक	niyamak
नियुक्त	niyukt
नियुक्ति	niyukti
नियुक्तियां	niyuktiyaan
नियोजन	niyojan
नियोजित	niyojit
निरंजन	niranjan
निरंतर	nirantar
निरस्त	nirast
निराकरण	niraakaran
निराधार	niraadhaar
निराला	niraalaa
निराश	niraash
निराशा	niraashaa
निरीक्षक	nirikshak
निरीक्षण	nirikshan
निरोग	nirog
निरोध	nirodh
निरोधक	nirodhak
निर्गत	nirgat
निर्णय	nirnay
निर्णायक	nirnayak
निर्दलीय	nirdaliy
निर्देश	nirdesh
निर्देशक	nirdeshak
निर्देशन	nirdeshan
निर्देशित	nirdeshit
निर्देशों	nirdeshon
निर्दोष	nirdosh
निर्धन	nirdhan
निर्धारण	nirdharan
निर्भय	nirbhay
निर्भर	nirbhar
निर्मम	nirmam
निर्मल	nirmal
निर्मला	nirmala
निर्मली	nirmali
निर्माण	nirman
निर्माणों	nirmanon
निर्माता	nirmata
निर्मित	nirmit
निर्यात	niryat
निर्वहन	nirvahan
निर्वाचन	nirvachan
निर्वाचित	nirvachit
निर्वाह	nirvaah
निर्विरोध	nirvirodh
निलंबन	nilamban
निलंबित	nilambit
निलेश	nilesh
निवर्तमान	nivartman
निविदा	nividaa
निवेदन	nivedan
निशा	nisha
निशांत	nishant
निशान	nishan
निशाने	nishane
निशुल्क	nishulk
निश्चय	nishchay
निश्चित	nishchit
निषाद	nishaad
निषेध	nishedh
निष्कर्ष	nishkarsh
निष्कासित	nishkaasit
निष्क्रिय	nishkriya
निष्क्रियता	nishkriyataa
निष्ठा	nishtha
निष्पक्ष	nishpaksha
निष्पक्षता	nishpakshataa
निष्पादन	nishpaadan
निष्पादित	nishpaadit
निसर्ग	nisarg
निस्तारण	nistaaran
निहाल	nihal
निहित	nihit
नींबू	nimbu
नीचे	niche
नीता	neeta
नीतिनिर्धारण	nitinirdhaaran
नीतियां	nitiyaan
नीतू	neetu
नीम	neem
नील	neel
नीलकंठ	neelkanth
नीलम	neelam
नीला	neela
नीली	neeli
नीले	neele
नुकसान	nuksan
नूतन	nutan
नूर	noor
ने	ne
नेक	nek
नेगी	negi
नेचुरल	natural
नेटवर्क	network
नेटवर्किंग	networking
नेताजी	netaji
नेत्र	netra
नेत्रदान	netradan
नेपाल	nepal
नेपाली	nepali
नेम	name
नेशनल	national
नेहरु	nehru
नेहरू	nehru
नेहा	neha
नैतिक	naitik
नैन	nain
नैना	naina
नैनी	naini
नैनीताल	nainital
नैयर	naiyar
नॉकआउट	knockout
नॉन	non
नॉर्थ	north
नोएडा	noida
नोट	note
नोटिस	notice
नोटों	noton
नोडल	nodal
नौकर	naukar
नौकरानी	naukrani
नौकरियों	naukariyon
नौकरी	naukari
नौका	nauka
नौटियाल	nautiyal
नौनिहाल	naunihal
नौनिहालों	naunihalon
न्यायाधीश	nyayadhish
न्यायालयों	nyayalayon
न्यायिक	nyayik
न्यास	nyaas
न्यू	new
न्यूज	news
पंकज	pankaj
पंख	pankh
पंखा	pankha
पंखे	pankhe
पंच	panch
पंचम	pancham
पंचमी	panchami
पंचायत	panchayat
पंचायती	panchayati
पंचायतें	panchayatein
पंचायतों	panchayaton
पंजी	panji
पंजीकरण	panjikaran
पंजीकृत	panjikrit
पंजीयन	panjiyan
पंडित	pandit
पंडितों	panditon
पंत	pant
पंथ	panth
पंद्रह	pandrah
पंप	pump
पंपिंग	pumping
पंपों	pumpon
पकड़	pakad
पकड़ने	pakadne
पकड़ा	pakda
पकड़े	pakade
पकवान	pakvan
पक्का	pakka
पक्की	pakki
पक्के	pakke
पक्ष	paksh
पक्षधर	pakshdhar
पक्षियों	pakshiyon
पक्षी	pakshi
पक्षों	pakshon
पचास	pachas
पचौरी	pachauri
पच्चीस	pachis
पटना	patna
पटनायक	patnayak
पटरियों	patariyon
पटरी	patari
पटल	patal
पटा	pataa
पटाखों	patakhon
पटियाला	patiyala
पटियाली	patiyali
पटेल	patel
पट्टा	patta
पट्टी	patti
पट्टे	patte
पठान	pathan
पड़ताल	padtaal
पड़ी	padi
पड़ोसी	padosi
पढ़	padh
पढ़ते	padhte
पढ़ने	padhne
पढ़ाई	padhaai
पढ़ाने	padhaane
पढ़ाया	padhaayaa
पढ़ी	padhi
पढ़ें	padhen
पतंग	patang
पतंजलि	patanjali
पतन	patan
पति	pati
पत्ता	patta
पत्ती	patti
पत्ते	patte
पत्थर	patthar
पत्थरों	pattharon
पत्नी	patni
पत्र	patr
पत्रक	patrak
पत्रकार	patrakaar
पत्रकारिता	patrakaaritaa
पत्रकारों	patrakaaron
पत्राचार	patrachar
पत्रावली	patravali
पत्रिका	patrika
पत्रों	patron
पदक	padak
पदभार	padbhar
पदाधिकारियों	padadhikariyon
पदार्थ	padarth
पदार्थो	padartho
पदार्थों	padarthon
पदों	padon
पदोन्नत	padonnat
पदोन्नति	padonnati
पद्धति	paddhati
पधारे	padhare
पनप	panap
पनपने	panpane
पन्ना	panna
पब्लिक	public
परंतु	parantu
परंपरा	parampara
परंपराओं	paramparaon
परंपरागत	paramparagat
परख	parakh
परगना	pargana
परचम	parcham
परचून	parchun
परत	parat
परम	param
परमवीर	paramveer
परमहंस	paramhans
परमाणु	parmanu
परमानंद	parmanand
परमार	parmar
परमिट	permit
परली	parli
परवरिश	parvarish
परवीन	parveen
परशुराम	parshuram
परसा	parasaa
पराजित	paraajit
परामर्श	paraamarsha
पराशर	paraashar
परास्त	paraasta
परिकल्पना	parikalpana
परिक्रमा	parikrama
परिक्षण	parikshan
परिचय	parichay
परिचालन	parichaalan
परिचित	parichit
परिजन	parijan
परिजनों	parijanon
परिणाम	parinaam
परिणामों	parinamon
परिधान	paridhan
परिधि	paridhi
परिभ्रमण	paribhraman
परियोजना	pariyojana
परियोजनाओं	pariyojnaon
परिवर्तन	parivartan
परिवर्तित	parivartit
परिवहन	parivahan
परिवार	parivar
परिवारों	parivaron
परिवेश	parivesh
परिश्रम	parishram
परिसर	parisar
परिसीमन	parisiman
परिस्थिति	paristhiti
परिस्थितियों	paristhitiyon
परिहार	parihar
परी	pari
परीक्षक	parikshak
परीक्षकों	parikshakon
परीक्षा	pariksha
परीक्षाफल	parikshafal
परीक्षार्थियों	pariksharthiyon
परीक्षार्थी	pariksharthi
परीक्षित	parikshit
परे	pare
परेड	parade
परेशान	pareshan
परेशानी	pareshani
पर्ची	parchi
पर्चे	parche
पर्दाफाश	pardafash
पर्यटक	paryatak
पर्यटकों	paryatakon
पर्यटन	paryatan
पर्यवेक्षक	paryavekshak
पर्यवेक्षकों	paryavekshakon
पर्यवेक्षण	paryavekshan
पर्याप्त	paryapt
पर्यावरण	paryavaran
पर्व	parv
पर्वत	parvat
पर्सनल	personal
पल	pal
पलक	palak
पलट	palat
पलामू	palamu
पलायन	palayan
पलिया	paliya
पली	pali
पल्लवी	pallavi
पल्ली	palli
पवन	pawan
पवार	pawar
पवित्र	pavitra
पवित्रता	pavitrata
पशु	pashu
पशुओं	pashuon
पशुधन	pashudhan
पश्चिम	paschim
पश्चिमी	pashchimi
पसंद	pasand
पसंदीदा	pasandida
पसीना	pasina
पसीने	pasine
पहचानने	pahchanane
पहनकर	pahankar
पहने	pahne
पहर	pahar
पहल	pahal
पहली	pahli
पहलुओं	pahluon
पहलू	pahlu
पहले	pahle
पहाड़ी	pahadi
पहिए	pahiye
पहिया	pahiya
पहुंच	pahunch
पहुंचकर	pahunchkar
पहुंचती	pahunchti
पहुंचते	pahunchte
पहुंचने	pahunchne
पहुंचा	pahuncha
पहुंचाई	pahunchai
पहुंचाते	pahunchate
पहुंचाना	pahunchana
पहुंचाया	pahunchaya
पहुंची	pahunchi
पहुंचे	pahunche
पहुंचेगी	pahunchegi
पांच	paanch
पांचवें	paanchvein
पांचाल	panchal
पांचों	paanchon
पांडव	pandav
पांव	panv
पाइप	pipe
पाइपलाइन	pipeline
पाइपों	pipeon
पाउडर	powder
पाए	paye
पाक	paak
पाकर	paakar
पाकिस्तान	pakistan
पाकिस्तानी	pakistani
पागल	pagal
पाटिल	patil
पाठ	paath
पाठक	pathak
पाठकों	pathakon
पाठशाला	pathshala
पात	paat
पाता	pata
पाती	paati
पाते	paate
पात्र	patra
पात्रता	patrata
पात्रों	patron
पान	paan
पानी	pani
पानीपत	panipat
पाने	paane
पाप	paap
पाबंदी	pabandi
पायल	payal
पाया	paya
पार	paar
पारदर्शिता	pardarshita
पारस	paras
पारा	para
पाराशर	parashar
पारित	parit
पारिवारिक	parivarik
पारी	pari
पारेख	parekh
पार्क	park
पार्किंग	parking
पार्ट	part
पार्टनर	partner
पार्टियां	partiyan
पार्टियों	partiyon
पार्टी	party
पार्लर	parlour
पार्वती	parvati
पालक	paalak
पालकी	paalki
पालतू	paaltu
पालन	paalan
पालना	palna
पालने	paalne
पालमपुर	palampur
पाला	pala
पालिका	palika
पाली	pali
पावक	paavak
पावन	pavan
पावर	power
पास	pass
पासपोर्ट	passport
पासबुक	passbook
पासवर्ड	password
पिंड	pind
पिकअप	pickup
पिकनिक	picnic
पिक्स	pics
पिच	pitch
पिछला	pichhala
पिछली	pichhali
पिता	pita
पिथौरागढ़	pithoragarh
पिन	pin
पिपरिया	pipriya
पिया	piya
पिलर	pillar
पिलाने	pilane
पिस्टल	pistol
पिस्तौल	pistol
पीए	pa
पीएचडी	phd
पीकर	pikar
पीके	pk
पीट	peet
पीटकर	pitkar
पीटना	pitna
पीटर	peter
पीटा	pita
पीटीआई	pti
पीठ	peeth
पीते	peete
पीपल	pipal
पीयूष	piyush
पीर	peer
पीली	pili
पीलीभीत	pilibhit
पीले	peele
पीसी	pc
पुंछ	punch
पुंज	punj
पुआल	puaal
पुकार	pukar
पुख्ता	pukhta
पुजारी	pujari
पुणे	pune
पुण्य	punya
पुत्र	putra
पुत्रियों	putriyon
पुत्री	putri
पुत्रों	putron
पुन	pun
पुनर्निर्माण	punarnirman
पुनर्वास	punarvas
पुनर्विचार	punarvichar
पुरा	pura
पुराण	puran
पुरातन	puratan
पुराना	purana
पुरानी	purani
पुरी	puri
पुरुलिया	puruliya
पुरुष	purush
पुरुषों	purushon
पुरुषोत्तम	purushottam
पुरूष	purush
पुरूषों	purushon
पुरोहित	purohit
पुल	pul
पुलिस	police
पुलिसकर्मियों	policekarmiyon
पुलों	pulon
पुष्टि	pushti
पुस्तक	pustak
पुस्तकालय	pustakaalay
पुस्तकें	pustaken
पुस्तकों	pustakon
पूंजी	punji
पूछताछ	poochhtaachh
पूजन	poojan
पूजा	pooja
पूजास्थल	pujasthal
पूज्य	pujya
पूनम	poonam
पूरक	purak
पूरब	purab
पूरा	pura
पूरी	puri
पूर्ण	purna
पूर्णत	purnat
पूर्णिमा	purnima
पूर्णिया	purnia
पूर्ति	purti
पूर्व	purva
पूर्वक	purvak
पूर्वजों	purvajon
पूर्ववर्ती	purvavarti
पूर्वा	purva
पूर्वांचल	purvanchal
पूर्वानुमान	purvanuman
पूर्वी	purvi
पूर्वोत्तर	purvottar
पृथ्वी	prithvi
पृथ्वीराज	prithviraj
पेंच	pench
पेंट	paint
पेंटिंग	painting
पेंशन	pension
पेज	page
पेट	pet
पेटी	peti
पेट्रोल	petrol
पेट्रोलिंग	patrolling
पेड़	ped
पेन	pen
पेपर	paper
पेयजल	payjal
पेरिस	paris
पेश	pesh
पेशकश	peshkash
पेशा	pesha
पेशाब	peshab
पेशी	peshi
पैक	pack
पैकिंग	packing
पैकेट	packet
पैटर्न	pattern
पैठ	paith
पैड	pad
पैदल	paidal
पैदा	paida
पैनल	pannel
पैमाने	paimane
पैर	pair
पैरवी	pairavi
पैरों	pairon
पैलेस	palace
पैसा	paisa
पैसे	paise
पैसों	paison
पॉल	paul
पॉलिसी	policy
पॉलीथिन	polythene
पॉवर	power
पोखर	pokhar
पोखरा	pokhara
पोखरी	pokhari
पोखरों	pokharon
पोटैशियम	potassium
पोती	poti
पोते	pote
पोद्दार	poddar
पोर्ट	port
पोर्टल	portal
पोर्न	porn
पोल	poll
पोलिंग	polling
पोलियो	polio
पोशाक	poshak
पोषक	poshak
पोषण	poshan
पोस्ट	post
पोस्टर	poster
पोस्टल	postal
पौत्र	pautr
पौध	paudh
पौधा	paudha
पौधारोपण	paudharopan
पौधे	paudhe
पौधों	paudhon
पौराणिक	pauranik
पौष्टिक	paushtik
प्याज	pyaj
प्यार	pyar
प्यारा	pyara
प्यारी	pyari
प्यारे	pyare
प्यास	pyas
प्रकट	prakat
प्रकरण	prakaran
प्रकरणों	prakaranon
प्रकल्प	prakalp
प्रकार	prakar
प्रकाश	prakash
प्रकाशन	prakashan
प्रकाशोत्सव	prakashotsav
प्रकृति	prakriti
प्रकोप	prakop
प्रकोष्ठ	prakoshth
प्रखर	prakhar
प्रख्यात	prakhyat
प्रगट	pragat
प्रगति	pragati
प्रचलन	prachalan
प्रचलित	prachalit
प्रचार	prachar
प्रचारक	pracharak
प्रजातियों	prajatiyon
प्रजापति	prajapati
प्रज्ञा	pragya
प्रज्वलित	prajwalit
प्रणब	pranab
प्रणव	pranav
प्रणाम	pranam
प्रणाली	pranali
प्रताड़ित	pratadit
प्रताप	pratap
प्रतिकूल	pratikul
प्रतिक्रिया	pratikriya
प्रतिदिन	pratidin
प्रतिनिधि	pratinidhi
प्रतिनिधियों	pratinidhiyon
प्रतिबंध	pratibandh
प्रतिबंधित	pratibandhit
प्रतिभा	pratibha
प्रतिभाओं	pratibhaon
प्रतिभाग	pratibhag
प्रतिभागियों	pratibhagiyon
प्रतिभागी	pratibhagi
प्रतिभावान	pratibhavan
प्रतिभाशाली	pratibhashali
प्रतिमा	pratima
प्रतिमाओं	pratimaon
प्रतियोगिता	pratiyogita
प्रतियोगिताओं	pratiyogitaon
प्रतियोगियों	pratiyogiyon
प्रतियोगी	pratiyogi
प्रतिरक्षण	pratirakshan
प्रतिरोध	pratirodh
प्रतिलिपि	pratilipi
प्रतिवेदन	prativedan
प्रतिष्ठा	pratishtha
प्रतिष्ठान	pratishthan
प्रतिष्ठित	pratishthit
प्रतिस्पर्धा	pratispardha
प्रतिस्पर्धी	pratispardhi
प्रतीक	pratik
प्रतीत	pratit
प्रत्यक्ष	pratyaksh
प्रत्यारोपण	pratyaropan
प्रत्याशी	pratyashi
प्रत्येक	pratyek
प्रथम	pratham
प्रथा	pratha
प्रदत्त	pradatt
प्रदर्शनकारियों	pradarshankariyon
प्रदर्शनी	pradarshani
प्रदर्शित	pradarshit
प्रदा	prada
प्रदान	pradan
प्रदीप	pradeep
प्रदूषण	pradushan
प्रदूषित	pradushit
प्रदेश	pradesh
प्रधान	pradhan
प्रधानमंत्री	pradhanmantri
प्रधानाध्यापकों	pradhanadhyapakon
प्रधानाध्यापिका	pradhanadhyapika
प्रधानी	pradhani
प्रपत्र	prapatra
प्रपोजल	proposal
प्रफुल्ल	prafull
प्रबंध	prabandh
प्रबंधक	prabandhak
प्रबंधकीय	prabandhkiy
प्रबंधकों	prabandhakon
प्रबंधन	prabandhan
प्रबंधों	prabandhon
प्रबल	prabal
प्रबुद्ध	prabuddh
प्रभा	prabha
प्रभाकर	prabhakar
प्रभाग	prabhag
प्रभात	prabhat
प्रभार	prabhar
प्रभारी	prabhari
प्रभाव	prabhav
प्रभावशाली	prabhavshali
प्रभावित	prabhavit
प्रभावी	prabhavi
प्रभु	prabhu
प्रमंडल	pramandal
प्रमाण	praman
प्रमाणपत्रों	pramanpatron
प्रमाणिक	pramanik
प्रमाणित	pramanit
प्रमुख	pramukh
प्रमुखों	pramukhon
प्रयाग	prayag
प्रयास	prayas
प्रयासों	prayason
प्रयुक्त	prayukt
प्रयोग	prayog
प्रयोगशाला	prayogshala
प्रयोगात्मक	prayogaatmak
प्रवक्ता	pravakta
प्रवचन	pravachan
प्रवर्तन	pravartan
प्रवास	pravas
प्रवासी	pravasi
प्रवाह	pravah
प्रवाहित	pravahit
प्रविष्टि	pravishti
प्रवीण	pravin
प्रवृति	pravruti
प्रवेश	pravesh
प्रशंसा	prashansa
प्रशस्त	prashast
प्रशस्ति	prashasti
प्रशांत	prashant
प्रशासक	prashasak
प्रशिक्षक	prashikshak
प्रशिक्षकों	prashikshakon
प्रशिक्षण	prashikshan
प्रशिक्षित	prashikshit
प्रश्न	prashn
प्रश्नों	prashnon
प्रसंग	prasang
प्रसन्न	prasanna
प्रसव	prasav
प्रसाद	prasad
प्रसार	prasar
प्रसारण	prasaran
प्रसारित	prasarit
प्रसिद्ध	prasiddh
प्रसिद्धि	prasiddhi
प्रसूति	prasuti
प्रस्तावक	prastavak
प्रस्तुत	prastut
प्रस्तुतियां	prastutiyaan
प्रस्तुतियों	prastutiyon
प्रस्थान	prasthan
प्रहरी	prahari
प्रहार	prahar
प्रांगण	prangan
प्रांजल	pranjal
प्रांतीय	praantiye
प्राइवेट	private
प्राची	prachi
प्राणायाम	pranayam
प्राणी	prani
प्रादेशिक	pradeshik
प्राधिकरण	pradhikaran
प्राधिकार	pradhikar
प्राप्ति	prapti
प्राय	pray
प्रायोगिक	prayogik
प्रायोजित	prayojit
प्रारंभ	prarambh
प्रारंभिक	prarambhik
प्रावधान	pravadhan
प्रावधानों	pravadhanon
प्रासंगिक	prasangik
प्रिंट	print
प्रिंसिपल	principal
प्रिय	priy
प्रियंका	priyanka
प्रियदर्शी	priyadarshi
प्रिया	priya
प्रीत	preet
प्रीतम	pritam
प्रीति	priti
प्रीमियम	premium
प्रीमियर	premier
प्रीलोडेड	preloaded
प्रेमचंद	premchand
प्रेमनाथ	premnath
प्रेमिका	premika
प्रेरक	prerak
प्रेरणा	prerna
प्रेरित	prerit
प्रेशर	pressure
प्रेषण	preshan
प्रेषित	preshit
प्रेस	press
प्रैक्टिस	practice
प्रोग्राम	program
प्रोजेक्ट	project
प्रोजेक्टर	projector
प्रोटीन	protein
प्रोटेक्शन	protection
प्रोडक्ट	product
प्रोडक्शन	production
प्रोत्साहन	protsahan
प्रोन्नति	pronnati
प्रोफाइल	profile
प्रोफेशनल	professional
प्रोफेसर	professor
प्रोवाइडर	provider
प्रोसेसिंग	processing
प्रौद्योगिकी	praudhyogiki
प्लगइन	plugin
प्लस	plus
प्लांट	plant
प्लाजा	plaza
प्लान	plan
प्लानिंग	planing
प्लानेट	planet
प्लास्टर	plaster
प्लास्टिक	plastic
प्लूटो	pluto
प्ले	play
प्लेट	plate
प्लेटफार्म	platform
प्लेटफॉर्म	platform
प्लेस	place
प्लेसमेंट	placement
प्लैटिनम	platinum
प्लैन	plan
प्वाइंट	point
फतह	fatah
फतेह	fateh
फतेहपुर	fatehpur
फतेहाबाद	fatehabad
फफूंद	fafund
फरमान	farman
फरवरी	february
फरियादी	fariyadi
फरीद	farid
फरीदपुर	faridpur
फरीदाबाद	faridabad
फर्क	fark
फर्जी	farji
फर्नीचर	furniture
फर्म	firm
फर्श	farsh
फल	fal
फलों	falon
फसल	fasal
फसलों	faslon
फहराया	fahraya
फ़ौज	fauj
फाइन	fine
फाइनल	final
फाइनेंस	finance
फाइल	file
फाइलें	filein
फाइलों	filon
फाई	fi
फाउंडेशन	foundation
फादर	father
फायर	fire
फायरिंग	firing
फार	far
फारूक	farooq
फार्मूला	formula
फास्ट	fast
फिजिकल	physical
फिजिक्स	physics
फिट	fit
फिटनेस	fitness
फिर	fir
फिरोजपुर	firozpur
फिरोजाबाद	firozabad
फिल्टर	filter
फिल्म	film
फिल्मी	filmi
फिल्में	filmen
फिल्मों	filmon
फीता	fita
फील्ड	field
फीस	fees
फीसदी	fisadi
फुट	foot
फुटबॉल	football
फुटेज	footage
फुर्सत	fursat
फुल	full
फुसलाकर	fuslakar
फूट	foot
फूड	food
फूल	phool
फूले	phule
फेंक	fenk
फेंका	fenka
फेंकी	fenki
फेंके	fenke
फेडरेशन	federation
फेमस	famous
फेयर	fair
फेरबदल	ferbadal
फेरे	fere
फेल	fail
फेस	face
फेसबुक	facebook
फेस्टिवल	festival
फैंसी	fancy
फैकल्टी	faculty
फैक्ट्री	factory
फैक्स	fax
फैजाबाद	faizabad
फैट	fat
फैन	fan
फैमिली	family
फैयाज	faiyaz
फैलती	failti
फैलने	failne
फैला	faila
फैलाने	failane
फैली	faili
फैले	faile
फैशन	fashion
फैसल	faisal
फैसला	faisla
फैसले	faisle
फैसलों	faislon
फॉर	for
फॉर्म	form
फोटो	photo
फोटोग्राफर	photographer
फोटोग्राफी	photography
फोन	phone
फोरम	forum
फोरेंसिक	forensic
फोर्ट	fort
फोर्स	force
फौज	fauj
फौजी	fauji
फौरन	fauran
फ्रंट	front
फ्रांस	france
फ्री	free
फ्रीस्टाइल	freestyle
फ्रेंचाइजी	franchise
फ्रेंड्स	friends
फ्रैंक	frank
फ्लाइंग	flying
फ्लाइट	flight
फ्लाई	fly
फ्लू	flue
फ्लैग	flag
फ्लैट	flat
फ्लोर	floor
बंका	banka
बंगला	bangla
बंगले	bangle
बंगा	banga
बंगाणा	bangana
बंगाल	bangal
बंगाली	bangali
बंजर	banjar
बंजारा	banjara
बंट	bunt
बंटी	bunty
बंद	band
बंदर	bandar
बंदरों	bandaron
बंदियों	bandiyon
बंदी	bandi
बंदूक	banduk
बंदोबस्त	bandobast
बंध	bandh
बंधक	bandhak
बंधन	bandhan
बंधा	bandha
बंधी	bandhi
बंधे	bandhe
बकबक	bakbak
बकरियां	bakriyan
बकरियों	bakriyon
बकरी	bakri
बकरे	bakre
बकाया	bakaya
बखान	bakhaan
बखूबी	bakhubi
बख्शी	bakhshi
बगल	bagal
बगावत	bagavat
बगिया	bagiya
बगीचे	bagiche
बगैर	bagair
बग्स	bugs
बचकर	bachkar
बचना	bachana
बचने	bachne
बचपन	bachpan
बचा	bacha
बचाई	bachai
बचाओ	bachao
बचाकर	bachakar
बचाना	bachana
बचाने	bachane
बचाया	bachaya
बचाव	bachav
बची	bachi
बचे	bache
बचेगा	bachega
बच्चा	baccha
बच्चे	bacche
बजकर	bajkar
बजट	budget
बजते	bajate
बजने	bajane
बजरंगबली	bajrangbali
बजरी	bajari
बजा	baja
बजाए	bajaye
बजाते	bajate
बजाने	bajane
बजाय	bajay
बजे	baje
बटन	button
बटालियन	battalion
बटेश्वर	bateshwar
बड़ा	bada
बड़ी	badi
बड़े	bade
बढ़	badh
बढ़कर	badhkar
बढ़त	badhat
बढ़ता	badhata
बढ़ती	badhati
बढ़ते	badhate
बढ़ना	badhana
बढ़नी	badhani
बढ़ने	badhane
बढ़ाई	badhai
बढ़ाए	badhae
बढ़ाकर	badhakar
बढ़ाते	badhate
बढ़ाना	badhana
बढ़ाने	badhane
बढ़ाया	badhaya
बढ़ावा	badhava
बढ़ी	badhi
बढ़े	badhe
बढ़ेगी	badhegi
बताई	batai
बताओ	batao
बताता	batata
बताती	batati
बताते	batate
बतौर	bataur
बत्ती	batti
बदतर	badatar
बदन	badan
बदनाम	badnaam
बदमाशों	badmashon
बदलकर	badalkar
बदलना	badalana
बदलने	badalne
बदला	badla
बदलाव	badlav
बदले	badle
बदहवास	badhavas
बदहाली	badhali
बदायूं	badayun
बदौलत	badaulat
बद्री	badri
बधाई	badhaai
बधिर	badhir
बनकर	bankar
बनता	banta
बनती	banti
बनते	bante
बनना	banna
बनने	banne
बनर्जी	banarji
बनवाकर	banvakar
बनवाने	banvane
बनवाया	banvaya
बनाएगा	banaega
बनाएगी	banaegi
बनाना	banana
बनाने	banane
बनाया	banaya
बनारस	banaras
बने	bane
बनेंगे	banenge
बनेगा	banega
बबली	babli
बबीता	babita
बब्बर	babbar
बयान	byan
बयार	byar
बरकरार	barkarar
बरती	barti
बरस	baras
बरसात	barsaat
बरसाती	barsaati
बराकर	barakar
बराबर	barabar
बराबरी	barabari
बरारी	barari
बर्खास्त	barkhast
बर्खास्तगी	barkhastgi
बर्ड	bird
बर्तन	bartan
बर्तनों	bartanon
बर्थडे	birthday
बर्दाश्त	bardasht
बर्फ	barf
बर्बाद	barbaad
बर्बादी	barbadi
बर्मन	burman
बलदेव	baldev
बलराज	balraj
बलराम	balram
बलरामपुर	balrampur
बलवंत	balwant
बलवान	balwan
बलात्कार	balatkar
बलि	bali
बलिदान	balidan
बलिया	baliya
बलुआ	balua
बलों	balon
बल्कि	balki
बल्ब	bulb
बल्ले	balle
बल्लेबाजी	ballebaji
बवाल	baval
बशीर	bashir
बस	bus
बसंत	basant
बसंतपुर	basantpur
बसंती	basanti
बसपा	baspa
बसा	basa
बसाने	basane
बसी	basi
बसु	basu
बसे	base
बसें	basein
बसेरा	basera
बसों	bason
बस्ती	basti
बस्सी	bassi
बहकर	bahakar
बहता	bahta
बहती	bahti
बहन	bahan
बहनें	bahnein
बहनों	bahnon
बहरहाल	baharhal
बहराइच	bahraich
बहस	bahas
बहा	baha
बहादुर	bahadur
बहादुरी	bahaduri
बहाना	bahana
बहाने	bahane
बहाल	bahal
बहाली	bahali
बहिष्कार	bahishkar
बही	bahi
बहु	bahu
बहुआयामी	bahuaayami
बहुगुणा	bahuguna
बहुचर्चित	bahucharchit
बहुजन	bahujan
बहुजातीय	bahujatiy
बहुत	bahut
बहुभाषी	bahubhashi
बहुमत	bahumat
बहुमूल्य	bahumulya
बांग्लादेश	bangladesh
बांट	bant
बांटने	bantane
बांटा	banta
बांड	band
बांदा	banda
बांध	bandh
बांधकर	bandhakar
बांधने	bandhane
बांधा	bandha
बांधे	bandhe
बांस	bans
बाइक	bike
बाईपास	bypass
बाएं	baen
बाकि	baki
बाकी	baki
बागडोर	bagdor
बागवानी	bagvani
बागान	bagan
बागेश्वर	bageshwar
बाघ	bagh
बाज	baaj
बाजरा	bajara
बाजारों	bajaron
बाजी	baji
बाजू	baju
बाट	bat
बाटा	bata
बाढ़	badh
बात	baat
बातचीत	batchit
बादल	badal
बादलों	badalon
बादशाह	badshah
बाधक	badhak
बाध्यता	badhyata
बानो	bano
बाप	baap
बापू	bapu
बाबा	baba
बाबू	babu
बाबूलाल	babulal
बाम	balm
बायपास	bypass
बार	bar
बारला	barla
बारात	barat
बाराबंकी	barabanki
बारिश	barish
बारी	bari
बारीकियों	barikiyon
बारीकी	bariki
बारूद	barud
बारे	bare
बाल	baal
बालक	balak
बालकों	balakon
बालविकास	balvikas
बालाजी	balaji
बालिका	balika
बालिकाओं	balikaon
बालियान	baliyan
बाली	bali
बासमती	basmati
बासुदेव	basudev
बास्केटबॉल	basketball
बिंदु	bindu
बिंदुओं	binduon
बिक	bik
बिकने	bikane
बिका	bika
बिक्री	bikri
बिखर	bikhar
बिखरी	bikhri
बिखरे	bikhre
बिग	big
बिचौलियों	bichauliyon
बिछा	bichha
बिछाई	bichhai
बिछाने	bichhane
बिजनेस	business
बिजनौर	bijnor
बिजबेहरा	bijbehara
बिजली	bijali
बिटिया	bitiya
बिताने	bitane
बिन	bin
बिना	bina
बिरंगे	birange
बिरजू	birju
बिरादरी	biradari
बिल	bill
बिलारी	bilari
बिलाल	bilal
बिलासपुर	bilaspur
बिल्डर	builder
बिल्डिंग	building
बिशन	bishan
बिशप	bishop
बिश्नोई	bishnoi
बिस्तर	bistar
बिहार	bihar
बिहारी	bihari
बीआर	br
बीए	ba
बीएन	bn
बीएम	bm
बीएस	bs
बीएसएनएल	bsnl
बीएससी	bsc
बीघा	bigha
बीघे	bighe
बीच	bich
बीचों	bichon
बीज	bij
बीजेपी	bjp
बीजों	beejon
बीट	beat
बीता	bita
बीते	bite
बीन	been
बीना	bina
बीपीएल	bpl
बीमा	bima
बीमार	bimar
बीमारियां	bimariyan
बीमारियों	bimariyon
बीमारी	bimari
बीयर	bear
बीरबल	birbal
बीवी	biwi
बीस	bis
बुआ	bua
बुक	book
बुकिंग	booking
बुखार	bukhar
बुजुर्ग	bujurg
बुजुर्गों	bujurgon
बुझा	bujha
बुझाने	bujhane
बुद्ध	buddh
बुद्धिजीवियों	buddhijiviyon
बुद्धिजीवी	buddhijivi
बुद्धिमता	buddhimata
बुद्धिमत्ता	buddhimatta
बुद्धिमान	buddhiman
बुद्धिमानी	buddhimani
बुध	budh
बुधवार	budhwar
बुनकर	bunkar
बुनियाद	buniyad
बुनियादी	buniyadi
बुरा	bura
बुराइयों	buraiyon
बुराई	burai
बुरी	buri
बुरे	bure
बुलंद	buland
बुला	bula
बुलाई	bulai
बुलाए	bulae
बुलाने	bulane
बुलाया	bulaya
बुलेट	bullet
बुलेटप्रूफ	bulletproof
बूंद	boond
बृजलाल	brijlal
बेंगलुरु	bengaluru
बेंच	bench
बेअसर	beasar
बेकसूर	bekasur
बेखबर	bekhabar
बेगम	begum
बेगूसराय	begusarai
बेघर	beghar
बेच	bech
बेचता	bechta
बेचना	bechna
बेचने	bechane
बेचा	becha
बेची	bechi
बेचैन	bechain
बेचैनी	bechaini
बेटा	beta
बेटियां	betiyan
बेटियों	betiyon
बेटी	beti
बेटे	bete
बेटों	beton
बेड	bed
बेतरतीब	betartib
बेतहाशा	bethasha
बेदखल	bedakhal
बेदी	bedi
बेनी	beni
बेनीपट्टी	benipatti
बेबी	baby
बेबुनियाद	bebuniyad
बेमानी	bemani
बेरी	beri
बेरोजगार	berojgar
बेरोजगारी	berojgari
बेल	bail
बेला	bela
बेली	beli
बेशक	beshak
बेशकीमती	beshkimti
बेस	base
बेसिक	basic
बेस्ट	best
बेहतर	behtar
बेहतरी	behtari
बेहतरीन	behtarin
बेहद	behad
बेहोश	behosh
बेहोशी	behoshi
बैंक	bank
बैंकिंग	banking
बैंकों	bankon
बैंड	band
बैक	back
बैकअप	backup
बैकलेस	backless
बैक्टीरिया	bacteria
बैग	bag
बैच	batch
बैचलर	bachelor
बैजू	baiju
बैटरी	battery
बैटल	battle
बैठ	baith
बैठक	baithak
बैठकर	baithkar
बैठकों	baithakon
बैठना	baithana
बैठने	baithane
बैठाकर	baithakar
बैठाने	baithane
बैठाया	baithaya
बैठी	baithi
बैठे	baithe
बैडमिंटन	badminton
बैनर	banner
बैनीवाल	beniwal
बैरल	barrel
बैरियर	barrier
बैरिस्टर	barrister
बैलेंस	balance
बैसाखी	baisakhi
बॉक्स	box
बॉक्सिंग	boxing
बॉडी	body
बॉबी	boby
बॉय	boy
बॉर्डर	border
बॉल	ball
बॉलीवुड	bollywood
बॉस	boss
बोई	boi
बोगियों	bogiyon
बोगी	bogi
बोतल	botal
बोतलों	botalon
बोध	bodh
बोन	bone
बोनस	bonus
बोर	bore
बोरा	bora
बोरिंग	boring
बोर्ड	board
बोल	bol
बोलकर	bolkar
बोलचाल	bolchal
बोलते	bolate
बोलना	bolna
बोलबाला	bolbala
बोली	boli
बोले	bole
बोलो	bolo
बोस	boss
बौद्धिक	bauddhik
ब्याज	byaaj
ब्यास	byaas
ब्यूटी	beauty
ब्यूरो	bureau
ब्रज	braj
ब्रजमोहन	brajmohan
ब्रह्म	braham
ब्रह्मा	brahma
ब्रह्माकुमारी	brahmakumari
ब्रह्मानंद	brahmanand
ब्रांड	brand
ब्रांडेड	branded
ब्राह्मण	brahman
ब्रिगेड	brigade
ब्रिज	bridge
ब्रेक	break
ब्रेकर	breaker
ब्रेन	brain
ब्रॉड	broad
ब्रोकर	broker
ब्लड	blood
ब्लाकों	blakon
ब्लास्ट	blast
ब्लू	blue
ब्लेंडर	blender
ब्लेड	blade
ब्लॉक	block
ब्लॉकबस्टर	blockbuster
भंग	bhang
भंडार	bhandar
भंडारी	bhandari
भंसाली	bhansali
भक्त	bhakt
भक्ति	bhakti
भक्तिभाव	bhaktibhav
भक्तों	bhakton
भगत	bhagat
भगवंत	bhagwant
भगवत	bhagwat
भगवती	bhagwati
भगवान	bhagwan
भगा	bhaga
भगाया	bhagaya
भजन	bhajan
भटक	bhatak
भटकते	bhatkate
भटकने	bhatkane
भटनागर	bhatnagar
भट्ट	bhatt
भट्टाचार्य	bhattacharya
भट्टी	bhatti
भट्ठे	bhatte
भतीजा	bhatija
भतीजी	bhatiji
भतीजे	bhatije
भत्ता	bhatta
भत्ते	bhatte
भदोही	bhadohi
भद्र	bhadra
भयंकर	bhayankar
भयभीत	bhaybhit
भयावह	bhayavah
भरकम	bharkam
भरतपुर	bharatpur
भरना	bharna
भरपाई	bharpai
भरपूर	bharpur
भरमार	bharmar
भरी	bhari
भरे	bhare
भरो	bharo
भरोसा	bharosa
भरोसे	bharose
भर्ती	bharti
भला	bhala
भलाई	bhalai
भले	bhale
भल्ला	bhalla
भवन	bhavan
भवनों	bhavanon
भवानी	bhavani
भवानीपुर	bhawanipur
भव्य	bhavya
भा	bha
भांग	bhang
भांजी	bhanji
भांजे	bhanje
भांति	bhanti
भाइयों	bhaiyon
भाई	bhai
भाईचारा	bhaichara
भाईचारे	bhaichare
भाईयों	bhaiyon
भाकपा	bhakpa
भाग	bhag
भागकर	bhaagkar
भागना	bhaaganaa
भागने	bhaagane
भागलपुर	bhagalpur
भागवत	bhagwat
भागा	bhaagaa
भागी	bhaagi
भागीदार	bhagidar
भागीदारी	bhagidari
भागों	bhagon
भाजपा	bhajpa
भाटिया	bhatiya
भाटी	bhati
भादुरी	bhaduri
भान	bhan
भानु	bhanu
भारत	bharat
भारतवर्ष	bharatvarsh
भारती	bharati
भारतीय	bharatiya
भारद्वाज	bhardwaj
भारी	bhari
भार्गव	bhargav
भालू	bhalu
भाव	bhav
भावना	bhavna
भावार्थ	bhavarth
भावी	bhavi
भाषण	bhashan
भाषा	bhasha
भाषाओं	bhashaon
भाषाविज्ञान	bhashavigyan
भास	bhas
भिक्षु	bhikshu
भिखारी	bhikhari
भिजवा	bhijwa
भिजवाया	bhijwaya
भिनगा	bhinga
भिन्न	bhinna
भीख	bheekh
भीड़भाड़	bheedbhad
भीम	bheem
भीमराव	bheemrav
भीमसेन	bheemsen
भीषण	bhishan
भुखमरी	bhukhmari
भुला	bhula
भुवन	bhuvan
भुवनेश्वर	bhuvneshwar
भूकंप	bhukamp
भूखंड	bhukhand
भूखंडों	bhukhandon
भूगर्भ	bhugarbh
भूजल	bhujal
भूटान	bhutan
भूत	bhoot
भूतपूर्व	bhutpurv
भूपेश	bhupesh
भूभाग	bhubhag
भूमि	bhumi
भूमिका	bhumika
भूमिगत	bhumigat
भूरा	bhura
भूरे	bhure
भूविज्ञान	bhuvigyan
भूवैज्ञानिक	bhuvaigyanik
भूषण	bhushan
भूस्खलन	bhuskhalan
भृगु	bhrigu
भेंट	bhent
भेज	bhej
भेजकर	bhejkar
भेजते	bhejte
भेजना	bhejna
भेजने	bhejne
भेजा	bheja
भेजी	bheji
भेजेंगे	bhejenge
भेद	bhed
भेदभाव	bhedbhav
भैंस	bhains
भैंसदेही	bhainsdehi
भैंसा	bhainsa
भैंसों	bhainson
भैया	bhaiya
भैरव	bhairav
भोग	bhog
भोगविलास	bhogvilas
भोज	bhoj
भोजन	bhojan
भोजपुर	bhojpur
भोजपुरी	bhojpuri
भोपाल	bhopal
भोर	bhor
भोलानाथ	bholanath
भौगोलिक	bhaugolik
भौतिक	bhautik
भौतिकी	bhautiki
भ्रम	bhram
भ्रमण	bhraman
भ्रमित	bhramit
भ्रष्टाचार	bhrashtachar
भ्रूण	bhrun
मंगल	mangal
मंगला	mangla
मंगा	manga
मंगाया	mangaya
मंजर	manjar
मंजू	manju
मंडप	mandap
मंडल	mandal
मंडली	mandali
मंडलों	mandalon
मंडियों	mandiyon
मंडी	mandi
मंतर	mantar
मंत्री	mantri
मंत्रीमंडल	mantrimandal
मंथन	manthan
मंद	mand
मंदसौर	mandsaur
मंदाकिनी	mandakini
मंदिर	mandir
मंदिरों	mandiron
मंदी	mandi
मंशा	mansha
मकर	makar
मकसद	maksad
मकान	makan
मकानों	makanon
मक्का	makka
मक्की	makki
मक्खन	makkhan
मक्खी	makkhi
मगध	magadh
मगर	magar
मचा	macha
मचाते	machate
मचाने	machane
मचाया	machaya
मछलियां	machhaliyan
मछलियों	machhaliyon
मछली	machhali
मजदूर	majdur
मजदूरी	majduri
मजदूरों	majduron
मजबूत	majbut
मजबूती	majbuti
मजबूर	majbur
मजबूरन	majburan
मजबूरी	majburi
मजलिस	majlis
मजहब	majhab
मजा	maja
मजाक	majak
मजार	mazar
मजिस्ट्रेट	magistrate
मजीद	majid
मजे	maje
मटका	matka
मटर	matar
मणि	mani
मणिपुर	manipur
मतदाताओं	matdataon
मतदान	matdan
मतभेद	matbhed
मतलब	matlab
मताधिकार	matadhikar
मतों	maton
मत्था	mattha
मथुरा	mathura
मददगार	madadgar
मदन	madan
मदर	mother
मदरसा	madarasa
मदरसे	madrase
मदीना	madina
मद्देनजर	maddenajar
मधु	madhu
मधुबनी	madhubani
मधुमक्खी	madhumakkhi
मधुमेह	madhumeh
मधुर	madhur
मधुसूदन	madhusudan
मधेपुरा	madhepura
मध्य	madhya
मध्यप्रदेश	madhyapradesh
मध्यम	madhyam
मन	man
मनदीप	mandeep
मनन	manan
मनप्रीत	manpreet
मनमानी	manmani
मनमुटाव	manmutav
मनमोहक	manmohak
मनमोहन	manmohan
मना	mana
मनाते	manate
मनाने	manane
मनायी	manayi
मनाली	manali
मनाही	manahi
मनी	money
मनीष	manish
मनीषा	manisha
मनु	manu
मनुष्य	manushya
मनुस्मृति	manusmriti
मनोनीत	manoneet
मनोबल	manobal
मनोरंजन	manoranjan
मनोरमा	manorama
मनोविज्ञान	manovigyan
मनोहर	manohar
मनोहारी	manohari
मन्नतें	mannaten
मन्ना	manna
मन्नान	mannan
मयूर	mayur
मरने	marne
मरहम	marham
मरा	mara
मरी	mari
मरीज	marij
मरीजों	marijon
मरे	mare
मल	mal
मलबा	malaba
मलबे	malabe
मलमूत्र	malmutra
मलयालम	malayalam
मलाल	malal
मलेरिया	malaria
मलेशिया	malaysia
मल्टी	multi
मल्टीटास्किंग	multitasking
मल्होत्रा	malhotra
मवेशियों	maveshiyon
मवेशी	maveshi
मशरूम	mushroom
मशहूर	mashhur
मशीन	machine
मशीनरी	machinery
मशीनें	mashinen
मशीनों	machinon
मसाला	masala
मसीहा	masiha
मस्जिद	masjid
मस्जिदों	masjidon
मस्त	mast
मस्तिष्क	mastishk
मस्ती	masti
महंगा	mahanga
महंगाई	mahangai
महंगी	mahangi
महंगे	mahange
महंत	mahant
महक	mahak
महकमे	mahkame
महज	mahaj
महतारी	mahtari
महत्ता	mahtta
महत्व	mahatva
महत्वपूर्ण	mahatvapoorn
महत्वाकांक्षी	mahatvakankshi
महबूब	mahbub
महबूबा	mahbuba
महमूद	mahmud
महर्षि	maharshi
महसूस	mahsus
महाकवि	mahakavi
महात्मा	mahatma
महादेव	mahadev
महान	mahan
महानगर	mahanagar
महानगरों	mahanagaron
महापुरुषों	mahapurushon
महाप्रबंधक	mahaprabandhak
महामंडलेश्वर	mahamandaleshwar
महामंत्री	mahamantri
महामहिम	mahamahim
महामाया	mahamaya
महामारी	mahamari
महाराज	maharaj
महाराजगंज	maharajganj
महारानी	maharani
महाराष्ट्र	maharashtra
महालक्ष्मी	mahalakshmi
महाविद्यालय	mahavidyalaya
महावीर	mahaveer
महाशिवरात्रि	mahashivratri
महासंघ	mahasangh
महासचिव	mahasachiv
महासभा	mahasabha
महासम्मेलन	mahasammelan
महिमा	mahima
महिला	mahila
महिलाओं	mahilaon
महीने	mahine
महुआ	mahua
महेंद्र	mahendra
महेश्वर	maheshwar
महोत्सव	mahotsav
महोबा	mahoba
महोली	maholi
मां	maa
मांगलिक	manglik
मांझी	manjhi
मांट	mant
मांस	mans
माइक	mike
माइकल	michael
माइक्रो	micro
माइक्रोब्लॉगिंग	microblogging
माइनर	minor
माइनिंग	mining
माई	mai
माउंट	mount
माकपा	makpa
माघ	magh
माटी	mati
मात	maat
मातम	matam
माता	mata
माताओं	mataon
मातापिता	matapita
मातृ	matra
मात्र	matra
मात्रा	matra
माथा	matha
माथुर	mathur
मादक	madak
मादा	mada
माधव	madhav
माधुरी	madhuri
माधोपुर	madhopur
माध्यमिक	madhyamik
मान	maan
मानक	maanak
मानकर	maankar
मानकों	mankon
मानता	manta
मानना	manana
मानने	manne
मानपुर	manpur
मानव	manav
मानवता	manavta
मानवनिर्मित	manavnirmit
मानवरहित	manavrahit
मानवाधिकार	manvadhikar
मानस	manas
मानसरोवर	mansarovar
मानसिंह	mansingh
मानसी	mansi
मानसून	mansun
माना	mana
मानिक	manik
मानी	mani
मानें	manen
मानो	mano
मान्य	manya
मान्यता	manyata
मापदंड	mapdand
माफिया	mafia
माफी	mafi
मामला	mamla
मामले	mamale
मामलों	mamalon
मामा	mama
मायने	mayne
माया	maya
मायावती	mayawati
मार	maar
मारना	maarna
मारा	maara
मारी	maari
मारुति	maruti
मार्क	mark
मार्कस	marks
मार्किट	market
मार्केट	market
मार्केटिंग	marketing
मार्को	marco
मार्क्स	marks
मार्ग	marg
मार्गदर्शन	margdarshan
मार्गों	margon
मार्च	march
मार्चिंग	marching
मार्शल	marshal
माल	maal
मालती	malti
मालदा	malda
मालवा	malwa
मालवाहक	malvahak
मालवीय	malviya
माला	mala
मालाओं	malaon
मालाकार	malakar
मालिनी	malini
माली	mali
मालूम	maloom
मासिक	masik
मास्क	mask
मास्टर	master
माह	mah
माहिर	mahir
माही	mahi
माहेश्वरी	maheshwari
मिट	mit
मिट्टी	mitti
मिठास	mithaas
मिड	mid
मिडल	middle
मिडवे	midway
मिडिल	middle
मित्तल	mittal
मित्रों	mitron
मिथुन	mithun
मिनट	minute
मिनटों	minuton
मिनिस्टर	minister
मिनी	mini
मिर्च	mirch
मिर्जा	mirza
मिर्जापुर	mirzapur
मिल	mil
मिलकर	milkar
मिलता	milata
मिलती	milati
मिलते	milte
मिलन	milan
मिलना	milana
मिलनी	milani
मिलने	milane
मिला	mila
मिलाकर	milakar
मिलान	milan
मिलाने	milane
मिलियन	million
मिली	mili
मिलीमीटर	millimeter
मिले	mile
मिलें	milen
मिलेंगे	milenge
मिलेगी	milegi
मिलो	milo
मिल्क	milk
मिशन	mission
मिश्र	mishr
मिश्रा	mishra
मिश्रित	mishrit
मिष्ठान	mishthan
मिस	miss
मिसाल	misaal
मिस्टर	mister
मीटिंग	meeting
मीट्रिक	metric
मीठा	meetha
मीठे	mithe
मीडिया	media
मीणा	meena
मीना	mina
मीनाक्षी	minakshi
मीनू	minu
मीर	mir
मीरगंज	mirganj
मील	mil
मुंडा	munda
मुंडे	munde
मुंबई	mumbai
मुकदमा	mukadma
मुकदमों	mukadmon
मुकम्मल	mukammal
मुकर	mukar
मुकाबला	mukabala
मुकाबले	mukabale
मुकाबलों	mukabalon
मुकाम	mukam
मुकुंद	mukund
मुकुट	mukut
मुकुल	mukul
मुक्त	mukt
मुक्ति	mukti
मुख	mukh
मुखबिर	mukhbir
मुखर	mukhar
मुखर्जी	mukharji
मुखिया	mukhiya
मुखी	mukhi
मुख्यालय	mukhyalay
मुगल	mugal
मुजफ्फरनगर	mujaffarnagar
मुजफ्फरपुर	muzaffarpur
मुझसे	mujhase
मुझे	mujhe
मुड़	mud
मुद्दा	mudda
मुद्दे	mudde
मुद्दों	muddon
मुद्रा	mudra
मुनासिब	munasib
मुनि	muni
मुन्ना	munna
मुन्नी	munni
मुफ्त	muft
मुबारक	mubarak
मुमकिन	mumkin
मुमताज	mumtaj
मुरली	murali
मुराद	murad
मुरादनगर	muradnagar
मुरादाबाद	moradabad
मुर्गा	murga
मुर्गी	murgi
मुलाकात	mulakat
मुलाजिम	mulajim
मुलायम	mulayam
मुल्क	mulk
मुशर्रफ	musharraf
मुश्किल	mushkil
मुश्किलों	mushkilon
मुश्ताक	mushtak
मुसलमान	musalman
मुसलमानों	musalmanon
मुसीबत	musibat
मुस्तफा	mustafa
मुस्लिम	muslim
मुस्लिमों	muslimon
मुहम्मद	muhammad
मुहम्मदाबाद	muhammadabad
मुहर	muhar
मुहाने	muhane
मुहाल	muhal
मुहिम	muhim
मुहूर्त	muhurt
मुहैया	muhaiya
मूंगफली	mungfali
मूक	muk
मूर्त	moort
मूर्ति	murti
मूर्तियों	moortiyon
मूल्यांकन	mulyankan
मूल्यों	mulyon
मूवमेंट	movement
मूवी	movie
मूसलाधार	musladhar
मृत	mrut
मृतक	mrutak
मृत्यु	mrityu
में	mein
मेंबर	member
मेक	make
मेकिंग	making
मेघ	megh
मेघा	megha
मेज	mej
मेजर	major
मेटल	metal
मेट्रो	metro
मेडिकल	medical
मेडिसिन	medicine
मेडी	medi
मेधा	medha
मेधावी	medhavi
मेन	main
मेमोरियल	memorial
मेमोरी	memory
मेयर	mayor
मेरी	meri
मेरे	mere
मेल	mail
मेला	mela
मेले	mele
मेलों	melon
मेवात	mewat
मेहता	mehta
मेहनत	mehnat
मेहर	mehar
मेहरा	mehra
मैं	main
मैकेनिकल	mechanical
मैक्स	max
मैगजीन	magazine
मैच	match
मैचों	matchon
मैजिक	magic
मैडम	madam
मैत्री	maitri
मैथिली	maithili
मैथुन	maithun
मैदान	maidan
मैदानी	maidani
मैदानों	maidanon
मैनपुरी	mainpuri
मैनुअल	manual
मैनेज	manage
मैनेजमेंट	management
मैनेजर	manager
मैनेजिंग	managing
मैप	map
मैरिज	marriage
मॉडल	model
मॉल	mall
मोंगा	monga
मोक्ष	moksh
मोचन	mochan
मोटर	motor
मोटरसाइकिल	motorcycle
मोटर्स	motors
मोटा	mota
मोटापा	motapa
मोटी	moti
मोटे	mote
मोड़	mod
मोतियाबिंद	motiyabind
मोती	moti
मोतीलाल	motilal
मोदी	modi
मोना	mona
मोनिका	monica
मोबाइल	mobile
मोमबत्ती	mombatti
मोर	mor
मोर्चा	morcha
मोर्चे	morche
मोह	moh
मोहन	mohan
मोहब्बत	mohabbat
मोहम्मद	muhammad
मोहर	mohar
मोहल्ला	mohalla
मोहल्ले	mohalle
मोहा	moha
मोहाली	mohali
मोहित	mohit
मौका	mauka
मौखिक	maukhik
मौज	mauj
मौत	maut
मौतें	mauten
मौतों	mauton
मौदहा	maudha
मौन	maun
मौलवी	maulavi
मौलाना	maulana
मौसम	mausam
मौसमी	mausami
मौसी	mausi
म्यूजिक	music
म्यूजिकल	musical
यंग	young
यंत्र	yantra
यंत्रों	yantron
यकीन	yakeen
यजमान	yajmaan
यजुर्वेद	yajurveda
यज्ञ	yagya
यथा	yatha
यथावत	yathavat
यदाकदा	yadakada
यम	yam
यमुना	yamuna
यमुनोत्री	yamunotri
यशवंत	yashwant
यशोदा	yashoda
यह	yah
यहाँ	yahan
यहां	yahan
या	ya
याकूब	yakub
याचिका	yachika
यातायात	yatayat
यात्रा	yatra
यात्रियों	yatriyon
यात्री	yatri
याद	yaad
यादगार	yadgar
यादव	yadav
यादें	yaadein
यादों	yadon
यानी	yaani
यापन	yapan
यार्ड	yard
यीशु	yishu
युक्त	yukt
युग	yug
युगल	yugal
युद्ध	yudh
युद्धविराम	yudhviram
युवक	yuvak
युवकों	yuvakon
युवतियां	yuvtiyan
युवतियों	yuvtiyon
युवती	yuvti
युवराज	yuvraj
युवा	yuva
युवाओं	yuvaon
यूएस	us
यूएसए	usa
यूके	uk
यूजीसी	ugc
यूटी	ut
यूट्यूब	youtube
यूनाइटेड	united
यूनिट	unit
यूनिटों	uniton
यूनियन	union
यूनिवर्सिटी	university
यूपीए	upa
यूरिया	urea
यूसुफ	yusuf
ये	ye
योगदान	yogdan
योगी	yogi
योगेश	yogesh
योग्य	yogya
योग्यता	yogyata
योजना	yojana
योजनाओं	yojanaon
योजनाबद्ध	yojanabaddh
योद्धा	yoddha
योनि	yoni
यौन	yaun
रंग	rang
रंगबिरंगे	rangbirange
रंगभेद	rangbhed
रंगमंच	rangmanch
रंगा	ranga
रंगीन	rangeen
रंगे	range
रंगों	rangon
रंगोली	rangoli
रंजन	ranjan
रकम	rakam
रक्त	rakt
रक्तचाप	raktchaap
रक्तदान	raktdaan
रक्तरंजित	raktranjit
रक्षक	rakshak
रक्षकों	rakshakon
रक्षा	raksha
रक्षाबंधन	rakshabandhan
रखकर	rakhkar
रखता	rakhta
रखती	rakhti
रखते	rakhte
रखनी	rakhni
रखने	rakhne
रखरखाव	rakhrakhav
रखवाली	rakhvali
रखा	rakha
रखाव	rakhav
रखी	rakhi
रखे	rakhe
रखें	rakhen
रखेगा	rakhega
रघु	raghu
रघुनाथ	raghunath
रघुराज	raghuraj
रघुवंश	raghuvansh
रघुवंशी	raghuvanshi
रघुवीर	raghuvir
रचना	rachna
रचनाओं	rachnaon
रचनात्मक	rachnatmak
रचने	rachne
रचा	racha
रचित	rachit
रची	rachi
रजत	rajat
रजनी	rajani
रजनीकांत	rajnikant
रजनीश	rajnish
रजरप्पा	rajrappa
रजा	raja
रजिस्टर	register
रजिस्ट्री	registry
रण	ran
रणजी	ranji
रणजीत	ranjeet
रणदीप	randeep
रणनीति	ranniti
रणबीर	ranbir
रतन	ratan
रत्न	ratan
रथयात्रा	rathyatra
रद्द	radd
रनवे	runway
रनों	runon
रफ्तार	raftaar
रबी	rabi
रमजान	ramzan
रमण	raman
रमन	raman
रमा	rama
रमाकांत	ramakant
रमेश	ramesh
रवि	ravi
रविकांत	ravikant
रवींद्र	ravindra
रशीद	rashid
रश्मि	rashmi
रस	ras
रसूल	rasool
रसोईया	rasoiya
रस्म	rasm
रस्सी	rassi
रह	rah
रहकर	rahakar
रहता	rahata
रहन	rahan
रहना	rahana
रहने	rahane
रहा	raha
रहित	rahit
रही	rahi
रहीम	rahim
रहे	rahe
रहेगा	rahega
रांची	ranchi
राइट	right
राइफल	rifle
राइस	rice
राई	rai
राउत	raut
राक्षस	rakshas
रागिनी	ragini
राजकमल	rajkamal
राजकाज	rajkaj
राजकीय	rajkiya
राजकुमार	rajkumar
राजकुमारी	rajkumari
राजगुरु	rajguru
राजधानी	rajdhani
राजन	rajan
राजनेता	rajneta
राजनेताओं	rajnetaon
राजनैतिक	rajnaitik
राजपाल	rajpal
राजपुर	rajpur
राजपूत	rajput
राजभवन	rajbhavan
राजभाषा	rajbhasha
राजमहल	rajmahal
राजमार्ग	rajmarg
राजवंशी	rajvanshi
राजवीर	rajveer
राजस्थान	rajasthan
राजस्थानी	rajasthani
राजा	raja
राजाराम	rajaram
राजीव	rajiv
राजू	raju
राजेंद्र	rajendra
राजेश	rajesh
राजेश्वर	rajeshwar
राजेश्वरी	rajeshwari
राज्यपाल	rajyapal
राज्यमंत्री	rajyamantri
राज्यसभा	rajyasabha
राठी	rathi
राठौर	rathore
रात	raat
रातों	raaton
रात्रि	ratri
राधा	radha
राधाकृष्ण	radhakrishna
राधास्वामी	radhaswami
राधिका	radhika
रानी	rani
रानीखेत	ranikhet
रानीपुर	ranipur
राप्ती	rapti
राम	ram
रामकृष्ण	ramkrishna
रामगंगा	ramganga
रामगढ़	ramgarh
रामचंद्र	ramchandra
रामचरित	ramcharit
रामदेव	ramdev
रामनगर	ramnagar
रामनवमी	ramnavami
रामनाथ	ramnath
रामनिवास	ramnivas
रामपाल	rampal
रामपुरा	rampura
रामफल	ramfal
रामबाग	rambagh
रामलाल	ramlal
रामलीला	ramleela
रामविलास	ramvilas
रामा	rama
रामाधार	ramadhar
रामानंद	ramanand
रामानुज	ramanuj
रामेश्वर	rameshwar
राय	rai
रायपुर	raipur
रायबरेली	raebareli
रावत	rawat
रावल	rawal
रावी	ravi
राशनकार्ड	rationcard
राशिद	rashid
राष्ट्र	rashtra
राष्ट्रनिर्माण	rashtranirman
राष्ट्रपति	rashtrapati
राष्ट्रपिता	rashtrapita
राष्ट्रभाषा	rashtrabhasha
राष्ट्रव्यापी	rashtravyapi
रास	raas
रास्ता	rasta
रास्ते	raste
रास्तों	raston
राह	raah
राहत	rahat
राही	rahi
राहुल	rahul
रिंकी	rinky
रिंग	ring
रिंगटोन	ringtone
रिकवरी	recovery
रिकार्ड	record
रिकॉर्ड	record
रिक्त	rikt
रिक्शा	riksha
रिचा	richa
रिजर्व	reserve
रिजर्वेशन	reservation
रिजवान	rizwan
रिटर्न	return
रिटायर्ड	retired
रितेश	ritesh
रिपोर्ट	report
रिपोर्टर	reporter
रिफाइनरी	refinery
रिबन	ribbon
रिमझिम	rimjhim
रियल	real
रियाज	riyaj
रियायत	riyayat
रियासत	riyasat
रिलायंस	reliance
रिलीज	release
रिले	relay
रिश्ता	rishta
रिश्तेदार	rishtedaar
रिश्वत	rishwat
रिसर्च	research
रिसोर्स	resource
रिहर्सल	rehearsal
रिहा	riha
रीडर	reader
रीति	reeti
रीना	rina
रीमा	reema
रुक	ruk
रुकने	rukne
रुका	rooka
रुकावट	rukavat
रुके	ruke
रुख	rukh
रुचि	ruchi
रुद्र	rudra
रुद्रप्रयाग	rudraprayag
रुद्राक्ष	rudraksh
रुपए	rupaye
रुपये	rupaye
रुपयों	rupayon
रूक	ruk
रूख	rukh
रूचि	ruchi
रूप	roop
रूपये	rupaye
रूपरेखा	ruprekha
रूपा	rupa
रूबरू	rubaru
रूबी	rubi
रूम	room
रूरा	rura
रूस	rus
रेंज	range
रेकी	reki
रेखा	rekha
रेजीमेंट	regiment
रेड	red
रेडियो	radio
रेड्डी	reddy
रेणुका	renuka
रेतकर	retkar
रेन	rain
रेनू	renu
रेफर	refer
रेफरल	referral
रेफरी	referee
रेल	rail
रेलमार्ग	railmarg
रेलवे	railway
रेलिंग	railing
रेवती	revati
रेशम	resham
रेशमा	reshma
रेसिपी	recipe
रेस्टोरेंट	restaurant
रेहान	rehan
रैंक	rank
रैकेट	racket
रैन	rain
रैना	raina
रैपिड	rapid
रैली	rally
रॉड	rod
रॉय	roy
रोक	rok
रोकते	rokate
रोकथाम	roktham
रोकना	rokana
रोकने	rokane
रोका	roka
रोकी	roki
रोके	roke
रोग	rog
रोगन	rogan
रोगियों	rogiyon
रोगी	rogi
रोगों	rogon
रोचक	rochak
रोज	roj
रोजगार	rojgar
रोजमर्रा	rojmara
रोजा	roja
रोटरी	rotary
रोटी	roti
रोड	road
रोते	rote
रोधी	rodhi
रोना	rona
रोने	rone
रोपण	ropan
रोपनी	ropani
रोपवे	ropeway
रोमांस	romance
रोल	roll
रोशन	roshan
रोशनी	roshani
रोष	rosh
रोहतक	rohtak
रोहतास	rohtas
रोहन	rohan
रोहिणी	rohini
रोहित	rohit
रौतेला	rautela
रौनक	raunak
लंका	lanka
लंदन	london
लंबा	lamba
लंबित	lambit
लकड़ी	lakadi
लकी	laki
लक्षण	lakshan
लक्ष्मण	lakshman
लक्ष्मी	lakshmi
लक्ष्मीकांत	lakshmikant
लक्ष्मीनारायण	lakshminarayan
लक्ष्मीपुर	lakshmipur
लक्ष्मीबाई	lakshmibai
लखन	lakhan
लखनऊ	lucknow
लखीमपुर	lakhimpur
लगकर	lagkar
लगता	lagta
लगती	lagti
लगन	lagan
लगभग	lagbhag
लगवाया	lagwaya
लगाए	lagaye
लगाएगा	lagayega
लगाता	lagata
लगातार	lagatar
लगाती	lagati
लगाते	lagate
लगान	lagan
लगाना	lagana
लगानी	lagani
लगाने	lagane
लगाम	lagam
लगाया	lagaya
लगायी	lagayi
लगाये	lagaye
लगाव	lagav
लगी	lagi
लगे	lage
लगेंगी	lagengi
लगेंगे	lagenge
लघु	laghu
लचर	lachar
लटक	latak
लटका	latka
लटके	latke
लड़कियों	ladkiyon
लड़ाकू	ladaku
लड्डू	laddu
लता	lata
लदा	lada
लद्दाख	ladakh
लपेट	lapet
ललित	lalit
ललितपुर	lalitpur
ललिता	lalita
लव	love
लवली	lovely
लहर	lahar
लहराते	lahrate
लहूलुहान	lahuluhan
लांग	lang
लांच	launch
लाइंस	lines
लाइक	like
लाइट	light
लाइन	line
लाइनमैन	lineman
लाइनों	lainon
लाइफ	life
लाइब्रेरी	library
लाइसेंस	licence
लाइसेंसी	licency
लाई	lie
लाईट	light
लाउडस्पीकर	loudspeaker
लाए	lae
लाएं	laen
लाकर	laakar
लाख	lakh
लाखों	lakhon
लागत	laagat
लाचार	lachar
लाज	laaj
लाटरी	lottery
लाठी	lathi
लाडली	ladali
लात	laat
लाद	laad
लाना	lana
लापता	lapata
लापरवाही	laparvahi
लाफ	laugh
लाभ	labh
लाभकारी	labhkari
लाभदायक	labhdayak
लाभांवित	labhanvit
लाभान्वित	labhanvit
लाभार्थियों	labharthiyon
लाभार्थी	labharthi
लामा	lama
लायक	layak
लायन	lion
लाया	laya
लाये	laye
लार	lar
लाल	lal
लालगंज	lalganj
लालच	lalach
लालचंद	lalchand
लालटेन	lalten
लाला	lala
लाली	lali
लालू	lalu
लावा	lava
लावारिस	lavaris
लाश	lash
लाहौर	lahaur
लिंक	link
लिंग	ling
लिए	liye
लिख	likh
लिखना	likhana
लिखा	likha
लिखाई	likhai
लिखित	likhit
लिखी	likhi
लिखे	likhe
लिटिल	little
लिपिक	lipik
लिप्त	lipt
लिफ्ट	lift
लिमिटेड	limited
लिया	liya
लियाकत	liyakat
लिविंग	living
लिस्ट	list
लिहाज	lihaj
ली	lee
लीक	leak
लीकेज	leakage
लीग	league
लीची	lichi
लीजिए	lijiye
लीटर	litre
लीड	lead
लीला	leela
लीलाओं	leelaon
लीलावती	lilavati
लीवर	liver
लुक	look
लुकाछिपी	lukachipi
लुटेरा	lutera
लुटेरों	luteron
लुधियाना	ludhiana
लुप्त	lupt
लुभाने	lubhane
लूटपाट	lootpaat
लूटा	luta
लूटी	luti
ले	le
लेंगे	lenge
लेकर	lekar
लेकिन	lekin
लेख	lekh
लेखक	lekhak
लेखन	lekhan
लेखराज	lekhraj
लेखा	lekha
लेखाकार	lekhakar
लेगी	legi
लेट	late
लेडी	lady
लेता	leta
लेते	lete
लेन	len
लेनदेन	lenden
लेना	lena
लेनी	leni
लेने	lene
लेफ्टिनेंट	lieutenant
लेबर	labour
लेवल	level
लेवी	levi
लेह	leh
लैंड	land
लैंडिंग	landing
लैपटॉप	laptop
लैब	lab
लैला	laila
लॉक	lock
लॉकर	locker
लॉज	lodge
लॉन्ग	long
लो	lo
लोक	lok
लोकगीत	lokgeet
लोकतंत्र	loktantra
लोकदल	lokdal
लोकनृत्य	loknritya
लोकपाल	lokpal
लोकप्रिय	lokpriy
लोकप्रियता	lokpriyata
लोकल	local
लोकलुभावन	loklubhavan
लोकसभा	loksabha
लोकार्पण	lokarpan
लोकेशन	location
लोको	loko
लोचन	lochan
लोड	load
लोधी	lodhi
लोन	loan
लोनी	loni
लोभ	lobh
लोहा	loha
लोहार	lohar
लोहिया	lohiya
लोहे	lohe
लौट	laut
लौटकर	lautkar
लौटते	lautate
लौटना	lautana
लौटने	lautane
लौटा	lauta
लौटाने	lautane
लौटे	laute
वंदना	vandana
वंशावली	vanshavali
वकालत	vakalat
वकील	vakil
वकीलों	vakilon
वक्त	waqt
वक्ता	vakta
वक्ताओं	vaktaon
वगैरह	vagairah
वचन	vachan
वजन	vajan
वजह	vajah
वजीर	wazir
वजीरगंज	wazirganj
वतन	vatan
वत्स	vats
वधू	vadhu
वनडे	oneday
वनस्पति	vanspati
वनों	vanon
वन्य	vanya
वर	var
वरदान	vardan
वरन	varan
वरना	varna
वरिष्ठ	varishth
वरिष्ठता	varishthta
वरीयता	variyata
वरुण	varun
वर्क	work
वर्कशॉप	workshop
वर्क्स	works
वर्ग	varg
वर्गों	vargon
वर्चस्व	varchasva
वर्चुअल	virtual
वर्जित	varjit
वर्जिन	virgin
वर्ड	word
वर्णन	varnan
वर्णमाला	varnmala
वर्तक	vartak
वर्दी	vardi
वर्धक	vardhak
वर्मा	verma
वर्ल्ड	world
वर्ष	varsh
वर्षों	varshon
वल्लभ	vallabh
वशिष्ठ	vashishth
वसंत	vasant
वसुंधरा	vasundhara
वसूल	vasul
वसूला	vasula
वसूली	vasuli
वस्तु	vastu
वस्तुओं	vastuon
वस्तुनिष्ठ	vastunishth
वस्त्र	vastra
वस्त्रों	vastron
वह	vah
वहां	vahan
वही	vahi
वाईफाई	wifi
वाचक	vachak
वाजिद	wajid
वाटिका	vatika
वाणी	vani
वातानुकूलित	vatanukulit
वातावरण	vatavaran
वादन	vadan
वादविवाद	vadvivad
वादे	vaade
वादों	vadon
वाद्य	vadhya
वानिकी	vaniki
वापस	wapas
वापिस	wapis
वायदा	vayada
वायदे	vayade
वायर	wire
वायरल	viral
वायरस	virus
वायु	vayu
वायुसेना	vayusena
वार	war
वारंट	warrant
वारंटियों	warrantiyon
वारंटी	warranty
वारसी	varsi
वाराणसी	varanasi
वार्ड	ward
वार्डो	wardo
वार्ता	varta
वार्मअप	warmup
वाला	wala
वालिया	walia
वाली	wali
वाले	wale
वालो	walo
वालों	walon
वाल्मीकि	valmiki
वास	vaas
वासी	vasi
वासुदेव	vasudev
वास्तव	vastav
वास्ता	vasta
वाह	wah
वाहक	vahak
वाहन	wahan
वाहनों	vahanon
वाहिनी	vahini
विंग	wing
विंडो	window
विकराल	vikaral
विकलांग	viklang
विकलांगता	viklangata
विकसित	viksit
विकास	vikas
विकेटकीपर	wicketkeeper
विक्की	vicky
विक्रम	vikram
विक्रमादित्य	vikramaditya
विक्रय	vikraya
विक्रांत	vikrant
विक्रेता	vikreta
विक्रेताओं	vikretaon
विक्षत	vikshat
विक्षिप्त	vikshipt
विक्षोभ	vikshobh
विख्यात	vikhyat
विगत	vigat
विचरण	vicharan
विचार	vichar
विचारधारा	vichardhara
विचाराधीन	vicharadhin
विचारों	vicharon
विज	vij
विजय	vijay
विजया	vijaya
विजेंद्र	vijendra
विजेता	vijeta
विजेताओं	vijetaon
विज्ञप्ति	vigyapti
विज्ञापन	vigyapan
विटामिन	vitamin
वितरक	vitrak
वितरण	vitaran
वितरित	vitarit
वित्त	vitt
वित्तमंत्री	vittamantri
विदर्भ	vidarbh
विदा	vida
विदाई	vidai
विदित	vidit
विदेश	videsh
विदेशी	videshi
विदेशों	videshon
विद्यार्थी	vidyarthi
विद्यालय	vidyalay
विद्यासागर	vidyasagar
विद्युत	vidyut
विधवा	vidhva
विधवाओं	vidhvaon
विधा	vidha
विधान	vidhan
विधानसभा	vidhansabha
विधायक	vidhayak
विधायकों	vidhayakon
विधि	vidhi
विधिक	vidhik
विधिविधान	vidhividhaan
विधेयक	vidheyak
विनय	vinay
विनायक	vinayak
विनाश	vinash
विनीता	vinita
विनोद	vinod
विपक्ष	vipaksh
विपक्षियों	vipakshiyon
विपक्षी	vipakshi
विपुल	vipul
विफल	vifal
विफलता	vifalta
विभाग	vibhag
विभागीय	vibhagiy
विभागों	vibhagon
विभाजन	vibhajan
विभाजित	vibhajit
विभिन्न	vibhinn
विभूति	vibhuti
विमल	vimal
विमान	viman
विमोचन	vimochan
विरत	virat
विराजमान	virajman
विराट	virat
विराम	viram
विरासत	virasat
विरुद्ध	viruddh
विरेंद्र	virendra
विरोधी	virodhi
विल	will
विलंब	vilamb
विलास	vilas
विलीन	vilin
विलुप्त	vilupta
विलेज	village
विवरण	vivaran
विवश	vivash
विवाद	vivad
विवादित	vivadit
विवादों	vivadon
विवाह	vivah
विवाहित	vivahit
विवाहिता	vivahita
विविधता	vividhata
विवेक	vivek
विवेकानंद	vivekanand
विवेचना	vivechana
विशाल	vishal
विशिष्ट	vishisht
विशुनपुर	vishunpur
विशेष	vishesh
विशेषज्ञ	visheshagya
विशेषज्ञों	visheshagyon
विश्राम	vishram
विश्वकर्मा	vishwakarma
विश्वकल्याण	vishwakalyan
विश्वनाथ	vishwanath
विश्वविद्यालयों	vishwavidyalayon
विश्वामित्र	vishvamitra
विश्वास	vishvas
विषम	visham
विषय	vishay
विषयों	vishayon
विषाक्त	vishakta
विसंगति	visangati
विसंगतियों	visangatiyon
विसर्जन	visarjan
विसर्जित	visarjit
विस्तारपूर्वक	vistarpurvak
विस्थापन	visthapan
विस्थापित	visthapit
विस्फोट	visfot
विहार	vihar
विहीन	vihin
वीजा	visa
वीडियो	video
वीडियोग्राफी	videography
वीणा	veena
वीना	veena
वीर	veer
वीरता	veerta
वीरभद्र	veerbhadra
वीरेंद्र	virendra
वृंदावन	vrindavan
वृक्ष	vriksh
वृक्षारोपण	vruksharopan
वृक्षों	vrukshon
वृद्ध	vridh
वृद्धावस्था	vridhavastha
वृद्धि	vriddhi
वृहद	vrihad
वेंकटेश	venkatesh
वेटिंग	waiting
वेतन	vetan
वेब	web
वेबसाइट	website
वेयर	wear
वेल	well
वेलफेयर	welfare
वेलेंटाइन	valentine
वेलेस	veles
वेव	wave
वेशभूषा	veshbhusha
वेस्टर्न	western
वैक्सीन	waxin
वैगन	wagon
वैट	vat
वैदिक	vaidik
वैद्य	vaidya
वैद्यनाथ	vaidyanath
वैध	vaidh
वैन	van
वैभव	vaibhav
वैलेंटाइन	valentine
वैल्यू	value
वैवाहिक	vaivahik
वैशाली	vaishali
वैश्य	vaishya
वैश्विक	vaishvik
वैसा	vaisa
वैसी	vaisi
वैसे	waise
वॉक	walk
वॉर	war
वॉल	wall
वो	vo
वोट	vote
वोटिंग	voting
वोटों	voton
वोदका	vodka
वोन	von
वोल्ट	volt
वोल्टेज	voltage
वोहरा	vohra
व्यंग्य	vyangya
व्यंजन	vyanjan
व्यंजनों	vyanjanon
व्यक्त	vyakt
व्यक्ति	vyakti
व्यक्तियों	vyaktiyon
व्यथा	vyatha
व्यय	vyay
व्यर्थ	vyarth
व्यवसायिक	vyavsayik
व्यवसायी	vyavasayi
व्यवस्था	vyavastha
व्यवस्थाओं	vyavasthaon
व्यवस्थापकों	vyavasthapakon
व्यवस्थित	vyavasthit
व्यवहारिक	vyavaharik
व्यस्त	vyast
व्यस्तता	vyastata
व्याख्या	vyakhya
व्याख्यान	vyakhyan
व्यापार	vyapar
व्यापारिक	vyaparik
व्यापारियों	vyapariyon
व्यापारी	vyapari
व्यापी	vyapi
व्याप्त	vyapt
व्यायाम	vyayam
व्यास	vyas
व्रत	vrat
व्लादीमीर	vladimir
व्हाट	what
व्हाट्सएप	whatsapp
व्हीकल	vehicle
व्हील	wheel
व्हेन	when
व्हेल	whale
शंकर	shankar
शंका	shanka
शंख	shankh
शक्ति	shakti
शक्तिपीठ	shaktipeeth
शक्तियों	shaktiyon
शक्तिशाली	shaktishali
शक्ल	shakl
शख्स	shakhs
शटर	shutter
शतक	shatak
शतरंज	shatranj
शताब्दी	shatabdi
शत्रु	shatru
शत्रुघ्न	shatrughan
शनि	shani
शनिदेव	shanidev
शपथ	shapath
शबनम	shabnam
शब्द	shabd
शब्दों	shabdon
शब्बीर	shabbir
शमशाबाद	shamshabad
शमशेर	shamsher
शम्मी	shammi
शरण	sharan
शरद	sharad
शरीफ	sharif
शर्ट	shirt
शर्त	shart
शर्म	sharm
शर्मनाक	sharmnak
शर्मा	sharma
शर्मिला	sharmila
शव	shav
शवों	shavon
शशि	shashi
शशी	shashi
शस्त्रों	shastron
शहजादपुर	shahzadpur
शहद	shehad
शहरों	shahron
शहाबुद्दीन	shahabuddin
शहीदों	shahidon
शांत	shant
शांति	shanti
शांतिपूर्ण	shantipurn
शांतिपूर्वक	shantipurvak
शांती	shanti
शाक्य	shakya
शाखा	shakha
शाखाओं	shakhaon
शादियों	shaadiyon
शादी	shaadi
शान	shan
शानदार	shandar
शाम	sham
शामली	shamali
शामिल	shamil
शायद	shayad
शायर	shayar
शायरी	shayari
शारदा	sharda
शारीरिक	sharirik
शाल	shal
शालिनी	shalini
शाली	shali
शालू	shalu
शासन	shasan
शासनकाल	shasankal
शास्त्र	shastra
शास्त्री	shastri
शास्त्रीय	shastriya
शास्त्रों	shastron
शाह	shah
शाहगंज	shahganj
शाहजहांपुर	shahjahanpur
शाहदरा	shahdara
शाहरुख	shahrukh
शाहाबाद	shahabad
शाहिद	shahid
शाही	shahi
शिअद	shiad
शिकंजा	shikanja
शिकंजे	shikanje
शिकस्त	shikast
शिकायत	shikayat
शिकायती	shikayati
शिकायतें	shikayten
शिकायतों	shikayaton
शिकार	shikar
शिकारपुर	shikarpur
शिकारियों	shikariyon
शिकारी	shikari
शिकोहाबाद	shikohabad
शिक्षक	shikshak
शिक्षकों	shikshakon
शिक्षण	shikshan
शिक्षा	shiksha
शिक्षाविद्	shikshavid
शिक्षिका	shikshika
शिक्षित	shikshit
शिखर	shikhar
शिखा	shikha
शिथिलता	shithilata
शिबू	shibu
शिमला	shimla
शिया	shiya
शिरकत	shirkat
शिरडी	shirdi
शिरोमणि	shiromani
शिला	shila
शिलान्यास	shilanyas
शिल्प	shilp
शिल्पा	shilpa
शिल्पी	shilpi
शिव	shiv
शिवजी	shivji
शिवनाथ	shivnath
शिवपाल	shivpal
शिवपुरी	shivpuri
शिवप्रसाद	shivprasad
शिवभक्त	shivbhakt
शिवराज	shivraj
शिवरात्रि	shivratri
शिवलिंग	shivling
शिवशंकर	shivshankar
शिवसेना	shivsena
शिवा	shiva
शिवाजी	shivaji
शिवानी	shivani
शिवाला	shivala
शिवालिक	shivalik
शिविर	shivir
शिविरों	shiviron
शिवेंद्र	shivendra
शिशु	shishu
शिशुओं	shishuon
शिशुपाल	shishupal
शिष्य	shishya
शिष्यों	shishyon
शीट	sheet
शीतकालीन	shitkalin
शीतल	sheetal
शीर्ष	shirsh
शीला	sheela
शील्ड	shild
शीश	shish
शीशा	shisha
शीशे	shishe
शुक्र	shukra
शुक्ला	shukla
शुगर	sugar
शुदा	shuda
शुद्ध	shuddh
शुद्धता	shuddhata
शुद्धि	shuddhi
शुद्धिकरण	shuddhikaran
शुद्र	shudra
शुभ	shubh
शुमार	shumaar
शुरु	shuru
शुरुआत	shuruaat
शुरुआती	shuruaati
शुरू	shuru
शुरूआत	shuruaat
शुल्क	shulk
शूट	shoot
शूटर	shooter
शूटिंग	shooting
शून्य	shuny
शेक	shake
शेख	sheikh
शेखर	shekhar
शेयर	share
शेर	sher
शेष	shesh
शैक्षणिक	shaikshanik
शैक्षिक	shaikshik
शैलेश	shailesh
शॉट	shot
शॉप	shop
शॉपिंग	shopping
शो	show
शोक	shok
शोध	shodh
शोभायात्रा	shobhayatra
शोर	shor
शोरगुल	shorgul
शोले	sholay
शोषण	shoshan
शौक	shauk
शौकत	shaukat
शौकीन	shaukeen
शौच	shauch
शौचालय	shauchalaya
शौचालयों	shauchalayon
शौर्य	shaurya
श्याम	shyam
श्यामा	shyama
श्रद्धा	shraddha
श्रद्धांजलि	shraddhanjali
श्रद्धालु	shraddhalu
श्रम	shram
श्रमिक	shramik
श्रमिकों	shramikon
श्रवण	shravan
श्राद्ध	shraddh
श्री	shri
श्रीकांत	shrikant
श्रीकृष्ण	shrikrishan
श्रीगणेश	shriganesh
श्रीधर	shridhar
श्रीनगर	srinagar
श्रीभगवान	shribhagwan
श्रीमती	shrimati
श्रीमद्भागवत	shrimadbhagwat
श्रीलंका	srilanka
श्रुति	shruti
श्रृंखला	shrinkhala
श्रृंग	shring
श्रृंगार	shringar
श्रेणियों	shreniyon
श्रेणी	shreni
श्रेय	shrey
श्रेया	shreya
श्रेष्ठ	shreshth
श्रॉफ	shroff
श्लोक	shlok
श्वेत	shwet
श्वेता	shweta
षडयंत्र	shadyantra
षड्यंत्र	shadyantra
संकट	sankat
संकलन	sankalan
संकल्प	sankalp
संकाय	sankay
संकीर्तन	sankirtan
संकुल	sankul
संकेत	sanket
संकेतों	sanketon
संक्रमण	sankraman
संक्रमित	sankramit
संक्षिप्त	sankshipt
संख्या	sankhya
संग	sang
संगठन	sangathan
संगठित	sangathit
संगत	sangat
संगम	sangam
संगीत	sangeet
संगीता	sangeeta
संगोष्ठी	sangoshthi
संग्रहण	sangrahan
संग्राम	sangram
संग्रामपुर	sangrampur
संघ	sangh
संघर्ष	sangharsh
संघर्षरत	sangharshrat
संघों	sanghon
संचलन	sanchalan
संचालक	sanchalak
संचालकों	sanchalakon
संचालिका	sanchalika
संचालित	sanchalit
संजना	sanjana
संजीव	sanjeev
संजीवनी	sanjivani
संज्ञा	sangya
संज्ञान	sangyan
संडे	sunday
संत	sant
संतान	santan
संताल	santal
संतुलन	santulan
संतुलित	santulit
संतुष्ट	santusht
संतुष्टि	santushti
संतों	santon
संतोष	santosh
संतोषजनक	santoshjanak
संतोषी	santoshi
संदिग्ध	sandigdh
संदिग्धों	sandigdhon
संदेश	sandesh
संदेह	sandeh
संदेहास्पद	sandehaspad
संध्या	sandhya
संपत्तियों	sampattiyon
संपदा	sampada
संपन्न	sampann
संपर्क	sampark
संपादक	sampadak
संपादित	sampadit
संपूर्ण	sampuran
संबंध	sambandh
संबंधित	sambandhit
संबंधियों	sambandhiyon
संबंधी	sambandhi
संबंधों	sambandhon
संबद्ध	sambaddh
संबद्धता	sambaddhta
संबधी	sambadhi
संबोधन	sambodhan
संबोधित	sambodhit
संभव	sambhav
संभवत	sambhavat
संभाग	sambhag
संभाल	sambhal
संभालते	sambhalte
संभाला	sambhala
संभाली	sambhali
संभावनाएं	sambhavnayen
संभावनाओं	sambhavnaon
संभावित	sambhavit
संभोग	sambhog
संयंत्र	sanyantr
संयम	sanyam
संयोग	sanyog
संरक्षक	sanrakshak
संरक्षण	sanrakshan
संरक्षित	sanrakshit
संरचना	sanrachana
संवर्ग	samvarg
संवर्धन	sanvardhan
संवेदक	sanvedak
संवेदकों	sanvedakon
संवेदनशील	sanvedanshil
संवेदनशीलता	sanvedanshilata
संवेदना	sanvedna
संशोधन	sanshodhan
संशोधित	sanshodhit
संसद	sansad
संसदीय	sansadiy
संसाधन	sansadhan
संसाधनों	sansadhanon
संसार	sansar
संस्कृति	sanskriti
संस्था	sanstha
संस्थाओं	sansthaon
संस्थागत	sansthagat
संस्थान	sansthan
संस्थानों	sansthanon
संस्थापक	sansthapak
संहिता	sanhita
सईद	said
सऊदी	saudi
सक	sak
सकता	sakta
सकती	sakti
सकते	sakte
सकरी	sakri
सका	saka
सकारात्मक	sakaratmak
सकी	saki
सकीं	sakin
सकुशल	sakushal
सके	sake
सकें	saken
सकेंगे	sakenge
सकेगा	sakega
सकेगी	sakegi
सक्रिय	sakriy
सक्रियता	sakriyata
सक्षम	saksham
सख्त	sakht
सख्ती	sakhti
सगे	sage
सच	sach
सचल	sachal
सचिन	sachin
सचिव	sachiv
सचिवालय	sachivalay
सचिवों	sachivon
सचेत	sachet
सच्चाई	sacchai
सच्ची	sacchi
सच्चे	sacche
सजा	saja
सजाई	sajai
सजाने	sajane
सजाया	sajaya
सजावट	sajavat
सजी	saji
सजे	saje
सज्जन	sajjan
सटा	sata
सटी	sati
सटीक	satik
सट्टा	satta
सड़क	sadak
सड़कों	sadkon
सतह	satah
सती	sati
सतीश	satish
सत्कार	satkar
सत्ता	satta
सत्ताधारी	sattadhari
सत्य	satya
सत्यता	satyata
सत्यप्रकाश	satyaprakash
सत्यम	satyam
सत्याग्रह	satyagrah
सत्यापन	satyapan
सत्यापित	satyapit
सत्र	satra
सत्रह	satrah
सत्व	satva
सत्संग	satsang
सदन	sadan
सदमे	sadme
सदर	sadar
सदस्य	sadasy
सदस्यता	sadasyata
सदस्या	sadasya
सदस्यों	sadasyon
सदा	sada
सदियों	sadiyon
सदी	sadi
सदुपयोग	sadupayog
सदैव	sadaiv
सद्दाम	saddam
सद्भाव	sadbhav
सन	sun
सनसनी	sansani
सनातन	sanatan
सन्डे	sunday
सन्नी	sunny
सन्यासी	sanyasi
सपना	sapna
सपनों	sapnon
सपा	sapa
सप्ताह	saptah
सप्लाई	supply
सफदरजंग	safdarjung
सफर	safar
सफल	safal
सफलता	safalta
सफलतापूर्वक	safaltapoorvak
सफाई	safai
सफाया	safaya
सफारी	safari
सफेद	safed
सबक	sabak
सबकी	sabki
सबकुछ	sabkuch
सबके	sabke
सबको	sabko
सबने	sabne
सबवे	subway
सबसे	sabse
सबूत	saboot
सबूतों	sabooton
सब्जियों	sabjiyon
सब्जी	sabji
सब्सिडी	subsidy
सभा	sabha
सभाओं	sabhaon
सभागार	sabhagar
सभापति	sabhapati
सभी	sabhi
सभ्य	sabhya
सम	sam
समक्ष	samaksh
समग्र	samgra
समझ	samajh
समझकर	samjhkar
समझते	samajhte
समझना	samajhna
समझने	samajhne
समझा	samjha
समझाते	samjhate
समझाने	samjhane
समझाया	samjhaya
समझी	samjhi
समझे	samjhe
समझें	samjhen
समझौता	samjhauta
समतल	samtal
समता	samta
समद	samad
समय	samay
समयबद्ध	samaybaddh
समर	summer
समर्थ	samarth
समर्थक	samarthak
समर्थकों	samarthakon
समर्थन	samarthan
समर्पण	samarpan
समर्पित	samarpit
समस्त	samast
समस्तीपुर	samastipur
समस्या	samasya
समस्याएं	samasyaen
समस्याओं	samasyaon
समा	sama
समागम	samagam
समाचार	samachar
समाज	samaj
समाजवादी	samajwadi
समाजशास्त्र	samajshastra
समाजसेवा	samajseva
समाजसेवियों	samajseviyon
समाजसेवी	samajsevi
समान	samaan
समानता	samaanta
समानार्थक	samanarthak
समापन	samapan
समाप्त	samapt
समाप्ति	samapti
समायोजन	samayojan
समायोजित	samayojit
समारोह	samaroh
समावेश	samavesh
समास	samas
समाहित	samahit
समिति	samiti
समितियों	samitiyon
समीकरण	samikaran
समीक्षा	samiksha
समीप	sameep
समीर	sameer
समुचित	samuchit
समुदाय	samuday
समुदायों	samudayon
समुद्र	samudra
समूचे	samooche
समृद्ध	samriddha
समृद्धि	samriddhi
समेकित	samekit
समेट	samet
समेत	samet
सम्पन्न	sampanna
सम्पूर्ण	sampoorn
सम्मति	sammati
सम्मान	samman
सम्मानित	sammanit
सम्मिलित	sammilit
सम्मुख	sammukh
सम्मेलन	sammelan
सम्राट	samrat
सर	sir
सरंक्षण	sanrakshan
सरकाघाट	sarkaghat
सरकारी	sarkari
सरदार	sardar
सरधना	sardhana
सरपंच	sarpanch
सरफराज	sarfaraz
सरबजीत	sarabjit
सरल	saral
सरला	sarla
सरस्वती	saraswati
सरहद	sarhad
सराफा	sarafa
सराय	saray
सराहना	sarahana
सरिता	sarita
सरोकार	sarokaar
सरोज	saroj
सरोवर	sarovar
सर्कल	circle
सर्कस	circus
सर्किट	circuit
सर्किल	circle
सर्च	search
सर्जन	surgeon
सर्जरी	surgery
सर्टिफिकेट	certificate
सर्दियों	sardiyon
सर्दी	sardi
सर्प	sarp
सर्वप्रथम	sarvapratham
सर्वर	server
सर्वश्रेष्ठ	sarvshreshth
सर्वाधिक	sarvadhik
सर्विलांस	surveillance
सर्विस	service
सर्विसेज	services
सर्वे	survey
सर्वेक्षण	sarvekshan
सर्वोत्तम	sarvottam
सर्वोपरि	sarvopari
सलमा	salma
सलमान	salman
सलाद	salad
सलाम	salam
सलामी	salami
सलाह	salah
सलीम	salim
सलूजा	saluja
सलोनी	saloni
सवारियां	sawariyan
सवारी	sawari
सशक्त	sashakt
सशस्त्र	sashastra
ससुर	sasur
ससुराल	sasural
सस्ता	sasta
सस्ती	sasti
सस्ते	saste
सस्पेंड	suspend
सहकारिता	sahkarita
सहकारी	sahkari
सहज	sahaj
सहन	sahan
सहनिर्माता	sahnirmata
सहनी	sahani
सहभागिता	sahbhagita
सहमत	sahmat
सहमति	sahmati
सहयोग	sahyog
सहयोगियों	sahyogiyon
सहयोगी	sahyogi
सहसवान	sahaswan
सहानुभूति	sahanubhuti
सहाय	sahay
सहायक	sahayak
सहायकों	sahayakon
सहायता	sahayata
सहायिका	sahayika
सहारनपुर	saharanpur
सहारा	sahara
सहारे	sahare
सहित	sahit
सहेली	saheli
सांझ	sanjh
सांत्वना	santvana
सांप	saamp
सांपला	sampala
सांबा	samba
सांस	sans
सांसद	sansad
सांसदों	sansadon
सांसारिक	sansarik
साइंटिस्ट्स	scientists
साइंस	science
साइकिल	cycle
साइक्लिंग	cycling
साइज	size
साइट	site
साइड	side
साइन	sign
साइबर	cyber
साउंड	sound
साउथ	south
साकार	sakar
साकेत	saket
साक्षर	sakshar
साक्षरता	saksharta
साक्षात्कार	sakshatkar
साक्षी	sakshi
साक्ष्य	sakshya
साक्ष्यों	sakshyon
साख	sakh
साग	sag
सागर	sagar
साजिद	sajid
साजिश	sajish
साझा	sajha
साठ	sath
साढ़े	sadhe
सात	saat
सातों	saton
साथ	saath
साथियों	sathiyon
साथी	sathi
सादगी	sadagi
सादा	sada
सादिक	sadik
सादे	sade
साध	sadh
साधक	sadhak
साधकों	sadhkon
साधन	sadhan
साधना	sadhna
साधने	sadhne
साधनों	sadhanon
साधारण	sadharan
साधु	sadhu
साधू	sadhu
साधे	sadhe
साध्वी	sadhvi
सानिध्य	sanidhy
सापेक्ष	sapeksh
साप्ताहिक	saptahik
साफ	saaf
साबुन	sabun
सामंत	samant
सामग्रियों	samagriyon
सामग्री	samagri
सामना	samna
सामने	samne
सामवेद	samved
सामाजिक	samajik
सामान	saman
सामानों	samanon
सामान्य	samanya
सामुदायिक	samudayik
सामूहिक	samuhik
साम्प्रदायिक	sampradayik
साम्राज्य	samrajya
सायंकाल	sayankal
साया	saya
सारण	saran
सारथी	sarathi
सारनाथ	sarnath
सारा	sara
सारिका	sarika
सारी	sari
सार्थक	sarthak
सार्वजनिक	sarvajanik
साल	saal
साला	sala
सालाना	salana
साले	sale
सालों	saalon
सावधान	savdhan
सावधानी	savdhani
सावन	savan
सावित्री	savitri
सास	saas
सासनी	sasani
साहनी	sahni
साहस	sahas
साहित्य	sahitya
साहित्यकार	sahityakar
साहित्यकारों	sahityakaron
साहित्यिक	sahityik
साहिब	sahib
साहिबाबाद	sahibabad
साहिल	sahil
साही	sahi
साहु	sahu
साहू	sahu
साहेब	saheb
सिंगल	single
सिंघल	singhal
सिंचाई	sinchai
सिंथेटिक	synthetic
सिंधु	sindhu
सिकंदर	sikandar
सिकंदराबाद	secunderabad
सिक्का	sikka
सिक्किम	sikkim
सिक्के	sikke
सिक्ख	sikh
सिक्योरिटी	security
सिख	sikh
सिखाने	sikhane
सिखाया	sikhaya
सिखों	sikhon
सिगरेट	cigarette
सिग्नल	signal
सिटी	city
सिडकुल	sidkul
सितारा	sitara
सिद्दीकी	siddiqui
सिद्ध	siddh
सिद्धांत	siddhant
सिद्धांतों	siddhanton
सिद्धार्थ	siddharth
सिद्धि	siddhi
सिद्धू	sidhu
सिनेमा	cinema
सिन्हा	sinha
सिफारिश	sifarish
सिफारिशों	sifarishon
सिमडेगा	simdega
सिमरन	simran
सिमरी	simari
सिर	sir
सिरदर्द	sirdard
सिरमौर	sirmaur
सिरसा	sirsa
सिरीज	series
सिरे	sire
सिरोही	sirohi
सिलसिला	silsila
सिलसिले	silsile
सिलाई	silai
सिलिंडर	cylinder
सिलेंडरों	cylinderon
सिलेब्रिटी	celebrity
सिल्क	silk
सिल्ली	silli
सिल्वर	silver
सिवा	siva
सिवाय	sivay
सिविल	civil
सिसई	sisai
सिसोदिया	sisodiya
सिस्टम	system
सिस्टर	sister
सिहाग	sihag
सीआई	ci
सीआईए	cia
सीआईडी	cid
सीआरपी	crp
सीआरपीएफ	crpf
सीईओ	ceo
सीए	ca
सीएनजी	cng
सीएमएस	cms
सीएस	cs
सीओ	co
सीकरी	sikri
सीके	sike
सीख	sikh
सीखने	sikhane
सीखा	sikha
सीखे	sikhe
सीट	seat
सीटू	seatu
सीडी	cd
सीडीपीओ	cdpo
सीढ़ी	sidhi
सीता	sita
सीधी	sidhi
सीधे	sidhe
सीन	scene
सीना	sina
सीनियर	senior
सीपी	cp
सीबीआई	cbi
सीमा	seema
सीमांत	simant
सीमाओं	seemaon
सीमावर्ती	seemavarti
सीमेंट	cement
सीरियल	serial
सीरीज	series
सील	seal
सीलिंग	sealing
सीसी	cc
सीसे	sise
सुंदरता	sundarta
सुंदरी	sundari
सुअर	suar
सुई	sui
सुकून	sukun
सुख	sukh
सुखद	sukhad
सुखदेव	sukhdev
सुखबीर	sukhbeer
सुखा	sukha
सुखी	sukhi
सुग्रीव	sugriv
सुचारु	sucharu
सुचारू	sucharu
सुजाता	sujata
सुजीत	sujit
सुझाव	sujhav
सुझावों	sujhavon
सुथरा	suthra
सुदर्शन	sudarshan
सुदामा	sudama
सुदूर	sudur
सुधर	sudhar
सुधरी	sudhari
सुधा	sudha
सुधाकर	sudhakar
सुधार	sudhar
सुधारने	sudharne
सुधीर	sudheer
सुन	sun
सुनकर	sunkar
सुनते	sunte
सुना	suna
सुनाते	sunate
सुनाने	sunane
सुनाया	sunaya
सुनियोजित	suniyojit
सुनी	suni
सुनीता	sunita
सुनील	sunil
सुने	sune
सुपर	super
सुपरमार्केट	supermarket
सुपारी	supari
सुपुर्द	supurd
सुप्रिया	supriya
सुप्रीम	supreme
सुबोध	subodh
सुभद्रा	subhadra
सुभाष	subhash
सुभाषचंद्र	subhashchandra
सुमन	suman
सुमित	sumit
सुमित्रा	sumitra
सुमेर	sumer
सुर	sur
सुरंग	surang
सुरक्षा	suraksha
सुराग	surag
सुरिंदर	surinder
सुरेंद्र	surendra
सुरेश	suresh
सुर्खियों	surkhiyon
सुलझ	sulajh
सुलझा	suljha
सुलझाने	suljhane
सुलभ	sulabh
सुलह	sulah
सुलेमान	suleman
सुल्तान	sultan
सुल्तानपुर	sultanpur
सुविधा	suvidha
सुविधाएं	suvidhaen
सुविधाओं	suvidhaon
सुशांत	sushant
सुशासन	sushasan
सुशील	sushil
सुशीला	sushila
सुश्री	sushri
सुषमा	sushma
सुस्त	sust
सुस्ती	susti
सुहाग	suhaag
सुहाना	suhana
सूई	sui
सूक्त	sukt
सूक्ष्म	suksham
सूख	sukh
सूखने	sukhne
सूखा	sukha
सूखी	sukhi
सूखे	sukhe
सूचना	suchna
सूचनाओं	suchnaon
सूचित	suchit
सूचियों	suchiyon
सूची	suchi
सूचीबद्ध	suchibaddh
सूट	suit
सूत्र	sutra
सूत्री	sutri
सूत्रों	sutron
सूने	sune
सूप	soup
सूफी	sufi
सूबेदार	subedar
सूमो	sumo
सूरत	surat
सूरी	suri
सूर्य	surya
सूर्यकांत	suryakant
सूर्यवंशी	suryavanshi
सूर्या	surya
सृजन	srijan
सृजित	srijit
सृष्टि	srishti
सेंटर	center
सेंटीमीटर	centimeter
सेंट्रल	central
सेंध	sendh
सेंधमारी	sendhmari
सेकंड	second
सेकेंडरी	secondary
सेक्टर	sector
सेक्शन	section
सेक्स	sex
सेक्सी	sexy
सेटअप	setup
सेटेलाइट	satellite
सेठ	seth
सेठी	sethi
सेतु	setu
सेन	sen
सेना	sena
सेनानियों	senaniyon
सेनानी	senani
सेनापति	senapati
सेफ	safe
सेब	seb
सेमिनार	seminar
सेमीफाइनल	semifinal
सेर	ser
सेरेना	serena
सेरेमिक	ceramic
सेल	sale
सेल्स	sales
सेल्सियस	celsius
सेवन	sevan
सेवा	seva
सेवाएं	sevaen
सेवाओं	sevaon
सेवानिवृत	sevanivrit
सेवानिवृत्त	sevanivritt
सेवानिवृत्ति	sevanivritti
सेवी	sevi
सेहत	sehat
सैंडविच	sandwich
सैटेलाइट	satellite
सैदपुर	saidpur
सैन	sen
सैनी	saini
सैन्य	sainy
सैफ	saif
सैमसंग	samsung
सैयद	syed
सैर	sair
सैलानियों	sailaniyon
सॉफ्टवेयर	software
सो	so
सोई	soi
सोए	soye
सोच	soch
सोचना	sochana
सोचा	socha
सोची	sochi
सोढ़ी	sodhi
सोते	sote
सोन	son
सोनपुर	sonpur
सोनभद्र	sonbhadra
सोनम	sonam
सोना	sona
सोनाक्षी	sonakshi
सोनाली	sonali
सोनिया	sonia
सोनी	sony
सोनीपत	sonipat
सोने	sone
सोनौली	sonauli
सोमनाथ	somnath
सोमपाल	sompal
सोमवार	somwar
सोलंकी	solanki
सोलन	solan
सोलर	solar
सोलह	solah
सोलो	solo
सोल्जर	soldier
सोसाइटी	society
सोसायटी	society
सोहन	sohan
सौंदर्य	saundarya
सौंप	saunp
सौंपा	saunpa
सौंपी	saunpi
सौंपे	saunpe
सौतेला	sautela
सौदा	sauda
सौभाग्य	saubhagya
सौरव	saurav
स्कंध	skandh
स्काउट	scout
स्किल	skill
स्कीम	scheme
स्कीमों	schemon
स्कूल	school
स्कूली	schooli
स्कूलों	schoolon
स्केटिंग	skating
स्केल	scale
स्कोर	score
स्क्रीन	screen
स्क्रीनिंग	screening
स्क्वायड	squad
स्टडी	study
स्टडीज	studies
स्टाइल	style
स्टाफ	staff
स्टार	star
स्टार्ट	start
स्टाल	stall
स्टिंग	sting
स्टील	steel
स्टूडियो	studio
स्टूडेंट	student
स्टूडेंट्स	students
स्टेज	stage
स्टेट	state
स्टेटस	status
स्टेडियम	stadium
स्टेशन	station
स्टेशनरी	stationary
स्टैंड	stand
स्टैंडर्ड	standard
स्टैमिना	stamina
स्टॉक	stock
स्टोर	store
स्टोरी	story
स्टोरेज	storage
स्ट्रांग	strong
स्ट्रीट	street
स्ट्रॉबेरी	strawberry
स्तंभ	stambh
स्तनपान	stanpan
स्तर	star
स्त्री	stri
स्त्रीलिंग	striling
स्त्रोत	strot
स्थगित	sthagit
स्थल	sthal
स्थली	sthali
स्थलों	sthalon
स्थान	sthan
स्थानांतरण	sthanantaran
स्थानांतरित	sthanantarit
स्थानीय	sthaniya
स्थानों	sthanon
स्थापना	sthapana
स्थापित	sthapit
स्थायी	sthayi
स्थिर	sthir
स्नातक	snatak
स्नान	snan
स्नेह	sneh
स्नेही	snehi
स्पर्धा	spardha
स्पर्म	sperm
स्पर्श	sparsh
स्पष्ट	spasht
स्पष्टीकरण	spashtikaran
स्पीकर	speaker
स्पीड	speed
स्पेनिश	spanish
स्पेशल	special
स्पेस	space
स्पॉट	spot
स्मरण	smaran
स्मारक	smarak
स्मार्ट	smart
स्मार्टफोन	smartphone
स्मिता	smita
स्मृति	smriti
स्मैक	smack
स्रोत	strot
स्रोतों	stroton
स्लिप	slip
स्वच्छ	swachh
स्वच्छता	swachhta
स्वत	swat
स्वतंत्रता	swatantrata
स्वदेश	swadesh
स्वदेशी	swadeshi
स्वयं	swayam
स्वयंसेवी	swayamsevi
स्वर	swar
स्वराज	swaraj
स्वरूप	swarup
स्वरोजगार	swarojgar
स्वर्ग	swarg
स्वर्गीय	swargiy
स्वर्ण	swarn
स्वस्थ	swasth
स्वाइन	swine
स्वागत	swagat
स्वाद	swad
स्वाभाविक	swabhavik
स्वामी	swami
स्वार्थ	swarth
स्वास्थ	swasth
स्वाहा	swaha
स्विच	switch
स्विफ्ट	swift
स्वीकार	swikar
हंगामा	hungama
हंटर	hunter
हंस	hans
हंसती	hansti
हंसने	hansne
हंसराज	hansraj
हंसी	hansi
हक	hak
हकदार	hakdar
हकीम	hakim
हकों	hakon
हजरत	hazrat
हजार	hajar
हजारी	hajari
हजारीबाग	hazaribagh
हजारे	hajare
हजारों	hajaron
हटकर	hatkar
हटवा	hatwa
हटवाया	hatvaya
हटा	hata
हटाए	hataye
हटाओ	hatao
हटाकर	hatakar
हटाना	hatana
हटाने	hatane
हटाया	hataya
हटिया	hatiya
हड़ताल	hadtaal
हड्डियों	haddiyon
हड्डी	haddi
हताश	hatash
हताहत	hatahat
हत्या	hatya
हत्याकांड	hatyakand
हत्यारे	hatyare
हत्यारों	hatyaron
हथियार	hathiyar
हथियारबंद	hathiyarband
हथियारों	hathiyaron
हनन	hanan
हनी	honey
हनुमान	hanuman
हफ्ते	hafte
हबीब	habib
हमने	humne
हमलावरों	hamalavaron
हमलोग	humlog
हमलोगों	humlogon
हमारा	hamara
हमारी	hamari
हमारे	hamare
हमीद	hamid
हमें	hamein
हमेशा	hamesha
हयात	hayat
हरकत	harkat
हरकतों	harkaton
हरजिंदर	harjinder
हरजीत	harjeet
हरदयाल	hardayal
हरदेव	hardev
हरदोई	hardoi
हरभजन	harbhajan
हरमीत	harmeet
हरा	hara
हराया	haraya
हरि	hari
हरिकेश	harikesh
हरित	harit
हरिद्वार	haridwar
हरिनाम	harinam
हरियाणवी	hariyanvi
हरियाणा	hariyana
हरिशचंद्र	harishchandra
हरिश्चंद्र	harishchandra
हरिहर	harihar
हरी	hari
हरीश	harish
हरे	hare
हरेक	harek
हर्बल	herbal
हलचल	halchal
हलफनामा	halfnama
हल्का	halka
हल्की	halki
हल्के	halke
हल्द्वानी	haldwani
हवन	havan
हवलदार	havaldar
हवा	hawa
हवाई	hawai
हवाला	hawala
हवाले	hawale
हवेली	haveli
हसन	hasan
हसनपुर	hasanpur
हस्तक्षेप	hastkshep
हस्तमैथुन	hastmaithun
हस्तांतरण	hastantaran
हस्तांतरित	hastantarit
हस्ताक्षर	hastakshar
हस्तियों	hastiyon
हाइवे	highway
हाई	high
हाईवे	highway
हाईस्कूल	highschool
हाईस्पीड	highspeed
हाउस	house
हाउसिंग	housing
हाऊस	house
हाकिम	hakim
हाकी	haki
हाजी	haji
हाजीपुर	hajipur
हाथ	haath
हाथरस	hathras
हाथियों	hathiyon
हाथी	hathi
हाथों	hathon
हादसा	hadsa
हादसे	hadse
हानि	hani
हानिकारक	hanikarak
हाफ	half
हाफिज	hafiz
हामी	hami
हायर	higher
हार	haar
हारने	harne
हार्ट	heart
हार्ड	hard
हार्डवेयर	hardware
हार्दिक	hardik
हाल	haal
हालत	halat
हालांकि	halanki
हालाकि	halaki
हालात	halat
हावभाव	havbhav
हावी	havi
हाशमी	hashmi
हाशिम	hashim
हासिल	hasil
हास्य	hasya
हिंद	hind
हिंदी	hindi
हिंदुओं	hinduon
हिंदुस्तान	hindustan
हिंदू	hindu
हिंसक	hinsak
हिंसा	hinsa
हिट	hit
हित	hit
हितेश	hitesh
हितैषी	hitaishi
हितों	hiton
हिदायत	hidayat
हिना	hina
हिमपात	himpat
हिमांशु	himanshu
हिमाचल	himachal
हिमानी	himani
हिमालय	himalaya
हिमालयन	himalayan
हिम्मत	himmat
हिरण्यकशिपु	hiranyakashipu
हिरासत	hirasat
हिल	hil
हिला	hila
हिसाब	hisab
हिसार	hisar
हिस्सा	hissa
हिस्से	hisse
हिस्सेदारी	hissedari
हिस्सों	hisson
हीं	hin
हीटर	heater
हीरा	hira
हीरो	hero
हीरोपंती	heropanti
हुंकार	hunkar
हुआ	hua
हुई	hui
हुए	hue
हुकम	hukam
हुकूमत	hukumat
हुड्डा	hudda
हुदहुद	hudhud
हुसैन	husain
हूं	hoon
हृदय	hriday
हेड	head
हेमंत	hemant
हेमलता	hemlata
हेमा	hema
हेयर	hair
हेरिटेज	heritage
हेरोइन	heroin
हेलमेट	helmet
हेलीकॉप्टर	helicopter
हेलो	hello
हेल्थ	health
है	hai
हैं	hain
हैंड	hand
हैंडल	handle
हैदर	haider
हैप्पी	happy
हैरानी	hairani
हैशटैग	hashtag
हैसियत	haisiyat
हॉकी	hockey
हॉट	hot
हॉल	hall
हॉलीवुड	hollywood
हॉस्पिटल	hospital
हो	ho
होंगी	hongi
होंगे	honge
होंडा	honda
होकर	hokar
होगा	hoga
होगी	hogi
होटल	hotel
होटलों	hotelon
होती	hoti
होते	hote
होनहार	honhaar
होना	hona
होनी	honi
होने	hone
होनेवाली	honewali
होनेवाले	honewale
होम	home
होम्योपैथी	homeopathy
होलिका	holika
होली	holi
होश	hosh
होशियार	hoshiyar
होशियारपुर	hoshiyarpur
होस्टिंग	hosting
ह्यूमन	human
