$	84942
^	84942
^a	7102
^aa	1213
^aab	25
^aac	18
^aad	149
^aae	8
^aag	46
^aah	23
^aai	16
^aaj	44
^aak	106
^aal	38
^aam	52
^aan	123
^aap	90
^aar	67
^aas	110
^aat	119
^aau	3
^aav	60
^aaw	14
^aay	95
^aaz	7
^ab	324
^ab$	5
^aba	9
^abc	6
^abd	19
^abe	5
^abh	255
^abi	3
^abl	4
^abn	3
^abo	6
^abr	4
^abu	5
^ac	166
^aca	8
^acc	40
^ace	6
^ach	54
^aci	11
^acp	3
^acr	3
^act	37
^ad	515
^ada	56
^adb	12
^add	15
^ade	5
^adh	304
^adi	20
^adl	7
^adm	14
^adn	5
^ado	7
^adr	14
^ads	4
^adu	10
^adv	31
^adw	4
^ady	4
^ae	14
^ae$	3
^aer	7
^af	57
^afc	3
^aff	5
^afg	9
^afl	3
^afr	9
^afs	9
^aft	6
^afw	4
^ag	208
^ag$	3
^aga	56
^age	26
^agh	5
^agl	5
^agn	33
^agr	62
^agu	4
^agy	10
^ah	75
^aha	16
^ahi	20
^ahm	15
^aho	4
^ahs	7
^ahu	5
^ahy	3
^ai	143
^ai$	3
^aia	3
^aib	3
^aic	4
^aid	5
^ail	6
^ain	4
^air	62
^ais	33
^ait	15
^aj	97
^aja	47
^aje	3
^aji	8
^ajm	12
^ajn	8
^ajo	4
^ajr	4
^aju	6
^ak	185
^aka	48
^akb	8
^ake	20
^akh	31
^akk	6
^akl	5
^ako	4
^akp	3
^akr	6
^aks	49
^aku	3
^al	332
^ala	53
^alb	33
^alc	6
^ale	15
^alf	10
^alg	10
^alh	4
^ali	44
^alj	4
^alk	4
^all	31
^alm	12
^aln	3
^alo	14
^alp	39
^als	8
^alt	13
^alu	21
^alv	6
^am	283
^am$	3
^ama	71
^amb	16
^ame	30
^ami	32
^amj	3
^aml	17
^amm	20
^amn	5
^amo	10
^amr	57
^amu	15
^an	1206
^an$	4
^ana	113
^anb	3
^anc	14
^and	154
^ane	20
^ang	110
^ani	88
^anj	48
^ank	24
^anm	6
^ann	20
^ano	24
^anp	5
^ans	42
^ant	189
^anu	307
^anv	8
^anw	3
^any	21
^ao	3
^ap	382
^apa	78
^apb	3
^apc	6
^apd	3
^ape	18
^aph	4
^api	8
^apm	14
^apn	48
^apo	6
^app	51
^apr	99
^aps	12
^apt	3
^apu	13
^apv	13
^ar	343
^ara	45
^arb	3
^arc	37
^ard	23
^are	21
^arg	5
^arh	8
^ari	22
^ark	9
^arm	22
^arn	5
^aro	11
^arp	3
^ars	17
^art	70
^aru	18
^arv	6
^ary	14
^as	606
^as$	3
^asa	169
^asb	5
^asd	3
^ase	7
^ash	169
^asi	29
^ask	5
^asl	4
^asm	6
^asp	32
^asr	6
^ass	52
^ast	62
^asu	27
^asv	5
^asw	21
^at	250
^at$	4
^ata	9
^ate	3
^atf	3
^ath	37
^ati	63
^atl	13
^atm	35
^ato	5
^atp	3
^atr	15
^att	17
^atu	9
^aty	32
^au	188
^au$	4
^aud	27
^aug	4
^auj	9
^aul	3
^aun	7
^aup	9
^aur	34
^aus	49
^aut	41
^av	313
^ava	121
^avd	17
^ave	26
^avg	3
^avi	54
^avm	5
^avn	5
^avo	3
^avr	16
^avs	28
^avt	7
^avv	3
^avy	18
^aw	44
^awa	43
^ax	14
^axe	10
^axi	3
^ay	113
^aya	32
^aye	4
^ayo	25
^ayu	30
^ayy	19
^az	28
^aza	16
^azi	5
^azm	3
^b	6475
^b$	3
^ba	2558
^ba$	5
^baa	120
^bab	47
^bac	152
^bad	287
^bae	4
^bag	86
^bah	219
^bai	96
^baj	98
^bak	86
^bal	231
^bam	23
^ban	434
^bao	3
^bap	19
^bar	278
^bas	132
^bat	169
^bau	30
^bav	13
^baw	3
^bay	16
^baz	7
^bc	9
^bcc	4
^bcm	3
^be	518
^be$	3
^bea	30
^beb	8
^bec	38
^bed	35
^bee	41
^bef	6
^beg	23
^beh	28
^bei	6
^bej	9
^bek	19
^bel	66
^bem	7
^ben	53
^bep	7
^ber	39
^bes	30
^bet	60
^bey	6
^bf	3
^bf$	3
^bh	1509
^bha	913
^bhe	112
^bhi	102
^bho	146
^bhp	3
^bhr	32
^bhu	197
^bi	445
^bib	3
^bic	41
^bid	17
^big	29
^bih	8
^bij	32
^bik	52
^bil	32
^bim	30
^bin	28
^bio	36
^bip	4
^bir	38
^bis	42
^bit	47
^bj	4
^bjp	3
^bl	105
^bla	28
^ble	13
^bli	4
^blo	41
^blu	19
^bm	6
^bm$	3
^bms	3
^bn	26
^bn$	3
^bna	23
^bo	448
^bo$	3
^boa	16
^bob	5
^bod	33
^boe	5
^bog	9
^boh	4
^boi	6
^bok	9
^bol	91
^bom	16
^bon	36
^boo	43
^bop	3
^bor	49
^bos	18
^bot	30
^bou	26
^bow	11
^box	15
^boy	15
^bp	9
^bpa	3
^bpl	3
^bpm	3
^br	328
^br$	3
^bra	141
^bre	33
^brh	3
^bri	74
^bro	54
^brt	3
^bru	17
^bs	9
^bs$	3
^bsc	3
^bsn	3
^bt	4
^bts	3
^bu	449
^bu$	3
^bua	3
^bud	93
^buf	6
^bug	10
^buh	3
^bui	17
^buj	16
^buk	16
^bul	87
^bum	12
^bun	44
^bur	80
^bus	22
^but	24
^buy	6
^buz	5
^by	38
^bya	21
^bye	3
^byo	3
^byp	8
^c	4550
^ca	438
^ca$	3
^cab	10
^cac	3
^cad	6
^caf	4
^cag	4
^cai	4
^cal	41
^cam	40
^can	73
^cap	37
^car	138
^cas	31
^cat	39
^cav	3
^cb	18
^cbc	3
^cbf	3
^cbi	3
^cbn	3
^cbs	3
^cbt	3
^cc	11
^cc$	3
^cci	3
^ccm	3
^cd	8
^cd$	4
^cdp	3
^ce	74
^ce$	3
^cel	20
^cem	3
^cen	32
^ceo	5
^cer	10
^cf	3
^cf$	3
^cg	3
^cg$	3
^ch	2737
^ch$	3
^cha	1223
^che	111
^chh	598
^chi	428
^chl	9
^cho	83
^chr	28
^chu	242
^chy	9
^ci	79
^ci$	4
^cia	5
^cic	4
^cid	7
^cig	3
^cin	13
^cip	3
^cir	18
^cis	4
^cit	12
^civ	3
^cl	123
^cla	23
^cle	26
^cli	55
^clo	12
^clu	7
^cm	6
^cme	3
^cms	3
^cn	12
^cn$	3
^cnb	3
^cng	3
^cnn	3
^co	731
^co$	4
^coa	21
^cob	8
^coc	26
^cod	12
^cof	5
^coi	5
^cok	4
^col	96
^com	177
^con	173
^coo	32
^cop	22
^cor	55
^cos	24
^cot	5
^cou	45
^cov	10
^cox	5
^cp	11
^cpr	3
^cpu	3
^cr	158
^cr$	3
^cra	31
^cre	27
^cri	25
^cro	41
^crp	7
^crs	3
^cru	14
^cry	7
^cs	15
^cs$	3
^csa	3
^csc	3
^cse	3
^csi	3
^ct	3
^ctc	3
^cu	61
^cul	19
^cup	3
^cur	10
^cus	17
^cut	8
^cv	3
^cvd	3
^cy	52
^cya	6
^cyb	12
^cyc	17
^cyl	11
^cyr	5
^cz	3
^cze	3
^d	4798
^d$	6
^da	1290
^daa	85
^dab	60
^dad	31
^daf	31
^dag	19
^dah	19
^dai	40
^daj	3
^dak	112
^dal	94
^dam	48
^dan	157
^dap	4
^dar	245
^das	112
^dat	33
^dau	52
^dav	54
^daw	23
^day	62
^db	4
^dba	4
^dc	12
^dc$	6
^dcp	3
^dcw	3
^de	762
^de$	4
^dea	21
^deb	12
^dec	21
^ded	3
^dee	66
^def	12
^deg	11
^deh	19
^dei	3
^dek	66
^del	31
^dem	18
^den	61
^deo	9
^dep	15
^der	24
^des	129
^det	32
^dev	194
^dey	8
^dh	884
^dha	559
^dhe	24
^dhi	29
^dhl	3
^dho	99
^dhr	22
^dhu	99
^dhv	22
^dhw	12
^dhy	13
^di	695
^di$	4
^dia	35
^dib	12
^dic	4
^did	7
^die	16
^dif	7
^dig	40
^dih	3
^dij	4
^dik	141
^dil	91
^dim	9
^din	42
^dio	9
^dip	25
^dir	42
^dis	88
^div	49
^diw	43
^dix	4
^diy	20
^dj	6
^dj$	6
^dk	5
^dk$	3
^dm	12
^dm$	3
^dmc	3
^dme	3
^dmk	3
^dn	3
^dna	3
^do	336
^do$	3
^dob	9
^doc	30
^dod	6
^dog	21
^doh	40
^doi	3
^dol	33
^dom	21
^don	28
^doo	50
^dop	3
^dor	28
^dos	30
^dot	6
^dou	14
^dov	3
^dow	6
^dp	6
^dpi	3
^dps	3
^dr	205
^dra	57
^drd	4
^dre	24
^dri	66
^drm	5
^dro	19
^dru	28
^ds	7
^ds$	3
^dsp	3
^dt	7
^dtc	3
^dtp	3
^du	446
^dua	8
^dub	53
^duc	7
^dud	21
^due	5
^dug	18
^duh	3
^duk	27
^dul	9
^dum	16
^dun	43
^dup	12
^dur	142
^dus	56
^dut	19
^duv	3
^dv	48
^dva	19
^dvd	3
^dve	3
^dvi	23
^dw	48
^dwa	27
^dwe	9
^dwi	11
^dy	14
^dye	4
^dyn	8
^e	806
^e$	3
^ea	37
^eag	3
^ear	16
^eas	12
^eb	17
^eba	7
^ebo	6
^ec	42
^ecb	3
^ecg	3
^ech	3
^eco	32
^ed	54
^ede	4
^edg	3
^edi	26
^edr	3
^edu	8
^edw	8
^ef	5
^eff	4
^eg	7
^egg	3
^ego	4
^eh	4
^ei	7
^eid	3
^ein	3
^ek	127
^ek$	11
^eka	54
^ekd	3
^eki	7
^ekj	9
^ekk	11
^ekl	8
^ekr	4
^eks	3
^ekt	13
^el	97
^ela	11
^elb	4
^ele	44
^eli	23
^ell	6
^els	4
^em	43
^ema	3
^emb	3
^eme	7
^emi	7
^emm	3
^emo	9
^emp	4
^ems	5
^en	90
^ena	5
^enc	10
^end	6
^ene	3
^enf	3
^eng	31
^eni	3
^eno	4
^ent	19
^eo	5
^eo$	3
^ep	15
^epi	12
^eq	3
^equ	3
^er	28
^era	3
^eri	14
^ero	4
^es	42
^esc	7
^esh	4
^esk	3
^esl	3
^esm	3
^esp	6
^ess	7
^est	8
^et	26
^eta	5
^eth	14
^etv	3
^eu	34
^euc	3
^eug	3
^eur	28
^ev	37
^eva	10
^eve	16
^evi	6
^evr	3
^ex	51
^exc	6
^exe	4
^exp	23
^ext	15
^ey	30
^eya	23
^eye	6
^f	1477
^fa	530
^faa	15
^fac	37
^fad	8
^faf	8
^fah	14
^fai	114
^faj	3
^fak	7
^fal	65
^fam	10
^fan	31
^far	85
^fas	38
^fat	42
^fau	35
^fax	3
^fay	7
^faz	3
^fb	6
^fbi	3
^fbr	3
^fc	6
^fc$	3
^fcc	3
^fd	3
^fda	3
^fe	134
^fea	9
^feb	4
^fed	13
^fee	17
^fef	3
^fek	3
^fel	9
^fem	6
^fen	26
^fer	28
^fes	12
^fev	3
^fi	234
^fia	3
^fib	6
^fic	3
^fie	10
^fif	5
^fig	6
^fij	3
^fik	4
^fil	68
^fin	38
^fir	49
^fis	16
^fit	9
^fiv	3
^fix	9
^fl	95
^fla	23
^fle	4
^fli	16
^flo	34
^flu	12
^fly	6
^fm	3
^fm$	3
^fo	195
^foc	3
^fod	16
^fok	4
^fol	5
^fon	4
^foo	36
^for	97
^fos	10
^fou	15
^fox	3
^fr	169
^fra	60
^fre	61
^fri	20
^fro	25
^fru	3
^fu	99
^fue	3
^fuh	3
^fuk	3
^ful	30
^fun	18
^fur	19
^fus	8
^fut	13
^fz	3
^fz$	3
^g	3393
^ga	1097
^gaa	42
^gab	16
^gac	3
^gad	117
^gag	8
^gah	28
^gai	48
^gaj	33
^gal	88
^gam	41
^gan	204
^gao	13
^gap	6
^gar	171
^gas	24
^gat	92
^gau	86
^gav	11
^gaw	6
^gay	46
^gaz	13
^gb	3
^gb$	3
^gc	3
^gca	3
^gd	3
^gdp	3
^ge	149
^gea	7
^gee	16
^geh	19
^gen	62
^geo	20
^ger	17
^gey	3
^gh	514
^gh$	3
^gha	231
^ghe	26
^ghi	26
^gho	95
^ghr	18
^ghu	115
^gi	199
^gib	9
^gid	6
^gif	5
^gig	3
^gil	33
^gin	20
^gip	6
^gir	96
^gis	6
^git	12
^gl	54
^gla	23
^gle	4
^gli	5
^glo	9
^gly	13
^gm	6
^gma	6
^go	481
^go$	6
^goa	11
^gob	15
^god	32
^goe	3
^gog	12
^goh	3
^gok	17
^gol	119
^gom	8
^gon	21
^goo	12
^gop	63
^gor	53
^gos	13
^got	31
^gov	54
^goy	5
^gp	7
^gps	3
^gpu	3
^gr	289
^gra	139
^gre	57
^gri	47
^gro	29
^gru	17
^gs	3
^gst	3
^gu	497
^gua	27
^gub	5
^guc	12
^gud	28
^guf	11
^gui	15
^guj	36
^gul	57
^gum	21
^gun	139
^gup	11
^gur	91
^gus	26
^gut	12
^guw	5
^gw	18
^gwa	18
^gy	70
^gya	57
^gym	11
^h	2326
^h$	5
^ha	1079
^haa	45
^hab	15
^hac	6
^had	56
^haf	10
^hag	5
^hai	48
^haj	35
^hak	28
^hal	58
^ham	62
^han	115
^hap	6
^har	230
^has	113
^hat	155
^hau	6
^hav	32
^haw	33
^hay	9
^haz	9
^hd	7
^hdf	3
^hdm	3
^he	234
^he$	3
^hea	53
^heb	3
^hed	6
^hee	13
^hei	3
^hel	40
^hem	32
^hen	15
^her	52
^het	3
^hey	7
^hi	359
^hi$	3
^hib	3
^hic	10
^hid	7
^hig	32
^hij	16
^hik	8
^hil	33
^him	41
^hin	69
^hip	11
^hir	44
^his	35
^hit	38
^hiv	7
^hm	3
^hms	3
^ho	343
^ho$	6
^hoa	4
^hob	11
^hoc	6
^hod	6
^hog	13
^hok	4
^hol	32
^hom	26
^hon	68
^hoo	11
^hop	7
^hor	20
^hos	35
^hot	49
^hou	25
^hov	7
^how	9
^hoy	3
^hp	6
^hpc	3
^hpv	3
^hr	16
^hra	5
^hri	11
^hs	8
^hs$	3
^hsi	3
^ht	10
^htm	3
^htt	3
^hu	196
^hu$	3
^hua	8
^hub	8
^hud	16
^hue	6
^hug	10
^hui	8
^huj	3
^huk	14
^hul	12
^hum	36
^hun	31
^hur	14
^hus	8
^hut	11
^huy	4
^hy	60
^hya	3
^hyd	20
^hye	5
^hyo	3
^hyp	16
^hyu	8
^i	1224
^ia	9
^iaf	3
^ian	4
^ib	38
^iba	12
^ibm	3
^ibn	5
^ibo	4
^ibp	3
^ibr	9
^ic	70
^ic$	3
^icc	7
^icd	3
^ice	13
^ich	26
^ici	6
^icl	3
^ico	3
^icp	3
^ict	3
^id	41
^id$	7
^idc	3
^ide	7
^idf	3
^idh	5
^idi	4
^idl	8
^ido	4
^ie	7
^iec	3
^ies	3
^if	3
^ig	17
^iga	5
^igg	3
^igl	3
^ign	4
^ii	10
^iim	3
^iit	3
^ij	19
^ija	16
^ik	36
^ika	13
^ikk	11
^ikl	4
^iks	3
^il	42
^ila	16
^ilh	3
^ili	6
^ill	7
^ilt	3
^im	84
^ima	56
^imd	3
^imm	10
^imp	7
^imr	4
^imt	3
^in	422
^ina	12
^inb	3
^inc	19
^ind	110
^ine	5
^inf	21
^ing	6
^inh	18
^inj	4
^ink	25
^inl	3
^inm	3
^inn	9
^inp	12
^inq	6
^ins	63
^int	81
^inv	18
^io	4
^ip	15
^ip$	3
^ipl	4
^ipo	3
^ips	3
^iq	3
^iq$	3
^ir	64
^ira	35
^ird	5
^irf	3
^irs	10
^is	234
^is$	10
^isa	36
^isb	3
^ish	48
^isi	6
^isk	13
^isl	42
^ism	7
^iso	6
^isp	3
^isr	33
^iss	5
^ist	15
^isv	3
^it	76
^it$	3
^ita	16
^itc	6
^itf	3
^iti	15
^itm	3
^itn	9
^itr	5
^itt	7
^itu	3
^itv	3
^ity	3
^iv	15
^iv$	6
^iva	7
^iz	13
^iza	6
^izh	3
^izr	3
^j	3614
^j$	3
^ja	2040
^ja$	4
^jaa	218
^jab	45
^jac	12
^jad	34
^jae	9
^jaf	7
^jag	155
^jah	45
^jai	110
^jaj	25
^jak	20
^jal	264
^jam	199
^jan	478
^jap	14
^jar	100
^jas	57
^jat	89
^jau	6
^jav	30
^jaw	16
^jay	91
^jaz	10
^jd	5
^jd$	3
^je	174
^jeb	3
^jed	6
^jee	70
^jef	13
^jeh	7
^jel	10
^jem	4
^jen	13
^jer	13
^jes	16
^jet	7
^jew	11
^jg	6
^jga	5
^jh	379
^jha	207
^jhe	23
^jhi	20
^jho	53
^jhu	76
^ji	332
^jid	7
^jig	21
^jih	5
^jij	3
^jik	4
^jil	24
^jim	25
^jin	67
^jir	10
^jis	32
^jit	55
^jiv	69
^jiy	4
^jl	5
^jla	4
^jm	9
^jma	9
^jn	15
^jns	3
^jnt	3
^jnu	3
^jo	207
^jod	49
^joe	3
^jog	19
^joh	26
^joi	4
^joj	3
^jok	5
^jol	7
^jon	12
^joo	14
^jor	14
^jos	24
^jot	7
^jou	9
^joy	11
^jp	3
^jp$	3
^js	3
^js$	3
^jt	7
^jta	5
^ju	321
^jua	6
^jub	15
^jud	66
^jug	10
^juh	3
^jui	6
^juj	28
^juk	3
^jul	41
^jum	4
^jun	37
^jup	9
^jur	19
^jus	9
^jut	50
^juu	5
^juv	5
^juw	3
^jv	8
^jva	7
^jw	23
^jwa	22
^jy	71
^jya	18
^jye	9
^jyo	44
^k	5967
^k$	11
^ka	2668
^ka$	4
^kaa	101
^kab	92
^kac	32
^kad	92
^kae	10
^kaf	10
^kag	25
^kah	103
^kai	66
^kaj	30
^kak	38
^kal	306
^kam	224
^kan	223
^kap	50
^kar	679
^kas	172
^kat	236
^kau	56
^kav	64
^kaw	5
^kay	42
^kaz	8
^kb	9
^kba	3
^kbc	3
^kbs	3
^ke	284
^ke$	10
^keb	4
^kec	3
^ked	13
^kee	30
^kej	8
^kel	24
^kem	5
^ken	71
^ker	34
^kes	32
^ket	22
^kev	14
^key	10
^kg	6
^kg$	3
^kgb	3
^kh	1291
^kh$	3
^kha	650
^khe	140
^khg	4
^khi	156
^khj	7
^kho	140
^khr	4
^khu	151
^khw	17
^khy	14
^ki	542
^ki$	9
^kic	18
^kid	32
^kie	6
^kif	6
^kig	3
^kij	10
^kil	65
^kim	20
^kin	81
^kio	5
^kip	4
^kir	73
^kis	114
^kit	76
^kiv	6
^kiy	11
^kk	4
^kk$	4
^kl	7
^km	7
^km$	3
^kma	3
^kn	13
^kno	12
^ko	306
^ko$	3
^koa	3
^kob	8
^koc	4
^kod	6
^koh	36
^koi	10
^kok	7
^kol	28
^kom	16
^kon	35
^koo	20
^kor	11
^kos	52
^kot	48
^koy	10
^koz	6
^kp	9
^kpa	5
^kpm	3
^kr	217
^kra	39
^kre	4
^kri	142
^kro	18
^kru	12
^ks	81
^ksh	81
^ku	480
^ku$	3
^kua	9
^kub	6
^kuc	31
^kud	19
^kuf	3
^kuh	3
^kuj	3
^kuk	16
^kul	81
^kum	52
^kun	65
^kup	16
^kur	58
^kus	58
^kut	45
^kuw	7
^ky	31
^kya	10
^kyo	7
^kyu	11
^l	2260
^l$	7
^la	1035
^laa	61
^lab	49
^lac	36
^lad	103
^lae	11
^laf	8
^lag	138
^lah	46
^lai	15
^laj	13
^lak	103
^lal	80
^lam	28
^lan	66
^lao	4
^lap	31
^lar	15
^las	16
^lat	75
^lau	72
^lav	17
^law	13
^lax	5
^lay	24
^laz	5
^lb	4
^lbw	3
^lc	6
^lca	3
^lcd	3
^ld	3
^ld$	3
^le	298
^le$	7
^lea	29
^leb	3
^led	5
^lee	16
^lef	5
^leg	23
^leh	15
^lek	60
^len	45
^leo	14
^lep	12
^les	16
^let	25
^lev	16
^lg	7
^lg$	3
^lgb	3
^lh	3
^lh$	3
^li	419
^li$	3
^lia	4
^lib	26
^lic	18
^lie	8
^lif	18
^lig	22
^lih	3
^lij	9
^lik	70
^lil	14
^lim	14
^lin	69
^lio	6
^lip	26
^liq	5
^lis	13
^lit	39
^liv	13
^liy	33
^liz	4
^ll	9
^llb	3
^llo	3
^llp	3
^lo	317
^lo$	4
^loa	13
^lob	10
^loc	21
^lod	16
^log	15
^loh	21
^lok	104
^lol	3
^lom	5
^lon	14
^loo	33
^lop	3
^lor	9
^los	6
^lot	8
^lou	11
^lov	13
^low	5
^lp	4
^lpg	3
^ls	3
^ls$	3
^lu	131
^lub	4
^luc	17
^lud	18
^lug	6
^luk	14
^lum	3
^lun	10
^lup	6
^lus	8
^lut	38
^lux	4
^ly	11
^lym	3
^lyr	3
^m	5825
^m$	9
^ma	3193
^ma$	8
^maa	163
^mac	95
^mad	213
^maf	13
^mag	64
^mah	455
^mai	91
^maj	74
^mak	108
^mal	190
^mam	30
^man	820
^mao	9
^map	30
^maq	4
^mar	313
^mas	115
^mat	202
^mau	80
^mav	20
^max	14
^may	48
^maz	31
^mb	9
^mba	3
^mbb	3
^mbt	3
^mc	15
^mcc	6
^mcd	4
^mcg	3
^md	8
^md$	3
^mdr	3
^me	492
^mea	8
^mec	12
^med	65
^mee	38
^meg	45
^meh	77
^mei	11
^mej	5
^mel	42
^mem	27
^men	12
^mer	48
^mes	21
^met	61
^mev	3
^mew	4
^mex	8
^mg	3
^mgm	3
^mh	52
^mha	52
^mi	594
^mi$	4
^mic	71
^mid	19
^mig	9
^mih	7
^mik	3
^mil	178
^mim	4
^min	77
^mir	44
^mis	87
^mit	69
^mix	9
^miy	5
^miz	5
^mk	3
^mk$	3
^ml	9
^mla	3
^mlb	3
^mlc	3
^mm	5
^mm$	3
^mn	7
^mna	6
^mo	560
^mo$	3
^mob	8
^moc	3
^mod	43
^moe	3
^mog	12
^moh	84
^moi	7
^moj	5
^mok	14
^mol	10
^mom	6
^mon	54
^moo	76
^mor	87
^mos	5
^mot	79
^mou	27
^mov	23
^moy	6
^moz	4
^mp	6
^mp$	3
^mpc	3
^mr	75
^mra	16
^mri	32
^mrp	3
^mru	23
^ms	12
^ms$	3
^msc	3
^msg	3
^mss	3
^mt	4
^mtv	3
^mu	752
^mua	10
^mub	3
^muc	8
^mud	59
^muf	12
^mug	18
^muh	62
^muj	30
^muk	147
^mul	77
^mum	21
^mun	87
^muq	4
^mur	91
^mus	82
^mut	23
^muy	3
^muz	11
^my	14
^my$	4
^mys	4
^myu	3
^n	3413
^na	1506
^na$	3
^naa	130
^nab	30
^nac	17
^nad	47
^naf	17
^nag	112
^nah	42
^nai	58
^naj	46
^nak	99
^nal	58
^nam	88
^nan	83
^nap	22
^nar	127
^nas	78
^nat	98
^nau	93
^nav	166
^naw	14
^nay	39
^naz	37
^nb	3
^nbc	3
^nc	8
^ncc	3
^ncr	5
^nd	6
^nda	3
^ndt	3
^ne	296
^ne$	6
^nee	66
^neg	6
^neh	9
^nek	3
^nel	6
^nem	8
^nen	5
^nep	16
^nes	10
^net	50
^neu	21
^nev	26
^new	49
^nex	6
^nf	4
^nfl	3
^nh	3
^nhp	3
^ni	1218
^nia	5
^nib	73
^nic	49
^nid	28
^nig	53
^nih	24
^nij	37
^nik	141
^nil	30
^nim	44
^nin	16
^nip	37
^nir	338
^nis	158
^nit	50
^niv	42
^niw	5
^nix	3
^niy	75
^niz	9
^no	127
^no$	3
^noa	3
^nob	7
^noc	3
^nod	9
^noh	3
^noi	4
^nok	4
^nom	9
^non	8
^noo	9
^nor	32
^not	27
^now	3
^np	6
^npa	3
^npc	3
^nr	13
^nri	10
^nru	3
^ns	9
^nsc	3
^nsd	3
^nsg	3
^nt	4
^ntp	3
^nu	110
^nub	3
^nuc	11
^nug	3
^nuk	31
^num	14
^nun	5
^nup	3
^nur	15
^nus	3
^nut	10
^nuv	8
^ny	99
^nya	83
^nyo	4
^nyu	10
^o	532
^o$	7
^ob	10
^oba	3
^obc	3
^obe	4
^oc	15
^och	5
^oct	10
^od	21
^ode	3
^odh	6
^odi	12
^of	61
^of$	4
^off	57
^oh	4
^oi	8
^oil	8
^oj	8
^oja	3
^ok	15
^oka	5
^okh	6
^oki	3
^ol	30
^ola	3
^old	3
^oli	12
^ols	3
^oly	9
^om	43
^om$	12
^oma	12
^ome	4
^omj	3
^omk	10
^on	46
^on$	10
^one	9
^ong	3
^onl	17
^ont	3
^oo	19
^oon	11
^oop	3
^oot	3
^op	53
^ope	35
^opi	3
^opp	3
^opt	11
^or	64
^or$	5
^ora	17
^orc	5
^ord	8
^org	10
^ori	8
^ork	7
^ort	4
^os	20
^os$	3
^osa	3
^osi	3
^osl	3
^osm	6
^ot	15
^ota	5
^oto	3
^ou	28
^out	27
^ov	35
^ova	4
^ove	27
^ovi	3
^ow	5
^own	5
^ox	18
^oxf	9
^oxy	8
^oy	3
^oye	3
^oz	4
^p	7102
^pa	2843
^pa$	5
^paa	206
^pab	8
^pac	73
^pad	186
^pag	30
^pah	168
^pai	105
^paj	3
^pak	127
^pal	142
^pam	3
^pan	288
^pap	16
^par	878
^pas	102
^pat	344
^pau	68
^pav	38
^paw	24
^pay	27
^pb	3
^pbs	3
^pc	9
^pca	3
^pco	3
^pd	3
^pdm	3
^pe	365
^pea	10
^pec	14
^ped	17
^pee	42
^peh	37
^pel	3
^pem	3
^pen	54
^peo	4
^pep	11
^per	73
^pes	40
^pet	47
^pey	6
^pg	3
^pgd	3
^ph	241
^pha	73
^phd	3
^phe	13
^phi	23
^pho	97
^php	3
^pht	3
^phu	14
^phy	12
^pi	367
^pia	4
^pic	50
^pid	19
^pie	7
^pig	24
^pik	5
^pil	25
^pin	49
^pip	26
^pir	14
^pis	26
^pit	90
^pix	6
^piy	17
^piz	3
^pk	3
^pk$	3
^pl	160
^pla	127
^plc	3
^ple	5
^plu	20
^ply	5
^pm	3
^pmk	3
^pn	8
^pne	4
^po	410
^poc	3
^pod	9
^poe	6
^poi	12
^pok	18
^pol	61
^pom	3
^pon	7
^poo	95
^pop	18
^por	70
^pos	43
^pot	38
^pou	3
^pow	21
^pox	3
^pp	9
^ppc	3
^ppd	3
^ppi	3
^pr	1891
^pra	1389
^prc	3
^pre	126
^pri	138
^pro	191
^prt	25
^pru	14
^ps	3
^psp	3
^pt	3
^pti	3
^pu	736
^pu$	3
^pua	6
^pub	12
^puc	20
^pud	12
^puj	36
^puk	15
^pul	31
^pum	14
^pun	157
^pup	3
^pur	336
^pus	62
^put	27
^py	38
^pya	34
^pyr	3
^q	97
^qa	15
^qai	5
^qas	3
^qu	77
^qua	44
^que	18
^qui	5
^quo	5
^qur	3
^r	3366
^ra	1836
^ra$	7
^raa	85
^rab	23
^rac	71
^rad	62
^rae	6
^raf	17
^rag	40
^rah	107
^rai	73
^raj	316
^rak	194
^ral	11
^ram	248
^ran	185
^rao	3
^rap	12
^rar	3
^ras	187
^rat	83
^rau	23
^rav	43
^raw	17
^ray	20
^rb	3
^rbi	3
^rc	15
^rc$	3
^rca	3
^rcb	3
^rcf	3
^rcs	3
^rd	6
^rdb	3
^rdx	3
^re	457
^re$	3
^rea	25
^reb	9
^rec	48
^red	25
^ree	14
^ref	27
^reg	24
^reh	11
^rej	6
^rek	25
^rel	26
^rem	15
^ren	14
^rep	39
^res	73
^ret	33
^rev	29
^rew	6
^rey	4
^rf	6
^rfc	3
^rfi	3
^rh	19
^rha	12
^rhi	5
^ri	235
^rib	6
^ric	20
^rid	16
^rif	6
^rig	11
^rih	5
^rij	7
^rik	9
^rim	7
^rin	25
^rio	4
^rip	6
^ris	47
^rit	17
^riv	10
^riy	26
^riz	10
^rk	5
^rk$	3
^rn	4
^rna	4
^ro	444
^roa	10
^rob	27
^roc	40
^rod	12
^roe	3
^rog	29
^roh	30
^roj	22
^rok	33
^rol	24
^rom	34
^ron	15
^roo	72
^rop	18
^ror	3
^ros	21
^rot	27
^rou	8
^rov	3
^row	3
^roy	7
^rp	6
^rpg	3
^rpi	3
^rr	3
^rr$	3
^rs	11
^rsm	3
^rss	5
^rt	6
^rt$	3
^rti	3
^ru	305
^rub	18
^ruc	16
^rud	51
^rug	6
^ruj	4
^ruk	54
^rul	7
^rum	10
^run	21
^rup	55
^rur	5
^rus	33
^rut	18
^s	10441
^sa	4088
^sa$	3
^saa	132
^sab	120
^sac	53
^sad	185
^saf	49
^sag	29
^sah	300
^sai	64
^saj	93
^sak	159
^sal	120
^sam	991
^san	861
^sap	57
^sar	448
^sas	38
^sat	234
^sau	73
^sav	41
^saw	14
^say	23
^sc	124
^sc$	3
^sca	12
^sce	3
^sch	28
^sci	13
^scl	3
^sco	31
^scr	28
^sd	7
^sdk	3
^sdm	3
^se	442
^se$	3
^sea	33
^seb	9
^sec	49
^sed	4
^see	32
^seg	3
^seh	8
^sej	3
^sel	6
^sem	33
^sen	75
^sep	3
^ser	59
^ses	6
^set	36
^sev	59
^sex	14
^sf	4
^sfu	3
^sg	3
^sgp	3
^sh	2081
^sh$	5
^sha	847
^she	133
^shi	447
^shl	13
^shm	8
^shn	5
^sho	146
^shr	261
^sht	3
^shu	164
^shv	6
^shw	14
^shy	24
^si	661
^si$	3
^sia	10
^sib	9
^sic	10
^sid	82
^sie	4
^sif	19
^sig	23
^sih	3
^sik	115
^sil	61
^sim	41
^sin	102
^sip	7
^sir	67
^sis	23
^sit	42
^siv	8
^six	11
^siy	14
^siz	5
^sj	4
^sj$	3
^sk	60
^ska	27
^ske	9
^ski	13
^sky	8
^sl	43
^sla	9
^sle	7
^sli	6
^slo	18
^slu	3
^sm	96
^sma	40
^smc	3
^sme	4
^smi	13
^smo	16
^smr	12
^sms	4
^smu	3
^sn	72
^sna	36
^sne	11
^sni	4
^snn	6
^sno	8
^snp	3
^so	397
^so$	6
^sob	6
^soc	42
^sod	15
^sof	31
^soh	15
^soi	3
^soj	3
^sok	4
^sol	42
^som	24
^son	87
^soo	31
^sop	15
^sor	16
^sot	9
^sou	30
^sov	3
^soy	12
^sp	198
^spa	86
^spe	41
^sph	6
^spi	35
^spo	15
^spr	8
^spy	3
^sq	14
^squ	14
^sr	48
^sra	3
^sri	32
^srk	3
^sru	5
^ss	6
^ss$	3
^ssb	3
^st	571
^st$	4
^sta	149
^ste	67
^sth	116
^sti	20
^sto	34
^str	113
^sts	3
^stu	53
^sty	11
^su	1124
^su$	3
^sua	10
^sub	62
^suc	48
^sud	77
^suf	7
^sug	30
^suh	17
^sui	17
^suj	41
^suk	109
^sul	77
^sum	44
^sun	160
^sup	81
^sur	180
^sus	70
^sut	35
^suv	41
^suy	5
^suz	10
^sv	17
^sv$	3
^sva	12
^sw	334
^swa	247
^swe	37
^swi	50
^sy	45
^sya	4
^sym	3
^syn	15
^syr	8
^sys	10
^t	3767
^ta	1465
^taa	151
^tab	68
^tad	24
^tag	12
^tah	51
^tai	98
^taj	23
^tak	120
^tal	200
^tam	72
^tan	168
^tap	50
^tar	173
^tas	60
^tat	123
^tau	22
^tav	9
^taw	3
^tax	19
^tay	13
^taz	3
^tb	3
^tb$	3
^tc	6
^tcp	3
^tcs	3
^td	3
^tds	3
^te	322
^te$	4
^tea	18
^tec	20
^ted	5
^tee	61
^teh	11
^tei	3
^tej	18
^tek	17
^tel	44
^ten	23
^tep	3
^ter	68
^tes	3
^tet	6
^tex	12
^tez	3
^th	467
^tha	225
^the	84
^thi	27
^thk	4
^tho	60
^thr	20
^thu	33
^thy	11
^ti	354
^tib	6
^tic	9
^tid	3
^tie	8
^tig	9
^tih	10
^tij	15
^tik	55
^til	56
^tim	24
^tin	14
^tip	14
^tir	73
^tis	15
^tit	26
^tiv	9
^tiw	3
^tiy	3
^to	303
^tob	6
^tod	59
^tog	3
^tok	11
^tol	36
^tom	13
^ton	20
^too	21
^top	27
^tor	35
^tos	4
^tot	18
^tou	21
^tow	14
^tox	4
^toy	8
^tr	440
^tra	197
^tre	17
^tri	161
^tro	24
^tru	41
^ts	10
^tsa	3
^tsh	3
^tso	3
^tt	3
^tt$	3
^tu	274
^tu$	7
^tua	3
^tub	5
^tuc	3
^tud	8
^tuf	10
^tuj	13
^tuk	32
^tul	43
^tum	33
^tun	20
^tur	61
^tus	6
^tut	23
^tuv	5
^tv	18
^tv$	5
^tva	7
^tvc	6
^tw	33
^twe	8
^twi	23
^ty	64
^tya	24
^tyo	12
^typ	17
^tyr	3
^u	1837
^ua	8
^uap	4
^ub	82
^uba	26
^ube	7
^ubh	43
^ubl	3
^ubs	3
^uc	59
^uc$	3
^ucc	18
^uch	38
^ud	236
^ud$	4
^uda	92
^udd	53
^ude	4
^udg	20
^udh	15
^udi	10
^udu	3
^udv	3
^udy	29
^ue	3
^uef	3
^uf	4
^ufa	4
^ug	63
^uga	37
^ugc	3
^uge	3
^ugr	13
^ugt	3
^ui	3
^ui$	3
^uj	33
^uja	14
^ujd	5
^ujj	13
^uk	64
^uk$	3
^uke	9
^ukh	12
^ukr	8
^uks	22
^ukt	8
^ul	90
^ul$	5
^ula	9
^ulf	3
^ulj	15
^ulk	3
^ull	24
^ulm	3
^ult	19
^ulu	4
^um	61
^uma	20
^umb	3
^umd	3
^uml	3
^umm	15
^umr	12
^un	222
^un$	10
^una	8
^unb	3
^unc	18
^und	21
^une	6
^unf	3
^ung	10
^unh	17
^uni	48
^unk	16
^unl	3
^unm	27
^unn	20
^uns	3
^unt	7
^up	368
^up$	6
^upa	106
^upb	3
^upc	20
^upd	15
^upe	9
^upg	7
^uph	8
^upj	18
^upk	12
^upl	4
^upm	21
^upn	31
^upp	15
^upr	16
^ups	28
^upt	3
^upv	14
^upy	32
^ur	47
^ura	5
^ure	3
^uri	7
^urj	9
^url	3
^urm	6
^uro	3
^urs	3
^uru	4
^urv	3
^us	64
^us$	5
^usa	12
^use	9
^ush	9
^usk	6
^usm	9
^usn	3
^usp	3
^ust	3
^usu	3
^ut	421
^ut$	3
^uta	76
^uth	101
^utk	21
^utn	4
^utp	56
^utr	7
^uts	37
^utt	111
^utv	3
^v	3046
^va	959
^vaa	62
^vac	22
^vad	41
^vag	14
^vah	36
^vai	104
^vaj	14
^vak	39
^val	78
^vam	10
^van	109
^vap	11
^var	204
^vas	129
^vat	30
^vav	3
^vay	51
^ve	178
^vec	3
^ved	25
^vee	33
^veg	9
^veh	8
^vei	3
^vel	8
^ven	37
^ver	21
^ves	20
^vet	6
^vh	8
^vhp	3
^vi	1503
^via	3
^vib	76
^vic	72
^vid	259
^vie	15
^vif	9
^vig	42
^vih	14
^vij	54
^vik	123
^vil	73
^vim	28
^vin	94
^vip	30
^vir	105
^vis	359
^vit	53
^viv	82
^viy	10
^vl	4
^vla	4
^vm	3
^vm$	3
^vo	87
^vo$	4
^voc	5
^vod	5
^voh	3
^voi	12
^vol	31
^von	7
^vot	13
^vou	3
^vr	72
^vra	7
^vri	44
^vru	21
^vy	228
^vya	208
^vyk	3
^vyo	5
^vyu	6
^w	679
^w$	3
^wa	327
^waa	12
^wac	4
^wad	8
^waf	6
^wag	9
^wah	22
^wai	12
^waj	8
^wak	6
^wal	62
^wam	6
^wan	11
^wap	10
^waq	5
^war	78
^was	28
^wat	12
^wav	4
^wax	4
^way	6
^waz	14
^we	69
^wea	6
^web	21
^wee	4
^weg	4
^wel	15
^wen	4
^wes	8
^wh	49
^wha	16
^whe	18
^whi	13
^wi	133
^wic	9
^wid	5
^wif	6
^wik	7
^wil	39
^wim	3
^win	40
^wir	8
^wis	8
^wit	6
^wo	85
^woh	6
^wol	3
^won	12
^woo	11
^wor	49
^wr	7
^wri	5
^wy	6
^wya	5
^x	24
^x$	10
^xi	4
^xp	4
^xp$	3
^xr	5
^xra	5
^y	689
^ya	335
^ya$	6
^yaa	26
^yac	10
^yad	32
^yag	20
^yah	23
^yaj	17
^yak	14
^yam	31
^yan	32
^yap	6
^yar	9
^yas	31
^yat	55
^yau	14
^yav	3
^yay	3
^yc	3
^yc$	3
^ye	31
^ye$	7
^yea	5
^yel	6
^yen	3
^yes	6
^yi	12
^yie	3
^yin	3
^yip	3
^yis	3
^yk	11
^yka	11
^ym	3
^ymc	3
^yo	152
^yo$	3
^yod	9
^yog	66
^yoj	24
^yon	12
^yoo	3
^yor	3
^you	29
^ys	3
^ysr	3
^yu	135
^yua	3
^yud	35
^yug	28
^yuk	10
^yul	3
^yun	10
^yur	3
^yus	7
^yuv	34
^z	132
^z$	3
^za	53
^zah	8
^zak	6
^zam	13
^zan	3
^zar	17
^ze	15
^zee	4
^zeh	3
^zer	6
^zi	32
^zid	9
^zik	3
^zin	16
^zm	4
^zme	3
^zo	17
^zon	3
^zoo	10
^zu	7
^zub	4
a	119776
a$	13840
aa	8301
aa$	1125
aaa	18
aaa$	3
aaae	5
aaan	4
aab	111
aab$	21
aaba	17
aabd	6
aabh	31
aabi	20
aabu	11
aac	64
aach	60
aad	553
aad$	134
aada	79
aade	39
aadh	132
aadi	122
aado	13
aadr	3
aads	5
aadu	8
aadv	4
aady	5
aae	42
aae$	11
aaee	3
aaei	8
aaen	14
aaf	20
aaf$	7
aafa	7
aafi	3
aag	210
aag$	45
aaga	67
aagd	4
aage	14
aagh	10
aagi	15
aagk	6
aagn	4
aago	13
aagr	14
aagu	4
aagy	11
aah	151
aah$	30
aaha	44
aahe	5
aahi	36
aahl	3
aaho	7
aahu	8
aahv	7
aai	118
aai$	79
aain	11
aaiy	22
aaj	225
aaj$	72
aaja	36
aaje	9
aaji	40
aajk	8
aajm	10
aajn	9
aajo	11
aajp	4
aajs	5
aajt	3
aaju	5
aajv	4
aajy	5
aak	293
aak$	36
aaka	109
aake	11
aakh	47
aaki	13
aakr	46
aaks	17
aakt	5
aaku	3
aal	558
aal$	193
aala	102
aalb	3
aald	3
aale	54
aali	93
aalk	9
aall	3
aalm	10
aaln	8
aalo	32
aalp	3
aals	4
aalt	9
aalu	21
aalv	6
aam	265
aam$	89
aama	53
aamb	8
aamd	6
aame	3
aamg	4
aami	37
aamj	8
aamk	8
aamn	10
aamo	5
aamp	6
aamr	4
aams	4
aamt	3
aamu	5
aamv	3
aamy	3
aan	1305
aan$	410
aana	159
aanb	9
aanc	46
aand	50
aane	177
aang	40
aani	118
aanj	8
aank	68
aanm	9
aano	34
aanp	7
aans	35
aant	69
aanu	35
aanv	15
aanw	5
aany	6
aao	89
aao$	11
aaog	3
aaon	74
aap	216
aap$	41
aapa	85
aapd	3
aape	4
aapi	22
aapk	15
aapn	3
aapo	3
aapr	10
aaps	9
aapt	5
aapu	14
aar	915
aar$	334
aara	160
aarb	7
aard	13
aare	28
aarh	4
aari	157
aarj	3
aark	11
aarl	7
aarn	15
aaro	78
aarp	6
aars	19
aart	45
aaru	8
aarv	5
aary	10
aas	510
aas$	95
aasa	47
aase	5
aash	169
aasi	70
aask	8
aasm	3
aaso	15
aasp	10
aast	62
aasu	11
aasv	4
aasy	5
aat	726
aat$	117
aata	148
aate	88
aath	72
aati	96
aatk	10
aatm	99
aatn	8
aato	17
aatp	3
aatr	26
aatt	9
aatu	11
aatv	8
aaty	9
aau	13
aaun	4
aauu	4
aav	249
aav$	53
aava	100
aavb	4
aavd	5
aave	22
aavi	25
aavo	12
aavr	8
aavs	8
aavy	5
aaw	33
aawa	26
aawe	4
aay	412
aay$	25
aaya	193
aayd	5
aaye	105
aayi	31
aayk	3
aayo	28
aayu	15
aaz	80
aaz$	36
aaza	9
aaze	3
aazi	16
aazm	6
aazo	8
ab	2045
ab$	166
aba	435
aba$	29
abaa	24
abab	10
abad	134
abae	3
abag	3
abah	10
abai	11
abak	5
abal	46
aban	73
abar	59
abas	10
abav	3
abay	7
abb	62
abba	29
abbe	9
abbi	10
abbo	3
abbu	9
abc	6
abc$	3
abcd	3
abd	103
abd$	9
abda	9
abde	14
abdh	6
abdi	34
abdk	6
abdo	9
abdu	13
abe	71
abe$	12
abee	12
abel	13
aben	10
aber	9
abet	9
abh	648
abh$	29
abha	253
abhb	5
abhd	7
abhe	5
abhh	3
abhi	231
abhk	12
abhn	3
abho	15
abhp	3
abhu	40
abhy	40
abi	155
abi$	49
abib	11
abid	6
abii	3
abij	8
abik	7
abil	13
abin	25
abir	10
abit	11
abiy	7
abj	24
abj$	4
abje	4
abji	12
abk	21
abka	3
abke	4
abkh	3
abki	4
abko	5
abl	62
abla	3
able	52
ablo	4
abn	14
abn$	3
abna	6
abne	3
abo	80
aboc	3
abod	10
aboh	4
abol	3
abon	29
aboo	15
abor	8
abou	7
abp	6
abpa	6
abr	51
abra	25
abre	3
abri	18
abs	9
abs$	3
abse	6
abt	12
abt$	3
abta	6
abu	94
abu$	20
abua	3
abud	13
abuk	3
abul	18
abun	4
abur	4
abut	23
abuu	4
aby	15
aby$	7
abyt	5
abz	9
abza	3
abzi	3
ac	1467
ac$	11
aca	13
acad	8
acar	3
acb	3
acbe	3
acc	97
acce	6
acch	56
acci	9
acco	18
accu	6
ace	79
ace$	44
aceb	11
aced	4
acem	3
acer	4
aceu	6
acew	3
ach	952
ach$	58
acha	423
achc	34
achd	4
ache	52
achh	96
achi	168
achk	6
achm	3
achn	51
acho	7
achp	3
achr	9
acht	11
achu	20
achy	5
aci	22
acid	11
acif	4
acil	6
ack	117
ack$	35
ackb	6
acke	30
acki	22
ackl	7
acks	5
acku	6
ackw	3
acl	6
acle	3
aco	8
acob	3
acp	3
acp$	3
acr	3
acro	3
act	130
act$	34
acte	5
acti	43
acto	36
acts	3
actu	9
acu	9
acul	6
acuu	3
acy	10
acy$	10
ad	5664
ad$	875
ada	975
ada$	189
adaa	77
adab	12
adac	8
adad	16
adag	8
adah	3
adai	14
adak	85
adal	67
adam	52
adan	111
adao	4
adap	26
adar	137
adas	53
adat	61
adau	9
adav	16
aday	24
adb	49
adb$	3
adba	16
adbh	29
adc	10
adca	6
adch	4
add	189
add$	7
adda	31
adde	17
addh	81
addi	25
addo	3
addr	6
addu	19
ade	349
ade$	133
aded	14
adee	7
adeg	5
adei	5
adel	9
adem	12
aden	13
ader	25
ades	98
adet	3
adev	24
adg	27
adga	10
adge	10
adgi	4
adgu	3
adh	1494
adh$	91
adha	470
adhb	8
adhc	3
adhe	55
adhi	426
adhk	11
adhm	6
adhn	19
adho	23
adhr	3
adht	14
adhu	77
adhv	11
adhw	6
adhy	267
adi	769
adi$	424
adia	20
adib	3
adik	9
adil	15
adim	10
adin	17
adio	13
adip	6
adir	19
adis	19
adit	71
adiu	8
adiv	11
adiy	119
adk	63
adka	22
adke	7
adki	16
adko	8
adkr	3
adl	37
adla	21
adle	5
adli	5
adlo	5
adm	100
adma	35
admb	5
adme	10
admi	25
admk	3
admo	9
admu	3
admv	6
adn	51
adna	25
adne	16
adny	7
ado	210
ado$	11
adob	3
adod	4
adog	3
adoh	6
adol	13
adon	121
adoo	10
adop	7
ador	10
ados	15
adow	3
adp	18
adpe	3
adph	4
adpu	7
adr	100
adr$	4
adra	53
adre	4
adri	27
adro	9
ads	43
ads$	8
adsa	4
adse	7
adsh	12
adsi	3
adsu	3
adsy	6
adt	37
adta	19
adte	15
adti	3
adu	121
adu$	28
adua	12
adud	3
adug	5
adui	5
aduk	7
adul	12
adun	5
adup	3
adur	20
adus	13
aduv	3
adv	70
adva	20
adve	16
advi	29
advo	3
adw	22
adwa	5
adwe	11
adwi	3
adwo	3
ady	52
ady$	13
adya	31
adyu	7
ae	483
ae$	132
aec	3
aech	3
aed	7
aed$	3
aedi	4
aee	54
aee$	52
aeg	22
aega	12
aegi	10
aei	45
aei$	3
aein	41
aek	5
aek$	3
ael	40
ael$	29
aeli	7
aels	3
aem	3
aen	133
aen$	112
aena	4
aeng	14
aer	11
aero	8
aes	3
aey	16
aeya	3
aeye	8
aeyo	5
af	385
af$	32
afa	108
afa$	14
afaa	6
afad	7
afai	3
afal	34
afan	7
afar	22
afat	9
afay	3
afc	3
afc$	3
afe	34
afe$	10
afed	12
afee	5
afek	3
aff	27
aff$	3
affa	14
affi	6
afg	9
afga	4
afgh	5
afi	40
afi$	18
afia	3
afil	5
afin	3
afiy	3
afiz	3
afj	4
afl	3
afla	3
afm	3
afn	16
afn$	3
afna	13
afo	8
afon	3
afr	18
afra	6
afri	12
afs	9
afsa	9
aft	50
aft$	17
afta	17
afte	7
afto	3
afts	6
afu	9
afun	6
afw	4
afwa	4
afz	4
ag	2253
ag$	182
aga	833
aga$	24
agaa	77
agad	66
agae	7
agah	21
agai	21
agaj	19
agal	43
agam	27
agan	102
agar	260
agas	10
agat	87
agau	9
agav	20
agaw	4
agay	24
agaz	9
agb	7
agbh	6
agd	44
agda	12
agde	11
agdi	14
age	205
age$	121
aged	3
agee	14
ageg	4
agem	10
agen	40
ager	7
ages	4
agg	7
aggh	3
aggi	3
agh	123
agh$	13
agha	56
aghe	3
agho	7
aghr	7
aghu	23
aghy	8
agi	169
agi$	58
agic	10
agid	18
agin	28
agir	24
agis	9
agit	12
agiy	10
agj	13
agja	7
agji	4
agk	13
agka	10
agke	3
agl	20
agla	7
agle	11
agm	23
agma	19
agmo	4
agn	92
agn$	8
agna	24
agne	19
agni	27
agno	9
ago	95
ago$	16
agob	3
agod	8
agol	20
agon	35
agor	5
agos	3
agot	3
agp	17
agpa	11
agpu	5
agr	173
agra	98
agre	17
agri	35
agro	10
agrs	3
agru	8
ags	9
agsa	5
agsh	3
agt	16
agta	6
agte	4
agti	3
agu	63
agu$	9
agua	4
aguc	8
ague	7
aguf	6
agul	3
agun	8
agup	8
agur	6
aguv	3
agv	13
agva	9
agw	37
agwa	37
agy	97
agy$	3
agya	74
agyo	7
agys	5
agyv	4
ah	3072
ah$	356
aha	1230
aha$	51
ahaa	60
ahab	36
ahac	3
ahad	71
ahag	7
ahaj	33
ahak	78
ahal	48
aham	53
ahan	260
ahap	17
ahar	196
ahas	102
ahat	131
ahav	46
ahay	29
ahaz	4
ahb	15
ahbh	9
ahbu	5
ahc	30
ahch	30
ahd	8
ahda	6
ahe	117
ahe$	30
aheb	7
ahee	9
aheg	9
ahei	5
ahej	12
ahel	16
ahen	18
ahes	8
ahf	3
ahfi	3
ahg	13
ahga	10
ahi	451
ahi$	113
ahib	9
ahid	22
ahie	4
ahik	25
ahil	32
ahim	24
ahin	45
ahip	3
ahir	28
ahis	30
ahit	75
ahiy	40
ahj	25
ahja	16
ahje	4
ahk	27
ahka	21
ahkh	3
ahl	57
ahla	37
ahle	8
ahli	3
ahlo	3
ahlu	6
ahm	94
ahma	63
ahme	9
ahmi	6
ahmo	6
ahmu	3
ahn	61
ahna	26
ahne	9
ahni	14
ahno	5
aho	117
aho$	10
ahob	3
ahod	9
ahog	3
ahoi	3
ahol	3
ahon	61
ahoo	13
ahot	9
ahp	6
ahr	87
ahr$	4
ahra	36
ahre	18
ahri	16
ahro	5
ahru	4
ahs	36
ahsa	11
ahsi	5
ahso	3
ahst	5
ahsu	3
ahsy	7
aht	43
ahta	12
ahte	5
ahth	3
ahti	7
ahtt	5
ahtv	5
ahty	3
ahu	224
ahu$	23
ahua	13
ahub	10
ahuc	4
ahud	5
ahug	6
ahuj	15
ahuk	6
ahul	29
ahum	9
ahun	47
ahup	6
ahur	6
ahus	9
ahut	20
ahuu	7
ahuv	7
ahv	25
ahva	17
ahvi	6
ahw	7
ahwa	5
ahy	35
ahya	14
ahyo	20
ahz	5
ahza	5
ai	2518
ai$	572
aia	7
aiad	3
aiae	4
aib	21
aiba	7
aibh	8
aic	32
aicc	4
aich	26
aid	141
aid$	16
aida	36
aide	16
aidh	26
aidi	23
aidy	15
aie	12
aie$	10
aif	11
aif$	8
aifu	3
aig	28
aiga	13
aigh	3
aigy	10
aih	10
aiha	3
aihi	5
aij	14
aija	9
aiju	3
aik	43
aik$	5
aika	18
aikd	3
aiks	8
ail	297
ail$	103
aila	91
aile	19
ailg	11
aili	22
ailm	7
ailn	5
ailo	11
ails	7
ailt	4
ailu	4
ailw	6
aily	4
aim	37
aim$	6
aima	17
aime	4
aimu	3
ain	359
ain$	98
aina	26
ainb	3
aind	10
aine	33
aing	20
aini	48
aink	15
ainl	5
ainm	4
aino	8
ains	35
aint	34
ainy	14
aip	28
aipa	9
aipe	3
aipu	10
air	266
air$	54
aira	55
airb	6
airc	8
aire	9
airf	4
airi	17
airk	12
airl	26
airm	7
airn	4
airo	20
airp	6
airs	14
airt	12
airy	7
ais	203
ais$	7
aisa	55
aise	24
aish	69
aisi	22
aisl	10
aiso	9
aist	4
ait	228
ait$	27
aita	26
aitb	4
aite	4
aith	86
aiti	47
aito	4
aitr	15
aitt	3
aity	6
aiv	50
aiv$	8
aiva	14
aivi	20
aivv	4
aiw	9
aiwa	8
aiy	140
aiya	70
aiye	20
aiyo	39
aiyy	8
aiz	9
aiza	8
aj	1928
aj$	332
aja	504
aja$	63
ajaa	35
ajab	3
ajad	6
ajae	6
ajag	6
ajah	11
ajai	7
ajaj	3
ajak	28
ajal	19
ajam	12
ajan	98
ajao	3
ajap	12
ajar	65
ajas	13
ajat	63
ajau	5
ajav	7
ajaw	4
ajay	35
ajb	50
ajba	23
ajbh	6
ajbo	6
ajbu	15
ajd	36
ajda	3
ajde	4
ajdh	9
ajdi	3
ajdo	9
ajdu	8
aje	90
aje$	39
ajee	19
ajen	12
ajes	12
ajev	3
ajg	17
ajga	8
ajgi	3
ajgr	3
ajgu	3
ajh	62
ajh$	8
ajha	16
ajhd	9
ajhe	9
ajhn	11
ajht	7
aji	249
aji$	127
ajic	3
ajid	10
ajik	11
ajil	10
ajim	10
ajin	4
ajip	7
ajir	15
ajis	10
ajit	21
ajiv	11
ajiy	5
ajj	20
ajja	12
ajji	4
ajjo	3
ajk	45
ajka	24
ajkh	3
ajki	3
ajko	6
ajku	9
ajl	9
ajla	5
ajm	67
ajma	45
ajme	10
ajmo	6
ajmu	3
ajn	64
ajna	26
ajne	18
ajni	18
ajo	74
ajo$	3
ajok	4
ajol	4
ajon	37
ajoo	9
ajor	7
ajot	3
ajou	3
ajov	3
ajp	54
ajpa	31
ajpr	3
ajpu	18
ajr	30
ajra	22
ajri	4
ajro	3
ajs	51
ajsa	6
ajse	9
ajsh	21
ajsi	6
ajsu	4
ajsw	3
ajt	8
ajta	6
aju	62
aju$	9
ajub	6
ajud	3
ajuk	3
ajul	9
ajur	21
ajuv	5
ajv	29
ajva	19
ajve	4
ajvi	6
ajw	11
ajwa	11
ajy	64
ajy$	3
ajya	51
ajyo	10
ak	5266
ak$	1332
aka	1068
aka$	57
akaa	130
akab	7
akad	54
akae	3
akag	3
akah	8
akai	7
akal	112
akam	16
akan	81
akar	440
akas	39
akat	83
akau	5
akav	14
akay	5
akb	27
akba	20
akbi	3
akbr	4
akd	34
akda	17
akdh	3
akdi	11
ake	234
ake$	87
akeb	3
aked	5
akee	11
akeg	8
akel	45
aken	15
aker	33
akes	12
aket	7
akeu	3
akey	3
akg	6
akgh	6
akh	474
akh$	37
akha	135
akhb	5
akhd	3
akhe	37
akhi	50
akhk	8
akhm	8
akhn	20
akho	20
akhp	11
akhr	7
akhs	13
akht	49
akhu	14
akhv	16
akhw	5
akhy	34
aki	210
aki$	76
akia	8
akib	6
akik	3
akil	10
akim	9
akin	25
akir	18
akis	8
akit	9
akiy	35
akk	130
akka	74
akke	9
akkh	21
akki	20
akl	18
akl$	5
akle	5
akli	6
akm	5
akma	4
akn	39
akna	9
akne	16
akni	10
aknu	4
ako	276
ako$	11
akol	7
akon	219
akoo	5
akop	5
akor	9
akos	12
akot	5
akou	3
akp	18
akp$	3
akpa	9
akpu	6
akr	251
akr$	4
akra	120
akre	7
akri	90
akro	7
akrs	3
akrt	3
akru	14
aks	629
aks$	10
aksa	18
aksh	594
aksi	7
akt	378
akt$	55
akta	105
aktc	3
akte	8
akti	168
akto	11
aktp	6
aktr	5
akts	4
aku	83
aku$	18
akub	7
akul	13
akum	5
akun	11
akuo	9
akur	6
akus	11
akv	23
akv$	3
akva	17
akw	9
akwa	9
aky	19
akya	10
akyo	3
akyu	3
al	7525
al$	1928
ala	1626
ala$	371
alaa	114
alab	40
alac	13
alad	13
alae	12
alag	17
alah	18
alai	36
alaj	7
alak	148
alal	40
alam	54
alan	229
alao	19
alap	37
alar	34
alas	47
alat	125
alau	10
alav	23
alaw	5
alax	7
alay	205
alb	60
alba	17
albe	11
albh	6
albo	7
albu	15
alc	51
alch	34
alco	10
alcu	5
ald	87
ald$	13
alda	26
aldb	5
alde	4
aldh	21
aldi	8
alds	4
aldw	5
ale	497
ale$	271
aleb	6
aled	3
alee	28
aleg	21
alei	7
alej	6
alek	21
alem	6
alen	61
alep	4
aler	16
ales	24
alex	6
aley	14
alf	21
alf$	5
alfr	9
alg	61
alga	39
alge	4
algh	3
algo	6
algr	3
algu	3
alh	26
alha	20
alho	4
ali	1283
ali$	606
alia	29
alib	19
alid	25
alif	32
alig	9
alij	3
alik	118
alil	10
alim	25
alin	95
alio	12
alip	14
alis	67
alit	85
aliy	124
alj	9
alja	4
alje	3
alk	181
alk$	19
alka	70
alke	12
alkh	17
alki	23
alko	13
alkr	13
alks	6
alku	4
all	289
all$	60
alla	73
alle	61
alli	33
allm	3
allo	19
allr	3
alls	6
allu	15
ally	11
alm	92
alm$	4
alma	45
alme	14
almi	13
almo	7
almr	3
almu	5
aln	87
alna	33
alne	40
alni	10
alnk	3
alo	296
alo$	36
aloc	28
alod	7
aloe	3
alog	10
alok	14
alon	166
aloo	14
alor	13
alot	3
alp	204
alp$	19
alpa	69
alpe	3
alph	8
alpi	14
alpn	5
alpo	3
alpr	23
alps	12
alpu	42
alr	16
alra	12
alru	3
als	107
als$	34
alsa	22
alse	20
alsh	8
alsi	6
alst	11
alsy	3
alt	205
alt$	19
alta	87
alte	28
alth	13
alti	38
alto	13
altu	7
alu	171
alu$	61
alua	4
alub	4
alud	6
alue	8
aluj	3
aluk	21
alum	18
aluo	10
alur	16
alus	7
alut	7
alv	102
alva	54
alve	11
alvi	34
alw	49
alwa	49
aly	76
aly$	9
alya	48
alyo	10
alys	3
alyt	4
am	5345
am$	1123
ama	1458
ama$	116
amaa	146
amab	14
amac	25
amad	37
amae	7
amag	17
amah	12
amai	11
amaj	98
amak	82
amal	99
amam	4
aman	385
amap	9
amar	138
amas	74
amat	77
amau	5
amav	34
amay	60
amaz	4
amb	337
amb$	8
amba	113
ambe	14
ambh	131
ambi	17
ambl	9
ambo	23
ambr	5
ambu	14
amc	32
amch	31
amd	71
amda	20
amde	25
amdh	15
amdi	7
ame	247
ame$	34
amee	48
amei	6
amej	4
amek	8
amel	3
amen	27
ameo	4
amer	43
ames	28
amet	28
amew	3
amey	6
amf	3
amfa	3
amg	47
amga	33
amgi	3
amgr	10
amh	16
amha	6
amhi	4
amho	4
ami	514
ami$	187
amia	6
amib	11
amic	12
amid	8
amij	4
amik	35
amil	36
amim	3
amin	75
amip	5
amir	30
amis	6
amit	62
amiy	31
amj	89
amja	12
amjh	58
amji	6
amjo	10
amju	3
amk	90
amka	54
amkh	5
amki	15
amko	7
amkr	3
aml	80
amla	29
amle	15
amli	14
amlo	18
amm	150
amma	79
amme	22
ammi	18
ammo	19
ammp	3
ammu	7
amn	82
amn$	3
amna	32
amne	16
amni	22
amno	3
amnv	5
amo	136
amo$	11
amob	3
amod	6
amol	3
amon	64
amoo	20
amor	6
amos	12
amou	10
amp	236
amp$	21
ampa	105
ampi	13
ampo	12
ampr	19
amps	5
ampu	54
amr	161
amr$	4
amra	56
amre	14
amri	43
amro	8
amrp	3
amrt	4
amru	26
ams	97
ams$	11
amsa	11
amse	10
amsh	32
amsi	12
amso	3
amsu	10
amsw	4
amt	43
amta	35
amu	183
amu$	3
amuc	9
amud	48
amug	3
amuh	15
amuk	41
amul	12
amum	3
amun	32
amur	11
amuu	4
amv	79
amva	43
amve	24
amvi	11
amw	11
amwa	11
amy	54
amy$	7
amya	35
amyi	7
amz	6
amza	6
an	18630
an$	4673
ana	2023
ana$	665
anaa	219
anab	22
anac	11
anad	70
anae	14
anag	67
anah	10
anai	13
anaj	24
anak	89
anal	46
anam	46
anan	234
anao	17
anap	40
anar	57
anas	97
anat	140
anau	9
anav	89
anay	40
anaz	3
anb	118
anba	46
anbe	4
anbh	38
anbi	15
anbo	4
anbu	9
anc	436
ance	86
anch	310
anci	16
anco	8
ancr	4
ancy	8
and	2021
and$	415
anda	439
andd	4
ande	156
andg	6
andh	354
andi	225
andk	3
andl	21
andm	10
andn	11
ando	78
andp	17
andr	159
ands	24
andu	58
andv	9
andw	16
andy	16
ane	1085
ane$	838
anea	3
aneb	4
aned	8
anee	15
aneg	10
anei	9
anek	14
anel	7
anem	10
anen	19
aner	11
anes	33
anet	17
aneu	6
anev	19
anew	24
aney	37
anf	3
anfo	3
ang	1206
ang$	190
anga	324
angb	24
angd	7
ange	105
angg	5
angh	92
angi	106
angk	7
angl	53
angm	16
angn	9
ango	81
angp	9
angr	75
angs	4
angt	4
angu	49
angv	5
angw	6
angy	29
angz	6
anh	58
anh$	3
anha	26
anhe	5
anhi	21
ani	1424
ani$	725
ania	37
anib	5
anic	20
anid	16
anie	8
anif	6
anih	3
anii	6
anij	12
anik	122
anil	10
anim	28
anin	16
anip	34
anir	40
anis	70
anit	77
aniu	5
aniv	30
aniy	149
aniz	3
anj	397
anj$	73
anja	147
anje	37
anjh	22
anji	63
anjl	3
anjo	14
anjr	3
anju	30
ank	705
ank$	67
anka	265
anke	35
ankf	6
ankg	3
ankh	104
anki	93
ankl	6
anko	15
ankr	32
anks	17
ankt	7
anku	39
ankv	3
ankw	6
anky	3
anl	24
anla	15
anle	6
anlo	3
anm	179
anm$	8
anma	94
anmd	8
anme	9
anmi	3
anmo	30
anmt	8
anmu	9
ann	246
ann$	31
anna	96
anne	56
anni	23
anno	11
annt	5
annu	15
anny	8
ano	581
ano$	42
anob	6
anoc	12
anod	15
anoh	9
anok	18
anol	7
anon	372
anoo	15
anop	6
anor	31
anos	3
anot	6
anov	31
anp	169
anpa	63
anpe	4
anpo	8
anpr	19
anpt	3
anpu	66
anr	51
anra	38
anrc	3
anre	5
anro	4
ans	741
ans$	52
ansa	140
anse	19
ansf	10
ansh	232
ansi	54
ansk	27
ansl	3
ansm	19
ansn	10
anso	8
ansp	25
ansr	10
anst	70
ansu	43
ansv	6
answ	11
ant	1359
ant$	288
anta	308
antd	3
ante	41
anth	94
anti	190
antk	4
antm	3
antn	3
anto	76
antp	8
antr	229
ants	7
antt	3
antu	63
antv	17
antw	3
anty	16
anu	578
anu$	53
anua	11
anub	46
anuc	6
anud	25
anuf	3
anug	11
anuj	18
anuk	27
anul	4
anum	60
anun	18
anuo	22
anup	47
anur	22
anus	158
anut	16
anuv	15
anuw	5
anuy	9
anv	232
anv$	12
anva	111
anve	44
anvi	60
anw	58
anwa	56
any	251
any$	45
anya	179
anye	4
anyi	3
anyo	12
anyu	3
anz	11
anza	3
ao	698
ao$	82
aog	5
aoge	5
aon	583
aon$	579
aoo	8
aoo$	5
aoon	3
aos	3
aot	4
aota	3
ap	2059
ap$	160
apa	591
apa$	24
apaa	27
apac	8
apad	25
apai	3
apak	30
apal	23
apam	6
apan	150
apar	103
apas	26
apat	155
apau	3
apay	3
apb	3
apc	10
apc$	3
apch	7
apd	20
apda	12
apde	5
apdi	3
ape	115
ape$	30
aped	3
apee	4
apeg	7
apek	29
apen	5
aper	21
apes	5
apet	9
aph	108
aph$	17
apha	12
aphe	26
aphi	22
aphy	28
api	153
api$	55
apid	3
apik	16
apil	6
apis	8
apit	61
apiy	4
apj	4
apjo	4
apk	31
apka	12
apke	4
apki	5
apko	7
apkr	3
apl	12
apla	6
aple	3
apli	3
apm	17
apma	17
apn	78
apn$	4
apna	36
apne	22
apni	14
apo	74
apol	5
apon	25
apoo	29
apos	6
apov	6
app	95
app$	13
appa	32
appe	11
appl	23
appo	4
appr	3
appy	6
apr	189
apra	155
apri	21
apro	4
aps	43
aps$	8
apsa	5
apse	5
apsh	3
apsi	9
apsr	3
apsu	7
apt	121
apt$	16
apta	49
apte	11
apti	28
apto	3
apu	209
apu$	5
apur	185
apus	10
aput	6
apv	14
apva	9
apvy	3
apy	12
apy$	8
apya	4
aq	31
aq$	13
aqi	4
aqi$	3
aqs	4
aqt	5
aqt$	5
ar	14661
ar$	3531
ara	2283
ara$	352
araa	167
arab	66
arac	11
arad	52
arae	8
araf	7
arag	40
arah	51
arai	27
araj	52
arak	138
aral	34
aram	172
aran	640
arao	20
arap	21
arar	28
aras	81
arat	190
arau	8
arav	35
araw	5
aray	71
araz	7
arb	224
arba	81
arbe	6
arbh	86
arbi	14
arbo	24
arbr	4
arbu	8
arc	158
arc$	6
arce	4
arch	125
arci	4
arco	13
arct	4
ard	526
ard$	142
arda	98
ardb	3
ardd	18
arde	26
ardh	111
ardi	60
ardn	5
ardo	17
ardr	7
ards	26
ardu	3
ardw	7
are	463
are$	228
area	4
areb	4
ared	15
aree	47
areg	8
arei	4
arek	14
arel	20
aren	62
arep	4
arer	9
ares	21
aret	7
arey	11
arf	43
arf$	10
arfa	16
arfi	13
arg	284
arg$	72
arga	84
argd	9
arge	27
argh	9
argi	40
argo	27
argr	8
argu	3
argv	4
arh	177
arh$	90
arha	42
arhe	17
arhi	13
arhu	7
arhw	5
ari	1977
ari$	777
aria	23
arib	33
aric	33
arid	80
arie	6
arif	12
arig	18
arih	13
arij	28
arik	168
aril	10
arim	15
arin	71
ario	7
arip	50
arir	9
aris	160
arit	131
ariv	74
ariw	4
ariy	248
ariz	3
arj	145
arj$	18
arja	54
arje	14
arji	51
arju	6
ark	379
ark$	84
arka	105
arke	43
arkh	43
arki	20
arkl	3
arko	31
arkp	3
arks	38
arky	5
arl	102
arl$	8
arla	20
arlb	3
arle	14
arli	28
arlo	15
arly	10
arm	481
arm$	84
arma	156
armc	9
arme	13
armg	3
armi	95
armk	8
armn	16
armo	30
armp	12
arms	16
armu	16
armv	3
army	13
arn	301
arn$	33
arna	131
arne	43
arni	54
arnm	4
arno	23
arnu	4
arny	3
aro	747
aro$	63
arob	3
arod	19
arog	13
aroh	35
aroj	11
arok	15
arol	12
aron	438
aroo	48
arop	34
aror	4
aros	34
arot	12
arov	6
arp	192
arp$	12
arpa	93
arpe	6
arpi	6
arpo	3
arpr	10
arps	3
arpu	57
arr	96
arr$	4
arra	37
arre	17
arri	25
arry	10
ars	507
ars$	32
arsa	51
arse	22
arsh	350
arsi	30
arso	7
arst	5
arsu	3
arsw	4
art	877
art$	66
arta	268
arte	59
arth	276
arti	127
artm	11
artn	10
arto	21
artp	9
arts	9
artu	11
arty	6
aru	236
aru$	44
arub	4
aruc	12
arud	15
aruk	6
arul	5
arun	48
arup	27
arur	43
arus	21
arut	6
aruu	4
arv	425
arv$	14
arva	253
arvb	3
arve	41
arvg	4
arvi	31
arvj	6
arvk	6
arvn	7
arvo	18
arvp	4
arvs	20
arvt	7
arvv	4
arw	65
arwa	60
arwi	3
ary	432
ary$	87
arya	262
aryb	3
aryc	4
arye	3
aryk	16
aryo	20
aryp	8
arys	15
aryt	3
aryv	5
arz	9
arz$	5
arza	3
as	5689
as$	566
asa	888
asa$	61
asaa	50
asab	18
asac	9
asad	44
asaf	3
asag	18
asah	41
asai	11
asak	40
asal	50
asam	82
asan	272
asar	68
asat	59
asau	16
asav	20
asay	18
asb	25
asba	3
asbe	11
asbh	4
asbi	4
asbo	3
asc	28
asch	16
asco	5
ascr	3
asd	12
asde	4
asdi	3
ase	132
ase$	68
aseb	3
asee	24
asei	3
asel	3
asen	8
aser	8
asey	8
asf	6
asfu	3
asg	4
asga	3
ash	1645
ash$	178
asha	459
ashb	3
ashc	42
ashe	51
ashf	3
ashg	9
ashh	6
ashi	283
ashj	3
ashk	12
ashl	21
ashm	37
ashn	30
asho	28
ashp	15
ashr	70
ashs	8
asht	250
ashu	35
ashv	28
ashw	25
ashy	48
asi	430
asi$	145
asia	18
asib	4
asic	6
asid	26
asif	3
asig	3
asih	4
asik	33
asil	6
asim	20
asin	33
asir	10
asit	47
asiv	4
asiy	62
asj	11
asje	3
asji	8
ask	110
ask$	17
aska	48
aske	11
askh	3
aski	13
asko	9
askr	8
asl	41
asl$	3
asla	8
asle	8
asli	11
aslo	5
aslw	4
asm	61
asm$	4
asma	28
asme	7
asmi	16
asmo	6
asn	30
asna	15
asne	8
asni	5
aso	109
aso$	4
asoi	5
asol	6
ason	70
asoo	14
asor	3
asou	5
asp	100
asp$	5
aspa	48
aspe	3
aspi	13
aspr	6
aspu	21
asr	27
asra	21
asre	3
ass	165
ass$	27
assa	23
assb	3
assc	4
asse	26
assi	32
assm	3
asso	31
assp	4
assw	3
assy	3
ast	960
ast$	116
asta	136
aste	58
asth	227
asti	107
astm	7
asto	20
astr	192
asts	6
astu	71
astv	7
asty	5
asu	148
asu$	25
asua	3
asud	26
asuk	3
asul	11
asun	4
asuo	4
asur	43
asut	10
asuv	14
asv	54
asva	21
asvi	30
asw	62
aswa	50
aswi	12
asy	75
asy$	8
asya	50
asyo	3
asyu	6
at	9432
at$	1318
ata	2004
ata$	847
ataa	269
atab	20
atad	7
atae	17
atah	21
atai	16
ataj	4
atak	125
atal	41
atam	48
atan	210
atao	61
atap	24
atar	113
atas	13
atat	71
atau	10
atav	34
ataw	3
atay	50
atb	13
atbh	12
atc	41
atch	41
atd	10
atda	10
ate	875
ate$	589
ateb	3
ated	18
atee	21
ateg	6
ateh	18
atei	25
atek	7
atel	30
atem	6
aten	51
ater	52
ates	24
atew	3
atey	18
atf	21
atf$	3
atfi	3
atfo	14
atg	19
atga	6
atgh	3
atgr	3
atgu	6
ath	893
ath$	227
atha	254
athb	7
athd	4
athe	56
athg	18
athi	126
athj	3
athk	3
athl	12
athm	10
athn	12
atho	54
athp	17
athr	13
aths	6
athu	17
athv	14
athy	38
ati	1668
ati$	726
atia	8
atib	59
atic	26
atid	10
atif	3
atig	12
atih	10
atii	3
atij	27
atik	66
atil	22
atim	28
atin	74
atio	236
atip	30
atir	38
atis	74
atit	30
atiu	5
ativ	42
atiw	4
atiy	134
atk	179
atka	142
atke	5
atkh	9
atki	7
atko	11
atkr	4
atl	69
atla	49
atle	5
atli	8
atlo	6
atm	327
atm$	13
atma	252
atmg	7
atmh	4
atmi	18
atmk	4
atmn	4
atms	8
atmu	3
atmv	3
atmy	7
atn	129
atn$	8
atna	78
atne	16
atni	18
atno	8
ato	268
ato$	9
atod	3
atog	4
atol	9
atom	7
aton	129
atoo	11
ator	89
atot	5
atp	51
atp$	3
atpa	24
atpu	23
atr	459
atr$	34
atra	204
atre	15
atri	118
atrk	4
atro	42
atru	38
ats	48
ats$	7
atsa	19
atse	3
atsh	5
atsr	3
atst	4
atsy	6
att	491
att$	27
atta	184
atte	70
atth	46
atti	111
attl	7
atto	16
attr	5
attu	8
attv	9
atty	3
atu	133
atu$	10
atua	3
atue	3
atuk	14
atul	15
atum	3
atun	4
atuo	3
atur	60
atus	10
atut	7
atv	142
atv$	23
atva	85
atve	4
atvg	5
atvi	18
atvo	5
atw	18
atwa	17
aty	254
aty$	10
atya	223
atye	5
atyu	13
au	1446
au$	43
aua	3
aub	20
auba	6
aubh	10
aubi	3
auc	21
auch	14
auco	5
aud	191
aud$	15
auda	33
audd	9
aude	16
audh	63
audi	41
audt	4
audy	8
auf	6
auf$	5
aug	33
auga	3
auge	3
augh	11
augi	3
augo	3
augu	8
auh	19
auha	11
auj	66
auj$	18
auja	16
aujd	3
auji	16
aujo	3
aujp	3
auju	6
auk	95
auk$	3
auka	47
auke	8
aukh	9
auki	17
aukr	4
auks	5
aul	112
aul$	19
aula	30
auli	41
auln	3
ault	6
aulu	3
aum	37
aum$	10
auma	8
aumi	6
aumr	3
aumu	6
aumy	4
aun	152
aun$	35
auna	12
aunc	9
aund	26
aune	8
aung	8
auni	11
aunk	15
aunp	14
auns	7
aup	18
aupa	6
aupc	7
aupn	3
aur	235
aur$	70
aura	93
aure	8
aurh	5
auri	36
auro	7
aurt	4
aury	7
aus	124
ausa	28
ause	16
aush	47
ausi	6
aust	23
aut	247
aut$	16
auta	62
aute	24
auth	28
auti	61
autk	3
auto	33
autr	12
autt	4
auty	3
auu	15
auu$	9
auud	3
auv	7
auve	3
auvo	3
av	2911
av$	394
ava	1172
ava$	56
avaa	104
avab	13
avac	14
avad	93
avae	4
avag	14
avah	42
avai	27
avaj	10
avak	36
aval	76
avam	13
avan	169
avao	4
avar	154
avas	186
avat	136
avay	15
avb	15
avbh	15
avc	5
avch	5
avd	49
avda	9
avdh	28
avdi	4
avdu	6
ave	225
ave$	39
aved	34
avee	21
aveg	3
aveh	3
avek	7
avel	22
aven	24
aver	11
aves	48
avet	8
avg	14
avga	7
avge	3
avgr	3
avh	12
avha	8
avi	481
avi$	111
avia	15
avib	8
avid	52
avig	10
avih	3
avik	40
avil	8
avin	63
avio	3
avip	3
avir	14
avis	58
avit	59
aviv	23
aviy	8
avj	17
avja	6
avje	3
avji	3
avju	4
avk	15
avka	13
avl	19
avla	4
avle	6
avli	8
avm	12
avma	5
avmi	4
avn	58
avn$	3
avna	26
avne	3
avni	23
avo	79
avo$	7
avod	6
avon	58
avot	3
avp	21
avpr	8
avpu	10
avr	89
avra	37
avri	24
avro	7
avru	18
avs	70
avs$	3
avsa	25
avsh	30
avst	12
avt	17
avta	16
avu	5
avuk	3
avv	16
avva	14
avy	124
avy$	18
avya	75
avyi	3
avyo	14
avyu	9
aw	481
aw$	19
awa	395
awa$	19
awaa	26
awab	9
awad	43
awah	13
awai	12
awaj	13
awal	49
awan	62
awar	47
awas	34
awat	52
awaz	4
awb	9
awbe	9
awe	15
awe$	3
awed	4
awel	4
awi	7
awi$	4
awk	5
awk$	5
awl	5
awla	3
awn	7
awn$	4
awo	4
awr	6
awre	3
aww	4
awwa	4
ax	78
ax$	23
axe	10
axe$	10
axi	25
axi$	9
axim	3
axis	3
axiy	3
axm	6
axma	3
axmi	3
axw	3
axwe	3
axy	7
axy$	7
ay	3219
ay$	590
aya	1358
aya$	399
ayaa	111
ayab	10
ayad	46
ayag	13
ayaj	4
ayak	96
ayal	58
ayam	68
ayan	238
ayap	23
ayar	52
ayas	40
ayat	152
ayav	28
ayaw	12
ayay	3
ayb	10
ayba	5
aybh	5
ayd	29
ayda	15
ayde	5
aydo	4
aye	437
aye$	165
ayee	10
ayeg	42
ayei	27
ayek	3
ayen	158
ayer	19
ayes	7
ayg	5
ayga	3
ayi	213
ayi$	101
ayik	58
ayin	19
ayio	3
ayit	19
ayiy	11
ayk	12
ayke	6
ayl	12
ayli	4
aylo	6
aym	10
ayma	6
aymo	3
ayn	40
ayn$	5
ayna	14
ayne	7
ayni	5
ayno	3
ayo	225
ayo$	4
ayoc	3
ayod	11
ayog	66
ayoj	34
ayok	3
ayon	92
ayor	7
ayov	3
ayp	26
aypa	12
aypr	4
aypu	4
ayr	14
ayra	7
ayre	3
ays	41
aysa	12
aysh	10
aysi	11
ayt	13
ayta	6
ayte	3
ayu	131
ayu$	33
ayub	4
ayud	16
ayug	3
ayuk	18
ayum	9
ayun	5
ayuo	4
ayur	27
ayus	6
ayuy	5
ayv	13
ayva	7
ayvi	4
ayw	4
aywa	4
ayy	30
ayya	26
az	349
az$	80
aza	90
aza$	18
azaa	9
azad	7
azak	4
azal	6
azam	9
azan	4
azar	29
azb	15
azba	5
azbo	5
azbu	5
azd	14
azde	6
azdi	3
azdo	3
aze	19
aze$	10
azer	5
azh	4
azi	80
azi$	27
azia	4
azil	11
azim	4
azin	4
azip	3
azir	18
aziy	3
aziz	4
azm	17
azma	8
azmi	6
azo	15
azon	11
azr	3
azz	6
azz$	5
b	12172
b$	349
ba	4005
ba$	129
baa	240
baa$	7
baab	7
baad	32
baag	4
baah	7
baaj	20
baak	3
baal	25
baam	4
baan	32
baap	6
baar	23
baas	5
baat	29
baav	6
baaw	3
baay	3
baaz	22
bab	63
bab$	4
baba	13
babb	5
babe	5
babi	3
babl	4
babo	5
babu	15
baby	9
bac	158
baca	3
bacc	15
bach	105
back	30
bact	5
bad	527
bad$	109
bada	83
badd	45
bade	11
badh	133
badi	40
badl	24
badm	13
badn	8
bado	28
badr	9
bads	10
badu	3
bae	8
baen	4
bag	109
bag$	12
baga	32
bagd	8
bage	9
bagh	21
bagi	10
bagu	3
bagv	4
bah	236
bah$	7
baha	62
bahe	3
bahi	12
bahm	3
bahn	7
bahr	13
baht	6
bahu	115
bai	142
bai$	29
baig	3
baij	6
bail	13
bain	14
bair	13
bais	10
bait	51
baj	134
baj$	10
baja	56
baje	4
baji	27
bajm	3
bajo	13
bajp	6
bajr	8
bak	117
bak$	21
baka	15
bakb	6
bake	8
bakh	23
baki	20
bako	3
bakr	11
baks	3
baku	3
bal	397
bal$	68
bala	61
balb	6
balc	5
bale	13
balg	3
balh	3
bali	63
balk	18
ball	53
balm	4
balo	25
balp	10
balr	9
bals	4
balt	13
balu	9
balv	16
balw	4
baly	6
bam	32
bam$	11
bama	9
bamb	4
bamo	3
bamv	3
ban	689
ban$	35
bana	86
banb	4
band	301
bane	29
bang	54
bani	29
banj	8
bank	42
bann	22
bano	9
bans	12
bant	33
banv	18
bao	4
bao$	3
bap	21
bapa	7
bapp	3
bapt	7
bapu	3
bar	487
bar$	75
bara	84
barb	28
barc	5
bard	16
bare	18
barf	15
barg	14
barh	7
bari	55
barj	5
bark	26
barm	9
barn	6
baro	13
barp	6
barr	15
bars	26
bart	46
baru	7
barv	4
barw	4
bas	163
bas$	8
basa	51
base	29
bash	12
basi	10
bask	9
basn	5
baso	3
basp	3
bass	9
bast	8
basu	11
bat	240
bat$	26
bata	68
batc	5
bate	16
bath	3
bati	19
batk	3
batl	14
batn	3
bato	27
batp	3
batt	44
batu	9
bau	33
bauc	4
baud	17
baun	4
baur	5
bav	17
bav$	3
bava	8
baw	3
bay	37
bay$	9
baya	19
bayn	3
bayw	3
baz	19
baza	8
bazi	9
bb	129
bba	46
bba$	11
bban	6
bbar	12
bbat	14
bbe	24
bbe$	7
bbea	4
bbed	4
bber	7
bbi	27
bbi$	6
bbin	6
bbir	4
bbiy	6
bbo	9
bbon	8
bbs	4
bbs$	4
bbu	9
bbu$	9
bby	8
bby$	7
bc	32
bc$	20
bcc	4
bcci	3
bcd	3
bcd$	3
bcm	3
bcm$	3
bd	111
bd$	9
bda	10
bdab	4
bdal	3
bde	14
bde$	3
bdeh	11
bdh	9
bdh$	9
bdi	35
bdi$	18
bdik	3
bdil	6
bdiy	8
bdk	6
bdko	6
bdo	9
bdon	8
bdu	16
bdul	10
bdun	3
bdur	3
be	882
be$	65
bea	37
beal	4
bean	6
bear	8
beas	3
beat	8
beau	7
beb	8
beba	3
bebu	3
bec	38
bech	38
bed	50
bed$	7
beda	15
bedd	3
bede	3
bedh	7
bedi	3
bedk	5
bedo	3
bedu	3
bee	67
bee$	3
beec	4
beed	3
beej	8
beel	3
been	6
beer	20
bees	4
beet	11
bef	6
befi	6
beg	23
bega	10
begh	3
begu	9
beh	33
beha	16
behi	3
beho	6
beht	6
bei	12
bei$	3
bein	6
bej	12
beja	6
bejh	3
bejo	3
bek	23
beka	15
bekh	3
beki	3
bel	95
bel$	17
bela	23
belb	3
bele	6
belf	3
belg	9
beli	13
bell	9
belo	6
belp	4
bem	7
bema	4
beme	3
ben	73
ben$	22
benc	5
bend	3
bene	6
beng	15
beni	15
benj	3
beno	3
bep	7
bepa	6
ber	190
ber$	70
bera	9
bere	3
berg	9
beri	15
berk	3
berl	4
bern	6
bero	16
berr	15
bers	12
bert	20
beru	4
bes	43
bes$	6
besa	5
besh	12
best	12
besw	3
bet	74
bet$	5
beta	19
bete	6
beth	17
beti	14
betl	3
beto	3
betw	6
bey	15
bey$	8
beyo	4
bf	6
bf$	3
bfc	3
bfc$	3
bg	8
bga	4
bgan	3
bh	3199
bh$	87
bha	1821
bha$	70
bhaa	131
bhab	11
bhac	3
bhad	90
bhae	4
bhag	231
bhai	71
bhaj	35
bhak	93
bhal	60
bham	5
bhan	140
bhao	9
bhap	5
bhar	271
bhas	151
bhat	114
bhau	35
bhav	236
bhaw	11
bhay	45
bhb	5
bhbh	5
bhd	16
bhda	4
bhdh	7
bhdr	3
bhe	152
bhe$	3
bhed	53
bhee	43
bhej	37
bhen	6
bher	3
bhes	6
bhg	3
bhgr	3
bhh	3
bhha	3
bhi	405
bhi$	31
bhib	18
bhid	9
bhig	8
bhih	3
bhij	12
bhik	46
bhil	24
bhim	32
bhin	75
bhip	12
bhir	12
bhis	35
bhit	26
bhiv	27
bhiw	3
bhiy	31
bhk	22
bhka	18
bhkt	3
bhn	6
bhna	3
bho	210
bhog	42
bhoj	47
bhol	5
bhon	11
bhoo	80
bhop	9
bhor	4
bhot	6
bhp	13
bhp$	3
bhpa	7
bhpr	3
bhr	48
bhra	28
bhre	4
bhri	8
bhru	4
bhu	350
bhu$	21
bhub	9
bhud	3
bhug	10
bhuj	18
bhuk	20
bhul	23
bhum	54
bhun	9
bhup	4
bhur	16
bhus	48
bhut	87
bhuu	3
bhuv	23
bhv	9
bhva	8
bhw	4
bhwa	4
bhy	43
bhya	37
bhyu	3
bi	863
bi$	119
bia	16
bia$	13
bib	15
bib$	3
biba	3
bibg	3
bibl	3
bibu	3
bic	44
bich	40
bid	23
bida	16
bide	3
bidi	3
big	29
big$	4
biga	21
bigh	4
bih	17
biha	16
bii	3
biil	3
bij	43
bij$	10
bija	12
bijb	4
bijl	3
bijn	3
bijo	5
bik	65
bik$	13
bika	20
bike	9
bikh	18
bil	59
bil$	4
bila	11
bile	16
bili	8
bill	18
bim	35
bima	23
bimb	7
biml	3
bin	97
bin$	24
bina	12
bind	27
bine	6
bing	12
bini	4
binn	3
bino	4
bins	3
bio	56
bioc	3
biod	3
biog	6
biol	6
biom	9
bion	6
biop	3
bios	3
biot	17
bip	4
bipa	4
bir	80
bir$	28
bira	15
bird	13
birh	3
birl	3
biro	3
birt	6
bis	48
bis$	7
bisa	8
bish	13
bisi	4
bism	3
biso	4
bist	6
bit	76
bit$	24
bita	33
bitc	3
bite	8
bitt	3
biy	26
biya	13
biyo	13
biz	3
biz$	3
bj	35
bj$	7
bje	7
bjec	3
bji	13
bji$	4
bjit	3
bjiy	6
bjp	3
bjp$	3
bk	28
bka	4
bkar	3
bke	4
bke$	3
bkh	4
bkha	3
bki	9
bki$	8
bko	5
bko$	3
bl	256
bla	39
bla$	6
blac	4
blad	15
blas	7
ble	111
ble$	73
bled	3
blem	6
blen	10
bles	10
blet	6
bli	31
bli$	9
blic	9
blin	6
blis	6
blo	52
blo$	3
bloc	16
blog	15
bloo	13
blow	4
blu	21
blue	15
blun	3
bm	12
bm$	6
bma	3
bmar	3
bms	3
bms$	3
bn	58
bn$	14
bna	34
bna$	5
bnaa	4
bnae	3
bnag	3
bnam	3
bnan	6
bnay	4
bne	7
bne$	6
bo	767
bo$	29
boa	36
boaa	3
boar	32
bob	8
bobi	3
boby	3
boc	3
boch	3
bod	84
bodh	62
bodi	6
bodo	3
body	13
boe	5
boei	3
bof	3
bofl	3
bog	9
boga	3
bogi	6
boh	11
boha	3
bohe	4
bohy	4
boi	6
boin	3
boj	4
boj$	3
bok	12
bok$	6
boka	3
boko	3
bol	101
bol$	6
bola	18
bolb	4
bolc	6
bole	6
boli	29
boll	9
boln	4
bolo	9
bolt	4
bom	16
boma	5
bomb	8
bomm	3
bon	118
bon$	80
bona	3
bond	9
bone	14
bong	3
bono	3
bonu	3
boo	100
boo$	6
bood	4
booj	10
book	29
bool	6
boom	3
boon	7
boor	6
boot	27
bop	3
bop$	3
bor	64
bor$	4
bora	14
bord	18
bore	6
bori	9
born	6
boro	6
bos	18
boss	11
bost	3
bot	42
bot$	3
bota	23
boti	6
boto	5
bots	3
bou	41
boud	10
boun	9
bour	11
bout	5
bow	14
bow$	6
bowl	6
box	21
box$	12
boxe	6
boxi	3
boy	15
boy$	8
boya	4
boyc	3
bp	18
bp$	3
bpa	9
bpa$	3
bpat	6
bpl	3
bpl$	3
bpm	3
bpm$	3
br	486
br$	6
bra	224
bra$	24
brad	3
brah	76
brai	11
braj	9
brak	4
bral	5
bram	14
bran	33
brar	9
bras	5
brat	10
brav	3
bray	4
braz	9
bre	50
brea	23
bree	6
brel	3
bren	4
bret	3
brew	4
brh	3
brha	3
bri	114
bri$	10
bric	3
brid	10
brie	11
brig	13
brih	10
brij	15
bris	12
brit	21
briy	6
bro	61
broa	13
brok	5
brom	4
bron	3
broo	9
brot	6
brow	15
brt	3
brt$	3
bru	22
brua	3
brun	8
brus	5
bs	70
bs$	28
bsc	3
bsc$	3
bse	6
bse$	5
bsi	21
bsid	8
bsit	13
bsn	3
bsnl	3
bsu	6
bsur	6
bt	30
bt$	13
bta	7
bta$	3
btak	3
bte	5
bte$	4
bts	3
bts$	3
bu	727
bu$	46
bua	6
bua$	4
bub	9
bub$	3
buba	3
bubn	3
bud	120
bud$	8
buda	3
budd	73
budg	3
budh	27
budu	3
buf	6
buff	6
bug	13
buga	3
bugs	5
bugy	3
buh	3
buha	3
bui	17
buil	16
buj	27
buj$	3
bujh	17
buju	5
buk	23
buk$	3
buka	6
bukh	10
buki	3
bul	132
bul$	16
bula	51
bulb	15
bule	4
bulg	3
buli	9
bulk	3
bull	20
bulo	3
bulv	5
bum	21
bum$	12
bumi	3
bumr	4
bun	53
bun$	6
buna	7
bund	17
bune	5
buni	9
bunk	3
bunt	4
bur	125
bur$	9
bura	22
burb	4
bure	6
burf	6
burg	31
burh	6
buri	7
burj	6
burm	10
burn	7
burt	4
buru	3
bus	36
bus$	11
busa	3
bush	6
busi	4
bust	9
but	67
but$	29
buta	5
bute	8
buti	13
butl	3
butt	6
buu	4
buul	3
buy	6
buye	4
buz	9
buz$	3
bw	10
bw$	3
bwa	7
bway	6
by	81
by$	25
bya	24
bya$	3
byaa	11
byan	3
bye	6
bye$	3
byen	3
byl	6
byl$	3
bylo	3
byo	3
byom	3
byp	8
bypa	8
byt	6
byte	6
bz	9
bza	3
bza$	3
bzi	3
c	11354
c$	530
ca	742
ca$	57
cab	10
cabi	7
cac	3
cact	3
cad	17
cade	12
cadi	4
caf	4
cafe	3
cag	6
cage	4
cai	7
cait	3
cal	141
cal$	80
cala	3
calc	7
cale	8
cali	5
call	23
cals	9
calv	5
cam	40
camb	9
came	18
camp	13
can	106
can$	32
cana	12
canc	16
cand	11
cann	3
cano	6
cant	16
canv	3
cap	40
cap$	7
cape	6
capi	5
capl	3
caps	8
capt	11
car	160
car$	10
cara	3
carb	17
card	39
care	14
carg	3
cari	6
carl	8
carn	7
caro	11
carr	7
cars	3
cart	25
cas	49
cas$	3
cash	7
casi	5
caso	3
cass	4
cast	19
casu	3
cat	94
cat$	3
cata	5
catc	5
cate	13
catf	3
cath	13
cati	40
cato	9
cau	3
cav	3
cb	27
cb$	6
cbc	3
cbc$	3
cbe	3
cbet	3
cbf	3
cbfc	3
cbi	3
cbi$	3
cbn	3
cbn$	3
cbs	3
cbs$	3
cbt	3
cbt$	3
cc	179
cc$	21
cca	5
cce	7
cces	6
cch	100
cch$	4
ccha	54
cche	11
cchh	11
cchi	13
cci	15
cci$	6
ccid	8
ccm	3
ccm$	3
cco	20
cco$	5
ccor	3
ccou	12
ccu	6
ccum	3
ccur	3
cd	23
cd$	10
cdo	6
cdon	3
cdow	3
cdp	3
cdpo	3
cds	4
cds$	4
ce	540
ce$	264
ceb	11
cebo	11
cec	6
cecr	6
ced	8
ced$	3
cedo	3
cee	3
ceed	3
cef	3
cei	3
ceiv	3
cej	3
ceje	3
cek	3
ceka	3
cel	33
cela	3
cele	8
cell	7
celo	4
cels	5
cem	15
cema	3
cemb	3
ceme	6
cemi	3
cen	58
cenc	8
cene	3
cens	11
cent	34
ceo	5
ceo$	5
cep	7
cept	7
cer	63
cer$	38
cera	4
ceri	4
cero	3
cert	12
ces	38
ces$	17
cess	19
cet	3
ceu	6
ceut	6
cew	4
cewa	4
cf	6
cf$	6
cg	9
cg$	9
ch	6165
ch$	369
cha	2548
cha$	116
chaa	113
chab	12
chac	14
chad	103
chae	19
chaf	3
chah	53
chai	66
chak	140
chal	358
cham	169
chan	436
chao	8
chap	29
char	496
chas	36
chat	128
chau	139
chav	22
chaw	5
chay	81
chb	4
chbi	3
chc	106
chch	106
chd	6
chde	3
che	330
che$	82
chec	12
ched	6
chee	22
cheg	12
cheh	9
chel	22
chem	30
chen	29
cher	34
ches	22
chet	39
chev	4
chey	3
chg	5
chga	4
chh	915
chh$	35
chha	405
chhe	86
chhi	137
chhl	6
chhn	4
chho	95
chht	16
chhu	125
chi	1003
chi$	138
chib	10
chic	9
chid	42
chie	6
chif	3
chih	7
chij	13
chik	90
chil	34
chim	49
chin	160
chip	49
chir	59
chis	29
chit	252
chiv	31
chiy	16
chk	38
chka	22
chke	4
chko	6
chl	27
chla	5
chle	5
chli	4
chlo	13
chm	12
chma	4
chmu	5
chn	115
chna	69
chne	21
chni	12
chno	10
cho	211
cho$	9
choc	7
chod	6
choi	7
chol	36
chom	4
chon	51
choo	24
chop	6
chor	30
chos	3
chot	23
chp	9
chpa	5
chpu	3
chr	47
chra	6
chre	3
chri	25
chro	9
chs	10
chsh	4
chst	3
cht	57
chta	29
chte	15
chti	8
chu	316
chu$	6
chua	10
chub	12
chud	6
chug	3
chuh	9
chuk	37
chul	10
chum	10
chun	99
chup	17
chur	53
chus	12
chut	20
chuv	4
chuy	4
chv	17
chva	13
chve	3
chy	19
chy$	5
chya	9
chyu	3
ci	317
ci$	22
cia	60
cia$	8
cial	24
cian	3
ciat	24
cic	7
cic$	3
cici	3
cid	29
cid$	9
cide	11
cidi	5
cids	3
cie	25
cien	16
ciet	9
cif	4
cifi	4
cig	3
ciga	3
cil	27
cil$	14
cili	8
cim	3
cima	3
cin	46
cin$	4
cina	3
cine	19
cinf	5
cing	13
cio	3
ciol	3
cip	23
cipa	11
cipe	7
cipl	3
cir	18
circ	18
cis	14
cis$	5
cisc	3
cisi	6
cit	19
citi	3
cito	3
citr	3
city	9
ciu	5
cius	3
civ	3
civi	3
ciy	5
ciya	3
ck	368
ck$	132
cka	4
ckb	15
ckbe	3
ckbo	3
ckbu	9
cke	87
cked	3
cken	7
cker	17
cket	51
ckey	7
ckf	4
ckfo	3
ckh	5
ckhe	3
cki	25
ckin	24
ckl	9
ckle	8
ckn	6
ckne	3
ckno	3
cko	7
ckou	6
ckp	3
ckpi	3
ckr	3
ckro	3
cks	30
cks$	19
cksh	4
ckst	6
ckt	6
ckta	3
cku	13
ckup	12
ckw	6
ckwa	3
ckwo	3
cky	13
cky$	13
cl	226
cl$	7
cla	41
clai	3
clar	17
clas	10
clau	3
clav	6
cle	89
cle$	38
clea	30
cler	6
cles	8
cleu	3
cli	70
clic	14
clid	3
clie	3
clim	9
clin	32
clip	4
cliv	3
clo	12
cloc	3
clon	5
clou	3
clu	7
club	4
cm	15
cm$	6
cme	3
cme$	3
cmi	3
cmil	3
cms	3
cms$	3
cn	19
cn$	6
cnb	3
cnbc	3
cng	3
cng$	3
cni	3
cnic	3
cnn	3
cnn$	3
co	1070
co$	46
coa	28
coac	11
coas	3
coat	12
cob	16
cob$	3
coba	8
cobr	4
coc	29
coca	5
coch	3
cock	18
coco	3
cod	18
cod$	4
code	6
codi	6
cof	5
coff	5
coh	6
coho	6
coi	13
coim	5
coin	3
cois	4
cok	4
coke	3
col	112
col$	6
cola	9
cold	5
colg	3
coli	7
coll	34
coln	3
colo	30
colu	14
com	206
com$	19
coma	7
come	20
comi	10
comm	96
como	6
comp	45
con	240
con$	17
conc	24
cond	49
cone	3
conf	14
cong	16
conn	9
cono	23
cons	22
cont	48
conv	10
cony	3
coo	37
cook	9
cool	16
coop	9
cop	40
copd	3
cope	4
copi	8
copp	4
copt	8
copy	13
cor	102
cord	30
core	10
cori	10
corn	15
corp	33
cos	34
cos$	3
cosm	10
cost	15
cosy	6
cot	32
cotc	3
coti	10
cotl	3
cott	12
cou	66
coun	30
coup	6
cour	18
cous	5
cout	3
couv	3
cov	25
cove	25
cow	5
cow$	4
cox	5
cox$	3
cp	23
cp$	14
cpr	3
cpr$	3
cpu	3
cpu$	3
cr	312
cr$	11
cra	51
crac	4
craf	11
cran	15
crap	5
cras	4
crat	6
cre	74
crea	28
cred	3
cree	11
cret	26
cri	46
cric	5
crim	9
crip	14
cris	9
crit	7
cro	93
cro$	3
croa	4
crob	12
crof	7
crog	3
cron	6
crop	7
cros	30
crow	15
crp	7
crp$	4
crpf	3
crs	3
crs$	3
cru	18
crub	3
crus	9
cry	9
crys	5
cs	103
cs$	88
csa	3
csa$	3
csc	3
csc$	3
cse	3
cse$	3
csi	4
csir	3
ct	414
ct$	76
cta	3
ctav	3
ctc	3
ctc$	3
cte	5
cter	5
cti	124
ctic	14
ctim	3
ctin	6
ctio	79
ctiv	21
cto	128
ctob	5
cton	5
ctop	3
ctor	111
ctos	3
ctr	45
ctra	3
ctri	9
ctro	27
ctru	6
cts	12
cts$	12
ctu	18
ctur	15
ctus	3
cu	143
cub	4
cuba	4
cui	4
cuit	3
cul	42
cula	10
cult	27
cum	13
cum$	4
cume	9
cup	3
cupc	3
cur	27
cura	3
cure	3
curi	9
curl	3
curt	3
cus	27
cus$	5
cuss	3
cust	17
cut	16
cut$	8
cuti	3
cuto	3
cuu	3
cuum	3
cv	3
cvd	3
cvd$	3
cw	3
cy	113
cy$	51
cya	6
cyan	6
cyb	12
cybe	12
cyc	26
cycl	26
cyl	12
cyli	11
cyr	5
cyru	4
cz	3
cze	3
czec	3
d	21453
d$	2640
da	4484
da$	595
daa	422
daa$	60
daab	5
daad	11
daag	3
daah	5
daai	5
daaj	17
daak	6
daal	9
daan	64
daap	3
daar	124
daas	29
daat	21
daau	4
daav	17
daaw	6
daay	12
daaz	17
dab	95
dab$	9
daba	49
dabb	6
dabd	3
dabe	4
dabh	5
dabi	3
dabk	3
dabl	3
dabo	3
dac	11
dach	10
dad	74
dad$	21
dada	10
dadg	4
dadh	21
dadi	5
dado	3
dadu	6
dae	7
daen	3
daf	38
dafa	12
dafi	5
dafn	14
daft	6
dag	45
daga	13
dagi	17
dagm	6
dagu	4
dah	53
dah$	13
daha	20
dahe	3
dahi	11
daho	3
dai	76
dai$	23
daih	5
dail	3
dain	11
daip	4
dair	4
dait	7
daiv	12
daiy	3
daj	15
daja	5
daji	7
dak	263
dak$	69
daka	39
dake	5
dakg	6
dakh	28
daki	7
dakk	6
dako	19
daks	67
dakt	3
daku	10
dal	298
dal$	90
dala	51
dald	10
dale	26
dalg	3
dali	42
dalk	3
dall	3
dalm	5
daln	12
dalo	20
dalp	3
dals	3
dalt	23
dam	131
dam$	38
dama	35
damb	12
dame	5
dami	14
damk	6
damo	6
damp	5
damr	4
damy	3
dan	587
dan$	201
dana	54
danb	8
danc	14
dand	86
dane	53
dang	13
danh	3
dani	42
dank	7
dann	5
dano	21
danp	3
dans	19
dant	45
danu	4
danv	8
dao	9
daon	9
dap	51
dap$	15
dapa	9
dape	6
dapo	5
dapp	3
dapu	7
dar	824
dar$	239
dara	67
darb	27
dard	36
dare	19
darg	11
dari	96
darj	20
dark	6
darm	11
darn	9
daro	55
darp	15
darr	8
dars	135
dart	24
daru	8
darv	17
darw	6
dary	13
das	262
das$	69
dasa	14
dase	3
dash	77
dasi	8
daso	5
dasp	6
dast	44
dasv	8
dasw	4
dasy	18
dat	175
dat$	9
data	68
date	43
dati	27
datm	8
datt	18
dau	67
dau$	4
daud	21
daug	3
daul	15
daur	16
daus	3
dav	113
dav$	23
dava	49
dave	11
davi	17
davk	3
davo	7
daw	32
dawa	28
day	232
day$	77
daya	96
dayi	22
dayo	9
dayr	9
days	5
dayv	3
daz	9
daz$	5
db	94
db$	6
dba	38
dbaa	7
dbac	3
dbad	11
dbaj	5
dban	4
dbaz	4
dbh	44
dbha	33
dbhu	9
dbo	3
dboa	3
dc	45
dc$	13
dca	9
dcas	9
dch	15
dchi	10
dcp	3
dcp$	3
dcw	3
dd	678
dd$	19
dda	74
dda$	18
ddaf	5
ddah	6
ddam	3
ddan	5
ddar	15
ddas	5
ddat	7
ddau	3
dde	36
dde$	9
dden	3
dder	7
ddes	13
ddh	401
ddh$	103
ddha	148
ddhd	3
ddhe	4
ddhi	89
ddhk	5
ddhm	3
ddho	19
ddhs	4
ddht	8
ddhv	4
ddi	83
ddi$	23
ddin	37
ddip	3
ddiy	12
ddl	6
ddle	6
ddn	4
ddo	5
ddob	3
ddr	7
ddre	6
ddt	5
ddu	26
ddu$	21
dduo	3
ddy	7
ddy$	3
de	2151
de$	392
dea	31
dea$	10
deal	9
dear	3
deat	6
deb	18
deb$	3
deba	6
debi	3
debu	5
dec	21
dece	5
deci	3
decl	6
ded	32
ded$	26
dede	3
dedh	3
dee	125
dee$	9
deek	12
deem	4
deen	16
deep	44
deer	8
deev	4
deew	17
def	12
defe	6
defi	3
deg	18
dega	11
degi	3
degr	3
deh	50
deh$	18
deha	15
dehi	12
dehr	5
dei	15
dein	9
deit	3
dek	78
deka	9
dekh	66
del	83
del$	11
dela	19
dele	4
delh	13
deli	11
dell	6
delo	6
delp	3
dels	3
delt	3
delw	3
dem	35
dem$	4
dema	6
demo	15
demy	8
den	177
den$	65
dena	8
denc	14
dend	6
dene	15
deng	8
deni	7
denm	3
dent	46
denv	3
deo	19
deo$	9
deog	4
deol	5
dep	24
depa	6
depe	8
depo	5
depr	3
der	257
der$	137
dera	30
derb	3
derc	6
dere	3
derf	4
derg	7
deri	17
derl	6
derm	3
dern	4
dero	3
ders	25
dert	3
derw	5
des	378
des$	12
desa	4
desh	313
desi	31
desk	5
desm	3
dess	4
det	35
det$	3
deta	7
dete	11
deti	6
deto	3
detr	3
dev	320
dev$	99
deva	67
devd	7
deve	20
devg	8
devi	47
devk	15
devo	6
devr	15
devs	8
devt	15
devu	3
devy	4
dew	4
dex	4
dex$	4
dey	21
dey$	15
deya	4
df	16
dfc	6
dfc$	6
dfo	5
dfod	5
dfu	3
dfun	3
dg	107
dga	26
dgaa	3
dgam	7
dgar	11
dge	33
dge$	13
dgea	3
dget	10
dgew	3
dgh	14
dgha	11
dgho	3
dgi	21
dgi$	9
dgin	4
dgir	5
dgu	11
dgud	6
dh	4472
dh$	427
dha	1964
dha$	192
dhaa	211
dhab	18
dhad	35
dhae	16
dhag	5
dhah	4
dhai	17
dhaj	10
dhak	150
dhal	60
dham	85
dhan	425
dhao	17
dhap	12
dhar	478
dhas	18
dhat	90
dhau	7
dhav	69
dhaw	4
dhay	40
dhb	12
dhba	3
dhbo	8
dhc	5
dhch	5
dhd	7
dhe	133
dhe$	50
dhee	42
dheg	3
dhel	6
dhen	6
dhep	9
dher	6
dhes	4
dhey	4
dhh	4
dhi	849
dhi$	222
dhia	8
dhic	6
dhid	4
dhig	23
dhih	3
dhii	3
dhij	6
dhik	236
dhil	7
dhim	43
dhin	50
dhip	12
dhir	28
dhis	40
dhit	37
dhiv	27
dhiw	6
dhiy	86
dhk	45
dhka	34
dhko	5
dhks	3
dhl	8
dhla	5
dhm	17
dhma	14
dhn	42
dhna	16
dhne	14
dhni	5
dhno	3
dhny	3
dho	199
dho$	10
dhob	3
dhod	6
dhog	3
dhok	28
dhol	13
dhon	92
dhoo	19
dhop	3
dhor	3
dhos	3
dhot	9
dhou	4
dhoy	3
dhp	17
dhpa	5
dhpo	3
dhpu	9
dhr	40
dhra	12
dhri	7
dhru	16
dhs	7
dhsa	5
dht	43
dhta	32
dhte	6
dhti	5
dhu	213
dhu$	25
dhua	6
dhub	6
dhud	8
dhul	19
dhum	30
dhun	53
dhuo	3
dhup	7
dhur	33
dhus	9
dhut	11
dhv	63
dhva	40
dhvi	17
dhvj	4
dhw	25
dhwa	23
dhy	348
dhy$	19
dhya	284
dhye	8
dhyk	12
dhyo	14
dhys	3
dhyy	3
di	2582
di$	825
dia	110
dia$	33
diab	3
diag	6
dial	14
diam	3
dian	29
diar	8
diat	12
dib	17
dibb	9
dibu	4
diby	3
dic	58
dic$	11
dica	21
dich	3
dici	10
dick	3
dics	3
dict	6
did	16
did$	3
dida	5
didh	3
didi	5
die	33
die$	7
dier	3
dies	19
diet	3
dif	10
diff	9
dig	63
diga	13
digd	12
dige	6
digg	11
digi	11
digr	3
digv	3
dih	6
dih$	3
diha	3
dij	7
diji	4
dik	178
dik$	23
dika	3
dike	3
dikh	123
diki	6
dikk	3
diko	3
diks	14
dil	123
dil$	11
dila	39
dilc	6
dile	8
dili	11
dill	6
dilo	5
dils	4
dilv	12
dilw	18
dily	3
dim	19
dim$	6
dima	6
dime	3
dimi	4
din	201
din$	63
dina	21
dinb	4
dinc	3
dind	3
dine	11
ding	72
dini	3
dink	3
dinn	3
dino	9
dinr	6
dio	60
dio$	16
diod	6
diog	6
diol	15
dios	6
diot	6
diox	5
dip	42
dip$	5
dipa	14
dipe	5
dipl	6
dipt	4
dipu	6
dir	88
dir$	20
dira	19
dire	19
dirg	17
diro	3
dirs	3
dirt	5
dis	149
dis$	6
disa	10
disc	23
dish	53
dism	3
disn	6
diso	11
disp	12
dist	19
disu	3
dit	187
dit$	98
dita	24
diti	23
dito	16
dity	24
diu	16
dium	13
dius	3
div	66
diva	45
dive	4
divi	10
divy	3
diw	43
diwa	41
dix	4
dixi	4
diy	256
diy$	3
diya	117
diye	8
diyo	128
dj	7
dj$	6
dk	130
dk$	8
dka	65
dka$	12
dkaa	3
dkan	8
dkar	34
dkat	3
dke	7
dke$	5
dkh	5
dkha	5
dki	19
dkil	3
dkiy	14
dko	15
dkon	8
dkos	6
dkr	3
dkra	3
dku	4
dkul	3
dl	98
dla	33
dla$	14
dlaa	3
dlab	3
dlan	4
dlav	6
dle	33
dle$	23
dles	8
dli	18
dli$	8
dlib	3
dlin	3
dliy	4
dlo	10
dlo$	5
dly	3
dly$	3
dm	143
dm$	11
dma	48
dma$	5
dmaa	3
dmak	3
dman	4
dmar	3
dmas	13
dmat	6
dmav	4
dmaw	3
dmay	4
dmb	5
dmbh	5
dmc	3
dmc$	3
dme	13
dme$	7
dmes	3
dmi	32
dmi$	6
dmil	3
dmin	15
dmir	6
dmk	6
dmk$	6
dmo	14
dmon	8
dmot	3
dmu	3
dmul	3
dmv	6
dmvi	5
dn	152
dna	66
dna$	33
dnaa	6
dnag	8
dnak	3
dnam	3
dnan	3
dnat	4
dne	62
dne$	45
dney	11
dni	11
dni$	6
dniy	5
dny	9
dnya	9
do	945
do$	67
dob	18
doba	10
dobh	3
doc	31
doco	3
doct	16
docu	9
dod	10
doda	7
dodo	3
dof	4
dofi	3
dog	29
dog$	9
doga	7
dogr	6
dogu	6
doh	46
doha	18
dohe	6
dohi	4
doho	3
dohr	15
doi	5
doin	3
dok	4
dokt	3
dol	64
dol$	9
dola	15
dole	7
dolf	3
doli	6
doll	13
dolp	7
dom	49
dom$	27
doma	3
dome	6
domi	13
don	345
don$	292
dona	10
done	13
dong	6
doni	4
donn	14
dont	3
doo	96
doo$	5
doob	4
dood	7
doom	4
doon	5
door	47
doos	3
doot	16
dop	10
dopa	7
dor	65
dor$	18
dora	11
dore	16
dori	9
dorj	3
doro	6
dos	52
dos$	8
dosh	21
dosi	6
dost	16
dot	7
dot$	3
doti	3
dou	15
doub	9
dov	3
dow	20
dow$	9
dowe	3
down	5
dows	3
doy	3
dp	70
dp$	9
dpa	6
dpat	3
dpe	6
dpee	3
dph	5
dpho	4
dpi	4
dpi$	3
dpo	7
dpo$	3
dpos	3
dps	3
dps$	3
dpu	26
dpur	26
dr	845
dr$	17
dra	447
dra$	215
draa	3
drab	15
drac	5
draf	9
drag	15
drah	7
drak	32
dral	5
dram	10
dran	23
drao	3
drap	16
dras	27
drat	26
drau	8
drav	20
draw	4
drd	4
drdo	3
dre	62
dre$	9
drea	9
drej	3
dren	8
dres	25
drew	3
dri	161
dri$	14
dric	5
drid	3
drif	3
drik	21
dril	6
drin	6
drip	4
dris	53
drit	9
driv	12
driy	23
drm	5
drm$	3
dro	94
dro$	3
droc	6
drod	3
drog	6
droh	18
droi	10
drom	3
dron	33
drop	7
drs	6
drsh	6
dru	35
drug	8
drum	7
drun	7
drup	5
drut	3
druv	4
dry	5
dry$	5
ds	196
ds$	102
dsa	17
dsa$	3
dsau	6
dsav	4
dsc	6
dsca	3
dscr	3
dse	15
dse$	7
dsen	4
dset	3
dsh	19
dsha	17
dsi	6
dsin	6
dso	8
dson	5
dsor	3
dsp	9
dsp$	3
dspe	6
dsu	3
dsur	3
dsy	7
dsya	4
dt	93
dta	33
dta$	20
dtaa	6
dtal	7
dtc	3
dtc$	3
dte	33
dte$	31
dti	9
dti$	8
dto	6
dtod	6
dtp	3
dtp$	3
dtv	3
dtv$	3
du	870
du$	98
dua	24
dua$	3
duaa	4
duat	12
dub	65
dub$	4
duba	8
dubb	15
dube	9
dubh	9
dubi	3
dubk	3
dubl	6
dubo	6
duc	47
duca	7
duch	5
duck	5
duct	30
dud	24
duda	3
dudh	16
due	6
duet	4
dug	24
duga	10
dugd	3
dugg	3
dugn	3
dugu	4
duh	3
duha	3
dui	5
dui$	5
duj	5
duja	3
duk	57
duk$	9
duka	17
duke	6
dukh	15
duko	10
dul	51
dul$	8
dula	7
dulh	9
duli	6
dull	12
duls	3
dult	6
dum	17
dum$	6
duma	3
dumi	3
dump	3
dun	53
dun$	11
duna	3
dund	3
dung	6
duni	24
duo	13
duon	13
dup	21
dupa	9
duph	4
dupi	3
dupl	3
dur	205
dur$	30
dura	26
durb	23
durd	17
durg	48
duri	20
durj	3
durl	6
duro	4
durr	3
duru	8
durv	10
dury	3
dus	105
dus$	5
dush	49
dusi	3
dusp	3
dusr	18
duss	4
dust	19
dut	31
dut$	6
duta	8
dutt	3
dutv	4
duty	4
duu	3
duud	3
duv	6
duva	3
duvi	3
duy	5
duya	4
dv	175
dva	84
dva$	10
dvaa	5
dvai	9
dvaj	7
dval	4
dvan	26
dvap	3
dvar	12
dvat	6
dvd	3
dvd$	3
dve	21
dve$	3
dven	10
dves	3
dvi	58
dvib	4
dvic	6
dvin	4
dvip	20
dvis	4
dvit	7
dviv	8
dvo	5
dvon	5
dw	174
dwa	117
dwa$	11
dwaa	10
dwai	3
dwaj	5
dwal	3
dwan	19
dwar	59
dway	5
dwe	22
dwee	19
dwes	3
dwi	29
dwic	5
dwid	3
dwig	3
dwin	3
dwip	3
dwit	8
dwo	4
dwor	4
dx	3
dx$	3
dy	283
dy$	76
dya	140
dya$	27
dyaa	10
dyal	29
dyam	13
dyan	32
dyap	8
dyar	7
dyas	4
dyay	3
dye	4
dym	3
dyn	8
dyna	7
dyo	29
dyog	23
dyon	5
dys	3
dyu	17
dyuk	3
dyum	4
dyut	10
e	27826
e$	7646
ea	542
ea$	33
eaa	7
eaam	4
eaap	3
eac	17
each	11
eact	6
ead	41
ead$	16
eade	8
eadm	4
eadp	3
eads	3
eady	4
eag	7
eagl	3
eagu	3
eak	45
eak$	11
eaka	7
eake	15
eaki	5
eako	3
eaks	4
eal	61
eal$	27
eale	4
eali	9
ealo	3
ealt	11
eam	35
eam$	20
eame	4
eamg	3
eamo	3
eams	3
ean	41
ean$	24
eane	4
eani	3
eanl	6
eap	7
eap$	3
eape	3
ear	100
ear$	49
earb	3
earc	15
eare	3
eari	5
earl	5
earn	9
ears	4
eart	6
eas	38
eas$	3
easa	3
ease	6
easo	6
east	16
eat	83
eat$	18
eate	16
eath	13
eati	13
eato	5
eats	3
eatu	11
eau	10
eau$	3
eaut	7
eav	12
eave	3
eavy	6
eb	226
eb$	36
eba	76
ebaa	19
ebaj	24
ebak	5
ebal	4
eban	8
ebar	7
ebay	5
ebd	3
ebdu	3
ebe	8
ebel	3
ebi	11
ebi$	6
ebit	3
ebo	35
ebo$	5
eboa	3
ebol	4
ebon	5
eboo	15
ebou	3
ebr	22
ebra	3
ebre	5
ebri	11
ebru	3
ebs	13
ebsi	13
ebu	12
ebu$	3
ebul	3
ebun	3
ec	521
ec$	9
ecb	3
ecb$	3
ecc	5
ecch	3
ece	24
ece$	5
ecei	3
ecem	3
ecen	4
ecep	3
ecg	3
ecg$	3
ech	156
ech$	19
echa	58
eche	12
echh	6
echi	15
echn	24
echo	12
echt	4
echu	3
eci	15
ecia	6
ecim	3
ecip	6
eck	7
eck$	6
ecl	6
ecla	6
eco	78
ecom	3
econ	35
ecor	26
ecos	7
ecov	3
ecr	21
ecre	21
ect	167
ect$	25
ecti	44
ecto	50
ectr	42
ects	3
ectu	3
ecu	20
ecul	6
ecur	9
ecut	3
ecy	3
ecyc	3
ed	1088
ed$	331
eda	282
eda$	37
edaa	43
edab	4
edak	29
edal	5
edam	3
edan	69
edar	75
edat	4
edau	3
eday	6
edb	13
edba	3
edbh	10
edd	22
edda	10
eddi	6
eddy	5
ede	42
edek	3
edel	3
eden	9
eder	11
edes	6
edev	3
edg	9
edge	5
edgi	3
edh	56
edh$	17
edha	27
edhe	6
edhi	5
edi	172
edi$	45
edia	17
edic	34
edif	3
edik	5
edil	3
edin	17
edio	5
edis	11
edit	22
ediy	7
edk	16
edka	12
edkh	3
edl	3
edle	3
edm	8
edma	3
edmi	4
edn	18
edna	12
edne	5
edo	44
edo$	5
edok	3
edom	8
edon	27
edp	6
edpo	3
edpu	3
edr	8
edra	3
edri	3
eds	6
edu	13
educ	7
edul	4
edw	15
edwa	11
edy	18
edy$	18
ee	1859
ee$	222
eeb	16
eeb$	6
eec	27
eece	7
eech	20
eed	110
eed$	36
eeda	19
eedb	8
eedd	3
eede	3
eedh	12
eedi	12
eedl	3
eedo	9
eef	8
eef$	4
eefa	4
eeg	13
eega	3
eege	4
eegh	5
eeh	5
eeha	4
eej	14
eej$	7
eek	92
eek$	27
eeka	23
eeke	5
eekh	14
eeki	4
eekl	3
eekr	3
eeks	9
eel	181
eel$	68
eela	55
eelb	3
eele	19
eeli	16
eelk	4
eelo	3
eels	3
eelt	6
eem	94
eem$	25
eema	43
eeme	14
eems	3
een	268
een$	139
eena	57
eend	5
eene	12
eenf	3
eeng	3
eeni	14
eenl	3
eeno	12
eens	7
eent	5
eenw	3
eep	115
eep$	52
eepa	20
eepe	23
eepi	8
eept	3
eer	217
eer$	89
eera	31
eerb	3
eere	10
eerg	9
eeri	11
eerj	5
eern	11
eero	8
eers	14
eert	17
eeru	3
ees	54
ees$	17
eesa	5
eesh	22
eest	6
eet	258
eet$	101
eeta	35
eete	18
eeth	25
eeti	30
eetk	12
eetn	4
eeto	12
eets	6
eetu	5
eev	76
eev$	20
eeva	32
eeve	5
eevi	8
eevo	4
eevv	4
eew	20
eewa	20
eey	58
eey$	19
eeya	22
eeye	14
eez	8
eeze	3
eezi	3
ef	123
ef$	26
efa	19
efa$	7
efad	3
efal	3
efe	23
efen	6
efer	11
efet	4
eff	12
eff$	3
effe	5
effr	4
efi	22
efik	6
efin	14
efl	3
efle	3
efo	6
efor	3
efox	3
eft	6
eft$	3
efu	4
eful	3
eg	448
eg$	16
ega	171
ega$	103
egaa	27
egab	4
egal	3
egam	10
egan	3
egao	9
egar	5
egas	3
egat	3
ege	36
ege$	13
egee	3
egel	3
egen	15
egg	4
eggs	3
egh	47
egh$	8
egha	15
eghd	4
eghn	7
egho	3
eghr	5
eghv	3
egi	118
egi$	93
egia	3
egim	5
egin	3
egis	13
egm	4
egme	3
egn	3
ego	14
ego$	6
egor	5
egp	4
egpu	3
egr	11
egra	5
egre	3
egri	3
egs	4
egs$	3
egu	12
egul	3
egum	6
egus	3
egy	3
egya	3
eh	402
eh$	41
eha	117
eha$	5
ehaa	7
ehab	4
ehad	8
ehal	11
eham	3
ehan	22
ehar	36
ehas	3
ehat	15
ehav	3
ehb	4
ehc	14
ehch	14
ehe	16
ehen	5
eher	6
ehi	32
ehi$	16
ehic	11
ehit	3
ehj	11
ehja	9
ehl	13
ehlo	4
ehlu	3
ehm	10
ehma	10
ehn	34
ehna	26
ehng	4
eho	15
ehol	6
ehos	6
ehou	3
ehp	4
ehpu	4
ehr	58
ehra	34
ehre	6
ehri	6
ehro	4
ehru	6
ehs	4
eht	17
ehta	8
ehti	3
ehz	8
ehza	8
ei	324
ei$	17
eic	4
eid	7
eid$	5
eig	9
eigh	4
eign	4
eik	5
eikh	4
eil	7
ein	254
ein$	229
eing	13
eino	3
eins	3
eint	3
einy	3
eir	6
eis	5
eise	4
eit	3
eity	3
eiv	3
eive	3
ej	202
ej$	60
eja	54
eja$	14
ejaa	4
ejai	3
ejak	5
ejal	3
ejan	13
ejas	3
ejat	4
ejay	3
eje	14
eje$	3
ejec	3
ejen	4
ejet	3
ejh	5
ejhi	3
eji	26
eji$	17
ejit	3
ejiy	3
ejk	3
ejka	3
ejn	4
ejo	17
ejo$	5
ejod	3
ejom	3
ejon	4
ejr	6
ejri	6
ejt	6
eju	4
ejul	3
ek	755
ek$	95
eka	170
eka$	14
ekaa	14
ekad	22
ekae	3
ekag	6
ekak	5
ekal	3
ekam	6
ekan	18
ekar	61
ekas	3
ekat	12
ekd	3
ekdu	3
eke	25
eke$	6
eked	6
ekee	9
eken	3
ekh	248
ekh$	44
ekha	108
ekhe	13
ekhi	24
ekhk	8
ekhm	4
ekhn	17
ekho	13
ekhr	6
ekht	9
eki	25
eki$	5
ekik	6
ekin	4
ekis	4
ekit	3
ekiy	3
ekj	9
ekju	9
ekk	14
ekka	4
ekki	5
ekko	3
ekl	11
ekla	8
ekly	3
ekn	6
ekne	4
eko	7
ekon	4
ekp	3
ekpu	3
ekr	7
eks	107
eksa	3
eksh	101
ekt	16
ekta	11
ektr	3
eku	5
ekua	3
el	1371
el$	324
ela	233
ela$	112
elaa	17
elai	4
elam	8
elan	54
elap	7
elar	6
elat	9
elaw	4
elay	3
elb	13
elbe	7
elbu	4
eld	31
eld$	28
ele	185
ele$	61
elea	3
eleb	8
elec	39
eleg	6
elem	3
elen	17
elep	9
eler	5
eles	8
elet	9
elev	12
eley	3
elf	11
elf$	3
elfa	8
elg	11
elga	4
elgi	3
elgr	3
elh	14
elhi	13
eli	184
eli$	82
elia	8
elic	9
elie	8
elig	4
elim	3
elin	21
elio	4
elis	5
elit	7
eliu	5
eliv	4
eliy	15
eliz	8
elk	16
elka	8
elku	4
ell	117
ell$	28
ella	5
elle	15
elli	27
ello	27
ells	4
elly	8
elm	15
elma	7
elme	3
elmi	3
eln	16
elna	9
elne	5
elo	83
elo$	14
eloa	7
elon	36
elop	15
elor	9
elp	11
elpa	5
elph	3
elps	3
els	39
els$	23
else	4
elsh	3
elsi	8
elt	31
elt$	6
elta	16
elti	5
elu	18
elu$	6
elug	8
elv	4
elvi	3
elw	4
elwa	4
ely	10
ely$	6
elya	3
em	593
em$	82
ema	163
ema$	44
emaa	9
emad	4
emag	6
emai	4
emak	7
emal	8
emam	3
eman	41
emar	9
emat	16
emb	29
emba	5
embe	17
embl	3
emc	8
emch	8
eme	103
eme$	19
emen	64
emer	6
emes	5
emet	4
emi	84
emi$	5
emia	6
emic	21
emie	7
emif	10
emik	6
emil	5
emim	3
emin	7
emis	5
emix	3
emk	6
emka	6
eml	3
emla	3
emm	3
emma	3
emn	10
emna	8
emo	60
emo$	3
emoc	9
emog	6
emon	12
emor	13
emot	12
emov	3
emp	6
emr	9
emra	6
ems	12
ems$	10
emu	3
emu$	3
emy	8
emy$	8
en	2900
en$	1096
ena	205
ena$	90
enaa	12
enad	11
enae	3
enag	3
enai	4
enaj	3
enal	21
enam	4
enan	15
enao	5
enap	3
enar	10
enat	13
enb	5
enbe	3
enc	126
ence	52
ench	27
enci	12
encl	3
enco	3
encr	4
ency	25
end	303
end$	34
enda	50
endb	8
ende	37
endh	9
endi	4
endl	5
endo	10
endr	124
ends	3
endu	19
ene	116
ene$	29
ened	6
enee	3
eneg	3
enel	3
enen	4
ener	28
enet	12
enev	13
enew	12
enf	6
enfi	6
eng	217
eng$	10
enga	18
enge	126
engh	4
engi	44
engl	6
engu	8
enh	4
enha	3
eni	126
eni$	46
enia	8
enib	3
enic	16
enig	3
enik	6
enin	8
enio	3
enip	6
enis	5
enix	3
eniy	11
enj	16
enja	6
enje	3
enji	5
enk	42
enk$	3
enka	21
enke	7
enki	7
enkt	3
enl	3
enla	3
enm	4
enma	3
enn	23
enna	6
enni	4
enns	6
eno	39
eno$	9
enob	3
enog	3
enom	4
enon	9
enor	3
enou	3
enp	3
enpo	3
enr	6
enry	3
ens	108
ens$	24
ensa	5
ense	16
ensh	6
ensi	30
ensl	3
enso	23
ent	412
ent$	209
enta	36
ente	18
enth	7
enti	57
ento	11
entr	20
ents	37
entu	9
entv	3
enty	3
enu	14
enu$	7
enuk	3
enus	3
env	4
enve	3
enw	3
eny	16
enya	14
enz	3
enza	3
eo	134
eo$	33
eog	19
eogr	18
eol	9
eol$	5
eolo	3
eom	3
eome	3
eon	28
eon$	19
eona	3
eone	5
eop	14
eopa	9
eopl	4
eor	14
eorg	6
eory	6
eot	3
eoty	3
eou	4
ep	353
ep$	71
epa	98
epad	3
epai	3
epak	6
epal	22
epan	42
epar	11
epas	3
epe	32
epen	9
eper	19
eph	24
eph$	6
epha	3
ephe	6
ephi	3
epho	6
epi	23
epi$	3
epic	3
epil	3
epin	5
epis	5
epl	5
eply	3
epo	34
epon	4
epor	24
epos	3
epr	7
epre	5
eps	15
epsi	8
epsy	3
ept	25
ept$	6
epti	13
epto	3
epu	17
epub	6
epur	7
eq	11
equ	10
eque	7
equi	3
er	3180
er$	1368
era	297
era$	69
eraa	8
erab	9
erac	9
erad	5
erag	7
erah	5
eraj	7
erak	10
eral	36
eram	9
eran	25
erap	11
erar	4
eras	8
erat	64
erav	10
erb	20
erba	15
erbi	3
erc	45
erce	14
erch	4
erci	8
erco	10
ercr	3
erd	12
erdr	3
ere	112
ere$	51
ered	11
eree	3
erel	3
eren	23
ereo	6
eres	8
erf	20
erfa	3
erfl	3
erfo	9
erfu	3
erg	46
erg$	9
erga	13
erge	8
ergh	6
ergi	3
ergy	6
erh	16
erh$	3
erhe	6
erho	3
eri	262
eri$	67
eria	42
eric	27
erie	15
erij	3
erik	10
eril	5
erin	39
erio	14
eris	4
erit	18
eriy	15
erj	14
erja	7
erje	4
erji	3
erk	11
erk$	3
erke	3
erl	28
erla	15
erli	7
erlo	4
erm	81
erm$	5
erma	38
erme	4
ermi	21
ermo	10
ern	88
ern$	21
erna	32
erne	10
erni	4
ernm	4
erno	13
ero	153
ero$	26
erod	3
eroi	8
eroj	10
erol	7
eron	76
eroo	4
erop	6
eros	7
erp	12
erpa	3
erpi	3
erpo	3
err	51
erra	7
erre	3
erri	6
erro	7
erry	27
ers	282
ers$	187
ersa	7
erse	17
ersh	8
ersi	12
erso	34
ersp	8
erst	6
ert	89
ert$	25
erta	19
erte	5
erth	11
erti	16
erts	8
erty	3
eru	39
eru$	16
erud	3
eruk	6
erum	7
erus	3
erut	4
erv	49
erva	12
erve	15
ervi	22
erw	17
erwa	8
erwe	4
erwo	4
ery	66
ery$	63
es	1977
es$	325
esa	46
esa$	8
esai	3
esan	6
esar	22
esb	6
esbu	3
esc	18
esca	3
esch	3
esco	10
esd	4
esda	3
ese	48
ese$	9
esea	5
esel	12
esen	6
eser	14
esh	1002
esh$	316
esha	199
eshb	29
eshd	11
eshe	16
eshi	100
eshj	5
eshk	11
eshm	12
eshn	6
esho	53
eshp	9
eshr	7
eshs	4
esht	48
eshv	23
eshw	129
eshy	21
esi	93
esi$	17
esia	15
esid	18
esig	23
esis	8
esiz	3
esk	9
esk$	3
eski	3
esl	6
esl$	3
esm	7
esm$	3
esmo	3
eso	22
esol	3
eson	4
esop	3
esor	3
esot	3
esou	6
esp	15
espe	3
espi	3
espn	6
espo	3
esr	4
esri	3
ess	177
ess$	84
essa	7
essd	3
esse	16
essi	31
esso	19
essu	4
essv	3
essw	3
essy	4
est	175
est$	37
esta	27
este	26
esth	6
esti	24
estl	3
estm	6
esto	21
estr	13
esty	8
esu	7
esud	3
esus	3
esv	3
esva	3
esw	7
eswa	7
et	1389
et$	342
eta	215
eta$	79
etaa	12
etab	5
etah	3
etai	3
etaj	3
etak	7
etal	18
etan	32
etao	14
etar	24
etav	9
etb	5
etba	5
etc	14
etch	14
ete	112
ete$	38
etec	9
eten	6
eter	48
etes	4
etf	3
etfl	3
eth	117
eth$	37
etha	24
ethe	17
ethi	21
etho	9
eti	150
eti$	37
etib	15
etic	27
etie	3
etig	3
etih	4
etik	4
etil	6
etim	3
etin	13
etir	10
etiy	21
etk	34
etka	25
etke	9
etl	7
etla	3
etm	3
etn	14
etna	11
eto	50
eto$	4
eton	39
etoo	4
etp	6
etpr	6
etr	155
etr$	7
etra	58
etre	5
etri	29
etro	44
etru	5
ets	26
ets$	23
ett	58
etta	11
ette	23
etti	10
ettl	3
etts	3
etty	6
etu	42
etu$	26
etub	3
etup	6
etur	7
etv	3
etv$	3
etw	20
etwa	3
etwe	3
etwo	14
ety	12
ety$	10
eu	91
eu$	3
euc	3
eucl	3
eug	3
euge	3
eum	13
eum$	7
eumo	4
eun	3
eup	3
eup$	3
eur	43
eura	4
eure	3
euro	33
eury	3
eus	4
eus$	4
eut	16
eute	5
euti	6
eutr	5
ev	728
ev$	132
eva	274
eva$	34
evaa	31
evab	3
evad	16
evae	4
evak	7
eval	52
evan	59
evao	3
evar	26
evas	11
evat	17
evay	6
evd	11
evda	7
evdh	3
eve	80
eve$	17
evea	3
eveg	3
evel	18
even	17
ever	19
evg	8
evga	7
evi	118
evi$	30
evic	4
evid	8
evie	8
evig	4
evik	8
evil	17
evin	8
evis	18
evit	5
eviy	8
evk	19
evka	3
evki	6
evko	5
evku	5
evl	4
evn	3
evo	21
evo$	4
evol	5
evon	9
evoy	3
evr	19
evra	12
evs	9
evsh	3
evst	3
evt	15
evta	14
evu	4
evu$	3
evv	4
evvi	4
evy	4
evya	3
ew	251
ew$	24
ewa	141
ewa$	4
ewaa	19
ewab	3
ewal	66
ewan	10
ewar	17
ewas	4
ewat	4
eway	9
ewc	3
ewe	18
ewel	12
ewer	3
ewg	3
ewi	7
ewin	4
ewj	3
ewje	3
ewn	4
ewna	3
ewo	8
ewor	7
ewp	3
ewpo	3
ewr	6
ewri	6
ews	21
ews$	12
ewsl	3
ewsp	3
ewsw	3
ewt	3
ewto	3
ewy	3
ewyo	3
ex	126
ex$	31
exa	8
exan	3
exas	3
exc	6
exch	5
exe	4
exec	3
exi	18
exia	6
exib	3
exic	8
exp	23
expe	3
expo	6
expr	12
ext	24
ext$	6
exte	4
exti	3
extr	11
exu	3
exus	3
exy	7
exy$	7
ey	553
ey$	353
eya	95
eya$	33
eyaa	7
eyak	3
eyan	7
eyar	32
eyas	3
eyat	5
eyb	8
eybo	6
eye	34
eye$	28
eyj	4
eyja	4
eyl	4
eyla	3
eym	4
eymo	3
eyn	3
eyo	20
eyon	16
eys	5
eyt	3
eyta	3
eyu	3
eyur	3
eyv	8
eyva	8
ez	33
ez$	18
eza	3
eze	3
ezer	3
ezi	7
ezi$	4
ezin	3
f	2986
f$	207
fa	843
fa$	51
faa	32
faa$	5
faan	8
faar	5
faay	3
fac	46
face	19
faci	7
fact	17
facu	3
fad	20
fada	12
fado	3
faf	13
fafo	5
fafu	6
fah	14
faha	6
fahr	6
fai	124
fail	70
fair	17
fais	18
faiy	5
faiz	7
faj	3
fak	9
fakt	3
fal	129
fal$	44
fala	27
falf	3
falg	3
fali	13
fall	6
falo	3
fals	5
falt	22
fam	14
fam$	4
fami	6
famo	4
fan	66
fan$	22
fana	6
fani	8
fank	7
fanm	3
fann	4
fans	5
fant	6
fanu	3
fao	5
faon	5
faq	5
faq$	5
far	145
far$	21
fara	21
fare	10
farg	4
farh	7
fari	32
farj	6
farm	16
farn	7
faro	10
farp	3
fars	5
fas	44
fasa	10
fash	14
fasi	5
fasl	6
fast	8
fat	55
fat$	12
fata	7
fate	18
fath	3
fatk	6
fatl	3
fau	37
fauj	25
faul	7
faur	5
fax	3
fax$	3
fay	18
faya	13
fayd	4
faz	3
fb	9
fba	3
fbi	3
fbi$	3
fbr	3
fbr$	3
fc	21
fc$	18
fcc	3
fcc$	3
fd	5
fda	5
fda$	3
fe	284
fe$	18
fea	10
fear	4
feat	6
feb	4
febr	3
fec	4
fect	4
fed	25
fed$	9
fede	10
fedi	3
fedp	3
fee	30
fee$	5
feed	5
feek	3
feel	3
fees	6
feet	5
fef	3
fefa	3
fek	6
feka	4
fel	13
fell	9
fem	7
fema	3
femi	3
fen	36
fen$	4
fenc	5
fend	3
feng	3
fenk	15
fent	5
fer	80
fer$	29
fera	5
ferb	5
fere	20
fern	7
ferr	4
fert	7
fes	32
fess	15
fest	17
fet	12
fet$	6
feti	3
fety	3
fev	3
feve	3
ff	138
ff$	37
ffa	15
ffai	5
ffar	9
ffe	31
ffec	4
ffee	5
ffer	19
ffet	3
ffi	34
ffic	32
ffl	11
ffli	9
ffr	6
ffre	4
fg	9
fga	4
fgh	5
fgha	5
fi	482
fi$	43
fia	9
fia$	4
fiat	3
fib	6
fibe	3
fibr	3
fic	47
fic$	11
fica	3
fice	24
fici	3
fict	3
ficu	3
fid	7
fid$	4
fide	3
fie	44
fied	11
fiel	22
fier	10
fif	5
fift	3
fig	7
figh	6
fij	4
fik	11
fikr	5
fil	99
fila	7
fild	3
file	23
fili	6
fill	4
film	43
filo	5
filt	3
fin	78
fina	41
finc	3
find	3
fine	10
fing	3
fini	15
finl	3
fir	50
fir$	4
fira	7
fire	12
firi	3
firm	5
firo	12
firs	3
firt	3
fis	25
fisa	6
fish	16
fit	17
fit$	9
fitn	3
fiv	6
five	4
fix	9
fixa	3
fixe	3
fixi	3
fiy	8
fiya	6
fiz	4
fiz$	3
fj	5
fl	135
fl$	3
fla	30
flag	6
flap	3
flas	5
flat	9
flav	3
fle	16
fle$	3
flec	3
fler	3
fles	4
flex	3
fli	28
flig	6
flim	4
flin	10
flip	3
flix	3
flo	37
floo	6
flop	6
flor	12
flow	5
flu	15
flu$	3
flue	7
fluo	3
fly	6
fly$	3
flyi	3
fm	6
fm$	3
fn	19
fn$	3
fna	16
fnaa	6
fnam	3
fo	283
fo$	6
foc	3
fod	21
fod$	5
foda	14
fok	4
fol	11
foli	3
foll	3
fon	10
fon$	5
font	3
foo	40
foo$	4
food	6
fool	10
foot	18
for	152
for$	9
forb	3
forc	9
ford	21
fore	24
fork	3
form	52
fors	3
fort	17
foru	4
forw	6
fos	10
fost	7
fot	3
fot$	3
fou	15
foun	9
four	6
fox	6
fox$	6
fr	214
fra	73
frac	3
fram	9
fran	44
frar	6
frat	6
fre	74
fred	17
free	33
fren	5
freq	6
fres	3
frey	7
fri	37
fri$	6
fric	6
frid	8
frie	14
frik	3
fro	26
from	6
fron	12
froz	6
fru	3
fruc	3
fs	10
fsa	10
fsar	10
ft	123
ft$	49
fta	29
fta$	5
ftaa	5
ftar	17
fte	7
fte$	3
fter	4
fth	3
fth$	3
ftk	3
ftkh	3
fto	4
fton	3
fts	6
fts$	3
ftsm	3
ftw	20
ftwa	19
fu	162
fuc	3
fuci	3
fud	3
fudd	3
fue	3
fuel	3
fuh	3
fuha	3
fuk	3
fuku	3
ful	46
ful$	8
fula	10
fule	3
fulk	3
full	16
fun	37
fund	15
fung	9
funk	5
funs	4
funt	3
fur	32
fur$	3
fura	4
furi	3
furn	3
furs	6
furt	13
fus	12
fusa	4
fusf	4
fusl	4
fut	16
futi	3
futu	9
fw	4
fwa	4
fwah	4
fy	18
fy$	11
fyi	6
fyin	6
fz	7
fz$	5
g	11909
g$	1635
ga	3412
ga$	268
gaa	228
gaa$	60
gaad	13
gaah	10
gaai	3
gaaj	4
gaal	16
gaam	7
gaan	38
gaar	27
gaat	19
gaay	21
gab	23
gaba	5
gabb	4
gabr	8
gac	10
gach	7
gad	274
gad$	22
gada	49
gadb	12
gadd	23
gade	14
gadg	8
gadh	87
gadi	37
gadk	3
gadn	4
gado	8
gadt	4
gae	13
gaee	3
gaen	4
gag	11
gaga	8
gage	3
gah	80
gah$	32
gaha	11
gahe	3
gahi	3
gahl	4
gahn	6
gaho	13
gahr	6
gai	88
gai$	21
gail	4
gain	13
gair	39
gait	4
gaj	64
gaj$	22
gaja	12
gaje	11
gaji	7
gajj	3
gajo	3
gajr	3
gak	6
gaka	5
gal	296
gal$	70
gala	42
gale	34
galg	5
gali	65
galk	9
gall	15
galn	5
galo	11
galp	7
galt	9
galu	14
galv	5
gam	155
gam$	60
gama	26
gamb	12
game	9
gami	24
gaml	6
gamn	3
gamo	6
gamy	3
gan	535
gan$	85
gana	63
ganb	4
gand	70
gane	52
gang	58
gani	40
ganj	65
ganm	3
gann	18
gano	11
ganp	5
gans	3
gant	22
ganu	8
ganv	12
ganw	12
gany	4
gao	37
gao$	3
gaon	34
gap	7
gapp	3
gar	669
gar$	227
gara	37
garb	63
gard	20
gare	7
garf	3
garg	9
garh	97
gari	61
garj	9
gark	3
garl	3
garm	40
garn	4
garo	31
garp	6
gart	17
garu	14
garv	10
garw	3
gas	50
gas$	11
gasa	9
gash	11
gasi	3
gaso	6
gast	8
gat	332
gat$	101
gata	31
gate	47
gath	57
gati	69
gatk	3
gatm	4
gato	3
gatp	3
gatr	3
gats	3
gatt	6
gau	106
gau$	3
gaud	5
gaug	6
gauh	3
gaul	3
gaum	4
gaun	13
gaur	47
gaus	3
gaut	19
gav	40
gav$	7
gava	30
gaw	12
gawa	11
gay	84
gay$	4
gaya	51
gaye	14
gayi	12
gayo	3
gaz	22
gaz$	6
gaza	8
gazi	5
gb	53
gb$	6
gba	15
gbal	6
gbat	3
gbh	17
gbha	8
gbhe	6
gbi	7
gbir	6
gbt	3
gbt$	3
gbu	3
gbug	3
gc	6
gc$	3
gca	3
gca$	3
gd	105
gda	35
gdaa	4
gdal	3
gdan	10
gdar	9
gdav	3
gde	12
gdee	5
gdev	6
gdh	21
gdh$	11
gdha	5
gdho	3
gdi	16
gdi$	9
gdis	3
gdo	14
gdom	6
gdon	6
gdp	3
gdp$	3
ge	865
ge$	349
gea	12
gear	10
geb	3
gec	3
ged	6
ged$	3
gee	85
gee$	4
geel	6
geen	6
geer	5
gees	3
geet	52
geey	4
geg	4
gegi	4
geh	19
gehl	5
gehn	3
gehr	7
gei	3
gej	5
gej$	5
gel	13
gel$	5
gela	3
gels	3
gem	13
geme	12
gen	171
gen$	30
genc	12
gend	43
gene	35
geng	10
geni	6
geno	4
gent	22
genu	3
geo	25
geog	8
geom	3
geon	5
geor	6
ger	84
ger$	43
gera	4
geri	4
germ	10
gers	14
geru	3
gery	6
ges	21
gesh	16
gest	3
get	26
get$	14
geta	3
geth	3
gets	3
gew	5
gewa	5
gey	16
gey$	14
gf	5
gfi	3
gg	72
gg$	7
gga	19
gga$	3
ggag	3
ggaj	7
ggar	5
gge	8
gger	5
gget	3
ggh	3
ggi	19
ggi$	7
ggin	12
ggl	5
ggle	5
ggr	3
ggra	3
ggs	5
ggs$	5
ggy	3
gh	1200
gh$	114
gha	514
gha$	33
ghaa	16
ghab	9
ghad	14
ghag	3
ghaj	3
ghak	9
ghal	22
gham	17
ghan	69
ghap	3
ghar	94
ghas	14
ghat	180
ghav	7
ghay	13
ghaz	5
ghb	3
ghc	3
ghch	3
ghd	8
ghdo	3
ghe	45
ghe$	8
ghee	4
ghel	3
ghen	4
gher	24
ghg	5
ghga	5
ghi	34
ghi$	6
ghim	3
ghin	3
ghir	15
ghis	3
ghk	6
ghka	6
ghl	17
ghla	7
ghli	6
ghn	21
ghn$	3
ghna	11
ghne	3
gho	121
ghod	9
ghol	9
ghon	31
ghoo	10
ghor	12
ghos	33
ghot	15
ghp	4
ghpu	3
ghr	43
ghra	27
ghri	10
ghru	3
ghs	13
ghsc	5
ghsh	3
ghsp	5
ght	79
ght$	40
ghte	13
ghti	5
ghts	15
ghu	138
ghu$	6
ghud	6
ghug	3
ghuj	3
ghul	17
ghum	52
ghun	12
ghur	6
ghus	16
ghut	9
ghuv	8
ghv	9
ghva	7
ghw	11
ghwa	11
ghy	10
ghya	8
gi	988
gi$	311
gia	9
gia$	4
gian	5
gib	9
gibr	3
gibs	5
gic	29
gic$	7
gica	15
gich	7
gid	24
gida	16
gidd	6
gif	5
gift	5
gig	4
giga	3
gik	67
gik$	27
gika	11
giki	20
giko	3
gikr	3
gikt	3
gil	42
gil$	5
gila	6
gilb	3
gile	4
gilg	6
gili	6
gill	4
gilo	3
gim	8
gima	3
gime	5
gin	143
gin$	24
gina	11
gine	37
ging	40
gini	23
gint	4
gio	3
gion	3
gip	12
gip$	3
gipp	3
gipu	6
gir	139
gir$	11
gira	44
gird	15
girf	6
girg	3
giri	31
girj	4
girl	6
girn	7
giro	6
girt	4
gis	37
gis$	3
gise	3
gish	3
gisl	3
gist	25
git	82
git$	22
gita	43
giti	4
gitk	4
gitt	3
giu	3
gium	3
giy	53
giy$	8
giya	15
giyo	28
giz	3
giz$	3
gj	13
gja	7
gjat	5
gji	4
gk	27
gka	15
gkan	3
gkar	12
gke	3
gkes	3
gko	9
gkok	5
gkon	4
gl	184
gla	65
gla$	16
glad	12
glan	9
glas	12
glau	5
gle	54
gle$	33
glek	3
glen	3
gler	3
gles	6
glev	3
gli	26
gli$	9
glid	4
glik	6
glis	4
glo	22
glo$	3
glob	9
glon	3
glor	5
glu	3
glur	3
gly	14
glyc	10
gm	63
gm$	3
gma	49
gma$	13
gmag	11
gmah	4
gmai	6
gman	8
gmar	3
gme	4
gmen	4
gmo	4
gmoh	4
gn	181
gn$	33
gna	48
gna$	21
gnal	6
gnan	5
gnas	3
gnat	6
gnav	3
gne	34
gne$	4
gner	8
gnes	5
gnet	9
gney	8
gni	35
gni$	5
gnid	3
gnih	6
gnim	4
gnin	3
gnis	7
gnit	5
gnm	6
gnme	6
gno	13
gnol	3
gnos	6
gnu	6
gnu$	3
gnum	3
gny	3
go	816
go$	67
goa	11
goa$	6
goal	3
gob	21
goba	3
gobh	6
gobi	12
goc	3
goch	3
god	44
god$	3
goda	18
godh	6
godi	3
godm	3
godo	3
godr	3
gods	3
goe	3
gog	13
goga	10
gogo	3
goh	3
gohi	3
gok	20
goka	6
gokh	5
goku	9
gol	187
gol$	8
gola	46
golb	3
gold	19
gole	11
golf	3
goli	48
golm	14
golo	7
gols	9
golu	6
golv	6
gom	8
goms	3
gomu	3
gon	146
gon$	119
gond	18
gone	6
gong	3
goo	22
good	3
goog	6
goon	6
gop	63
gopa	36
gope	3
gopi	18
gopn	6
gor	70
gor$	3
gora	34
gore	9
gori	16
gork	4
gory	4
gos	31
gos$	4
gosa	3
gosh	13
gosl	6
got	40
got$	4
gota	11
gote	3
goth	11
gotr	9
gov	54
gova	13
gove	19
govi	22
gow	4
gowd	3
goy	5
goya	5
gp	49
gpa	14
gpas	3
gpat	8
gps	3
gps$	3
gpu	23
gpu$	3
gpur	20
gr	829
gra	525
gra$	38
graa	6
grac	6
grad	30
grag	3
grah	146
grai	4
graj	10
gram	76
gran	31
grap	93
gras	36
grat	20
grav	14
graw	4
gre	108
gre$	5
grea	9
gree	37
greg	6
grej	12
gren	13
gres	14
grew	3
grey	4
grez	3
grh	12
grha	5
gri	99
gri$	16
gric	4
grid	4
grie	3
grih	27
grik	7
gril	6
grim	3
gris	5
grit	3
griv	5
griy	12
gro	45
gro$	3
groh	3
gron	4
groo	6
grou	16
grov	6
grow	7
grs	3
gru	32
gruh	24
gruk	6
gry	3
gry$	3
gs	98
gs$	61
gsa	5
gsay	5
gsf	3
gsfo	3
gsh	16
gsha	13
gshi	3
gst	9
gst$	3
gste	3
gsto	3
gsu	3
gsut	3
gt	61
gt$	3
gta	18
gta$	10
gtao	3
gte	8
gte$	7
gti	5
gti$	5
gto	19
gton	18
gtr	3
gtv	3
gtva	3
gu	756
gu$	30
gua	41
gua$	6
guag	6
guan	3
guar	20
gub	5
gubb	5
guc	22
guch	21
gud	34
guda	8
gudd	9
gudg	6
gudh	3
gudi	3
gue	12
gue$	10
guf	17
gufa	12
guft	3
gui	25
guid	6
guil	3
guin	9
guis	5
guj	36
guja	24
guji	4
gujr	8
gul	77
gul$	12
gula	35
guld	3
gule	3
gulf	7
guli	5
gulk	3
gull	3
gulm	3
gum	28
gum$	12
gumn	3
gumr	3
gums	3
gun	198
gun$	27
guna	51
gunb	5
gund	19
gune	3
gung	18
guni	16
gunj	18
guno	4
gunr	3
guns	9
gunt	19
gunv	6
gup	33
gupt	33
gur	124
gur$	7
gurd	10
gure	4
gurg	3
guri	6
gurj	6
gurm	3
guro	5
gurp	3
guru	76
gus	35
gusa	3
guss	22
gust	7
gut	27
gut$	3
gutb	3
guth	15
guto	3
guv	3
guva	3
guw	6
guwa	6
gv	39
gva	18
gvan	7
gvas	3
gve	9
gve$	3
gved	6
gvi	11
gvij	3
gvil	5
gw	68
gwa	63
gwa$	3
gwad	4
gwal	11
gwan	18
gwar	4
gwat	17
gway	4
gwo	5
gwoo	3
gy	376
gy$	59
gya	272
gya$	66
gyaa	28
gyak	4
gyal	3
gyan	90
gyap	18
gyar	4
gyas	16
gyat	29
gyav	12
gye	4
gyey	3
gyi	3
gyi$	3
gym	11
gym$	4
gymk	3
gymn	4
gyo	12
gyon	12
gys	5
gysh	5
gyv	4
gz	8
gze	3
gzeb	3
gzh	3
gzho	3
h	40118
h$	3537
ha	16658
ha$	1245
haa	1113
haa$	90
haab	8
haad	67
haae	5
haag	57
haah	6
haai	19
haaj	13
haak	28
haal	85
haam	15
haan	200
haao	13
haap	25
haar	188
haas	79
haat	108
haav	46
haay	55
hab	225
hab$	16
haba	81
habb	26
habd	28
habe	6
habh	20
habi	19
habn	3
habr	18
habu	8
hac	51
hach	41
hack	6
had	689
had$	122
hada	98
hadd	27
hade	58
hadh	125
hadi	84
hadk	20
hadn	5
hado	26
hadp	4
hadr	42
hads	10
hadt	17
hadu	10
hadv	10
hadw	10
hady	19
hae	86
hae$	19
haee	10
haeg	8
haei	7
hael	8
haen	23
haey	5
haf	21
hafa	5
hafe	4
hafi	6
haft	6
hag	352
hag$	43
haga	105
hage	11
hagh	6
hagi	46
hagn	6
hago	39
hagr	10
hagu	6
hagv	4
hagw	32
hagy	40
hah	199
hah$	37
haha	47
hahc	3
hahd	6
hahe	17
hahg	3
hahi	31
hahj	10
hahn	4
haho	4
hahr	19
haht	8
hahu	5
hahz	5
hai	339
hai$	96
haib	5
haic	12
haid	9
haie	4
haij	3
haik	8
hail	34
haim	3
hain	46
hair	38
hais	4
hait	34
haiv	5
haiy	33
haj	160
haj$	22
haja	65
haji	30
hajj	4
hajl	3
hajm	3
hajo	11
hajp	3
haju	11
hajy	3
hak	1002
hak$	331
haka	155
hakd	6
hake	47
hakh	31
haki	41
hakk	29
hakl	6
hakm	3
hakn	4
hako	77
hakp	3
hakr	63
haks	18
hakt	170
haku	16
hal	1218
hal$	251
hala	365
halc	8
hald	15
hale	75
half	5
halg	13
hali	209
halk	46
hall	35
haln	30
halo	50
halp	9
halr	4
hals	10
halt	33
halu	28
halv	11
halw	8
haly	12
ham	600
ham$	137
hama	157
hamb	24
hamc	9
hamd	20
hame	28
hamg	6
hami	41
hamk	33
haml	8
hamm	24
hamn	10
hamo	7
hamp	39
hamr	7
hams	22
hamt	17
hamu	6
han	2917
han$	857
hana	345
hanb	18
hanc	26
hand	409
hane	184
hang	99
hani	235
hanj	38
hank	96
hanl	6
hanm	15
hann	30
hano	93
hanp	43
hanr	8
hans	132
hant	170
hanu	68
hanv	18
hanw	5
hany	21
hao	103
hao$	11
haon	92
hap	283
hap$	21
hapa	96
hape	13
hapi	40
hapk	8
hapl	8
hapn	9
hapo	3
happ	13
hapr	18
hapt	20
hapu	32
haq	4
haq$	3
har	2601
har$	570
hara	528
harb	31
harc	28
hard	46
hare	116
harf	6
harg	35
harh	11
hari	389
harj	12
hark	54
harl	22
harm	166
harn	49
haro	133
harp	47
harr	23
hars	42
hart	128
haru	31
harv	36
harw	10
hary	87
has	761
has$	37
hasa	96
hase	20
hash	217
hasi	64
hask	6
hasm	8
hasn	3
haso	7
hasp	21
hasr	5
hass	4
hast	228
hasu	8
hasv	9
hasw	7
hasy	21
hat	1370
hat$	191
hata	359
hate	102
hatg	3
hath	80
hati	141
hatk	60
hatm	34
hatn	38
hato	23
hatp	9
hatr	119
hats	6
hatt	105
hatu	42
hatv	22
hatw	3
haty	32
hau	254
haub	3
hauc	10
haud	28
haug	5
hauh	9
hauk	43
haul	19
haum	15
haun	24
haup	3
haur	34
haut	55
hav	527
hav$	107
hava	174
havb	7
havd	3
have	37
havh	5
havi	113
havn	23
havo	21
havp	6
havr	5
havs	8
havu	3
havy	10
haw	88
hawa	70
hawe	4
hawk	5
hawl	3
hay	430
hay$	88
haya	192
hayb	3
haye	71
hayi	29
hayl	6
hayn	5
hayo	18
hayu	10
haz	20
haz$	3
haza	4
hazi	8
hb	134
hba	29
hbaa	6
hban	11
hbar	6
hbe	6
hbee	4
hbh	58
hbha	34
hbhe	6
hbho	5
hbhu	10
hbi	12
hbih	3
hbir	8
hbo	17
hboa	3
hbod	8
hboo	6
hbu	10
hbu$	3
hbub	7
hc	241
hca	3
hcar	3
hch	238
hch$	6
hcha	145
hche	6
hchh	35
hchi	35
hcho	3
hcht	3
hchu	4
hd	140
hd$	5
hda	46
hda$	7
hdaa	5
hdab	3
hdar	10
hdat	4
hday	12
hde	14
hdee	3
hdev	10
hdf	3
hdfc	3
hdh	26
hdha	17
hdhi	9
hdi	10
hdi$	7
hdm	3
hdmi	3
hdo	8
hdon	5
hdoo	3
hdr	11
hdra	4
hdro	6
hdw	11
hdwa	11
he	2317
he$	379
hea	66
head	16
heal	12
hear	10
heat	15
heav	9
heb	15
heb$	7
heba	5
hebr	3
hec	20
hech	15
heck	3
hed	154
hed$	41
heda	44
hedb	5
hede	3
hedg	5
hedh	16
hedi	12
hedk	7
hedn	4
hedo	9
hee	276
hee$	9
heed	20
heeg	6
heek	9
heel	77
heem	21
heen	55
heep	4
heer	37
hees	14
heet	18
heey	4
hef	3
hefa	3
heg	41
hega	20
hegi	19
heh	49
heha	14
hehj	8
hehn	3
hehr	14
hehz	7
hei	29
heik	4
hein	20
hej	57
hej$	18
heja	16
heje	3
heji	4
hejk	3
hejn	4
hejo	3
hejt	6
hek	59
hek$	20
heka	3
heke	9
hekh	20
heku	4
hel	191
hel$	21
hela	35
held	3
hele	28
heli	39
helk	9
hell	8
helm	8
heln	10
helo	14
hels	3
helt	7
hely	3
hem	106
hem$	7
hema	31
hemc	5
heme	17
hemi	20
heml	3
hemo	15
hemr	3
hemu	3
hen	196
hen$	104
hena	4
hend	11
hene	9
heng	23
heni	3
henk	7
heno	3
henr	4
hens	8
hent	8
henu	3
heny	6
heo	10
heor	8
hep	32
hep$	12
hepa	16
hepu	3
her	300
her$	101
hera	33
herb	7
here	16
herf	4
herg	5
heri	16
herl	7
herm	16
hern	8
hero	40
herp	4
herr	8
hers	13
hert	3
heru	6
herv	3
herw	8
hes	131
hes$	8
hesa	6
hesd	3
hesh	88
hesi	9
hess	4
hest	12
het	148
het$	16
heta	26
hete	4
heti	29
hetn	4
heto	4
hetr	56
hett	3
hetu	3
hev	8
hev$	4
heva	4
hew	10
hewa	5
hews	3
hey	31
hey$	24
heya	6
hez	5
hez$	5
hf	8
hfa	5
hfaq	3
hfi	3
hfil	3
hg	70
hga	46
hgaa	7
hgad	3
hgam	4
hgan	13
hgar	8
hgat	8
hgh	3
hgha	3
hgi	4
hgo	10
hgol	10
hgr	3
hgra	3
hh	941
hh$	36
hha	417
hha$	29
hhaa	46
hhab	7
hhad	24
hhai	5
hhaj	3
hhak	12
hhal	57
hham	3
hhan	41
hhap	50
hhar	17
hhat	93
hhav	3
hhaw	4
hhay	17
hhe	88
hhe$	15
hhed	40
hhee	16
hhek	3
hhen	8
hhi	140
hhi$	13
hhic	6
hhid	14
hhih	3
hhik	6
hhil	17
hhin	28
hhip	27
hhit	20
hhl	6
hhli	3
hhn	4
hhni	3
hho	97
hhod	40
hhol	7
hhon	8
hhoo	11
hhor	7
hhot	22
hhs	3
hht	17
hhta	13
hhu	129
hhu$	8
hhua	25
hhud	22
hhue	4
hhuo	3
hhup	22
hhur	6
hhut	31
hi	5939
hi$	1173
hia	30
hia$	11
hiad	3
hiae	6
hian	5
hib	59
hib$	3
hiba	20
hibb	3
hibe	3
hibh	23
hibo	3
hibu	3
hic	80
hic$	15
hica	5
hich	34
hick	12
hicl	8
hics	6
hid	132
hid$	26
hida	33
hidc	9
hidd	5
hide	16
hidh	7
hidi	15
hidk	6
hidn	3
hidr	9
hie	16
hie$	9
hief	4
hiel	3
hif	8
hig	86
higa	12
high	44
higo	3
higr	22
higy	3
hih	17
hiha	4
hihi	3
hiht	5
hihu	3
hii	5
hiin	3
hij	57
hij$	7
hija	21
hije	5
hijh	6
hiji	6
hijo	4
hijw	4
hik	676
hik$	139
hika	320
hike	10
hikh	19
hiki	45
hikk	4
hikm	3
hikn	8
hiko	12
hikr	21
hiks	85
hikt	6
hiky	3
hil	438
hil$	74
hila	164
hild	12
hile	44
hili	38
hilj	3
hilk	13
hill	22
hilm	3
hiln	6
hilp	38
hilt	9
hily	6
him	232
him$	47
hima	97
hime	8
himi	14
himl	4
himm	3
himn	8
himo	9
himp	19
hims	5
himt	5
himu	7
himy	3
hin	655
hin$	102
hina	106
hinc	42
hind	57
hine	47
hing	59
hinh	9
hini	64
hink	8
hinn	31
hino	15
hinp	24
hins	17
hint	64
hinu	5
hiny	4
hio	20
hion	13
hiop	5
hip	173
hip$	32
hipa	37
hipc	3
hipi	6
hipk	19
hipm	5
hipn	3
hipo	3
hipp	13
hipr	9
hips	10
hipt	11
hipu	19
hiq	3
hiq$	3
hir	320
hir$	63
hira	98
hirb	3
hird	6
hire	35
hiri	23
hirk	14
hirl	3
hirm	3
hirn	6
hiro	14
hirp	6
hirs	10
hirt	20
hiru	8
hirw	6
his	278
his$	10
hisa	21
hise	5
hish	178
hisi	4
hisk	11
hiso	3
hiss	18
hist	23
hisu	3
hit	800
hit$	461
hita	66
hitd	3
hite	29
hitf	3
hitg	3
hith	29
hiti	30
hitk	10
hitl	10
hitn	3
hito	26
hitp	5
hitr	76
hits	3
hitt	23
hitv	3
hity	17
hiu	8
hiud	3
hium	3
hiv	216
hiv$	34
hiva	52
hivb	5
hivd	7
hive	12
hivi	20
hivj	3
hivk	9
hivl	9
hivm	3
hivn	7
hivo	6
hivp	12
hivr	16
hivs	9
hivy	12
hiw	13
hiwa	13
hiy	444
hiy$	40
hiya	165
hiye	21
hiyo	207
hiyu	9
hj	68
hja	39
hjab	3
hjad	8
hjah	6
hjan	17
hje	6
hje$	3
hji	6
hji$	6
hjo	7
hjod	3
hju	5
hjur	4
hk	336
hk$	23
hka	211
hka$	10
hkaa	26
hkal	8
hkam	4
hkan	8
hkar	145
hkas	3
hkat	6
hke	4
hked	4
hkh	5
hkha	3
hki	25
hki$	5
hkil	8
hkim	3
hkiy	9
hko	30
hko$	3
hkon	22
hkos	4
hkr	25
hkra	6
hkri	12
hkru	3
hks	4
hksh	4
hkt	7
hkti	3
hl	255
hla	96
hla$	13
hlaa	23
hlai	5
hlan	15
hlat	18
hlau	3
hlay	8
hle	75
hle$	23
hlee	6
hles	30
hlet	10
hley	4
hli	38
hli$	19
hlig	3
hlil	8
hliy	4
hlo	27
hlok	6
hlor	12
hlot	6
hlu	11
hlu$	4
hluo	4
hly	5
hly$	4
hm	327
hm$	8
hma	181
hma$	30
hmaa	13
hmad	6
hmak	6
hmal	14
hman	60
hmar	14
hmas	3
hmat	26
hme	22
hme$	3
hmed	10
hmen	3
hmes	5
hmi	62
hmi$	28
hmib	5
hmic	3
hmik	5
hmin	8
hmip	3
hmir	5
hmit	3
hmm	3
hmo	18
hmon	12
hmos	3
hmot	3
hmr	4
hms	5
hms$	4
hmt	5
hmta	4
hmu	13
hmuc	3
hmud	3
hmuk	7
hn	578
hn$	25
hna	293
hna$	121
hnaa	19
hnad	6
hnae	4
hnag	8
hnai	5
hnak	10
hnam	5
hnan	19
hnao	8
hnap	12
hnar	6
hnas	5
hnat	42
hnav	8
hnaw	3
hnay	7
hnd	3
hne	96
hne$	70
hnes	5
hnev	7
hnew	8
hng	6
hnga	5
hni	67
hni$	24
hnic	6
hnik	6
hnir	4
hniy	21
hnk	4
hnka	3
hno	37
hnoi	4
hnol	9
hnon	21
hnp	6
hnpa	5
hns	11
hnso	5
hnu	15
hnum	3
hnup	3
hnut	7
hnv	3
hny	6
hnya	4
ho	2377
ho$	82
hoa	5
hoar	4
hob	35
hob$	3
hoba	4
hobb	3
hobh	15
hobi	4
hobs	3
hoc	18
hoch	3
hock	8
hoco	5
hod	161
hod$	31
hoda	45
hode	16
hodh	40
hodi	8
hodn	5
hodo	6
hodt	7
hoe	13
hoe$	3
hoen	3
hoes	5
hof	3
hog	62
hog$	13
hoga	12
hoge	6
hogi	15
hogo	4
hogt	3
hogv	5
hogy	3
hoh	3
hoi	22
hoi$	12
hoid	4
hoit	3
hoj	79
hoj$	22
hoja	27
hoje	3
hoji	3
hojn	4
hojo	3
hojp	12
hojt	5
hok	69
hok$	4
hoka	19
hokh	38
hokr	3
hol	165
hol$	19
hola	38
hold	9
hole	25
holi	28
holk	5
holl	10
holn	6
holo	8
hols	6
holt	8
hom	43
homa	7
home	23
homi	3
homo	3
homs	7
hon	646
hon$	470
hona	16
honb	3
honc	3
hond	7
hone	76
hong	16
honh	3
honi	9
honk	7
honn	3
hono	10
hons	12
hont	6
hony	5
hoo	253
hoo$	13
hoob	8
hood	3
hoog	6
hooj	4
hook	11
hool	41
hoom	47
hoon	31
hoop	7
hoor	18
hoos	5
hoot	57
hop	93
hop$	17
hopa	41
hope	5
hopi	3
hopk	3
hopo	3
hopp	10
hopr	3
hops	3
hopu	3
hor	171
hor$	38
hora	13
hore	24
horg	10
hori	42
horm	5
horn	3
horo	10
horp	4
horr	3
hors	3
hort	3
horu	6
hory	5
hos	128
hos$	7
hosh	67
hosi	6
hosk	3
hosl	7
hosp	25
host	10
hot	228
hot$	20
hota	34
hote	36
hoth	6
hoti	28
hotm	3
hoto	55
hotr	13
hots	20
hott	8
hotu	5
hou	47
hou$	8
houl	3
houn	4
hour	3
hous	24
hov	10
hova	3
hove	7
how	35
how$	9
howa	7
howe	10
howi	3
hoy	6
hoya	3
hp	190
hp$	15
hpa	59
hpaa	9
hpad	4
hpak	10
hpan	9
hpat	21
hpc	6
hpc$	3
hpcl	3
hpi	11
hpic	3
hpik	4
hpit	4
hpo	6
hpoo	3
hpot	3
hpr	32
hpra	27
hpre	3
hpu	51
hpur	45
hput	6
hpv	3
hpv$	3
hq	6
hr	863
hr$	18
hra	354
hra$	50
hraa	12
hrab	8
hrad	33
hrae	3
hraf	3
hrai	8
hraj	16
hrak	5
hram	78
hran	34
hrap	4
hras	12
hrat	34
hrau	4
hrav	24
hray	19
hrd	4
hre	107
hre$	18
hrea	5
hred	5
hree	23
hrek	3
hren	13
hres	28
hrey	10
hri	232
hri$	33
hria	5
hric	6
hrid	20
hrig	8
hrik	9
hril	16
hrim	18
hrin	35
hrip	4
hrir	8
hris	34
hrit	19
hriy	9
hrk	3
hro	55
hrof	5
hrom	5
hron	25
hroo	5
hrot	8
hrow	3
hrr	7
hrrn	5
hrs	3
hrsh	3
hrt	5
hru	63
hru$	16
hruk	3
hrun	10
hruo	3
hrus	5
hrut	11
hruv	13
hrv	3
hs	154
hs$	9
hsa	21
hsaa	6
hsai	4
hsan	3
hsc	5
hsch	5
hse	4
hsh	30
hsha	16
hshi	10
hsi	17
hsi$	5
hsil	5
hsin	3
hsiy	3
hso	8
hson	6
hsp	7
hspe	5
hst	34
hsta	8
hsth	16
hsti	4
hstr	5
hsu	6
hsus	3
hsy	8
hsya	4
ht	1049
ht$	145
hta	289
hta$	130
htaa	29
htac	11
htag	9
htak	7
htam	17
htan	10
htao	4
htap	5
htar	19
htas	3
htat	25
htav	8
htay	6
htb	4
htbh	4
hte	74
hte$	46
hted	7
hten	4
hter	8
htey	4
hth	161
hth$	53
htha	76
hthi	17
htho	4
htht	8
hti	155
hti$	102
htig	6
htik	14
htin	6
htiy	23
htk	3
htka	3
htm	10
htmi	5
html	3
hto	17
hto$	5
hton	10
htr	131
htra	83
htri	40
htro	3
hts	16
hts$	16
htt	16
htta	8
http	3
httr	3
htv	9
htva	7
htw	3
hty	9
htya	9
hu	2212
hu$	127
hua	68
hua$	13
huaa	26
huac	5
huan	10
huar	4
huat	3
hub	96
hub$	4
huba	11
hubd	3
hube	3
hubh	52
hubi	16
hubs	5
huc	7
huch	7
hud	162
hud$	12
huda	28
hudd	46
hudh	23
hudi	23
hudr	11
huds	8
hudv	5
hudw	6
hue	14
hue$	11
huf	3
hufi	3
hug	34
hug$	4
huga	10
huge	4
hugh	4
hugt	3
hugu	6
huh	12
huha	6
huhe	3
huho	3
hui	17
hui$	12
huim	4
huj	54
huj$	4
huja	37
huji	5
hujj	3
hujl	5
huk	135
huk$	14
huka	51
huke	6
hukh	9
huki	6
hukl	6
hukm	3
hukn	3
huko	6
hukr	22
hukt	3
huku	5
hul	218
hul$	33
hula	69
hulb	3
hule	25
hulh	3
huli	18
hulk	18
hull	9
hulm	3
huln	9
huls	4
hult	3
hulu	10
hulv	4
huly	3
hum	218
hum$	14
huma	85
humb	8
humd	7
hume	6
humi	49
humk	11
huml	7
humn	9
humr	5
hums	3
humt	6
humu	6
hun	324
hun$	43
huna	61
hunc	51
hund	31
hune	8
hung	29
huni	26
hunk	13
hunm	3
hunn	14
huno	11
hunp	4
hunt	19
huny	9
huo	14
huon	14
hup	75
hup$	14
hupa	40
hupc	3
hupp	3
hupr	3
hupt	6
hur	197
hur$	31
hura	51
hurb	3
hurc	17
hurd	3
hure	5
huri	29
hurn	13
huro	3
hurt	12
huru	21
hury	3
hus	137
hus$	3
husa	14
husb	3
huse	3
hush	83
husi	6
husk	5
husn	5
hust	6
husu	5
hut	224
hut$	45
huta	30
hute	10
huth	16
huti	46
hutk	14
hutn	9
huto	8
hutp	5
huts	3
hutt	25
hutu	6
hutv	5
huu	15
huun	3
huup	3
huv	47
huv$	4
huva	27
huve	3
huvi	10
huvn	3
huy	12
huye	7
hv	343
hv$	8
hva	214
hva$	23
hvaa	27
hvad	10
hvag	6
hvah	5
hvaj	6
hvak	3
hval	10
hvam	4
hvan	43
hvar	10
hvas	39
hvat	12
hvav	4
hvay	5
hve	23
hvei	5
hven	7
hvet	6
hvg	3
hvga	3
hvi	69
hvi$	21
hvid	6
hvik	8
hvin	11
hvip	3
hvir	14
hvis	5
hvj	4
hvja	3
hvs	3
hvst	3
hvy	14
hvya	11
hw	378
hwa	360
hwa$	10
hwaa	11
hwab	11
hwad	4
hwaj	13
hwak	14
hwal	8
hwam	3
hwan	24
hwap	4
hwar	162
hwas	45
hwat	9
hwav	19
hway	19
hwe	10
hwet	9
hwi	7
hwin	5
hy	984
hy$	102
hya	644
hya$	139
hyaa	34
hyab	3
hyad	13
hyaf	3
hyak	98
hyal	19
hyam	45
hyan	46
hyao	6
hyap	41
hyar	5
hyas	33
hyat	80
hyav	33
hyay	42
hyb	4
hyd	24
hydr	22
hye	23
hye$	4
hyen	8
hyet	8
hyi	7
hyik	3
hyk	17
hyka	9
hyks	5
hym	3
hyn	3
hyo	80
hyog	39
hyok	4
hyon	33
hyp	20
hype	6
hypn	3
hypo	6
hypu	4
hyr	10
hyro	9
hys	18
hysa	3
hysi	12
hyu	18
hyud	5
hyun	3
hyus	3
hyut	3
hyy	3
hyya	3
hz	13
hza	13
hzaa	6
hzad	7
i	43568
i$	10479
ia	726
ia$	317
iaa	9
iaay	6
iab	7
iaba	4
iabe	3
iac	5
iach	5
iad	12
iad$	5
iadm	3
iae	24
iae$	21
iaf	3
iaf$	3
iag	12
iagn	6
iagr	3
iai	6
iai$	6
ial	91
ial$	67
iali	7
ialk	4
ialo	5
ials	3
iam	19
iam$	7
iamo	3
iams	6
ian	128
ian$	91
iana	11
ianc	7
iang	3
iano	3
ians	9
iao	3
iaon	3
iap	3
iapp	3
iar	20
iara	3
iard	3
iari	5
iary	4
ias	4
ias$	3
iat	50
iat$	4
iate	12
iati	28
iato	3
iay	8
iaya	3
iayi	4
ib	642
ib$	34
iba	154
iba$	13
ibaa	9
ibab	6
ibad	30
ibag	4
ibai	11
ibal	7
iban	42
ibar	13
ibas	5
ibat	9
ibaz	3
ibb	26
ibba	11
ibbe	8
ibbo	6
ibe	29
ibe$	3
iber	22
ibg	3
ibga	3
ibh	261
ibha	183
ibhe	6
ibhi	21
ibho	10
ibhr	3
ibhu	36
ibi	29
ibia	7
ibim	5
ibio	11
ibl	11
ible	10
ibm	3
ibm$	3
ibn	5
ibo	22
ibob	3
ibod	10
ibof	3
ibok	3
ibp	3
ibp$	3
ibr	35
ibra	28
ibri	3
ibs	5
ibt	3
ibte	3
ibu	14
ibu$	3
ibul	3
ibut	4
iby	5
ibye	3
ic	1466
ic$	340
ica	185
ica$	30
ical	85
ican	21
icar	3
icat	42
icc	17
icc$	6
icch	10
icd	3
icds	3
ice	121
ice$	67
icec	6
icej	3
icek	3
icel	3
icem	3
icen	12
icer	13
ices	10
ich	405
ich$	28
icha	157
ichc	35
iche	24
ichh	60
ichi	44
ichk	4
ichl	8
ichm	3
icho	25
ichp	3
icht	4
ichu	7
ici	50
ici$	5
icia	5
icic	3
icid	3
icil	4
icin	19
icip	8
icit	3
ick	110
ick$	50
icke	24
ickn	3
icks	14
icku	6
icky	5
icl	15
icl$	3
icle	12
icn	3
icni	3
ico	37
ico$	9
icon	10
icop	9
icot	3
icp	3
icp$	3
icr	51
icra	3
icro	48
ics	80
ics$	77
ict	33
ict$	9
icti	9
icto	9
icts	3
ictu	3
icu	10
icul	6
icut	4
icy	3
icy$	3
id	1603
id$	186
ida	270
ida$	59
idaa	30
idab	6
idad	6
idah	4
idai	6
idak	12
idal	5
idam	7
idan	32
idar	50
idas	17
idat	4
idav	4
iday	22
idc	14
idc$	3
idch	9
idd	124
idd$	4
iddh	102
iddi	10
iddl	6
ide	218
ide$	72
idea	7
idee	5
ideh	3
iden	42
ideo	9
idep	3
ider	22
ides	33
idev	20
idf	3
idfc	3
idg	13
idge	10
idh	369
idh$	11
idha	186
idhe	6
idhi	94
idho	4
idht	13
idhu	8
idhv	11
idhy	32
idi	107
idi$	30
idic	5
idik	6
idin	12
idio	3
idis	6
idit	19
idiy	22
idk	10
idki	3
idku	3
idl	11
idle	4
idli	6
idn	18
idna	7
idne	9
ido	38
ido$	3
idol	4
idon	22
idor	4
idp	5
idpu	5
idr	42
idra	17
idri	4
idro	16
ids	12
ids$	11
idt	3
idu	17
idul	4
idur	3
idus	6
idv	23
idva	23
idw	19
idwa	19
idy	99
idy$	8
idya	77
idyo	4
idyu	10
ie	393
ie$	100
iec	5
iec$	3
ied	22
ied$	22
ief	14
ief$	11
iefi	3
ieg	3
iel	47
iel$	12
iela	3
ielb	3
ield	28
ien	39
ienc	10
iend	11
ient	13
ier	49
ier$	37
iers	6
ies	62
ies$	49
iese	12
iet	16
iet$	4
ieti	3
iety	6
ieu	4
ieut	4
iew	19
iew$	13
iewe	3
iewi	3
if	238
if$	32
ifa	64
ifa$	14
ifaa	6
ifaf	5
ifal	16
ifar	14
ifay	6
ife	20
ife$	6
ifen	3
ifer	3
ifes	5
ifet	3
iff	11
iff$	3
iffe	3
iffi	3
ifi	48
ifi$	6
ific	10
ifie	21
ifin	10
ifl	7
ifle	6
ifo	3
ift	25
ift$	19
ifth	3
ifu	12
ifud	3
iful	3
ifun	6
ify	16
ify$	10
ifyi	6
ig	689
ig$	17
iga	162
iga$	3
igaa	11
igad	27
igal	11
igam	19
igan	26
igar	34
igat	27
igd	12
igdh	12
ige	21
ige$	3
igen	3
iger	10
iges	3
igg	18
igga	7
igge	3
iggi	4
iggy	3
igh	176
igh$	4
igha	41
ighe	5
ighl	13
ighn	10
ighr	8
ighs	10
ight	73
ighw	9
igi	22
igil	3
igin	5
igio	3
igit	8
igl	3
igle	3
igm	9
igma	6
ign	70
ign$	24
igna	13
igne	12
igni	5
ignm	6
igno	4
ignu	3
igo	11
igo$	5
igoc	3
igok	3
igr	65
igra	61
igru	4
igt	4
igu	10
igu$	5
igun	4
igv	8
igve	5
igvi	3
igy	80
igya	77
ih	257
ih$	8
iha	170
iha$	5
ihaa	38
ihad	12
ihag	3
ihai	4
ihal	12
ihan	5
ihar	49
ihas	25
ihat	13
ihe	5
ihee	5
ihi	40
ihik	5
ihin	14
ihir	6
ihit	15
iho	6
ihot	6
ihr	4
ihra	4
ihs	6
ihst	3
iht	7
ihtt	4
ihu	3
ihua	3
ii	53
ii$	8
iik	4
iil	4
iim	3
iim$	3
iin	10
iin$	3
iina	3
iing	3
iir	4
iit	4
iit$	3
iiy	12
iiya	12
ij	425
ij$	74
ija	162
ija$	17
ijaa	27
ijac	3
ijad	4
ijag	3
ijal	3
ijam	9
ijan	25
ijap	3
ijar	11
ijat	12
ijau	3
ijav	4
ijay	32
ijb	8
ijbe	4
ijbh	3
ije	35
ije$	5
ijee	7
ijen	9
ijet	11
ijh	11
ijha	10
iji	61
iji$	14
ijia	5
ijik	5
ijit	9
ijiv	6
ijiy	17
ijk	3
ijki	3
ijl	6
ijla	3
ijn	3
ijo	29
ijon	15
ijor	7
ijoy	4
ijr	4
ijra	3
iju	11
iju$	8
ijul	3
ijv	3
ijw	4
ijwa	4
ijy	7
ijya	6
ik	3047
ik$	758
ika	1050
ika$	215
ikaa	98
ikab	3
ikad	6
ikae	7
ikai	6
ikak	9
ikal	104
ikam	6
ikan	58
ikao	34
ikar	355
ikas	37
ikat	66
ikau	6
ikay	36
ikd	5
ike	68
ike$	28
ikeg	4
iken	9
iker	5
ikes	7
iket	9
ikey	3
ikh	362
ikh$	33
ikha	155
ikhe	37
ikhi	32
ikhl	20
ikhn	15
ikho	13
ikhr	7
ikhs	5
ikht	16
ikhv	6
ikhw	4
ikhy	16
iki	153
iki$	73
ikil	3
ikin	3
ikip	3
ikir	3
ikis	4
ikit	36
ikiy	28
ikk	44
ikka	14
ikke	5
ikki	18
ikko	3
ikl	11
ikla	9
ikm	3
ikma	3
ikn	8
ikna	5
iko	78
ikod	11
ikoh	3
ikon	55
ikop	3
ikr	181
ikra	52
ikre	6
ikri	96
ikru	24
iks	226
iks$	5
iksh	218
ikt	59
ikt$	7
ikta	51
iku	24
iku$	6
ikud	3
ikul	6
ikun	3
ikut	6
ikv	6
ikva	4
ikw	5
ikwa	4
iky	3
il	2195
il$	359
ila	658
ila$	161
ilaa	65
ilad	17
ilae	13
ilaf	6
ilag	8
ilah	6
ilai	15
ilak	27
ilal	26
ilam	18
ilan	104
ilao	14
ilap	12
ilar	7
ilas	36
ilat	63
ilau	6
ilav	8
ilaw	3
ilay	38
ilb	7
ilbh	3
ilc	8
ilch	8
ild	36
ild$	21
ilde	7
ildi	6
ile	228
ile$	102
ilea	4
ileb	3
ilee	8
ileg	10
ilei	7
ilej	5
ilek	18
ilen	22
ileo	3
ilep	6
iler	13
iles	17
iley	7
ilg	19
ilga	11
ilgi	8
ilh	15
ilha	13
ili	206
ili$	67
ilia	5
ilib	3
ilic	6
ilij	3
ilik	6
ilin	27
ilio	7
ilip	17
ilis	25
ilit	15
iliy	15
iliz	4
ilj	5
ilji	3
ilk	48
ilk$	10
ilka	14
ilke	4
ilkh	3
ilki	6
ilku	3
ilky	4
ill	211
ill$	35
illa	55
illb	3
ille	26
illi	69
illo	6
ills	7
illy	9
ilm	54
ilm$	7
ilma	18
ilme	3
ilmi	11
ilmo	10
iln	21
ilna	13
ilne	4
ilo	105
ilo$	14
iloc	7
ilog	8
ilok	8
ilom	11
ilon	40
ilop	3
ilor	4
ilp	39
ilp$	10
ilpa	10
ilpi	10
ilpk	6
ils	35
ils$	15
ilsh	4
ilsi	10
ilso	6
ilt	41
ilt$	3
ilta	15
ilte	8
ilto	9
iltu	3
ilu	15
ilup	6
ilur	3
ilus	3
ilv	27
ilva	22
ilve	3
ilw	28
ilwa	26
ily	28
ily$	19
ilya	9
im	999
im$	171
ima	428
ima$	54
imaa	40
imac	5
imad	17
imag	8
imak	3
imal	21
imam	10
iman	124
imao	6
imap	7
imar	52
imas	3
imat	56
imax	9
imay	9
imb	32
imb$	5
imba	13
imbi	5
imbl	3
imbu	4
imc	3
imca	3
imd	7
imd$	3
imde	3
ime	75
ime$	22
imed	6
imek	3
imel	3
imen	12
imer	5
imes	11
imet	8
imey	3
img	10
imga	9
imi	57
imi$	18
imin	4
imir	13
imit	15
iml	8
imla	4
imle	3
imm	44
imma	5
imme	16
immi	11
immu	9
imn	26
imna	19
imni	3
imo	40
imo$	3
imoc	3
imog	3
imon	14
imor	6
imot	9
imp	32
impa	12
impe	4
impu	12
imr	12
imra	10
ims	7
imsk	3
imt	10
imt$	3
imta	3
imu	25
imui	4
imuk	7
imul	4
imun	3
imur	6
imy	5
imyu	3
in	4790
in$	905
ina	529
ina$	134
inaa	37
inab	5
inag	19
inai	8
inak	15
inal	44
inam	28
inan	37
inap	3
inar	49
inas	20
inat	79
inav	9
inay	35
inb	12
inbo	6
inbu	4
inc	109
inc$	3
ince	6
inch	75
inci	7
inco	8
inct	3
incu	3
ind	394
ind$	41
inda	77
inde	43
indg	6
indh	26
indi	54
indl	3
indo	35
indp	4
indr	33
inds	9
indu	57
ine	375
ine$	207
inee	21
inem	15
inen	34
iner	33
ines	26
inet	24
inev	4
iney	3
inf	27
infa	3
infi	6
infl	3
info	9
infr	6
ing	1113
ing$	819
inga	46
ingd	9
inge	18
ingf	3
ingh	77
ingi	18
ingl	15
ingo	24
ings	46
ingt	19
ingu	8
ingw	5
ingy	3
inh	70
inh$	6
inha	20
inhe	6
inhi	9
inho	21
ini	391
ini$	156
inia	8
inic	19
inid	21
inie	3
inik	32
inil	3
inim	6
inin	12
inio	3
inir	15
inis	22
init	23
iniu	17
iniv	6
iniy	42
inj	19
inja	10
inje	3
inji	3
ink	117
ink$	21
inka	40
inke	6
inkh	12
inki	10
inkl	5
inko	11
inks	5
inky	3
inl	11
inla	3
inle	3
inli	3
inm	14
inme	11
inn	78
inn$	8
inna	33
inne	16
inni	7
inno	10
ino	94
ino$	32
inob	3
inod	5
inog	3
inom	5
inon	34
inoo	4
inp	38
inpa	14
inpu	23
inq	6
inql	3
inr	8
inra	6
ins	142
ins$	24
insa	39
insd	4
inse	12
insh	6
insi	3
insk	3
inso	3
insp	3
inst	42
insu	3
int	258
int$	31
inta	64
inte	89
inth	5
inti	36
intm	4
into	15
intr	3
ints	3
intu	3
inu	28
inum	9
inuo	3
inus	4
inut	7
inv	25
inva	7
inve	13
invi	3
iny	24
iny$	7
inya	11
inyu	3
io	760
io$	44
ioc	3
ioco	3
iod	14
iode	3
iodh	3
iodi	5
iods	3
iog	12
ioga	3
iogr	9
iol	30
iole	3
iolo	25
iom	9
ioma	6
iome	3
ion	565
ion$	454
iona	34
ione	16
ioni	17
iono	7
ions	32
iop	8
iopi	5
iops	3
ior	17
ior$	13
iors	4
ios	14
ios$	6
iosc	3
iosk	5
iot	30
iot$	7
ioth	3
ioti	15
iots	3
iou	3
ious	3
iox	11
ioxi	8
ioxy	3
ip	848
ip$	89
ipa	225
ipa$	8
ipaa	13
ipad	11
ipak	47
ipal	37
ipan	19
ipap	5
ipas	6
ipat	63
ipay	6
ipc	4
ipch	4
ipe	46
ipe$	12
iped	3
ipee	3
ipei	3
ipek	6
ipel	3
ipen	4
iper	7
ipes	3
iph	9
ipha	5
ipi	56
ipi$	20
ipid	3
ipik	6
ipit	6
ipiy	21
ipk	19
ipka	17
ipl	25
ipl$	4
ipla	7
iple	3
ipli	5
iplo	6
ipm	5
ipme	5
ipn	3
ipne	3
ipo	32
ipo$	4
ipol	6
ipon	7
ipoo	15
ipp	40
ippa	9
ippi	14
ippl	4
ippy	9
ipr	29
ipra	16
ipre	6
ipri	6
ips	20
ips$	15
ipsa	5
ipt	60
ipt$	26
ipta	16
ipti	12
ipu	182
ipu$	12
ipuj	3
ipul	7
ipun	7
ipur	148
iput	5
iq	21
iq$	7
iqu	14
ique	7
iqui	7
ir	2240
ir$	313
ira	540
ira$	68
iraa	35
irab	5
irad	24
irae	6
iraf	3
irag	11
irah	12
irai	5
iraj	36
irak	33
iral	17
iram	28
iran	114
irao	10
irap	5
iraq	7
irar	7
iras	29
irat	43
irau	9
irav	18
iray	12
irb	47
irba	7
irbh	35
irbu	3
irc	48
irch	20
ircl	9
irco	10
ircu	7
ird	134
ird$	23
irda	34
irde	30
irdg	3
irdh	31
irdi	6
irdo	3
irds	4
ire	134
ire$	56
ireb	3
irec	21
ired	8
iref	3
irel	3
irem	5
iren	28
ires	5
irf	13
irfa	3
irft	6
irg	55
irga	17
irgh	17
irgi	15
irgu	6
irh	11
irha	6
irhu	3
iri	150
iri$	58
iria	3
irib	4
irid	4
irij	8
irik	21
irin	15
irir	3
iris	7
irit	8
iriw	4
iriy	11
irj	25
irja	17
irje	3
irji	3
irk	45
irka	33
irki	9
irl	41
irl$	6
irla	11
irli	18
irlp	3
irly	3
irm	115
irma	73
irmi	27
irmo	8
irmu	3
irn	59
irn$	10
irna	35
irne	4
irni	4
iro	147
iro$	11
irod	50
irog	5
iroh	7
iroj	4
irok	5
irol	5
irom	4
iron	35
iroo	3
irop	3
iror	3
iros	3
iroz	8
irp	37
irpa	10
irpe	15
irpl	3
irpo	3
irpu	5
irr	7
irro	7
irs	44
irs$	7
irsa	10
irsh	18
irsm	3
irst	6
irt	108
irt$	15
irta	25
irte	6
irth	39
irti	16
irtu	4
irty	3
iru	65
iru$	7
iruc	3
irud	12
irum	3
irup	13
irus	13
irut	4
iruv	9
irv	61
irva	42
irvi	19
irw	12
irwa	8
iry	21
iry$	4
irya	16
irz	8
irza	8
is	3083
is$	217
isa	266
isa$	54
isaa	13
isab	9
isad	4
isag	4
isai	13
isak	16
isal	23
isam	10
isan	33
isar	58
isas	7
isat	7
isav	10
isb	15
isba	10
isbn	3
isc	33
iscl	3
isco	22
iscu	3
isd	6
isdo	3
ise	72
ise$	38
ised	3
isee	3
isel	3
isen	8
isep	3
iser	10
isf	3
isfo	3
isg	7
isga	7
ish	1512
ish$	168
isha	310
ishb	7
ishc	34
ishe	90
ishi	97
ishk	76
ishl	18
ishm	17
ishn	80
isho	51
ishp	26
ishq	6
ishr	24
isht	222
ishu	48
ishv	63
ishw	115
ishy	56
isi	116
isi$	43
isib	3
isin	11
isio	20
isis	12
isit	9
isiy	8
isk	56
isk$	5
iska	16
iskc	3
iske	11
iski	5
isko	12
isky	3
isl	56
isl$	3
isla	40
isle	5
isli	5
islo	3
ism	63
ism$	23
isma	18
isme	14
ismi	5
ismo	3
isn	13
isne	12
iso	59
iso$	4
isod	8
isol	3
ison	36
isoo	3
isor	5
isp	31
isp$	3
ispa	18
ispl	6
ispu	3
isr	51
isra	35
isri	8
isro	3
iss	102
iss$	10
issa	16
isse	23
issi	40
isso	5
issu	7
ist	374
ist$	63
ista	99
iste	47
isth	36
isti	51
istm	3
isto	28
istr	34
ists	6
istu	3
isty	4
isu	13
isua	3
isum	3
isur	4
isv	13
isva	4
isvi	7
isw	3
iswa	3
it	3736
it$	1411
ita	591
ita$	200
itaa	48
itab	37
itad	4
itae	6
itaf	3
itag	10
itai	8
itaj	3
itak	16
ital	53
itam	24
itan	64
itao	10
itap	6
itar	51
itas	12
itat	24
itav	5
itay	5
itb	8
itba	5
itbh	3
itc	32
itc$	3
itch	26
itco	3
itd	3
itdh	3
ite	161
ite$	74
itec	13
ited	9
itee	3
iten	13
iter	32
ites	12
itf	6
itf$	3
itfu	3
itg	5
itgr	3
ith	232
ith$	32
itha	56
ithe	12
ithi	52
ithk	5
itho	9
ithr	11
iths	3
itht	4
ithu	23
ithv	21
iti	359
iti$	116
itic	8
itig	5
itih	26
itij	3
itik	43
itil	3
itin	17
itio	26
itis	14
itiv	7
itiy	79
itk	25
itka	24
itl	27
itla	7
itle	15
itli	4
itm	8
itma	5
itmi	3
itn	46
itna	19
itne	16
itni	11
ito	88
ito$	6
iton	54
itop	3
itor	21
itp	12
itpu	11
itr	224
itr$	22
itra	104
itre	7
itri	42
itrk	5
itro	24
itrs	4
itru	10
its	57
its$	15
itsa	36
itt	141
itt$	16
itta	28
itte	18
itth	8
itti	42
ittl	5
itto	5
ittp	4
itts	6
itty	3
itu	41
itu$	9
itud	6
itun	5
itur	3
itut	13
itv	47
itv$	16
itva	22
itvo	5
itw	6
itwa	6
ity	203
ity$	108
itya	60
ityg	3
ityi	3
ityo	11
ityu	16
itz	3
itze	3
iu	116
iud	3
iudd	3
ium	87
ium$	87
ius	17
ius$	17
iut	5
iuts	5
iv	1026
iv$	68
iva	451
iva$	16
ivaa	58
ivad	68
ivah	30
ivaj	4
ivak	7
ival	43
ivan	58
ivar	89
ivas	50
ivat	19
ivav	5
ivay	4
ivb	5
ivbh	5
ivd	12
ivda	10
ive	191
ive$	62
ivec	6
ived	23
ivek	12
iven	8
iver	51
ives	27
ivh	4
ivha	4
ivi	148
ivi$	18
ivia	5
ivid	41
ivik	20
ivil	4
ivin	16
ivir	12
ivis	10
ivit	14
iviy	8
ivj	5
ivji	3
ivk	9
ivka	6
ivku	3
ivl	10
ivli	7
ivlo	3
ivm	3
ivmo	3
ivn	8
ivna	4
ivne	3
ivo	16
ivoh	3
ivon	6
ivor	4
ivp	12
ivpa	3
ivpr	3
ivpu	6
ivr	45
ivra	18
ivri	19
ivru	6
ivs	12
ivse	3
ivsh	6
ivv	8
ivvi	8
ivy	16
ivya	16
iw	120
iwa	115
iwaa	18
iwad	21
iwal	31
iwan	18
iwar	6
iwas	14
iwi	3
ix	58
ix$	23
ixa	3
ixat	3
ixe	12
ixed	3
ixel	3
ixer	6
ixi	12
ixin	6
ixit	4
ixo	3
ixon	3
ixt	5
ixtu	3
iy	3444
iy$	262
iya	1705
iya$	708
iyaa	118
iyab	12
iyad	28
iyae	7
iyag	12
iyai	17
iyaj	11
iyak	24
iyal	32
iyam	79
iyan	398
iyao	15
iyap	4
iyar	68
iyas	24
iyat	116
iyav	10
iyaw	3
iyay	13
iyaz	5
iye	146
iye$	132
iyek	3
iyep	4
iyes	3
iyi	4
iyit	3
iyk	5
iym	5
iymi	3
iyn	4
iyna	3
iyo	1259
iyo$	32
iyog	28
iyoj	24
iyok	5
iyol	3
iyon	1162
iyt	3
iyu	39
iyu$	6
iyuk	27
iyus	6
iyy	8
iyya	7
iz	114
iz$	21
iza	39
izaa	4
izab	10
izal	3
izam	8
izar	3
izat	4
ize	22
ize$	8
ized	4
izer	9
izh	3
izha	3
izo	10
izon	5
izor	5
izr	3
izra	3
izv	5
izvi	3
izw	4
izwa	4
izz	4
izza	3
j	8052
j$	681
ja	3473
ja$	186
jaa	333
jaa$	11
jaad	14
jaaf	4
jaag	17
jaah	7
jaai	7
jaak	12
jaal	18
jaam	22
jaan	95
jaao	5
jaap	5
jaar	18
jaas	4
jaat	57
jaav	3
jaay	27
jab	54
jab$	6
jaba	20
jabd	5
jabe	6
jabi	5
jabk	3
jabr	3
jabt	5
jac	15
jack	11
jaco	3
jad	60
jad$	12
jada	8
jadd	3
jadi	7
jadm	5
jado	9
jadu	9
jae	18
jae$	4
jaeg	3
jaen	10
jaf	12
jafa	7
jaff	5
jag	166
jag$	5
jaga	66
jagd	17
jage	9
jagg	4
jagh	7
jagi	17
jagj	6
jagm	9
jagn	7
jagp	3
jagr	12
jah	71
jah$	3
jaha	42
jahi	12
jahn	3
jaho	3
jahr	7
jai	134
jai$	17
jaic	3
jaid	5
jaie	4
jail	13
jaim	3
jain	16
jaip	8
jais	32
jait	5
jaiv	19
jaiy	3
jaj	30
jaja	3
jajb	19
jaji	3
jajm	4
jak	79
jak$	32
jaka	14
jake	3
jakh	10
jaki	8
jako	5
jakt	7
jal	350
jal$	47
jala	103
jalc	3
jald	30
jale	16
jalg	4
jali	41
jalk	4
jall	7
jalm	7
jaln	7
jalo	4
jalp	30
jals	20
jalt	5
jalv	13
jaly	5
jam	231
jam$	16
jama	109
jamb	5
jame	22
jami	39
jamk	3
jamm	4
jamn	7
jamp	3
jamt	6
jamu	6
jamv	4
jamw	5
jan	853
jan$	159
jana	250
janb	15
janc	12
jane	59
jang	16
janh	3
jani	39
janj	12
jank	10
janl	5
janm	100
jann	10
jano	32
janp	13
jans	62
jant	31
janv	12
janw	7
jany	3
jao	10
jaon	6
jap	34
jap$	5
japa	18
japu	6
jar	252
jar$	52
jara	43
jarb	5
jare	6
jari	51
jarj	3
jarn	9
jaro	26
jars	3
jart	9
jaru	38
jarv	3
jas	87
jas$	9
jasb	3
jasd	3
jasj	3
jask	3
jasl	3
jaso	8
jasp	3
jasr	6
jass	5
jast	29
jasv	3
jasw	4
jat	218
jat$	22
jata	71
jate	26
jath	12
jati	67
jato	5
jats	3
jatt	6
jaty	5
jau	16
jaul	6
jaun	6
jaur	3
jav	51
java	44
jaw	28
jawa	25
jay	175
jay$	33
jaya	59
jayd	10
jaye	37
jayi	4
jayk	3
jaym	3
jayn	7
jayp	4
jayr	4
jays	5
jaz	10
jazb	5
jazz	5
jb	63
jba	23
jba$	7
jbaa	9
jbal	3
jbat	4
jbe	5
jbeh	4
jbh	9
jbha	6
jbi	3
jbih	3
jbo	6
jboo	6
jbu	16
jbur	9
jbut	6
jd	54
jd$	3
jda	14
jda$	4
jdan	5
jdar	4
jde	5
jdee	4
jdh	9
jdha	9
jdi	5
jdik	3
jdo	10
jdoo	9
jdu	8
jdur	8
je	446
je$	86
jeb	4
jeb$	3
jec	20
ject	20
jed	7
jedd	6
jee	151
jee$	10
jeeb	4
jeed	5
jeel	4
jeen	7
jeep	3
jeer	11
jeet	40
jeev	64
jef	13
jefe	3
jeff	7
jeh	7
jeha	6
jel	12
jell	6
jelo	3
jem	4
jemi	3
jen	44
jen$	8
jena	3
jend	16
jene	3
jeng	5
jeni	3
jenn	4
jer	20
jer$	3
jera	3
jers	8
jeru	3
jes	32
jes$	3
jesh	13
jesi	4
jess	7
jesu	3
jet	24
jet$	8
jeta	10
jett	3
jev	3
jew	13
jewe	11
jey	3
jey$	3
jg	49
jga	37
jgaa	8
jgad	3
jgan	6
jgar	18
jgi	3
jgi$	3
jgr	4
jgu	3
jgur	3
jh	696
jh$	31
jha	370
jha$	28
jhaa	33
jhab	3
jhad	37
jhag	23
jhai	6
jhak	11
jhal	35
jham	3
jhan	68
jhap	24
jhar	38
jhat	35
jhau	10
jhav	7
jhay	5
jhb	5
jhd	9
jhda	9
jhe	67
jhe$	23
jhed	11
jhee	3
jheg	4
jhel	21
jhen	3
jhi	38
jhi$	9
jhij	6
jhil	12
jhir	4
jhk	10
jhka	6
jhko	3
jhn	16
jhna	8
jhne	5
jhni	3
jho	53
jhol	3
jhon	6
jhoo	18
jhop	20
jhou	6
jht	19
jhta	7
jhte	6
jhti	6
jhu	76
jhuk	21
jhul	20
jhum	12
jhun	3
jhus	3
jhut	13
ji	969
ji$	292
jia	10
jiae	4
jib	5
jic	3
jich	3
jid	29
jid$	18
jidd	4
jido	4
jig	27
jiga	11
jign	4
jigy	12
jih	5
jiha	4
jij	4
jik	29
jik$	7
jika	5
jiki	4
jikr	13
jil	34
jil$	5
jila	18
jile	6
jim	36
jim$	12
jimm	17
jimn	3
jin	84
jina	11
jind	13
jine	6
jing	7
jinh	13
jini	6
jink	9
jinm	5
jinn	3
jino	4
jins	3
jio	3
jip	9
jipu	8
jir	27
jir$	10
jira	8
jirn	6
jis	42
jis$	3
jisa	5
jish	10
jisk	13
jism	7
jit	153
jit$	95
jita	27
jite	11
jiti	6
jitn	8
jiv	113
jiv$	12
jiva	53
jivh	4
jivi	29
jivo	5
jivv	4
jiw	4
jiwa	4
jiy	57
jiya	31
jiye	12
jiyo	13
jj	37
jja	24
jja$	3
jjai	3
jjan	10
jjat	3
jjaw	3
jji	4
jjiy	3
jjo	3
jjo$	3
jjw	3
jjwa	3
jk	51
jka	27
jkaa	3
jkaj	5
jkal	6
jkam	3
jkar	9
jkh	3
jkho	3
jki	6
jkis	3
jkiy	3
jko	6
jkos	6
jku	9
jkum	9
jl	29
jla	16
jla$	6
jlal	3
jlan	7
jli	9
jli$	5
jlo	3
jm	79
jma	57
jma$	7
jmaa	18
jmah	3
jmal	4
jman	7
jmar	9
jmat	5
jme	10
jme$	3
jmer	7
jmo	6
jmoh	3
jmon	3
jmu	3
jmuk	3
jn	108
jna	47
jna$	10
jnaa	6
jnab	7
jnai	3
jnao	3
jnay	12
jne	25
jne$	8
jnee	10
jnet	7
jni	20
jni$	3
jnit	11
jns	3
jnt	3
jnu	3
jnu$	3
jo	390
jo$	14
jod	62
jod$	7
joda	14
jodd	8
jode	3
jodh	12
jodn	7
jodt	9
joe	7
joe$	3
joel	3
jog	19
joga	4
joge	6
jogi	3
jogl	3
joh	26
joha	9
john	14
joho	3
joi	6
join	5
joj	3
joji	3
jok	13
joke	3
jokh	8
jol	13
jol$	5
joli	4
joll	3
jom	3
joma	3
jon	83
jon$	74
jona	6
jone	3
joo	32
joob	4
jood	6
jooj	5
joon	3
joor	5
joot	6
jor	38
jor$	8
jord	6
jorh	3
jori	17
jorj	3
jos	27
jose	9
josh	18
jot	12
jot$	5
jota	4
jou	12
jour	11
jov	3
jov$	3
joy	17
joy$	9
joyc	3
jp	82
jp$	6
jpa	31
jpa$	3
jpai	5
jpal	3
jpar	6
jpat	11
jpay	3
jpe	3
jpr	3
jpra	3
jpu	37
jpur	25
jput	12
jr	57
jra	32
jra$	6
jraa	3
jraj	5
jran	8
jrar	4
jre	9
jre$	4
jrek	3
jri	12
jriw	6
jriy	3
jro	3
jroo	3
js	54
js$	3
jsa	6
jsab	3
jsat	3
jse	9
jsev	6
jsew	3
jsh	21
jsha	18
jshe	3
jsi	6
jsi$	3
jsin	3
jsu	4
jsud	3
jsw	3
jswa	3
jt	28
jta	18
jta$	7
jtaa	4
jtak	3
jte	5
jte$	5
jti	5
jti$	3
ju	470
ju$	35
jua	9
jua$	3
juaa	5
jub	21
juba	11
jubi	6
jubo	3
jud	79
jud$	11
juda	23
judd	3
jude	18
judi	8
judo	6
jug	10
juga	7
juh	3
juhi	3
jui	6
juic	6
juj	28
jujh	26
juk	6
juk$	3
juka	3
jul	61
jula	17
jule	5
juli	19
jult	8
julu	3
july	3
jum	12
jum$	3
juma	7
jun	47
jun$	5
juna	7
junc	3
june	12
jung	16
junk	3
jup	9
jupi	9
jur	53
jur$	5
jura	9
jurb	6
jurg	5
juri	8
jurm	10
jurv	8
jus	12
jush	3
just	9
jut	59
jut$	7
juta	31
jute	4
juth	7
juto	3
jutt	4
juu	5
juuj	5
juv	10
juva	7
juve	3
juw	4
juwa	4
jv	43
jva	30
jvad	3
jvai	3
jval	8
jvan	11
jvar	3
jve	5
jvee	3
jvi	7
jvir	6
jw	43
jwa	40
jwa$	3
jwad	6
jwal	24
jwar	3
jwe	3
jwel	3
jy	148
jy$	3
jya	78
jya$	20
jyaa	3
jyab	3
jyad	12
jyak	6
jyam	11
jyap	3
jyar	3
jyas	11
jyav	5
jye	10
jyes	9
jyo	55
jyog	3
jyon	6
jyot	44
k	20821
k$	2885
ka	6980
ka$	530
kaa	506
kaa$	37
kaab	5
kaad	7
kaag	12
kaah	5
kaaj	7
kaal	97
kaam	24
kaan	37
kaao	6
kaar	170
kaas	39
kaat	27
kaav	9
kaay	15
kab	108
kaba	23
kabh	15
kabi	15
kabj	10
kabl	3
kabo	6
kabr	8
kabu	22
kabz	5
kac	40
kacc	5
kach	35
kad	221
kad$	36
kada	72
kadd	10
kade	13
kadh	22
kadi	22
kadm	12
kado	9
kadt	3
kadu	5
kadv	9
kae	25
kae$	3
kaed	3
kaen	8
kaf	10
kafi	6
kag	38
kaga	19
kage	3
kagh	3
kagj	5
kagr	6
kah	122
kaha	58
kahe	9
kahi	12
kahl	28
kaho	3
kaht	3
kai	87
kai$	15
kaid	13
kaif	3
kail	11
kain	4
kais	15
kait	9
kaiy	9
kaj	50
kaj$	18
kaja	12
kaji	12
kajo	4
kajr	3
kak	62
kaka	27
kakh	3
kako	6
kaks	13
kakt	3
kaku	3
kal	683
kal$	136
kala	193
kalb	5
kalc	7
kale	47
kalh	3
kali	137
kalk	10
kaln	9
kalo	4
kalp	64
kals	6
kalt	9
kalu	14
kalv	5
kalw	4
kaly	24
kam	292
kam$	38
kama	76
kamb	17
kamc	6
kamd	9
kame	6
kamg	6
kami	20
kamj	9
kamk	12
kaml	10
kamm	7
kamn	10
kamo	9
kamp	12
kamr	17
kams	5
kamu	6
kamv	3
kamy	14
kan	576
kan$	63
kana	51
kanc	18
kand	65
kane	84
kang	22
kanh	8
kani	24
kanj	15
kank	29
kann	21
kano	22
kanp	8
kans	27
kant	75
kanu	11
kanv	5
kanw	7
kany	19
kao	44
kaon	41
kap	55
kapa	27
kapi	6
kapo	4
kapt	5
kapu	8
kar	2392
kar$	881
kara	355
karb	8
kard	6
kare	43
karg	19
karh	5
kari	249
karj	14
kark	25
karl	13
karm	144
karn	64
karo	117
karp	13
kars	68
kart	125
karu	22
karv	46
karw	11
kary	156
karz	7
kas	298
kas$	26
kasa	57
kasb	12
kase	7
kasg	3
kash	118
kasi	22
kask	8
kasm	8
kasp	3
kasr	4
kast	13
kasu	9
kat	548
kat$	54
kata	160
kate	54
katg	6
kath	102
kati	43
katk	6
katl	4
katm	9
katn	4
kato	17
katr	14
katt	34
katu	9
katv	10
katy	19
kau	71
kau$	7
kaud	6
kaul	6
kaum	11
kaun	11
kaur	11
kaus	9
kauv	6
kav	92
kav$	7
kava	20
kave	3
kavi	37
kavy	24
kaw	9
kawa	9
kay	113
kay$	11
kaya	67
kayd	5
kaye	15
kayi	6
kayo	5
kayt	3
kaz	8
kaza	3
kazi	3
kb	55
kba	23
kbak	6
kbar	14
kbc	3
kbc$	3
kbe	3
kber	3
kbh	3
kbha	3
kbi	3
kbir	3
kbo	3
kbr	4
kbs	3
kbs$	3
kbu	10
kbus	9
kc	8
kch	4
kchu	3
kco	3
kcon	3
kd	64
kda	27
kda$	9
kdaa	3
kdal	3
kdar	8
kde	4
kde$	4
kdh	3
kdha	3
kdi	21
kdi$	16
kdiy	5
kdo	5
kdon	4
kdu	3
kdus	3
ke	1037
ke$	247
keb	17
keba	13
kebu	3
kec	3
kech	3
ked	39
ked$	8
keda	28
kee	81
kee$	7
keeb	4
keel	5
keem	5
keen	11
keep	26
keer	6
keet	7
keey	4
keg	18
kega	12
kegi	6
kei	5
kein	5
kej	8
kejr	6
kel	71
kel$	12
kela	21
kele	15
keli	7
kelk	3
keln	4
kelt	4
kem	5
ken	121
ken$	31
kena	7
kenc	3
kend	50
keng	6
keni	3
kenj	3
kens	3
kent	5
keny	6
ker	139
ker$	78
kera	24
keri	8
kern	4
kero	4
kers	11
kery	3
kes	71
kes$	7
kesa	10
kesh	43
kesp	3
kest	5
ket	145
ket$	66
keta	11
ketb	3
ketc	9
keth	3
keti	5
ketk	12
keto	14
kets	9
kett	3
ketu	9
keu	3
keup	3
kev	14
keva	6
kevi	5
key	42
key$	29
keya	3
keyb	6
keyu	3
kf	13
kfi	3
kfo	3
kfor	3
kfu	5
kfur	5
kg	26
kg$	3
kga	3
kgan	3
kgb	3
kgb$	3
kge	8
kgee	8
kgh	6
kgha	6
kgi	3
kgit	3
kh	3067
kh$	207
kha	1326
kha$	111
khaa	78
khab	26
khac	11
khad	80
khae	11
khaf	3
khag	27
khai	21
khaj	28
khak	18
khal	102
kham	23
khan	312
khao	10
khap	18
khar	216
khas	42
khat	109
khau	12
khav	13
khaw	14
khay	41
khb	15
khba	5
khbe	3
khbi	7
khd	19
khda	10
khde	4
khdh	4
khe	285
khe$	55
kheb	5
khed	13
khee	10
kheg	11
kheh	3
khei	6
khej	3
khel	60
khem	21
khen	32
khep	6
kher	20
khes	6
khet	31
khey	3
khg	4
khgo	4
khi	346
khi$	86
khia	3
khic	7
khid	7
khij	3
khik	11
khil	88
khim	9
khin	41
khir	23
khis	10
khit	21
khiy	36
khj	7
khju	5
khk	16
khka	9
khki	3
khl	34
khla	31
khm	15
khma	10
khmo	4
khn	59
khna	16
khne	34
khni	8
kho	223
kho$	17
khod	9
khoe	3
khoi	6
khoj	32
khok	17
khol	29
khom	4
khon	49
khoo	14
khop	9
khor	17
khos	3
khot	10
khov	3
khp	13
khpa	3
khpu	8
khr	31
khra	13
khre	5
khri	3
khro	4
khru	5
khs	20
khs$	6
khsh	6
khsi	3
kht	88
kht$	11
khta	32
khte	15
khti	28
khu	178
khub	21
khuc	3
khud	21
khuf	3
khuj	9
khul	58
khum	3
khun	15
khur	19
khus	26
khv	24
khva	21
khvi	3
khw	26
khwa	26
khy	128
khya	119
khye	3
khyi	3
ki	1414
ki$	341
kia	11
kia$	7
kib	11
kib$	6
kic	18
kich	13
kick	5
kid	36
kid$	4
kida	8
kidh	3
kidi	3
kidn	7
kids	6
kie	14
kie$	10
kies	4
kif	6
kifa	6
kig	3
kigr	3
kii	7
kiin	3
kij	11
kiji	8
kik	28
kik$	15
kika	7
kikr	6
kil	113
kil$	11
kila	20
kile	17
kili	8
kill	25
kilo	32
kim	38
kim$	13
kima	9
kimo	6
kimu	3
kin	221
kin$	20
kina	20
kinc	3
kind	6
kine	6
king	125
kinh	3
kini	8
kink	3
kinn	12
kins	5
kint	3
kinv	6
kio	5
kios	5
kip	14
kipe	3
kipl	3
kipu	6
kir	109
kir$	15
kira	37
kird	13
kire	3
kiri	6
kirk	10
kirn	6
kirt	18
kis	142
kis$	14
kisa	8
kise	6
kish	48
kisi	4
kisk	10
kism	16
kisn	3
kiss	14
kist	17
kit	138
kit$	33
kita	26
kitb	3
kitc	11
kite	4
kitk	6
kitn	11
kito	4
kits	36
kitt	3
kiv	7
kivd	3
kivi	3
kiy	139
kiy$	29
kiya	50
kiye	12
kiyo	45
kiyu	3
kj	11
kju	9
kjut	9
kk	226
kk$	6
kka	110
kka$	36
kkaa	7
kkad	12
kkal	8
kkan	10
kkar	22
kkas	3
kkat	11
kke	27
kke$	13
kkeb	9
kkh	23
kkha	6
kkhi	13
kki	44
kki$	22
kkim	3
kkin	7
kkis	7
kkiy	3
kko	8
kkon	4
kkos	3
kl	87
kl$	5
kla	28
kla$	7
klan	5
klau	10
kle	27
kle$	7
klen	3
kler	5
kles	8
klet	3
kli	16
klif	5
klin	9
klu	5
klub	4
kly	3
kly$	3
km	38
km$	4
kma	25
kma$	4
kman	13
kmar	3
kme	3
kmen	3
kmi	4
kmin	3
kn	113
kna	30
kna$	12
knan	3
knat	7
kne	42
kne$	28
kner	3
knes	3
kney	3
kni	13
knik	8
kno	17
knoc	10
know	7
knr	7
knri	5
knu	4
knum	4
ko	942
ko$	78
koa	3
koal	3
kob	9
koba	4
kobh	3
koc	7
koch	7
kod	17
koda	3
kode	6
kodn	3
kodo	3
koh	39
koh$	3
koha	15
kohe	3
kohi	6
kohl	7
koi	10
koi$	4
koir	5
koj	6
koji	6
kok	16
kok$	6
kokc	3
koki	3
kokr	3
kol	36
kola	13
kolh	7
koli	4
kolk	10
kom	18
koma	12
komi	3
komo	3
kon	432
kon$	386
kona	14
kong	4
koni	6
konk	5
kono	10
koo	36
koo$	4
kood	10
kool	3
koop	4
koot	7
kop	13
kop$	3
kopa	6
kopo	4
kor	23
kora	8
kori	5
kork	3
koro	3
kos	89
kos$	3
kosa	7
kosh	66
kosi	7
koso	3
kost	3
kot	83
kot$	8
kota	20
kote	9
koth	18
koti	11
koto	3
kott	6
kotw	4
kou	10
kout	9
koy	10
koya	6
koyl	4
koz	6
kozh	6
kp	54
kp$	3
kpa	21
kpa$	6
kpal	10
kpi	3
kpit	3
kpm	3
kpmg	3
kpr	7
kpri	7
kpu	14
kpur	14
kr	862
kr$	13
kra	308
kra$	28
kraa	13
krac	6
krad	6
krae	5
krai	9
kraj	4
krak	4
kram	122
kran	42
krat	33
krav	7
kray	19
kre	27
kre$	9
kree	3
krej	3
kret	9
kri	395
kri$	28
krib	3
krid	3
krim	3
krip	22
kris	91
krit	135
kriy	107
krm	5
krm$	3
kro	34
kroa	3
krod	15
kron	6
kroo	3
kros	3
krs	3
krt	7
krta	5
kru	67
krup	3
krur	5
krus	10
krut	47
ks	1294
ks$	76
ksa	79
ksa$	3
ksaa	11
ksab	9
ksad	5
ksae	4
ksam	6
ksan	17
ksar	6
ksat	12
ksay	3
ksh	1109
ksh$	123
ksha	535
kshd	4
kshe	73
kshi	222
kshk	4
kshm	46
kshn	12
ksho	31
kshr	3
kshs	5
ksht	14
kshu	17
kshy	15
ksi	11
ksim	3
ksir	3
ksit	3
kst	7
ksta	6
ksv	3
ksva	3
ksw	5
kswa	5
kt	701
kt$	143
kta	245
kta$	160
ktaa	19
ktai	3
ktak	4
ktal	3
ktan	9
ktao	13
ktap	4
ktar	9
ktat	6
ktav	4
ktay	4
ktc	3
ktch	3
kte	15
kte$	11
ktes	3
kth	8
ktha	5
kti	224
kti$	117
ktib	10
ktid	5
ktih	3
ktik	7
ktim	6
ktip	17
ktis	6
ktit	6
ktiv	4
ktiy	36
kto	27
kton	20
ktoo	3
ktp	6
ktr	8
ktra	6
kts	4
ktt	3
ktu	4
ktuk	3
ktv	3
ktva	3
ku	767
ku$	35
kua	12
kuaa	5
kuan	3
kub	14
kub$	5
kube	3
kubj	3
kubr	3
kuc	40
kuch	39
kud	28
kud$	8
kuda	7
kudn	6
kuf	5
kuh	3
kuha	3
kuj	3
kuk	16
kuka	5
kukh	3
kukr	5
kul	142
kul$	32
kula	21
kulb	3
kulc	3
kuld	12
kule	9
kulh	11
kuli	10
kulj	3
kulk	3
kull	7
kuln	3
kulp	5
kuls	9
kult	7
kum	83
kum$	3
kuma	55
kumb	11
kumh	6
kumk	3
kumu	3
kun	86
kun$	6
kuna	5
kund	30
kunh	3
kuni	3
kunj	24
kunt	4
kunw	6
kuo	14
kuok	3
kuon	11
kup	32
kup$	14
kupi	3
kupo	5
kupr	5
kupw	4
kur	92
kur$	12
kura	25
kurb	6
kurd	9
kure	8
kuri	4
kurk	4
kuro	4
kurs	4
kurt	5
kuru	6
kus	80
kush	74
kusu	6
kut	69
kut$	18
kuta	4
kuth	3
kuti	18
kutn	5
kutt	9
kutu	10
kuw	8
kuwa	7
kv	34
kv$	4
kva	25
kvaa	5
kvad	9
kvan	4
kvat	3
kw	28
kwa	24
kwaa	4
kwad	13
kwat	3
kwo	3
kwor	3
ky	115
ky$	42
kya	33
kya$	25
kyar	3
kye	3
kyo	13
kyo$	4
kyon	6
kyot	3
kys	3
kyu	17
kyuk	6
kyun	8
l	19300
l$	3214
la	5151
la$	985
laa	331
laa$	73
laab	14
laad	7
laae	3
laag	9
laah	4
laai	19
laaj	6
laak	24
laal	11
laam	9
laan	45
laao	6
laap	12
laar	4
laas	10
laat	31
laav	9
laay	33
lab	149
lab$	25
laba	22
labd	3
labe	4
labh	63
labi	7
labo	20
labs	3
lac	78
lac$	3
lacc	6
lace	22
lach	38
lack	4
lact	5
lad	192
lad$	20
lada	33
ladd	19
lade	37
ladh	12
ladi	28
ladk	19
ladn	5
lado	8
ladt	4
lady	5
lae	44
lae$	18
laee	7
laei	3
laen	14
laf	15
laf$	3
lafa	6
lafz	3
lag	190
lag$	18
laga	94
lagb	3
lage	24
lagh	11
lagi	7
lagk	3
lago	7
lags	3
lagt	8
lagu	7
lah	110
lah$	34
laha	33
lahi	10
laho	9
lahr	8
lahu	12
lai	117
lai$	68
laid	9
lail	10
laim	3
lain	18
laiy	4
laj	36
laja	3
lajh	9
laji	12
lajj	3
lajp	4
lak	314
lak$	53
laka	80
lakd	6
lake	8
lakh	30
laki	10
lakk	6
lakn	8
lako	14
lakr	20
laks	69
lal	181
lal$	82
lala	21
lalc	6
lale	3
lalg	6
lali	28
lalm	6
lalo	5
lals	7
lalt	3
lalu	9
lalw	3
lam	177
lam$	65
lama	17
lamb	28
lame	4
lamh	3
lami	28
lamj	3
lamo	3
lamp	8
lams	5
lamu	13
lan	729
lan$	163
lana	84
lanc	21
land	142
lane	93
lang	50
lani	48
lank	50
lano	19
lanp	8
lans	13
lant	31
lany	3
lao	44
lao$	8
laon	33
lap	97
lap$	24
lapa	28
lape	9
lapo	11
laps	4
lapt	3
lapu	13
lar	133
lar$	46
lara	27
lard	5
lare	7
larg	4
lari	14
lark	5
larm	3
laro	3
lars	6
laru	3
lary	3
las	176
las$	26
lasa	13
lase	9
lash	55
lasi	10
laso	5
lasp	7
lass	26
last	19
lat	455
lat$	66
lata	123
late	109
latf	15
lati	74
latk	21
latm	6
lato	20
latp	3
latt	6
latv	3
latw	3
lau	112
lauc	5
laud	4
laug	5
lauk	9
laun	21
laur	8
laut	58
lav	99
lav$	14
lava	42
lave	9
lavi	26
lavo	3
lavy	3
law	30
law$	4
lawa	13
lawi	3
lawr	4
lax	14
laxm	6
laxy	6
lay	326
lay$	98
laya	103
laye	57
layi	22
layo	37
lays	5
laz	16
laza	7
laze	3
lb	133
lb$	9
lba	35
lbaa	3
lbag	3
lbal	3
lbam	4
lban	10
lbar	6
lbe	19
lbe$	3
lbel	4
lber	9
lbh	13
lbha	9
lbhu	3
lbl	3
lbla	3
lbo	14
lboa	3
lbod	4
lbon	4
lbor	3
lbu	35
lbul	15
lbum	9
lbut	6
lbw	3
lbw$	3
lc	88
lc$	6
lca	3
lca$	3
lcd	3
lcd$	3
lch	57
lcha	31
lchh	4
lchi	14
lchu	5
lco	10
lcoh	6
lcon	3
lcu	5
lcul	4
ld	239
ld$	101
lda	31
lda$	3
ldal	10
ldar	7
ldas	8
ldb	8
ldba	6
lde	28
ldee	9
lder	12
ldev	5
ldh	27
ldha	24
ldhu	3
ldi	26
ldi$	5
ldie	3
ldin	12
ldir	3
ldr	3
lds	4
lds$	3
ldw	8
ldwa	5
ldwi	3
ldy	3
le	2134
le$	835
lea	71
leaa	4
lead	9
leag	4
leak	9
lean	22
lear	12
leas	3
leat	5
leb	37
leb$	3
leba	22
lebi	4
lebr	8
lec	65
leco	3
lect	58
lecu	3
led	24
led$	20
ledo	3
lee	94
lee$	27
leel	25
leen	22
leep	5
leev	3
leey	7
lef	5
left	5
leg	76
leg$	3
lega	24
lege	21
legi	22
legr	3
legs	3
leh	16
leh$	3
leha	3
lehm	3
lehr	5
lei	21
lein	18
lej	12
leje	3
leji	4
leju	3
lek	111
lek$	3
leka	14
lekh	90
leki	3
lel	4
lela	4
lem	23
lem$	9
lema	4
leme	6
lems	3
len	189
len$	78
lena	9
lenc	3
lend	25
lene	8
leng	26
leni	3
lenn	4
leno	4
lens	10
lent	19
leo	19
leo$	3
leon	11
leop	3
lep	32
lepa	15
leph	6
leps	4
lept	3
ler	116
ler$	71
lera	6
lerg	3
leri	10
lerk	3
lero	3
lers	4
lert	3
lery	12
les	193
les$	70
lesa	3
lese	4
lesh	72
lesi	6
lesl	3
less	26
lest	5
let	78
let$	22
leta	11
lete	12
leti	3
leto	3
letp	6
lets	5
lett	14
leu	5
leus	3
lev	38
lev$	3
leva	8
leve	8
levi	18
lex	15
lex$	5
lexa	3
lexi	5
ley	53
ley$	47
lf	65
lf$	21
lfa	19
lfa$	5
lfam	3
lfar	5
lfas	3
lfat	3
lfi	3
lfid	3
lfr	9
lfre	6
lfu	7
lfur	6
lg	107
lg$	4
lga	64
lgaa	5
lgad	8
lgal	3
lgam	3
lgan	16
lgao	5
lgar	15
lgat	6
lgau	3
lgb	3
lgbt	3
lge	4
lgh	3
lgha	3
lgi	13
lgit	6
lgiu	3
lgo	6
lgon	3
lgor	3
lgr	6
lgra	5
lgu	4
lgun	3
lh	92
lh$	4
lha	59
lha$	6
lhaa	4
lhad	12
lham	4
lhan	13
lhap	5
lhar	11
lhe	8
lhe$	5
lhi	13
lhi$	13
lho	5
lhot	4
li	3071
li$	1032
lia	79
lia$	34
liai	3
liam	13
lian	20
liar	4
liay	3
lib	55
lib$	7
liba	19
libe	11
libh	6
libr	10
lic	110
lic$	23
lica	21
lice	22
lich	4
lici	5
lick	17
lico	12
licy	3
lid	34
lid$	9
lida	20
lide	5
lie	50
lie$	22
lied	5
lief	6
lien	4
lier	4
lieu	4
lif	59
lif$	3
lifa	11
life	11
lifi	10
lift	8
lify	16
lig	53
liga	6
lige	3
ligh	35
ligi	3
lign	3
ligr	3
lih	3
liha	3
lii	3
lij	15
lij$	3
liji	9
liju	3
lik	218
lik$	51
lika	77
like	4
likh	73
liki	3
liko	5
likr	4
lil	35
lil$	10
lila	14
lile	4
lim	75
lim$	16
lima	18
limb	3
limc	3
lime	5
limg	3
limi	21
limo	4
lin	434
lin$	87
lina	19
linc	5
lind	22
line	88
ling	159
lini	26
link	13
lino	4
lint	10
lio	48
lio$	9
lion	28
lior	4
liot	7
lip	78
lip$	22
lipa	5
lipi	27
lipp	3
lips	3
lipt	4
lipu	12
liq	5
liqu	5
lis	135
lis$	34
lisa	8
lise	6
lish	31
lisi	10
lism	9
liso	3
list	33
lit	183
lit$	57
lita	37
lite	31
lith	6
liti	3
lito	3
litp	3
litr	3
litt	12
lity	28
liu	15
lium	12
lius	3
liv	43
live	28
livi	12
liw	4
liwa	4
lix	3
lix$	3
liy	285
liy$	22
liya	148
liye	21
liyo	89
liyu	3
liz	17
liza	10
lize	7
lj	50
lja	8
lje	5
ljee	4
ljh	31
ljha	24
ljhe	5
lji	6
lji$	3
lk	316
lk$	43
lka	132
lka$	29
lkaa	4
lkan	15
lkar	62
lkat	15
lke	20
lke$	16
lker	3
lkh	22
lkha	14
lkhe	3
lkhi	3
lki	34
lki$	15
lkie	6
lkip	3
lkiy	10
lko	18
lkon	11
lkoo	3
lkot	3
lkr	15
lkra	5
lkri	8
lks	10
lks$	3
lksh	5
lku	12
lkud	4
lkup	4
lkut	3
lky	6
lky$	4
ll	866
ll$	156
lla	218
lla$	64
llab	19
llac	5
llad	11
llag	7
llah	28
llai	6
llal	6
llam	9
llan	16
llao	3
llar	15
llas	4
llat	13
llav	8
llb	8
llb$	3
llbo	3
lle	155
lle$	22
lleb	17
llec	19
lled	6
lleg	10
llek	3
llen	13
ller	44
lles	3
llet	9
lley	6
lli	150
lli$	23
llia	18
llie	4
llig	4
llik	5
llim	3
llin	49
llio	13
llis	3
llit	15
lliu	5
lliy	8
llm	3
llma	3
llo	65
llo$	13
lloc	3
llon	8
llop	6
llor	9
llow	16
lloy	3
llp	3
llp$	3
llr	4
llro	3
lls	20
lls$	17
llsi	3
llu	25
llu$	10
lluk	12
lly	55
lly$	35
llyf	3
llyw	15
lm	197
lm$	15
lma	89
lma$	12
lmaa	6
lmag	3
lmal	3
lman	34
lmar	17
lmat	7
lmay	3
lme	25
lmej	3
lmel	8
lmer	8
lmet	3
lmi	31
lmi$	8
lmik	8
lmil	7
lmin	3
lmiy	3
lmo	20
lmoh	3
lmon	8
lmos	3
lmot	3
lmr	3
lmu	8
lmul	3
lmut	5
ln	172
ln$	4
lna	76
lna$	60
lnaa	3
lnad	6
lnam	3
lnat	4
lne	68
lne$	58
lnev	4
lney	3
lni	18
lni$	10
lnir	3
lniw	3
lnk	3
lo	1305
lo$	119
loa	27
load	18
loan	7
lob	19
loba	3
lobb	4
lobh	3
lobi	3
lobo	3
loc	87
loca	8
loch	41
lock	36
lod	24
lod$	3
lodg	4
lodh	13
lodi	3
loe	4
lof	3
log	113
log$	13
logb	3
logg	14
logi	22
logo	6
logr	14
logu	4
logy	35
loh	21
loha	12
lohe	3
lohi	6
loi	8
loi$	6
lok	149
lok$	31
loka	9
lokb	3
lokd	3
loke	3
lokg	11
lokh	6
loki	3
lokk	6
lokl	4
lokm	6
lokn	15
loko	4
lokp	17
loks	19
lokt	6
loky	3
lol	3
lom	27
lom$	3
loma	10
lome	9
lon	357
lon$	309
lona	4
lone	4
long	15
loni	13
lony	9
loo	82
loo$	10
lood	9
look	12
loom	6
loon	7
loop	3
loor	6
loos	3
loot	23
lop	36
lop$	5
lopa	4
lope	13
lopi	6
lopm	6
lor	84
lor$	18
lora	6
lord	7
lore	20
lori	23
loro	3
lors	5
los	12
los$	5
loss	3
lost	3
lot	26
lot$	11
lota	3
loth	3
lots	3
lotu	3
lou	33
loud	12
lour	15
lov	25
lova	9
love	14
low	36
low$	17
lowe	6
lows	8
loy	10
loyd	5
lp	287
lp$	36
lpa	90
lpa$	13
lpad	6
lpah	3
lpak	7
lpan	30
lpar	3
lpat	15
lpav	4
lpay	3
lpe	4
lpes	3
lpg	5
lpg$	3
lph	19
lph$	4
lpha	5
lphi	9
lpi	24
lpi$	7
lpin	6
lpit	7
lpiy	3
lpk	8
lpka	8
lpn	5
lpna	4
lpo	6
lpon	3
lpoo	3
lpr	23
lpra	14
lprp	4
lps	15
lps$	6
lpsa	9
lpu	48
lpur	44
lput	4
lr	24
lra	12
lraj	4
lram	6
lro	5
lroo	5
lru	4
lrud	3
ls	263
ls$	99
lsa	29
lsa$	12
lsan	4
lsar	8
lse	28
lse$	9
lsee	6
lsek	3
lsen	8
lsh	33
lsh$	6
lsha	17
lshe	7
lsi	39
lsi$	6
lsid	3
lsig	6
lsil	8
lsim	6
lsiu	6
lso	15
lson	15
lst	13
lsta	7
lstr	4
lsy	3
lt	431
lt$	52
lta	166
lta$	93
ltaa	9
ltae	4
ltag	3
ltai	3
ltam	5
ltan	28
ltao	5
ltap	7
ltar	4
ltay	3
lte	50
lte$	31
lten	4
lter	10
lth	14
lth$	9
lthc	3
lti	84
lti$	42
ltim	12
ltin	5
ltit	10
ltiv	6
ltiy	6
lto	28
lto$	3
ltol	3
lton	21
ltr	9
ltra	9
lts	4
lts$	4
ltu	21
ltu$	6
ltur	12
ltut	3
lty	3
lty$	3
lu	515
lu$	98
lua	4
lub	16
lub$	3
lubh	9
lubu	3
luc	20
luca	4
luci	6
luck	5
lucy	3
lud	24
ludd	6
ludh	12
ludw	3
lue	30
lue$	22
luen	3
luet	3
lug	20
luga	3
lugg	3
lugi	6
lugu	8
luh	12
luha	12
lui	3
lui$	3
luj	4
luja	3
luk	52
luk$	16
luka	22
lukk	5
luky	7
lul	8
lula	3
lull	3
lum	48
lum$	5
lumb	11
lumd	3
lume	6
lumi	17
lumn	6
lun	18
lun$	3
luna	6
lung	3
lunt	5
luo	17
luon	13
luor	3
lup	12
lupt	12
lur	25
lure	3
luru	18
lus	26
lus$	10
lusa	3
lush	3
lusi	4
lusk	3
lut	66
lut$	3
luta	13
lute	15
luth	5
luti	12
luto	10
lutp	3
luty	3
luu	3
lux	5
luxe	4
lv	164
lv$	4
lva	94
lva$	14
lvaa	17
lvad	7
lvah	6
lval	3
lvan	20
lvar	6
lvas	5
lvat	6
lvay	8
lve	19
lve$	4
lvee	7
lver	6
lvi	46
lvi$	8
lvid	13
lvik	8
lvin	7
lvir	4
lviy	5
lw	94
lwa	90
lwa$	8
lwaa	14
lwad	9
lwah	3
lwal	8
lwan	22
lwar	9
lway	13
ly	314
ly$	118
lya	89
lya$	28
lyaa	5
lyab	8
lyan	35
lyav	4
lyc	12
lyce	7
lyco	3
lye	5
lyf	3
lyfi	3
lyg	3
lygr	3
lyi	4
lyin	4
lyl	3
lyle	3
lym	12
lymp	12
lyn	7
lyne	3
lyo	13
lyon	13
lyr	3
lyri	3
lys	4
lysi	3
lyt	10
lyth	5
lyti	4
lyw	18
lywo	18
lz	8
lza	6
m	17579
m$	1995
ma	7123
ma$	443
maa	474
maa$	44
maac	5
maad	15
maae	3
maah	6
maai	4
maaj	9
maak	10
maal	38
maam	6
maan	193
maao	4
maap	8
maar	49
maas	23
maat	24
maav	20
maay	7
mab	21
maba	11
mabh	6
mac	156
macb	3
macc	4
mace	9
mach	127
mack	3
mad	341
mad$	32
mada	54
madb	9
madd	5
made	11
madh	170
madi	28
madm	3
madn	4
mado	8
madp	4
madr	10
mae	16
mae$	4
maee	3
maen	5
maf	13
mafa	3
mafi	10
mag	126
maga	40
mage	8
magh	10
magi	12
magl	6
magn	26
magr	12
mags	5
magu	3
mah	509
maha	344
mahb	6
mahe	22
mahf	3
mahi	66
mahm	3
maho	19
mahr	6
mahs	4
maht	21
mahu	4
mai	140
mai$	21
maid	13
maik	8
mail	32
main	18
mair	5
mait	35
maj	177
maj$	9
maja	25
majb	22
majd	11
maje	4
majh	39
maji	14
majo	8
majs	25
maju	5
majv	6
majw	6
mak	376
mak$	172
maka	57
makb	10
makd	6
make	23
makh	22
maki	8
makk	31
makr	5
maks	9
makt	21
maky	4
mal	410
mal$	115
mala	121
malb	3
mald	6
male	18
malh	13
mali	44
malk	6
mall	14
malm	5
malo	14
malp	5
malt	14
malu	4
malv	14
malw	12
mam	50
mam$	7
mama	18
mamb	7
mame	3
mami	5
maml	6
mamo	3
man	1892
man$	366
mana	201
manb	3
manc	29
mand	250
mane	52
mang	107
manh	7
mani	216
manj	48
mank	27
manm	24
mann	38
mano	145
manp	22
mans	54
mant	124
manu	72
manv	26
manw	9
many	70
mao	25
maon	14
maot	4
map	58
map$	3
mapa	21
mapd	6
mape	3
mapn	4
maps	3
mapt	5
mapu	11
maq	4
mar	724
mar$	87
mara	81
marc	23
mard	14
mare	21
marf	3
marg	61
marh	7
mari	91
marj	7
mark	85
marl	6
marm	11
marn	15
maro	22
marp	15
marr	9
mars	48
mart	67
maru	29
marv	8
marw	4
mary	9
mas	246
mas$	20
masa	49
masc	3
mase	4
mash	53
masi	9
masj	8
mask	6
mass	6
mast	58
masu	6
masw	4
masy	15
mat	513
mat$	74
mata	101
matb	9
matc	12
matd	10
mate	49
math	48
mati	94
matk	25
matl	5
matm	9
mato	14
matr	37
mats	3
matt	14
matu	7
mau	97
mau$	7
maud	3
mauj	20
mauk	7
maul	9
maun	6
maur	13
maus	19
maut	10
mav	78
mav$	6
mava	34
mavd	3
mave	17
mavi	7
mavl	5
mavr	4
maw	10
mawa	10
max	23
max$	11
maxi	7
maxw	3
may	166
may$	45
maya	46
mayb	4
maye	7
mayi	12
mayn	9
mayo	23
mays	4
mayu	13
maz	35
maz$	4
maza	9
mazb	10
mazd	5
maze	3
mb	487
mb$	16
mba	161
mba$	22
mbaa	5
mbad	19
mbag	3
mbai	12
mbak	6
mbal	18
mban	36
mbar	21
mbas	7
mbat	8
mbay	4
mbb	3
mbbs	3
mbe	44
mbed	5
mber	38
mbh	152
mbh$	16
mbha	87
mbhe	5
mbhi	16
mbhk	3
mbho	10
mbhu	13
mbi	29
mbi$	3
mbia	5
mbik	3
mbin	6
mbit	10
mbl	16
mble	10
mbli	4
mbo	29
mbo$	3
mbod	15
mbol	3
mbr	8
mbre	3
mbri	3
mbt	3
mbt$	3
mbu	22
mbu$	4
mbud	6
mbul	3
mbur	7
mc	82
mc$	6
mca	6
mca$	6
mcc	6
mcc$	3
mcd	4
mcdo	4
mcg	3
mcg$	3
mch	54
mcha	39
mchh	4
mchi	3
mcho	6
md	121
md$	6
mda	32
mda$	8
mdar	15
mday	3
mde	32
mde$	6
mdev	22
mdh	22
mdha	17
mdhe	3
mdi	16
mdi$	7
mdin	6
mdo	4
mdog	3
mdr	4
mdr$	3
me	1344
me$	137
mea	10
mean	5
mec	14
mech	13
med	128
med$	9
meda	26
mede	4
medh	8
medi	52
meds	4
medw	4
medy	12
mee	108
mee$	6
meed	7
meek	8
meel	4
meem	3
meen	36
meep	3
meer	23
meet	16
meg	52
mega	8
megh	39
megn	3
meh	80
meh$	6
meha	27
mehb	4
mehe	7
mehm	5
mehn	16
mehr	9
meht	5
mei	31
mein	29
mej	13
mej$	8
meja	3
mek	11
meka	4
meke	3
meki	3
mel	69
mel$	10
mela	28
mele	7
meli	13
melm	3
melo	7
mem	29
memb	11
memo	12
men	226
men$	52
mena	3
mend	5
meni	11
mens	6
ment	148
meo	14
meo$	7
meop	6
mer	168
mer$	54
mera	9
merc	20
mere	10
merg	3
meri	41
mero	9
mers	3
meru	13
mes	87
mes$	21
mesh	46
mesi	3
meso	3
mess	11
met	129
met$	9
meta	18
mete	35
meth	27
meti	3
metk	3
metn	3
metr	30
mev	6
meva	4
mew	11
mewa	4
mewo	5
mex	8
mexi	8
mey	13
mey$	6
meya	3
mf	6
mfa	3
mfal	3
mfi	3
mfil	3
mg	74
mg$	3
mga	43
mga$	3
mgaa	3
mgad	8
mgan	7
mgar	16
mgh	5
mgha	5
mgi	3
mgir	3
mgm	3
mgm$	3
mgr	10
mgra	7
mgri	3
mgu	3
mgur	3
mh	94
mha	77
mhab	3
mhad	13
mham	8
mhan	11
mhap	9
mhar	19
mhat	5
mhav	3
mhe	8
mhen	4
mher	3
mhi	4
mhit	3
mho	4
mhon	3
mi	1866
mi$	380
mia	20
mia$	18
mib	19
miba	6
mibh	6
mibi	7
mic	132
mic$	22
mica	16
mich	26
mico	3
micr	51
mics	14
mid	33
mid$	10
midd	6
midv	3
midw	5
mie	9
mier	7
mif	11
mifi	10
mig	15
mig$	3
miga	3
migr	9
mih	10
miha	3
mihi	6
mii	3
mij	5
miji	4
mik	112
mik$	38
mika	41
mike	3
miki	6
miko	6
miks	12
mikt	6
mil	267
mil$	26
mila	119
mile	23
mili	21
milk	12
mill	31
miln	9
milo	11
milt	9
mily	6
mim	11
mim$	4
mima	5
min	281
min$	25
mina	77
mind	13
mine	13
ming	38
minh	3
mini	78
mink	3
minn	3
mino	8
mint	6
minu	13
mip	8
mipu	3
mir	104
mir$	30
mira	16
mirc	15
mire	6
mirg	5
miri	10
mirj	5
miro	3
mirr	6
mirz	8
mis	123
misa	13
misb	3
mish	27
misi	7
misr	9
miss	42
mist	18
mit	213
mit$	75
mita	36
mite	6
mith	31
miti	17
mitr	24
mitt	14
mitv	3
mity	4
mix	13
mix$	7
mixi	3
mixt	3
miy	88
miya	40
miyo	45
miyu	3
miz	7
mizo	5
mj	99
mja	14
mjad	3
mjan	6
mjh	61
mjha	39
mjhe	7
mjhi	8
mjht	3
mji	9
mji$	6
mjiv	3
mjo	12
mjor	9
mjos	3
mju	3
mjun	3
mk	166
mk$	13
mka	91
mkaa	8
mkah	4
mkaj	9
mkak	3
mkal	17
mkan	12
mkar	25
mkat	7
mkay	5
mke	13
mkes	6
mket	6
mkh	8
mkha	3
mkho	3
mki	18
mkil	9
mkin	6
mko	13
mko$	6
mkon	4
mkot	3
mkr	3
mku	4
mkum	4
ml	118
ml$	8
mla	42
mla$	18
mlai	8
mlal	3
mlap	3
mlat	3
mlav	3
mlb	3
mlb$	3
mlc	3
mlc$	3
mle	20
mle$	3
mlee	9
mles	6
mli	15
mli$	3
mlin	5
mliy	5
mlo	25
mloc	3
mlog	6
mlok	3
mlon	12
mm	332
mm$	4
mma	114
mma$	10
mmaa	8
mmac	3
mmad	14
mmai	3
mmal	4
mman	51
mmar	3
mmat	17
mme	71
mme$	3
mmed	21
mmee	4
mmel	9
mmen	9
mmer	20
mmev	3
mmi	53
mmi$	6
mmid	5
mmil	8
mmin	9
mmis	14
mmit	7
mmo	33
mmod	6
mmoh	9
mmon	13
mmp	3
mmpa	3
mmu	47
mmu$	3
mmuk	3
mmun	39
mmy	6
mmy$	6
mn	181
mn$	14
mna	84
mna$	18
mnaa	7
mnad	3
mnag	7
mnak	3
mnal	4
mnao	3
mnar	3
mnas	5
mnat	13
mnav	6
mne	30
mne$	14
mner	7
mnes	3
mni	41
mni$	6
mnik	5
mnir	16
mniv	3
mniy	9
mno	4
mnod	3
mnv	6
mnva	4
mo	1084
mo$	41
mob	14
mobe	4
mobi	8
moc	21
moch	12
mocr	9
mod	66
mod$	5
moda	16
mode	22
modi	13
modo	6
mody	3
moe	4
mog	25
moga	10
mogh	3
mogl	3
mogr	8
moh	120
moh$	7
moha	79
mohi	24
mohn	3
mohr	3
moi	7
moil	3
moit	3
moj	7
moje	3
mok	24
moke	6
moki	3
moko	3
moks	11
mol	20
mol$	10
mole	3
molt	3
mom	6
momb	3
momi	3
mon	254
mon$	154
mona	9
mond	18
mone	11
mong	3
moni	20
mono	12
mons	10
mont	11
monu	3
monw	3
moo	111
mooc	4
mooh	8
mool	20
moon	15
moor	46
moos	6
moot	7
moov	3
mop	10
mopa	3
mopl	3
mopo	4
mor	122
mor$	15
mora	19
morc	13
more	15
morg	3
mori	6
morl	4
morn	10
moro	8
morr	9
mors	9
mory	10
mos	29
mos$	6
mosa	3
mosc	4
mosh	7
mosi	3
moso	3
most	3
mot	127
mota	22
mote	14
moth	18
moti	30
motk	3
moto	23
mots	8
mott	3
motw	3
mou	39
moun	22
mous	10
mout	4
mov	26
mova	4
move	12
movi	10
moy	6
moya	6
moz	4
mozi	3
mp	390
mp$	34
mpa	154
mpa$	8
mpac	4
mpad	20
mpal	12
mpan	32
mpar	44
mpas	5
mpat	24
mpaw	3
mpc	3
mpc$	3
mpe	4
mper	3
mph	4
mpho	3
mpi	35
mpia	6
mpic	3
mpin	9
mpio	12
mpir	5
mpl	6
mple	3
mpo	23
mpo$	3
mpon	7
mpoo	7
mpos	3
mpou	3
mpr	22
mpra	8
mpre	6
mpro	5
mps	10
mps$	7
mpu	88
mpu$	3
mpur	64
mpus	4
mput	17
mr	315
mr$	7
mra	114
mra$	11
mraa	3
mrad	9
mrag	4
mrah	9
mraj	18
mran	13
mrao	3
mrap	10
mras	3
mrat	20
mrav	6
mre	15
mre$	4
mred	3
mrel	3
mren	3
mri	99
mri$	6
mrid	13
mrig	5
mrik	6
mrin	3
mris	3
mrit	60
mro	10
mroh	3
mron	4
mrp	6
mrp$	3
mrt	5
mru	56
mrud	13
mrun	4
mrup	8
mrut	25
ms	206
ms$	54
msa	25
msad	3
msaf	4
msam	6
msan	6
msc	3
msc$	3
msd	3
mse	14
msek	3
msen	3
msev	4
msg	3
msg$	3
msh	46
msha	29
mshe	6
mshi	6
mshl	3
msi	12
msi$	3
msin	7
msk	7
mskh	3
msm	3
mso	6
mson	6
mss	3
mss$	3
mst	6
mstr	3
msu	14
msum	3
msun	9
msw	4
mswa	4
mt	93
mt$	4
mta	60
mta$	24
mtaa	5
mtaj	5
mtal	4
mtao	4
mtau	3
mtaz	3
mte	5
mte$	4
mti	10
mti$	5
mtit	5
mtu	3
mtul	3
mtv	3
mtv$	3
mu	1149
mu$	12
mua	10
muaa	3
muam	3
mub	3
muba	3
muc	20
much	16
mud	123
mud$	10
muda	24
mudd	19
mudh	3
mudi	3
mudk	3
mudl	3
mudr	53
mue	4
muel	3
muf	12
muft	6
mug	24
muga	12
mugd	4
mugg	3
mugh	5
muh	78
muh$	10
muha	48
muhi	8
muho	3
muhu	3
mui	6
mui$	4
muj	30
muja	11
mujh	10
mujo	3
mujr	3
muk	253
muk$	9
muka	35
mukh	134
mukk	15
mukt	49
muku	9
mul	120
mul$	14
mula	40
mulk	9
mull	4
mult	17
muly	28
mum	25
muma	3
mumb	8
mumk	3
mumt	10
mun	165
mun$	7
muna	18
munc	8
mund	33
mune	18
mung	5
muni	52
munn	8
muno	9
muns	3
mup	6
mup$	6
muq	4
muqa	4
mur	119
mur$	6
mura	29
murc	4
murd	3
mure	7
murg	13
murk	8
murm	3
murs	6
murt	31
mus	82
musa	9
musc	3
muse	4
mush	23
musi	17
musk	11
musl	12
must	3
mut	35
muta	12
muth	3
mutr	15
mutu	3
muu	4
muy	3
muz	11
muza	8
mv	92
mva	45
mvad	6
mvan	4
mvar	25
mvas	6
mve	26
mved	20
mvee	4
mvi	20
mvib	5
mvid	7
mvil	3
mvis	3
mw	20
mwa	18
mwan	4
mwar	10
mwas	3
my	135
my$	56
mya	49
mya$	16
myab	10
myak	6
myan	3
myat	6
myav	6
myi	7
myik	7
myo	3
mys	4
myt	3
myu	10
myud	3
myug	3
mz	7
mza	6
mzan	3
n	43441
n$	14110
na	6264
na$	1569
naa	518
naa$	168
naaa	3
naac	11
naad	16
naag	13
naah	7
naai	7
naaj	10
naak	17
naal	17
naam	37
naan	33
naao	6
naap	8
naar	27
naas	28
naat	56
naav	18
naay	27
naaz	6
nab	76
nab$	10
naba	29
nabb	3
nabh	6
nabi	15
nabl	5
nabu	6
nac	48
nach	44
nad	160
nad$	22
nada	28
nade	14
nadh	25
nadi	48
nado	6
nadu	9
nadv	4
nae	36
nae$	3
naee	7
naeg	4
naei	4
naen	14
naey	3
naf	17
nafa	3
nafe	5
nafr	8
nag	271
nag$	5
naga	171
nagd	4
nage	26
nagi	13
nagl	3
nagm	3
nago	7
nagp	8
nagr	22
nah	71
nah$	6
naha	29
nahg	5
nahi	15
nahl	3
naho	3
nahr	5
nahu	3
nai	118
nai$	31
naid	3
naih	3
nail	8
nain	20
nair	7
nais	9
nait	21
naiy	10
naj	75
naj$	3
naja	31
najd	7
naje	3
naji	12
najm	7
najr	6
nak	270
nak$	83
naka	80
nakd	3
nake	8
nakh	15
naki	8
nakk	10
nako	5
nakp	6
nakr	6
naks	37
nakt	3
naku	3
nal	257
nal$	90
nala	24
nald	7
nale	6
nalg	3
nali	89
nalk	8
nalo	15
nals	4
naly	7
nam	240
nam$	52
nama	70
namd	12
name	13
nami	34
namo	18
namr	10
nams	6
namu	15
nan	493
nan$	94
nana	69
nanc	19
nand	133
nane	52
nang	18
nanh	6
nani	50
nanj	5
nank	3
nano	5
nans	3
nant	27
nanu	5
nany	3
nao	57
nao$	8
naon	49
nap	91
nap$	4
napa	45
napd	3
nape	5
napi	3
napj	3
napo	4
napr	5
napt	3
napu	13
nar	387
nar$	61
nara	78
narb	3
narc	11
nard	10
nare	16
narg	3
nari	36
narj	14
nark	12
narm	13
narn	12
naro	16
nars	16
nart	40
naru	6
narv	21
narw	3
nary	12
nas	238
nas$	23
nasa	37
nase	9
nash	101
nasi	20
nasl	15
naso	3
nasp	4
nass	5
nast	16
nat	572
nat$	45
nata	148
nate	27
nath	176
nati	72
natk	6
natm	41
nato	14
natr	9
natt	4
natu	9
naty	16
nau	127
nau$	4
naub	3
naud	3
nauh	3
nauj	8
nauk	34
naul	8
naun	8
naur	13
naus	17
naut	23
nav	303
nav$	41
nava	71
navb	3
navc	3
navd	10
nave	13
navg	10
navi	32
navj	9
navk	3
navm	4
navn	19
navo	16
navp	6
navr	26
navs	9
navt	8
navv	9
navy	11
naw	22
nawa	21
nay	205
nay$	34
naya	89
naye	25
nayi	35
nayo	6
nayp	4
nayu	6
nayy	4
naz	41
naza	20
nazd	9
nazi	3
nazm	5
nb	167
nb$	5
nba	56
nba$	4
nbaa	3
nbad	16
nbak	4
nbal	10
nban	9
nbar	8
nbc	6
nbc$	6
nbe	8
nber	4
nbh	49
nbh$	4
nbha	26
nbhe	4
nbhi	4
nbho	6
nbhu	5
nbi	17
nbij	3
nbin	5
nbir	3
nbo	10
nboo	3
nbow	3
nbox	3
nbr	3
nbre	3
nbu	13
nbuj	6
nbur	4
nc	858
nc$	6
nca	7
ncar	3
ncc	4
ncc$	3
nce	160
nce$	117
nced	3
ncel	3
ncep	3
ncer	30
nces	3
nch	536
nch$	101
ncha	181
nche	37
nchh	20
nchi	62
nchk	22
nchl	4
nchm	3
nchn	12
ncho	31
nchr	4
nchs	3
ncht	21
nchu	14
nchv	16
nci	43
ncia	3
ncil	14
ncin	4
ncip	6
ncis	10
nciy	4
ncl	10
ncla	6
ncle	4
nco	19
ncod	3
ncoi	4
ncol	3
ncom	4
ncou	3
ncr	28
ncr$	5
ncre	14
ncri	6
nct	7
ncti	6
ncu	3
ncub	3
ncy	33
ncy$	33
nd	3149
nd$	588
nda	656
nda$	124
ndaa	80
ndab	3
ndad	9
ndag	10
ndah	4
ndai	5
ndaj	11
ndak	14
ndal	92
ndam	8
ndan	75
ndap	13
ndar	137
ndas	10
ndat	14
ndav	23
ndaw	3
nday	13
ndaz	8
ndb	9
ndba	9
ndd	4
nde	317
nde$	64
nded	9
ndee	13
ndeh	12
ndek	9
ndel	23
nden	13
ndep	6
nder	120
ndes	29
ndev	7
ndex	4
ndey	5
ndg	12
ndga	3
ndgi	7
ndh	437
ndh$	65
ndha	167
ndhe	21
ndhi	84
ndhk	16
ndhl	4
ndhm	3
ndhn	11
ndho	22
ndhr	5
ndht	4
ndhu	13
ndhv	5
ndhy	17
ndi	316
ndi$	127
ndia	17
ndic	12
ndid	5
ndie	3
ndig	19
ndil	6
ndin	15
ndip	7
ndir	21
ndis	5
ndit	50
ndiy	28
ndk	9
ndka	9
ndl	30
ndla	8
ndle	12
ndli	4
ndlo	3
ndly	3
ndm	10
ndma	10
ndn	11
ndna	3
ndni	8
ndo	150
ndo$	17
ndob	3
ndol	9
ndom	10
ndon	81
ndoo	10
ndor	11
ndos	3
ndow	6
ndp	24
ndp$	6
ndpe	3
ndpu	10
ndr	328
ndr$	9
ndra	217
ndre	20
ndri	40
ndro	27
ndru	5
ndry	5
nds	39
nds$	15
ndsa	9
ndsc	6
ndse	4
ndso	3
ndt	4
ndtv	3
ndu	157
ndu$	42
ndua	4
ndub	12
nduc	13
nduj	3
nduk	21
ndul	6
nduo	10
ndup	3
ndur	10
ndus	24
ndut	6
ndv	10
ndva	6
ndw	20
ndwa	14
ndwi	6
ndy	18
ndy$	10
ndya	7
ne	2870
ne$	1676
nea	11
nea$	4
neaa	3
neb	5
neba	5
nec	9
nect	9
ned	23
ned$	4
neda	14
nedi	3
nee	140
nee$	12
neec	6
need	4
neek	3
neel	25
neem	6
neer	26
nees	4
neet	39
neey	12
neg	23
nega	11
negi	10
neh	22
neh$	4
neha	6
nehi	5
nehr	7
nei	18
nein	13
nej	6
nek	17
nek$	11
neka	3
neko	3
nel	40
nel$	26
nell	7
nelo	7
nem	35
nema	30
nen	68
nen$	41
nend	6
nene	3
neng	6
neni	11
neo	5
nep	16
nepa	15
ner	156
ner$	86
nera	18
nerg	3
neri	14
nerj	5
nerm	3
nero	7
ners	10
nery	9
nes	143
nes$	29
nesb	3
nesc	5
nese	4
nesh	50
nesi	11
neso	3
ness	20
nest	15
net	127
net$	28
neta	17
netf	3
neth	9
neti	11
netr	41
netw	14
neu	31
neu$	3
neum	5
neun	3
neur	15
neut	5
nev	78
nev$	3
neva	60
nevi	11
new	114
newa	69
newc	3
newg	3
newj	3
newn	4
newp	3
news	18
newt	3
newy	3
nex	6
next	3
nexu	3
ney	101
ney$	81
neya	5
neyl	3
neym	3
neyv	8
nf	57
nfa	4
nfan	3
nfe	10
nfer	9
nfi	15
nfie	6
nfin	6
nfit	3
nfl	6
nfl$	3
nflu	3
nfo	12
nfo$	6
nfor	6
nfr	7
nfra	6
nfu	3
nfuc	3
ng	2808
ng$	1116
nga	449
nga$	77
ngaa	27
ngad	16
ngai	11
ngal	91
ngam	20
ngan	63
ngar	54
ngas	5
ngat	70
ngay	6
ngb	26
ngba	9
ngbh	11
ngbi	6
ngd	17
ngdo	12
nge	265
nge$	163
ngee	30
ngel	8
ngen	7
nger	31
nges	4
nget	5
ngey	10
ngf	5
ngfi	3
ngg	5
ngg$	5
ngh	195
ngh$	66
ngha	76
nghc	3
nghe	6
nghg	5
nghi	6
nghk	3
ngho	10
nghp	3
nghr	3
nghs	3
nghv	4
ngi	185
ngi$	73
ngik	25
ngim	3
ngin	44
ngip	3
ngir	3
ngis	3
ngit	17
ngiy	11
ngk	11
ngko	9
ngl	85
ngla	34
ngle	20
ngli	19
nglo	10
ngm	16
ngma	16
ngn	10
ngna	7
ngo	110
ngo$	15
ngol	35
ngon	37
ngoo	8
ngor	3
ngos	6
ngot	6
ngp	9
ngpu	9
ngr	91
ngra	42
ngre	28
ngrh	11
ngri	4
ngro	3
ngry	3
ngs	51
ngs$	41
ngsf	3
ngst	6
ngt	25
ngto	19
ngu	79
ngu$	6
ngua	9
ngui	8
ngul	8
ngun	13
ngup	3
ngur	12
ngut	15
ngv	7
ngva	6
ngw	11
ngwa	6
ngwo	5
ngy	34
ngy$	5
ngya	24
ngz	6
ngze	3
ngzh	3
nh	171
nh$	9
nha	65
nha$	16
nhaa	5
nhad	3
nhai	6
nhal	8
nham	3
nhan	3
nhar	13
nhas	6
nhe	17
nhe$	3
nhen	10
nhi	34
nhi$	3
nhin	13
nhit	18
nho	33
nhof	3
nhon	28
nhp	5
nhpc	3
ni	4082
ni$	1171
nia	88
nia$	62
nial	8
nian	12
niat	3
nib	81
niba	17
nibh	64
nic	167
nic$	53
nica	31
nice	5
nich	53
nici	6
nico	7
nics	10
nid	82
nida	17
nide	24
nidh	37
nidr	4
nie	15
nie$	5
niel	8
nif	15
nife	8
nifi	6
nig	57
niga	27
nige	6
nigh	15
nigm	3
nigr	5
nih	41
niha	28
nihi	7
niho	6
nii	7
niiy	6
nij	53
nij$	12
nija	22
nije	3
niji	9
nijo	3
nijy	4
nik	361
nik$	134
nika	162
nike	7
nikh	9
niki	14
niko	6
nikr	13
nikt	11
niku	3
nil	53
nil$	13
nila	26
nile	5
nilo	3
nim	95
nim$	5
nima	53
nimb	11
nimm	3
nimn	15
nimr	3
nin	100
nin$	6
nind	13
nine	7
ning	61
nini	6
nio	17
nio$	3
nion	11
nior	3
nip	83
nipa	25
nipe	3
nipp	5
nipt	12
nipu	37
nir	446
nir$	3
nira	69
nirb	30
nird	75
nirg	12
niri	12
nirj	12
nirm	91
nirn	26
niro	23
nirp	17
niru	13
nirv	51
niry	9
nis	319
nis$	8
nisa	16
nisb	3
nish	237
nism	6
niss	7
nist	37
nit	224
nit$	76
nita	29
nite	12
niti	46
nito	9
nitr	18
nits	4
nitu	8
nity	20
niu	30
nium	30
niv	118
niva	49
nive	49
nivi	4
nivr	16
niw	12
niwa	12
nix	7
nix$	4
nixo	3
niy	426
niy$	41
niya	249
niye	13
niym	5
niyo	106
niyu	12
niz	12
niza	10
nj	507
nj$	93
nja	185
nja$	7
njaa	15
njai	4
njak	5
njal	32
njam	3
njan	63
njar	26
njat	12
njav	4
njay	10
njb	3
njbi	3
nje	45
nje$	16
njec	3
njee	24
njh	22
njh$	4
njha	11
njhe	5
nji	96
nji$	39
njid	3
njig	4
njik	9
njit	15
njiv	10
njiw	4
njiy	7
njl	3
njli	3
njo	16
njod	4
njon	3
njoo	3
njp	5
njpu	3
njr	5
njre	5
nju	30
nju$	13
njul	5
njum	6
njus	3
nk	981
nk$	108
nka	383
nka$	57
nkaa	34
nkad	8
nkah	3
nkaj	6
nkal	31
nkan	38
nkar	162
nkat	35
nkay	4
nke	57
nke$	16
nkee	3
nken	8
nker	14
nket	10
nkey	3
nkf	6
nkfu	5
nkg	3
nkga	3
nkh	125
nkh$	14
nkha	29
nkhe	13
nkhi	8
nkhl	6
nkho	5
nkhu	10
nkhy	40
nki	121
nki$	67
nkik	8
nkin	16
nkip	4
nkir	5
nkit	12
nkiy	6
nkl	11
nkle	5
nkli	6
nkn	8
nkne	6
nko	29
nko$	11
nkoc	3
nkoj	3
nkon	9
nkr	34
nkra	20
nkri	8
nkru	3
nks	22
nks$	5
nksh	16
nkt	13
nkta	4
nkti	5
nku	41
nku$	5
nkuc	6
nkul	3
nkur	16
nkus	10
nkv	3
nkva	3
nkw	6
nkwa	6
nky	9
nky$	7
nl	61
nl$	3
nla	23
nlal	6
nlan	12
nle	9
nles	3
nley	3
nli	20
nlin	20
nlo	4
nlok	3
nm	248
nm$	8
nma	111
nma$	4
nmaa	13
nmad	12
nmai	3
nmal	9
nman	32
nmap	3
nmar	6
nmas	4
nmat	7
nmau	4
nmay	8
nmd	8
nmdi	6
nme	32
nme$	6
nmen	22
nmi	5
nmi$	4
nmo	30
nmoh	14
nmol	6
nmon	3
nmor	4
nmt	8
nmti	5
nmu	35
nmuk	18
nmul	5
nmun	3
nmur	3
nmut	6
nn	467
nn$	48
nna	190
nna$	73
nnaa	5
nnad	4
nnal	3
nnam	6
nnan	13
nnao	4
nnar	8
nnat	58
nnau	7
nnay	6
nne	94
nne$	25
nnec	9
nnee	5
nnel	13
nner	22
nnes	10
nnev	3
nnew	3
nni	63
nni$	23
nnid	4
nnik	3
nnil	3
nnin	8
nnis	4
nnit	6
nniy	4
nno	25
nno$	7
nnoc	4
nnon	7
nnov	6
nns	6
nnsy	6
nnt	7
nnta	4
nnu	16
nnu$	9
nnum	3
nnur	3
nny	16
nny$	15
no	1137
no$	108
noa	3
nob	25
noba	7
nobe	6
nobh	3
nobl	3
nobo	3
noby	3
noc	33
noce	3
noch	19
nock	10
nod	36
nod$	11
noda	17
nodd	3
node	4
noe	5
nog	14
noge	5
nogr	9
noh	12
noha	9
noht	3
noi	10
noi$	5
noid	3
noj	3
nok	22
noka	4
nokh	15
nol	29
nol$	7
noli	5
nolo	13
nom	44
nom$	6
noma	4
nome	5
nomi	18
nomu	3
nomy	8
non	542
non$	529
nona	4
none	8
noo	32
nood	3
noon	11
noop	5
noor	8
nop	8
nopa	6
nor	81
nor$	14
nora	23
nord	4
nore	3
norm	10
noro	6
nort	9
norw	7
nos	12
nosi	3
noso	3
nost	6
not	44
not$	4
note	15
noth	3
noti	7
noto	3
notp	3
notr	3
nott	6
nou	7
noug	3
nour	3
nov	46
nova	13
nove	12
novi	13
novr	5
now	17
now$	8
nowb	3
nox	3
noxi	3
np	253
np$	7
npa	89
npa$	7
npaa	10
npad	6
npal	3
npan	14
npar	9
npas	9
npat	30
npc	3
npci	3
npe	9
npe$	4
npi	5
npi$	3
npo	12
npoo	3
npor	3
npos	6
npr	20
npra	13
npri	3
npt	3
npu	101
npur	88
nput	13
nq	6
nql	3
nqla	3
nr	105
nra	52
nraa	5
nrac	13
nraj	3
nrak	19
nrat	5
nrc	3
nrch	3
nre	6
nrek	3
nri	22
nris	5
nrit	13
nro	9
nroc	3
nron	4
nru	7
nrut	6
nry	3
nry$	3
ns	1170
ns$	149
nsa	207
nsa$	24
nsaa	18
nsab	6
nsad	20
nsaf	3
nsah	9
nsak	16
nsal	17
nsam	17
nsan	24
nsar	29
nsas	3
nsat	17
nsc	3
nscn	3
nsd	10
nsdc	3
nsde	4
nsdo	3
nse	59
nse$	34
nsel	3
nser	5
nsev	7
nsex	3
nsf	10
nsfe	3
nsfo	7
nsg	3
nsg$	3
nsh	253
nsh$	49
nsha	58
nshd	3
nshe	18
nshg	3
nshi	85
nshl	6
nsho	18
nshy	4
nsi	102
nsi$	32
nsic	5
nsid	4
nsif	3
nsij	3
nsil	4
nsin	11
nsio	21
nsis	3
nsit	9
nsiy	4
nsk	30
nsk$	3
nska	12
nskr	14
nsl	10
nsla	7
nsle	3
nsm	20
nsma	6
nsmi	5
nsmu	5
nsn	11
nsne	4
nso	45
nsol	3
nson	20
nsoo	6
nsor	16
nsp	28
nspa	7
nspe	10
nspo	11
nsr	10
nsra	9
nst	128
nst$	3
nsta	21
nste	13
nsth	59
nsti	17
nstr	8
nstu	3
nsu	66
nsu$	3
nsua	3
nsub	8
nsuk	3
nsul	16
nsun	8
nsuo	6
nsur	3
nsut	13
nsv	8
nsva	8
nsw	12
nswa	12
nsy	6
nsyl	6
nt	2281
nt$	575
nta	468
nta$	110
ntaa	23
ntac	13
ntad	3
ntae	3
ntag	12
ntah	5
ntai	14
ntak	12
ntal	29
ntam	8
ntan	62
ntao	5
ntap	4
ntar	142
ntat	13
ntav	3
ntay	3
ntb	3
ntba	3
ntd	3
ntdr	3
nte	167
nte$	24
ntec	3
nted	3
ntee	12
nteg	5
ntel	9
nten	7
nter	87
ntes	4
ntez	3
nth	135
nth$	37
ntha	38
nthe	16
nthi	30
nthk	3
ntho	7
nti	310
nti$	98
ntia	3
ntib	18
ntic	12
ntid	5
ntie	6
ntif	6
ntig	7
ntik	14
ntil	9
ntim	12
ntin	45
ntio	14
ntip	9
ntir	3
ntis	12
ntit	6
ntiv	9
ntiy	18
ntj	3
ntja	3
ntk	6
ntka	5
ntm	7
ntme	4
ntn	5
nto	113
nto$	12
ntol	3
ntom	3
nton	63
ntoo	6
ntos	24
ntp	13
ntpc	3
ntpu	9
ntr	285
ntr$	6
ntra	109
ntre	9
ntrg	4
ntri	106
ntro	25
ntry	21
nts	52
nts$	49
ntt	3
ntu	84
ntu$	18
ntuc	3
ntuk	6
ntul	15
ntum	3
ntuo	10
ntur	13
ntus	14
ntv	20
ntva	15
ntvy	3
ntw	3
ntwa	3
nty	24
nty$	14
ntya	3
ntye	3
ntyo	4
nu	796
nu$	83
nua	13
nual	8
nub	49
nuba	8
nubh	38
nubr	3
nuc	20
nuch	6
nucl	14
nud	25
nuda	12
nude	12
nuf	3
nufa	3
nug	14
nuga	6
nugg	3
nugr	3
nuj	18
nuj$	11
nuja	7
nuk	62
nuka	17
nuki	9
nukk	3
nukr	9
nuks	12
nukt	3
nuku	8
nul	7
nul$	3
null	4
num	98
num$	13
numa	66
numb	11
numo	6
nun	23
nun$	6
nuna	6
nuni	6
nuo	25
nuon	22
nuou	3
nup	53
nup$	5
nupa	26
nupr	3
nups	4
nupu	5
nupy	3
nur	42
nur$	6
nura	6
nuro	8
nurs	14
nuru	4
nurv	3
nus	178
nus$	17
nusa	77
nush	64
nusm	8
nusu	10
nut	41
nut$	3
nuta	10
nute	5
nuth	10
nutp	3
nutr	3
nutt	3
nuv	23
nuva	17
nuvo	3
nuvv	3
nuw	7
nuwa	7
nuy	9
nuya	9
nv	302
nv$	14
nva	143
nva$	6
nvaa	17
nvad	25
nvae	6
nvah	3
nvai	4
nval	5
nvan	7
nvar	22
nvas	12
nvat	9
nvay	21
nve	71
nved	22
nvee	5
nvel	7
nven	7
nver	6
nves	20
nvi	67
nvi$	11
nvid	13
nvig	3
nvik	5
nvir	4
nvis	3
nvit	15
nviy	10
nw	78
nwa	70
nwaa	8
nwad	4
nwal	9
nwan	4
nwar	25
nwas	5
nway	9
nwe	3
nwea	3
nwi	4
nx	3
ny	495
ny$	102
nya	338
nya$	98
nyaa	51
nyab	4
nyad	5
nyaf	3
nyaj	5
nyak	20
nyal	7
nyam	15
nyan	16
nyap	3
nyas	22
nyat	35
nyav	4
nyaw	3
nyay	45
nyd	3
nye	5
nye$	5
nyi	3
nyik	3
nyo	18
nyoc	3
nyog	6
nyoj	3
nyon	5
nyu	16
nyu$	3
nyuk	3
nyun	9
nz	15
nza	7
nza$	4
nzan	3
o	22966
o$	1275
oa	162
oa$	7
oaa	6
oaa$	5
oac	20
oach	17
oact	3
oad	42
oad$	23
oadb	3
oadc	6
oade	6
oads	3
oal	8
oal$	5
oala	3
oan	7
oan$	7
oar	36
oard	36
oas	8
oast	6
oat	22
oat$	14
oati	6
ob	278
ob$	21
oba	62
oba$	10
obac	3
obad	3
obal	10
obam	3
obar	20
obas	3
obay	3
obb	8
obby	7
obc	3
obc$	3
obe	38
obe$	7
obel	6
ober	18
obes	3
obh	39
obh$	9
obha	18
obhi	12
obi	46
obi$	13
obil	8
obin	15
obio	9
obl	17
oble	9
oblo	6
obo	21
obo$	6
obon	3
obot	12
obr	6
obra	4
obs	4
obs$	3
obu	3
obud	3
oby	7
oby$	4
obyl	3
oc	474
oca	25
oca$	3
ocal	6
ocar	6
ocat	6
occ	8
occh	6
oce	18
ocee	3
ocen	3
oces	12
och	195
och$	17
ocha	53
ochb	3
ochc	4
oche	14
ochh	26
ochi	49
ochk	4
ochl	3
ochn	10
ochr	3
ocht	6
oci	45
ocia	30
ocie	9
ocio	3
ock	115
ock$	36
ockb	9
ocke	32
ockf	4
ockh	5
ocko	6
ockp	3
ockr	3
ocks	9
ockt	3
ocky	4
oco	19
oco$	4
ocol	8
ocom	3
ocon	4
ocr	9
ocra	9
oct	26
octa	3
octo	20
octr	3
ocu	13
ocum	9
ocur	3
od	985
od$	158
oda	181
oda$	54
odaa	9
odag	4
odak	8
odal	3
odan	31
odar	17
odas	5
odat	15
odav	4
oday	24
odc	3
odca	3
odd	27
odd$	3
odda	5
oddh	11
oddn	3
oddt	4
ode	86
ode$	47
odel	15
odem	3
oden	6
oder	6
odes	6
odf	5
odfo	5
odg	8
odge	4
odh	253
odh$	77
odha	78
odhi	54
odhk	6
odhn	4
odho	13
odhp	9
odhy	8
odi	91
odi$	36
odia	14
odie	3
odin	9
odis	5
odit	10
odiu	6
odiy	7
odk	13
odka	13
odl	6
odla	3
odle	3
odm	4
odmo	4
odn	26
odna	7
odne	18
odo	34
odo$	11
odon	14
odor	9
odp	4
odpa	3
odr	4
odre	3
ods	11
ods$	7
odse	3
odt	25
odta	6
odte	12
odti	3
odto	4
odu	17
oduc	17
ody	29
ody$	19
odyo	8
oe	56
oe$	9
oee	8
oee$	5
oei	7
oein	7
oel	7
oel$	7
oem	3
oen	4
oeni	3
oes	9
oes$	7
of	172
of$	12
ofa	5
ofan	4
ofe	21
ofer	4
ofes	15
off	74
off$	24
offe	14
offi	25
offl	9
ofi	27
ofi$	4
ofil	12
ofin	7
ofl	3
ofla	3
oft	27
oft$	7
oftw	20
og	739
og$	123
oga	97
oga$	31
ogaa	4
ogad	3
ogai	3
ogaj	4
ogal	7
ogan	19
ogar	12
ogas	6
ogat	6
ogb	5
ogba	5
ogd	9
ogda	9
oge	52
oge$	11
ogen	24
oger	3
oges	6
oget	3
ogg	17
oggi	11
oggr	3
ogh	13
ogh$	3
ogha	6
oghe	3
ogi	135
ogi$	42
ogic	15
ogik	29
ogin	4
ogip	3
ogir	3
ogis	6
ogit	18
ogiy	15
ogk	3
ogka	3
ogl	15
ogle	11
oglo	3
ogo	37
ogo$	6
ogon	30
ogp	9
ogpa	3
ogpu	3
ogr	116
ogra	110
ogri	4
ogs	16
ogsh	12
ogsu	3
ogt	9
ogta	6
ogtv	3
ogu	13
ogue	4
ogun	9
ogv	5
ogvi	5
ogy	64
ogy$	40
ogya	21
oh	447
oh$	36
oha	201
oha$	21
ohab	14
ohad	6
ohak	7
ohal	11
oham	4
ohan	73
ohar	55
ohat	5
ohb	4
ohba	4
ohe	23
ohe$	9
ohed	3
ohem	3
ohen	5
ohi	97
ohi$	28
ohil	6
ohin	17
ohit	29
ohiu	3
ohiy	12
ohl	7
ohli	6
ohn	19
ohn$	5
ohni	4
ohns	6
oho	16
ohol	6
ohon	7
ohor	3
ohr	24
ohra	16
ohre	3
ohro	3
oht	13
ohta	13
ohy	4
ohyd	4
oi	171
oi$	39
oic	9
oice	9
oid	27
oid$	21
oida	3
oidi	3
oig	3
oil	13
oil$	8
oim	8
oimb	5
oimm	3
oin	37
oin$	8
oine	3
oing	9
oint	17
oir	6
oira	3
ois	10
ois$	3
oise	3
oiso	3
oit	10
oit$	3
oith	3
oitr	3
oiy	5
oiya	3
oj	316
oj$	38
oja	119
oja$	14
ojaa	7
ojak	15
ojan	69
ojas	6
ojat	5
oje	27
oje$	4
ojec	11
ojen	4
ojes	3
ojg	21
ojga	21
ojh	25
ojh$	8
ojha	5
ojhb	4
ojht	3
oji	40
oji$	15
ojin	3
ojit	22
ojm	3
ojma	3
ojn	17
ojna	14
ojne	3
ojo	7
ojo$	3
ojon	4
ojp	13
ojpu	13
ojt	5
ojta	3
ok	570
ok$	99
oka	90
oka$	16
okaa	6
okak	3
okal	6
okam	5
okan	8
okar	31
okat	8
okb	3
okbh	3
okc	3
okch	3
okd	7
okda	4
okdi	3
oke	40
oke$	15
oker	12
okey	5
okf	3
okfi	3
okg	11
okge	8
okgi	3
okh	110
okh$	11
okha	62
okhe	18
okhi	6
okhl	6
okhr	4
okht	3
oki	27
oki$	11
okil	3
okin	10
okk	6
okka	6
okl	9
okle	3
oklu	4
okm	6
okma	6
okn	18
okna	9
oknr	7
oko	10
oko$	5
okok	3
okp	17
okpa	7
okpr	7
okpu	3
okr	10
okra	3
okri	3
oks	46
oks$	14
oksa	15
oksh	17
okt	39
okt$	5
okta	21
okth	3
okti	8
oku	9
okul	9
oky	7
okyo	3
ol	1285
ol$	187
ola	210
ola$	60
olaa	10
olab	4
olae	3
olah	7
olai	6
olak	12
olam	6
olan	40
olar	21
olas	3
olat	29
olay	5
olb	12
olba	12
olc	8
olch	8
old	51
old$	25
oldb	3
olde	6
oldi	12
oldy	3
ole	97
ole$	51
olec	3
oled	4
olee	4
oleg	3
olen	11
oler	5
oles	4
olet	3
olex	3
olf	9
olf$	9
olg	3
olga	3
olh	10
olha	7
oli	234
oli$	86
olia	5
olib	4
olic	27
olie	8
olik	6
olin	20
olio	6
olis	3
olit	14
oliv	21
oliy	33
olk	23
olka	17
oll	121
oll$	18
olla	15
olle	35
olli	14
ollo	9
olly	27
olm	18
olma	11
olme	5
oln	17
olna	8
olne	5
olo	133
olo$	18
olog	56
olom	5
olon	31
oloo	3
olor	8
olou	8
olp	10
olph	8
ols	26
ols$	7
olsh	9
olso	7
olt	32
olt$	9
olta	12
olte	5
olti	3
olto	3
olu	41
olu$	6
olum	20
olut	9
olv	9
olve	3
olvi	5
oly	31
oly$	3
olya	4
olye	4
olyg	3
olym	9
olyn	3
olyt	5
om	718
om$	128
oma	131
oma$	15
omad	6
omag	3
omah	6
omal	16
oman	46
omar	15
omas	6
omat	14
omb	14
omba	7
ombe	4
omc	3
omch	3
omd	6
omde	3
ome	97
ome$	22
omed	17
omeg	3
omen	5
omeo	9
omer	7
omes	9
omet	21
omi	79
omi$	25
omic	18
omil	4
omin	24
omis	5
omj	3
omji	3
omk	17
omka	11
omke	6
omm	102
omma	21
omme	20
ommi	16
ommo	13
ommu	30
omn	6
omna	4
omo	27
omo$	9
omob	3
omod	3
omot	9
omp	48
ompa	23
ompl	3
ompo	6
ompu	16
oms	19
oms$	7
omsk	4
omsm	3
omso	3
omt	4
omu	10
omuk	6
omur	3
omw	5
omwa	5
omy	14
omy$	13
on	8098
on$	6802
ona	169
ona$	48
onaa	5
onab	3
onac	4
onag	3
onai	4
onak	7
onal	49
onam	8
onap	3
onar	21
onat	10
onau	4
onb	6
onbh	4
onc	45
once	12
onch	16
oncl	3
oncr	11
ond	140
ond$	36
onda	18
onde	12
ondh	11
ondi	20
ondk	3
ondo	19
onds	3
ondu	16
one	226
one$	144
oned	6
onel	4
onen	4
oner	17
ones	17
onew	8
oney	18
onf	14
onfe	10
onfu	3
ong	98
ong$	45
onga	14
onge	8
ongh	3
ongi	4
ongk	4
ongo	4
ongr	12
onh	3
onha	3
oni	161
oni$	41
onia	24
onic	30
onij	3
onin	14
onio	3
onip	3
onis	8
onit	6
oniu	5
oniy	23
onj	15
onj$	4
onji	9
onk	24
onk$	3
onka	17
onke	3
onl	17
onli	17
onm	4
onmu	3
onn	33
onna	15
onne	14
ono	82
onob	3
onoc	3
onog	6
onol	4
onom	23
onon	25
onor	5
onos	3
onou	3
onox	3
onp	7
onpu	3
onr	3
ons	95
ons$	43
onsa	10
onse	6
onsi	4
onsl	4
onso	5
onst	12
onsu	11
ont	102
ont$	15
onta	31
onte	5
onth	4
onti	14
ontr	27
onu	7
onuc	3
onus	3
onv	11
onve	9
onw	3
onwe	3
ony	31
ony$	29
oo	1397
oo$	75
oob	22
oob$	8
ooba	5
oobh	3
oobo	3
ooc	44
ooch	44
ood	100
ood$	64
ooda	7
oodh	6
oodi	9
oodl	6
oody	3
oof	12
oof$	7
oofa	4
oog	17
ooga	8
oogl	7
ooh	8
ooh$	5
ooj	54
ooja	25
oojh	22
ook	94
ook$	40
ooka	6
ookd	3
ooke	8
ookf	3
ookh	7
ooki	9
ookl	3
ooks	11
ookt	3
ool	134
ool$	58
oola	16
oolb	5
oole	5
ooli	19
ooln	4
oolo	12
ooly	5
oom	83
oom$	37
ooma	12
oomi	21
oomn	3
ooms	5
oon	157
oon$	72
oona	9
oonc	10
oond	12
oone	4
oong	3
ooni	19
oonj	11
oonk	3
oono	3
oons	3
oont	4
oony	3
oop	84
oop$	36
oopa	16
oope	12
oopo	4
oopr	4
oopt	4
ooq	4
ooq$	4
oor	266
oor$	56
oora	41
oorb	5
oorc	5
oord	11
oore	6
oori	26
oork	4
oorn	49
ooro	3
oors	4
oort	29
oorv	16
oos	34
oos$	6
oosa	5
oose	3
oosh	8
oosi	5
oosr	3
oot	194
oot$	66
oota	23
ootb	6
oote	16
ooth	27
ooti	22
ootk	3
ootn	3
ooto	9
ootp	10
ootr	4
oov	6
oova	3
op	657
op$	93
opa	192
opa$	11
opad	39
opah	3
opal	39
opan	40
opar	26
opas	3
opat	20
opay	3
opb	3
opbo	3
opc	5
opco	3
opd	4
opd$	3
ope	94
ope$	19
opea	3
open	14
oper	42
opes	4
opew	4
opez	3
oph	21
ophe	4
ophi	3
opho	3
ophy	10
opi	73
opi$	11
opia	11
opic	11
opik	3
opin	11
opit	8
opiy	16
opk	12
opka	9
opki	3
opl	11
opla	3
ople	8
opm	6
opme	6
opn	11
opna	4
opni	7
opo	38
opol	16
opon	13
opos	6
opot	3
opp	24
oppe	6
oppi	9
oppo	3
oppy	3
opr	14
opra	5
opre	4
opro	5
ops	7
ops$	3
opt	24
opta	3
opte	8
opti	11
opu	10
opul	3
opur	7
opy	13
opy$	10
opyr	3
oq	4
oq$	4
or	2013
or$	395
ora	249
ora$	43
orab	4
orac	5
orad	5
orae	3
orag	8
orah	3
orai	9
oraj	3
orak	26
oral	6
oram	22
oran	39
orar	3
oras	4
orat	58
orav	7
orb	8
orbi	3
orc	46
orce	9
orch	30
orcy	6
ord	131
ord$	47
orda	16
orde	27
ordi	12
ordo	10
ords	16
ore	175
ore$	97
oreg	5
orei	4
orem	4
oren	20
oreo	7
ores	21
orex	6
org	34
org$	3
orga	17
orge	3
orgi	3
orgu	7
orh	4
ori	210
ori$	68
oria	18
oric	3
orid	10
orie	4
orig	3
oril	3
orin	28
orio	3
oris	9
orit	14
oriu	5
oriy	37
oriz	5
orj	8
orja	5
orji	3
ork	65
ork$	19
orke	6
orkh	6
orki	8
orko	4
orks	14
orku	5
orl	21
orld	13
orle	3
orli	4
orm	75
orm$	27
orma	16
orme	9
ormi	3
ormo	12
ormu	6
orn	93
orn$	50
orna	22
orne	10
orni	9
oro	61
oro$	6
orob	3
orog	6
oron	35
orop	3
orot	4
orp	41
orp$	7
orpa	4
orpi	3
orpo	20
orps	3
orr	25
orre	6
orri	10
orro	3
orry	3
ors	81
ors$	60
orse	7
orsh	5
orsi	3
orst	3
ort	183
ort$	60
orta	20
orte	11
ortf	3
orth	21
orti	31
ortl	5
orto	5
ortr	6
orts	5
ortu	15
oru	14
orum	4
orus	9
orv	19
orv$	3
orva	15
orw	13
orwa	8
orwe	3
ory	62
ory$	52
orya	9
os	751
os$	68
osa	40
osa$	10
osaa	3
osal	11
osam	7
osan	3
osat	3
osc	16
osci	3
osco	13
ose	32
ose$	16
osem	3
osep	9
osh	287
osh$	86
osha	76
oshi	75
oshj	6
oshn	13
osho	9
oshp	3
osht	15
osi	54
osi$	17
osin	5
osis	12
osit	12
osiy	7
osk	10
osk$	6
osko	3
osl	17
osla	11
oslo	6
osm	16
osma	4
osmi	3
osmo	7
osn	5
osni	3
oso	13
osod	3
osof	3
osom	3
osov	3
osp	31
osph	18
ospi	10
osr	3
oss	46
oss$	31
ossi	10
ossr	3
ost	99
ost$	30
osta	12
oste	16
osth	4
osti	15
osto	5
ostp	6
ostr	4
ostu	4
osu	4
osur	3
osy	6
osys	6
ot	1185
ot$	177
ota	195
ota$	70
otaa	8
otad	3
otag	3
otai	4
otak	14
otal	26
otam	7
otan	13
otap	13
otar	8
otas	14
otat	4
otav	4
otb	6
otba	5
otc	3
otch	3
ote	135
ote$	56
oteb	3
otec	8
otei	12
otel	16
oten	5
otep	3
oter	17
otes	8
otey	3
oth	109
oth$	19
otha	21
othe	30
othi	24
otho	4
othp	3
othy	5
oti	193
oti$	69
otia	3
otic	29
otik	3
otil	8
otin	12
otio	8
otir	18
otis	14
otiv	3
otiy	26
otk	17
otka	12
otl	6
otla	3
otli	3
otm	3
otma	3
otn	3
oto	136
oto$	26
otoc	4
otog	26
otom	3
oton	49
otor	20
otot	3
otp	18
otpa	14
otr	36
otra	15
otre	4
otri	12
otro	4
ots	54
ots$	8
otsa	36
otsp	3
otst	3
ott	68
ott$	3
otta	28
otte	15
otti	10
otto	7
otu	8
otur	3
otus	3
otw	7
otwa	7
oty	7
otyp	6
ou	465
ou$	9
oub	13
oubl	12
ouc	15
ouch	15
oud	25
oud$	7
oudd	7
oudh	3
ouds	6
oug	7
ough	6
oul	10
oul$	4
oum	4
oumy	3
oun	115
oun$	7
ouna	3
ounc	10
ound	37
oung	10
ouni	3
ouns	3
ount	40
oup	22
oup$	10
oupe	4
oupo	4
oups	3
our	110
our$	38
oura	6
ourc	11
oure	3
ouri	9
ourn	13
ours	15
ourt	9
ous	51
ous$	12
ouse	25
ousi	7
out	74
out$	27
outd	3
oute	3
outf	3
outh	12
outl	3
outp	6
outr	3
outs	4
outu	6
ouv	3
ouve	3
ov	295
ov$	10
ova	72
ova$	14
ovaa	3
ovai	5
ovak	5
oval	5
ovan	6
ovar	21
ovat	10
ove	128
ove$	13
oveg	5
ovel	5
ovem	9
oven	8
over	83
oves	4
ovi	76
ovi$	5
ovid	12
ovie	8
ovig	6
ovik	3
ovil	3
ovin	30
ovis	5
oviy	3
ovo	3
ovo$	3
ovr	6
ovru	4
ow	221
ow$	67
owa	22
owai	3
owal	4
owar	9
owav	3
owb	3
owbo	3
owd	12
owd$	3
owda	3
owde	3
owdf	3
owe	43
owel	5
ower	38
owi	6
owin	5
owl	8
owl$	3
owle	3
own	26
own$	12
owne	4
ows	23
ows$	8
owse	8
owsh	7
owt	4
owth	4
ox	85
ox$	27
oxe	6
oxer	6
oxf	9
oxfo	6
oxi	24
oxic	3
oxid	15
oxin	3
oxy	17
oxy$	6
oxyd	3
oxyg	3
oxyt	3
oy	113
oy$	35
oya	35
oya$	16
oyal	7
oyan	6
oyat	3
oyc	6
oyd	5
oyd$	5
oye	13
oye$	8
oyen	3
oyi	3
oyl	5
oyle	3
oyo	4
oyot	3
oyt	3
oz	34
oz$	7
oza	5
oze	7
ozen	7
ozh	6
ozhi	6
ozi	3
ozil	3
p	14694
p$	717
pa	5146
pa$	132
paa	307
paa$	16
paab	4
paac	3
paad	16
paag	3
paah	5
paai	3
paak	15
paal	45
paam	3
paan	54
paap	6
paar	34
paas	12
paat	58
paav	11
paaw	3
paay	11
pab	8
paba	4
pac	103
pace	12
pach	58
paci	4
pack	24
pact	5
pad	375
pad$	47
pada	89
padb	3
padd	9
pade	27
padh	80
padi	34
padk	9
padm	38
pado	23
padr	5
padu	6
pae	5
pae$	3
pag	39
paga	17
pagd	6
page	6
pago	3
pagr	3
pah	184
paha	59
pahc	23
pahe	3
pahi	15
pahl	12
pahn	17
pahr	5
pahu	46
pai	133
pai$	16
paid	19
paig	3
paim	6
pain	37
pair	25
pais	19
pait	5
paj	14
paj$	3
paja	4
paje	3
paji	3
pak	253
pak$	33
paka	69
pakd	9
pake	6
pakh	5
paki	8
pakk	17
pako	10
paks	69
pakt	5
paku	3
pakv	13
pal	338
pal$	111
pala	67
palb	3
pald	3
pale	7
palg	5
pali	57
palk	9
pall	23
palm	5
paln	8
palo	8
palp	17
palt	10
pam	24
pam$	17
pama	4
pan	745
pan$	225
pana	59
panb	3
panc	91
pand	65
pane	33
pang	8
pani	56
panj	33
pank	36
pann	31
pano	7
panp	5
pans	3
pant	66
panv	5
pany	18
pap	25
papa	4
papd	3
pape	9
par	1189
par$	47
para	264
parb	3
parc	16
pard	58
pare	26
parg	7
parh	12
pari	379
parj	10
park	58
parl	17
parm	24
parn	9
paro	35
pars	28
part	55
parv	75
parw	8
pary	57
pas	230
pas$	10
pasa	29
pasc	18
pash	91
pasi	14
pask	3
pasl	3
pass	29
past	15
pasv	5
pasy	5
pat	819
pat$	77
pata	109
patc	6
pate	27
path	99
pati	133
patk	14
patl	11
patn	27
pato	7
patp	4
patr	147
patt	127
patv	8
patw	9
paty	9
pau	73
paud	24
paul	11
paun	5
paur	8
paus	12
paut	12
pav	48
pava	25
pavi	16
paw	31
pawa	30
pay	69
pay$	8
paya	18
paye	18
payo	11
payp	3
payu	5
pb	13
pbh	5
pbho	3
pbo	3
pbox	3
pbs	3
pbs$	3
pc	83
pc$	19
pca	3
pca$	3
pch	46
pcha	36
pchi	3
pchu	6
pci	3
pci$	3
pcl	3
pcl$	3
pco	9
pcoa	3
pcor	3
pcos	3
pd	51
pd$	9
pda	22
pda$	3
pdan	8
pdas	3
pdat	7
pde	12
pdea	3
pdes	7
pdi	4
pdi$	3
pdm	3
pdm$	3
pe	878
pe$	89
pea	34
peac	3
peak	16
peal	4
pear	7
pec	38
pech	8
peci	6
pect	19
ped	27
ped$	4
peda	4
pedi	8
pedo	11
pee	70
peec	5
peed	17
peel	5
peen	3
peep	3
peer	4
peet	26
peg	7
pega	7
peh	37
pehc	14
pehl	7
pehn	10
pehr	4
pei	5
pei$	3
pek	64
peka	3
peks	57
pel	8
peli	3
pem	4
pema	3
pen	100
pen$	25
pena	6
penc	7
pend	24
pene	3
peng	6
peni	3
penn	7
pens	10
pent	9
peo	6
peop	4
pep	11
peps	8
pept	3
per	232
per$	65
pera	30
perc	9
pere	6
perf	6
perh	3
peri	28
perm	16
pero	5
pers	43
pert	9
peru	6
pes	67
pes$	3
pesh	55
pest	4
pet	57
pet$	13
peta	3
pete	10
peth	3
peti	5
petk	3
petr	14
pett	3
petu	3
pew	10
pewa	4
pewr	6
pey	8
pez	3
pez$	3
pf	5
pf$	4
pg	25
pg$	7
pga	4
pgd	3
pgda	3
pgr	9
pgra	9
ph	486
ph$	28
pha	124
pha$	8
phaa	20
phad	6
phal	23
phan	9
phar	25
phas	4
phat	20
phd	3
phd$	3
phe	53
phel	3
phen	15
pher	30
phi	71
phi$	3
phia	5
phic	15
phid	4
phil	20
phin	13
phit	3
phiy	3
pho	135
phod	3
phoe	3
phoi	4
phom	3
phon	27
phoo	17
phor	6
phos	21
phot	49
php	3
php$	3
pht	3
phu	14
phul	10
phy	50
phy$	33
phys	12
pi	895
pi$	127
pia	23
pia$	8
piad	3
pian	10
pic	73
pic$	11
pica	5
pice	3
pich	31
pick	10
picn	3
pics	6
pict	3
pid	38
pid$	6
pida	6
pide	6
pidh	4
pidi	10
pido	6
pie	18
pie$	6
piel	3
pier	4
pig	24
pigh	21
pigm	3
pik	35
pik$	4
pika	23
pikr	5
piku	3
pil	37
pil$	5
pila	6
pile	3
pili	7
pill	14
pin	113
pin$	5
pina	17
pind	12
pine	11
ping	42
pini	4
pinj	3
pink	7
pinn	8
pint	3
pio	15
pio$	3
pion	12
pip	26
pipa	7
pipe	11
pipp	3
pipr	3
pir	36
pira	11
pire	5
piri	10
piro	6
pis	39
pis$	4
pish	3
pisi	7
piso	5
piss	4
pist	14
pit	215
pit$	72
pita	53
pitc	3
pite	9
pith	23
pitk	3
pitn	6
pitr	16
pits	3
pitt	19
pitu	6
pix	6
pixe	3
piy	65
piy$	10
piya	22
piye	5
piyo	22
piyu	6
piz	3
pizz	3
pj	22
pja	18
pjaa	6
pjat	9
pjo	4
pjok	4
pk	87
pk$	3
pka	50
pkaa	7
pkak	3
pkal	4
pkan	7
pkar	23
pkay	3
pke	8
pke$	8
pki	8
pki$	5
pkin	3
pko	7
pko$	4
pkon	3
pkr	7
pkra	7
pl	279
pl$	7
pla	158
pla$	7
plac	14
plag	3
plai	3
plan	43
plas	18
plat	40
plav	4
play	15
plaz	7
plc	3
plc$	3
ple	36
ple$	14
ples	13
plet	4
pli	32
plic	16
plie	7
plin	6
plo	12
ploa	3
plom	6
ploy	3
plu	20
plug	6
plus	4
plut	10
ply	11
ply$	8
plyw	3
pm	59
pm$	3
pma	38
pma$	3
pmaa	4
pmah	18
pman	11
pme	12
pmen	12
pmg	3
pmg$	3
pmk	3
pmk$	3
pn	154
pn$	7
pna	53
pna$	13
pnaa	3
pnag	5
pnai	3
pnak	3
pnan	3
pnar	4
pnas	3
pnat	9
pnay	7
pnc	5
pncr	3
pne	31
pne$	24
pneu	4
pni	46
pni$	11
pnid	3
pnil	3
pnis	3
pniv	14
pniy	8
pno	5
pnot	3
pny	4
pnya	4
po	777
po$	16
poc	3
pock	3
pod	9
pod$	3
podc	3
poe	6
poi	16
poin	10
pois	6
pok	18
pok$	3
pokh	15
pol	90
pol$	3
pola	13
pole	3
poli	40
poll	12
polo	4
poly	14
pom	3
pome	3
pon	97
pon$	81
pond	7
pong	3
pont	3
poo	169
pooc	21
poog	3
pooj	23
pool	8
poon	17
poor	95
pop	18
pop$	5
popa	3
popc	3
popu	3
por	154
por$	3
pora	22
porn	9
poro	3
pors	4
port	109
pos	82
posa	6
pose	3
posh	33
posi	12
post	26
pot	59
pot$	9
pota	17
pote	3
poth	9
poti	3
potl	3
poto	7
potr	3
pott	5
pou	7
poun	6
pov	6
pova	6
pow	21
powa	3
powd	3
powe	15
pox	3
pox$	3
pp	203
pp$	14
ppa	47
ppa$	19
ppad	3
ppal	7
ppam	3
ppan	8
ppar	4
ppc	3
ppc$	3
ppd	3
ppd$	3
ppe	22
ppe$	4
ppea	4
pper	13
ppi	30
ppi$	11
ppie	3
ppin	14
ppl	34
pple	11
ppli	19
pply	3
ppo	11
ppoi	4
ppor	4
ppos	3
ppr	12
ppra	9
ppro	3
ppu	6
ppur	6
ppy	18
ppy$	16
pr	2397
pr$	7
pra	1704
pra$	8
praa	42
prab	128
prac	53
prad	196
praf	3
prag	24
prah	14
praj	44
prak	104
pral	13
pram	71
pran	86
prap	27
prar	17
pras	284
prat	361
prau	17
prav	115
praw	4
pray	91
prc	3
prc$	3
prd	7
prda	4
pre	191
pree	13
prek	22
prel	7
prem	41
prep	3
prer	24
pres	65
pret	10
prev	3
pri	204
pri$	4
pric	9
prid	3
pril	6
prim	4
prin	37
pris	14
prit	44
priv	3
priy	73
priz	3
pro	222
proa	7
prob	11
proc	19
prod	29
prof	25
prog	19
proj	11
prok	6
prom	9
pron	5
proo	7
prop	8
pros	3
prot	38
prov	18
prox	7
prp	4
prpa	4
prt	27
prti	26
pru	16
prus	7
prut	6
pry	4
prya	4
ps	166
ps$	53
psa	43
psa$	3
psac	3
psal	3
psam	13
psan	12
psar	9
psc	3
psc$	3
pse	8
pse$	5
pset	3
psh	12
psha	4
pshi	4
psho	3
psi	18
psi$	12
psic	5
psp	3
psp$	3
psr	3
psra	3
pst	3
psth	3
psu	9
psul	7
psy	6
psy$	5
pt	316
pt$	74
pta	100
pta$	35
ptaa	9
ptah	11
ptai	3
ptak	4
ptam	8
ptan	17
ptar	5
ptat	3
ptc	7
ptch	7
pte	23
pte$	12
pter	10
pth	4
pti	73
pti$	32
ptic	16
ptim	3
ptio	9
ptis	8
ptiv	3
pto	9
pton	3
ptop	3
ptos	3
ptp	3
ptpr	3
ptr	7
ptra	3
ptt	6
ptti	5
pu	1753
pu$	30
pua	7
puaa	4
pub	18
pub$	3
publ	15
puc	20
puch	20
pud	14
pudi	4
pudo	3
pudu	3
puj	39
puja	31
pujn	3
pujy	3
puk	15
puka	12
pukh	3
pul	44
pul$	8
pula	9
pule	6
pulg	3
puli	3
pull	8
pulo	3
pulp	3
pum	14
pump	12
pun	167
pun$	6
puna	77
punc	21
pund	5
pune	9
puni	5
punj	10
punr	5
puns	5
punt	3
puny	16
pup	3
pupu	3
pur	1188
pur$	444
pura	204
purd	8
pure	5
puri	73
purj	3
purk	7
purn	142
puro	18
purs	8
purt	29
puru	52
purv	193
pus	78
pus$	6
pusa	5
push	33
pust	32
put	111
put$	24
puta	10
pute	17
puth	6
puti	3
putl	4
puto	3
putr	40
puts	3
puu	3
pv	40
pv$	5
pva	25
pvaa	3
pvad	6
pvah	3
pvan	3
pvar	4
pvas	3
pvat	3
pvi	4
pvij	3
pvy	3
pvya	3
pw	6
pwa	6
pwar	3
py	136
py$	37
pya	42
pya$	6
pyaa	3
pyaj	4
pyal	9
pyar	13
pyo	40
pyog	36
pyok	3
pyr	6
pyra	3
pyri	3
pyu	8
pyuk	7
pyw	3
pywa	3
q	201
q$	27
qa	21
qab	3
qad	3
qai	5
qaid	5
qas	3
qb	3
qba	3
qi	8
qi$	3
qiy	3
qiya	3
ql	3
qla	3
qs	4
qt	5
qt$	5
qu	123
qua	58
quad	7
qual	30
quan	3
quar	8
quat	10
que	37
que$	9
quee	9
quen	6
ques	9
qui	18
quid	5
quit	6
quiz	3
quo	5
quot	5
qur	3
r	39105
r$	6544
ra	11016
ra$	1439
raa	451
raa$	52
raab	13
raac	9
raad	22
raae	3
raag	24
raah	17
raai	4
raaj	57
raak	21
raal	9
raam	23
raan	48
raao	4
raap	6
raar	10
raas	41
raat	57
raav	22
raay	5
raaz	3
rab	294
rab$	15
raba	77
rabb	15
rabd	9
rabe	5
rabh	116
rabi	17
rabj	6
rabo	11
rabp	6
rabr	3
rabt	3
rabu	4
raby	3
rac	249
race	9
rach	162
rack	28
racl	3
ract	33
racu	3
racy	8
rad	490
rad$	37
rada	95
radd	24
rade	57
radh	173
radi	35
radn	4
rado	11
radr	5
radu	36
rady	4
rae	64
rae$	14
raee	5
rael	31
raen	5
raf	65
raf$	7
rafa	7
raff	6
rafi	5
rafo	3
raft	32
rafu	3
rag	177
rag$	20
raga	61
rage	20
ragh	23
ragi	13
rago	4
ragu	15
ragy	10
rah	463
rah$	107
raha	155
rahe	13
rahi	70
rahm	50
rahn	4
raho	26
rahs	9
rahu	8
rahv	8
rahw	3
rai	225
rai$	56
raic	4
raid	3
raig	4
raik	8
rail	51
raim	3
rain	60
raip	4
rair	3
rais	8
rait	8
raiv	3
raiy	8
raj	565
raj$	127
raja	103
rajb	8
rajd	18
raje	30
rajg	13
raji	17
rajj	4
rajk	32
rajm	21
rajn	39
rajo	4
rajp	34
rajs	21
raju	13
rajv	17
rajw	4
rajy	54
rak	635
rak$	107
raka	114
rake	10
rakh	136
raki	9
rakk	9
rakn	3
rako	35
rakr	28
raks	126
rakt	52
raku	4
ral	187
ral$	80
rala	34
rald	4
rale	6
rali	34
rall	5
ralo	7
ralt	10
ram	936
ram$	306
rama	256
ramb	42
ramc	11
ramd	20
rame	36
ramf	3
ramg	13
ramh	3
rami	45
ramj	4
ramk	10
raml	17
ramm	15
ramn	23
ramo	24
ramp	38
ramr	3
rams	19
ramu	22
ramv	13
ramw	3
ramy	7
ramz	3
ran	1625
ran$	544
rana	144
ranb	21
ranc	38
rand	75
rane	61
rang	232
rani	115
ranj	54
rank	48
ranm	4
rann	11
rano	55
ranp	6
rans	72
rant	92
ranu	13
ranv	17
ranw	3
rany	17
rao	50
rao$	21
raon	25
rap	238
rap$	7
rapa	49
rape	9
raph	94
rapi	9
rapo	7
rapp	6
rapr	17
rapt	11
rapu	17
rapy	11
raq	7
raq$	4
raqi	3
rar	100
rar$	20
rara	12
rard	6
rare	12
rari	8
rarj	3
rart	19
raru	7
rary	9
ras	777
ras$	62
rasa	151
rasb	5
rasd	3
rase	10
rasf	6
rash	306
rasi	45
rask	12
rasm	14
raso	16
rasp	5
rass	14
rast	106
rasu	10
rasw	6
rat	1164
rat$	156
rata	182
ratb	3
rate	92
ratg	3
rath	83
rati	408
ratk	4
ratl	3
ratm	28
ratn	33
rato	51
ratp	3
ratr	21
ratt	7
ratu	10
ratv	11
raty	64
rau	75
raua	3
raud	23
rauf	5
raul	17
raun	14
raut	6
rav	394
rav$	55
rava	172
rave	39
ravi	72
ravm	3
ravo	6
ravp	3
ravr	17
ravs	3
ravy	18
raw	64
raw$	7
rawa	46
rawb	9
ray	260
ray$	39
raya	114
raye	26
raym	3
rayo	51
rayp	3
rays	5
rayu	7
raz	22
raz$	8
raze	3
razi	10
rb	372
rb$	3
rba	129
rba$	6
rbaa	16
rbad	13
rbag	5
rbai	5
rbal	21
rban	24
rbar	23
rbas	3
rbat	11
rbe	14
rbe$	3
rbej	3
rbes	4
rbh	149
rbh$	16
rbha	83
rbhd	7
rbhi	7
rbho	6
rbhp	7
rbhu	11
rbhv	7
rbhw	4
rbi	31
rbi$	13
rbin	10
rbir	4
rbo	27
rbo$	3
rboh	3
rbon	16
rbou	3
rbr	4
rbra	4
rbu	11
rbuj	5
rbus	3
rc	351
rc$	12
rca	8
rca$	3
rcb	3
rcb$	3
rce	35
rce$	22
rcel	5
rcen	3
rces	3
rcf	3
rcf$	3
rch	204
rch$	57
rcha	59
rche	16
rchg	3
rchh	6
rchi	46
rcho	9
rchu	3
rci	16
rcia	7
rcin	6
rcit	3
rcl	9
rcle	9
rco	33
rco$	4
rcoa	4
rcom	3
rcon	6
rcoo	4
rcot	5
rcov	6
rcr	3
rcra	3
rcs	3
rcs$	3
rct	5
rcti	5
rcu	9
rcui	3
rcus	4
rcy	8
rcyc	6
rd	882
rd$	224
rda	185
rda$	13
rdaa	18
rdal	3
rdan	28
rdap	5
rdar	59
rdas	24
rdat	3
rday	24
rdb	6
rdb$	3
rdbo	3
rdd	18
rddh	18
rde	88
rde$	9
rded	3
rden	9
rder	21
rdes	41
rdev	3
rdg	3
rdgi	3
rdh	151
rdh$	15
rdha	112
rdhi	15
rdhm	3
rdi	87
rdi$	14
rdia	6
rdid	3
rdig	4
rdik	5
rdin	26
rdio	13
rdis	9
rdiy	6
rdn	5
rdna	4
rdo	35
rdo$	10
rdol	3
rdon	11
rdos	4
rdr	12
rdra	10
rds	48
rds$	44
rdso	3
rdu	3
rdus	3
rdv	3
rdva	3
rdw	9
rdwa	9
rdx	3
rdx$	3
re	2356
re$	604
rea	127
rea$	7
reac	9
read	14
reak	19
real	11
ream	21
reap	3
reas	12
reat	28
reau	3
reb	16
reb$	3
rebe	3
rebo	6
rebr	3
rec	71
rece	8
rech	6
reci	6
reco	29
rect	18
recy	3
red	101
red$	44
reda	10
redd	7
rede	7
redh	5
redi	15
redk	3
redm	3
ree	208
ree$	38
reeb	3
reec	7
reed	34
reef	4
reek	10
reel	11
reem	15
reen	31
rees	8
reet	28
reev	3
reey	5
reez	6
ref	32
refe	11
refi	8
refl	3
refo	6
reg	46
rega	14
regi	21
rego	5
regu	3
reh	15
reha	4
rehe	3
reho	3
rei	15
reig	4
rein	5
rej	26
rej$	4
reja	3
reje	5
reji	12
rek	80
rek$	5
reka	8
rekh	54
reks	9
rel	74
rel$	10
rela	11
rele	6
reli	24
rell	4
relm	3
relo	10
relu	6
rem	74
rem$	5
rema	11
remc	3
reme	18
remi	18
remk	4
remn	8
remo	7
ren	239
ren$	67
rena	25
renc	31
rend	38
rene	8
reng	12
reni	14
reno	4
rens	14
rent	16
renu	7
reo	16
reo$	3
reog	7
reot	3
rep	51
repa	10
repl	3
repo	24
repr	3
repu	7
req	6
requ	6
rer	41
rer$	4
rera	23
reri	9
rern	4
res	290
res$	27
resa	6
resb	3
resc	3
rese	19
resh	100
resi	20
reso	13
resp	6
ress	59
rest	32
ret	101
ret$	20
reta	22
retc	5
rete	11
reti	22
retk	3
retr	3
rets	3
rett	4
retu	6
rev	33
rev$	3
reva	16
reve	5
revi	5
revo	3
rew	21
rew$	7
rewa	10
rex	6
rex$	3
rexi	3
rey	59
rey$	38
reya	14
rez	3
rf	91
rf$	11
rfa	26
rfa$	3
rfac	6
rfan	9
rfar	6
rfb	3
rfba	3
rfc	3
rfc$	3
rfi	21
rfi$	6
rfid	3
rfie	5
rfil	7
rfl	3
rflo	3
rfo	12
rfor	12
rft	6
rfta	6
rfu	3
rful	3
rg	551
rg$	112
rga	179
rga$	21
rgaa	7
rgac	3
rgad	6
rgah	22
rgai	3
rgak	3
rgal	3
rgam	15
rgan	31
rgao	4
rgar	27
rgat	17
rgau	4
rgav	7
rgd	9
rgda	9
rge	58
rge$	15
rged	3
rgee	5
rgen	13
rgeo	5
rger	9
rges	3
rget	3
rgh	45
rgh$	8
rgha	33
rghk	3
rgi	71
rgi$	17
rgia	3
rgic	3
rgik	10
rgil	5
rgin	12
rgit	3
rgiy	12
rgiz	3
rgo	35
rgo$	9
rgob	3
rgod	3
rgon	17
rgos	3
rgr	10
rgra	10
rgu	20
rgul	6
rgun	7
rgup	6
rgv	4
rgva	3
rgy	7
rgy$	7
rh	270
rh$	95
rha	94
rha$	6
rhad	12
rhak	3
rhal	8
rham	4
rhan	19
rhar	20
rhas	4
rhat	9
rhav	6
rhe	25
rhe$	4
rhea	6
rhee	3
rhej	3
rher	3
rhez	5
rhi	25
rhi$	7
rhin	11
rhit	4
rhiy	3
rho	6
rhou	3
rht	3
rhu	11
rhul	3
rhum	5
rhut	3
rhw	5
rhwa	5
ri	5409
ri$	1467
ria	125
ria$	48
riaa	7
rial	34
rian	18
riap	3
riar	3
rib	70
rib$	4
riba	20
ribb	7
ribh	30
ribi	3
ribo	3
ric	165
ric$	36
rica	20
rice	7
rich	57
rici	6
rick	22
rics	8
rict	6
ricu	3
rid	208
rid$	17
rida	51
ridd	23
ride	24
ridg	10
ridh	30
ridi	8
ridn	4
rido	4
ridp	3
ridr	15
ridt	3
ridu	3
ridw	6
ridy	4
rie	72
rie$	5
ried	6
rief	4
riel	7
rien	15
rier	9
ries	25
rif	27
rif$	13
rifa	4
rifl	7
rift	3
rig	69
rig$	3
riga	24
rigg	4
righ	18
rigi	4
rigr	3
rigu	5
rigv	5
rih	63
rih$	3
riha	39
rihi	7
rihs	5
rii	3
rij	73
rij$	16
rija	25
rijb	3
rije	3
rijh	3
riji	5
rijk	3
rijl	3
rijo	3
rijr	3
rijv	3
rijy	3
rik	366
rik$	104
rika	75
rike	12
rikh	24
riki	22
rikk	3
riko	13
rikr	18
riks	76
rikt	13
riku	6
ril	83
ril$	14
rila	22
rile	8
rili	8
rill	22
rilo	9
rim	83
rim$	15
rima	40
rime	14
rimi	7
rimm	4
rin	315
rin$	40
rina	56
rinc	11
rind	15
rine	19
ring	96
rini	26
rinj	3
rink	24
rino	8
rint	15
rio	28
rio$	8
riod	3
rion	4
rior	10
riou	3
rip	157
rip$	8
ripa	56
ripe	8
ripi	4
ripl	4
ripo	12
ripr	6
ript	26
ripu	27
rir	24
rir$	6
rira	14
riri	3
ris	524
ris$	36
risa	25
risb	6
rise	4
rish	343
risi	8
risk	3
riso	9
risp	3
risr	6
riss	3
rist	71
risu	3
rit	600
rit$	199
rita	69
rite	14
rith	31
riti	128
ritm	4
rito	11
ritr	23
rits	9
ritt	25
ritu	4
ritv	5
rity	72
riu	9
rium	9
riv	119
riva	87
rive	26
rivi	3
riw	17
riwa	17
rix	3
rix$	3
riy	717
riy$	61
riya	428
riye	19
riyo	204
riz	22
riza	3
rizo	5
rizv	5
rizw	4
rj	229
rj$	22
rja	104
rja$	22
rjaf	3
rjah	3
rjai	3
rjak	3
rjal	6
rjan	43
rjap	3
rjar	9
rjav	3
rje	26
rje$	11
rjee	12
rji	65
rji$	29
rjin	5
rjit	16
rjiv	12
rjiy	3
rju	8
rjun	6
rk	572
rk$	121
rka	158
rka$	11
rkaa	12
rkag	3
rkal	10
rkam	3
rkan	19
rkap	3
rkar	62
rkas	10
rkat	22
rkau	3
rke	56
rke$	4
rkee	5
rker	9
rkes	5
rket	26
rkey	4
rkh	67
rkh$	7
rkha	36
rkhe	13
rkhi	4
rkho	5
rki	43
rki$	8
rkik	3
rkin	20
rkir	6
rkl	5
rkle	4
rkm	5
rkme	3
rko	37
rko$	3
rkon	16
rkot	15
rkp	3
rks	60
rks$	17
rksa	7
rksh	30
rksv	3
rksw	3
rku	7
rkut	5
rky	5
rkyu	3
rl	210
rl$	18
rla	53
rla$	12
rlab	11
rlai	3
rlal	3
rlan	12
rlay	7
rlb	4
rlbo	3
rld	13
rld$	10
rldw	3
rle	17
rle$	4
rlee	3
rles	5
rley	5
rli	62
rli$	19
rlic	3
rlif	4
rlik	3
rlin	28
rlo	20
rlo$	4
rlon	3
rlos	5
rlou	5
rlp	3
rlpo	3
rly	16
rly$	11
rlyl	3
rm	816
rm$	129
rma	305
rma$	47
rmaa	20
rmab	3
rmac	17
rmad	15
rmag	5
rmah	5
rmai	3
rmak	3
rmal	17
rmam	3
rman	96
rmap	3
rmar	22
rmas	4
rmat	22
rmau	8
rmay	10
rmc	9
rmch	9
rme	30
rmed	4
rmee	6
rmen	6
rmer	12
rmg	3
rmgu	3
rmi	158
rmi$	29
rmia	3
rmic	3
rmik	17
rmil	14
rmin	27
rmir	3
rmit	26
rmiy	35
rmk	8
rmka	8
rmn	16
rmna	3
rmni	12
rmo	64
rmo$	7
rmoc	6
rmoh	3
rmon	34
rmop	6
rmot	6
rmp	12
rmpa	8
rmpu	4
rms	20
rms$	4
rmsa	3
rmsh	9
rmst	4
rmu	34
rmu$	3
rmud	3
rmuk	10
rmul	9
rmup	6
rmur	3
rmv	3
rmw	3
rmy	16
rmy$	7
rmya	4
rmyu	3
rn	760
rn$	204
rna	303
rna$	109
rnaa	16
rnab	3
rnad	6
rnag	5
rnai	6
rnak	6
rnal	16
rnam	18
rnan	30
rnao	7
rnar	8
rnas	6
rnat	35
rnay	24
rnd	4
rne	70
rne$	38
rnee	3
rnel	6
rner	12
rnes	6
rng	3
rni	95
rni$	20
rnia	3
rnim	8
rnin	13
rnir	13
rnis	3
rnit	7
rniv	7
rniy	18
rnk	6
rnkh	5
rnm	8
rnma	4
rnme	4
rno	44
rno$	3
rnob	3
rnod	3
rnon	20
rnor	6
rnov	5
rns	8
rns$	3
rnsh	4
rnu	4
rnu$	3
rnv	3
rny	4
rnya	4
ro	2626
ro$	158
roa	41
roac	9
road	24
roat	7
rob	56
roba	4
robe	10
robi	11
robl	14
robo	12
robu	3
roc	80
roca	3
rocc	5
roce	15
roch	21
rock	33
rocu	3
rod	154
rod$	7
roda	10
rode	6
rodh	94
rodi	3
rodo	6
rodp	3
rodu	17
rody	6
roe	5
rof	39
rofe	15
roff	5
rofi	17
rog	88
rog$	10
roga	13
roge	21
rogg	3
rogi	9
rogo	6
rogr	22
rogy	3
roh	108
roh$	11
roha	31
rohe	3
rohi	52
roht	9
roi	33
roid	19
roin	10
roj	63
roj$	8
roja	8
roje	16
rojg	21
roji	3
rojm	3
rojo	3
rok	70
rok$	3
roka	26
roke	14
rokh	6
roki	3
roks	3
rokt	13
rol	79
rol$	16
rola	5
rold	5
role	8
roli	14
roll	24
rolo	4
rols	3
rom	69
rom$	8
roma	32
romc	3
rome	11
romi	3
romo	11
ron	892
ron$	805
rona	15
rone	14
rong	12
roni	9
ronj	4
ronn	3
rons	10
ront	15
roo	177
roo$	9
rooc	5
rood	7
roof	6
rook	20
rool	3
room	18
roon	11
roop	52
rooq	4
roor	21
roos	8
root	5
rop	126
rop$	7
ropa	36
ropb	3
rope	14
roph	13
ropi	21
ropk	9
ropn	3
ropo	17
ropr	3
ror	27
ror$	13
rori	5
rors	3
ros	109
ros$	8
rosa	11
rosc	9
rose	10
rosh	26
rosi	7
roso	3
rosp	3
ross	23
rost	4
rosu	3
rot	109
rot$	23
rota	9
rote	22
roth	10
roti	14
roto	13
rots	8
rott	9
rou	29
roub	3
roun	8
roup	12
rout	3
rov	34
rova	6
rove	9
rovi	19
row	45
row$	12
rowa	3
rowd	6
rown	8
rows	9
rowt	4
rox	9
roxi	3
roxy	6
roy	11
roy$	8
roz	15
roz$	5
roze	6
rp	321
rp$	28
rpa	120
rpaa	6
rpad	3
rpai	5
rpak	10
rpal	9
rpan	46
rpar	8
rpas	4
rpat	22
rpe	21
rpek	15
rper	5
rpf	4
rpf$	4
rpg	4
rpg$	3
rph	4
rpi	16
rpi$	3
rpid	3
rpil	3
rpio	3
rpit	4
rpl	4
rpla	3
rpo	30
rpon	3
rpoo	3
rpor	23
rpr	14
rpra	10
rpre	3
rps	6
rps$	3
rpsh	3
rpu	69
rpur	68
rq	3
rqu	3
rr	198
rr$	7
rra	49
rra$	5
rrac	5
rraf	4
rran	15
rras	12
rre	28
rre$	3
rrel	6
rren	16
rrer	3
rrh	3
rri	45
rria	3
rrie	12
rris	23
rrn	5
rrnk	4
rro	19
rror	15
rry	40
rry$	38
rs	1019
rs$	299
rsa	84
rsa$	6
rsaa	9
rsak	5
rsal	10
rsan	19
rsar	11
rsat	12
rsaw	3
rsay	3
rse	74
rse$	38
rsel	3
rsen	16
rser	5
rsev	3
rsey	6
rsh	408
rsh$	67
rsha	164
rshd	7
rshe	7
rshi	84
rshk	3
rshm	4
rshn	17
rsho	19
rshr	3
rshu	3
rshv	14
rshw	4
rshy	6
rsi	49
rsi$	10
rsin	17
rsio	3
rsit	7
rsiy	10
rsk	4
rska	3
rsm	6
rsma	3
rso	44
rson	36
rsov	3
rsp	9
rspa	4
rspe	3
rss	5
rss$	3
rst	24
rst$	7
rsta	6
rsth	9
rsu	4
rsu$	3
rsw	4
rswa	4
rt	1437
rt$	197
rta	353
rta$	129
rtaa	15
rtab	9
rtai	4
rtak	27
rtal	24
rtan	83
rtao	30
rtap	6
rtat	5
rtav	20
rte	84
rte$	36
rted	5
rtei	4
rtel	6
rten	10
rter	20
rtf	3
rtfo	3
rtg	3
rtga	3
rth	364
rth$	107
rtha	75
rthd	6
rthe	4
rthi	78
rthk	10
rtho	21
rthp	5
rthr	4
rths	15
rtht	4
rthv	14
rthy	13
rti	286
rti$	138
rtib	3
rtic	8
rtid	8
rtie	5
rtif	12
rtik	16
rtil	13
rtim	11
rtin	13
rtip	11
rtis	11
rtit	9
rtiy	24
rtl	5
rtla	3
rtm	11
rtme	9
rtn	10
rtne	6
rto	30
rto$	3
rton	16
rtoo	10
rtp	9
rtph	6
rtpu	3
rtr	9
rtra	6
rts	24
rts$	17
rtsa	3
rtt	3
rtu	31
rtua	4
rtug	6
rtun	9
rtus	7
rtut	3
rty	14
rty$	13
ru	1367
ru$	166
rua	12
ruaa	9
ruar	3
rub	32
ruba	9
rubb	6
rubh	10
ruc	49
ruch	35
ruct	12
rud	121
rud$	5
ruda	10
rudd	26
rude	8
rudh	24
rudi	4
rudo	3
rudr	28
rudu	5
rudv	3
rudw	4
rue	5
rue$	3
rug	31
rug$	6
rugh	9
rugs	3
ruh	24
ruh$	7
ruha	7
ruhi	3
ruhp	3
rui	4
ruj	9
ruja	3
ruk	95
ruk$	15
ruka	17
ruke	7
rukh	11
ruki	5
rukm	6
rukn	8
ruks	11
rukt	9
ruku	6
rul	21
rul$	3
rule	7
ruli	7
rum	47
rum$	18
ruma	19
rume	3
run	114
run$	36
runa	19
rune	6
rung	10
runi	10
runj	5
runk	5
runn	3
runo	6
runw	7
ruo	9
ruon	9
rup	134
rup$	37
rupa	53
rupi	5
rupo	7
rupr	9
rupt	8
rupy	8
rur	62
rur$	17
rura	33
ruri	7
rus	187
rus$	28
rusa	13
ruse	5
rush	82
rusi	8
rusk	5
rusl	3
ruso	4
russ	3
rust	36
rut	203
rut$	44
ruta	16
rutb	5
ruth	14
ruti	61
rutr	3
rutt	18
rutv	21
ruty	13
ruu	9
ruu$	3
ruup	5
ruv	27
ruv$	5
ruva	10
ruvi	7
ruvo	3
rv	823
rv$	36
rva	483
rva$	45
rvaa	41
rvab	10
rvac	5
rvad	36
rvae	3
rvag	12
rvah	18
rvai	6
rvaj	15
rvak	73
rval	8
rvan	46
rvap	9
rvar	31
rvas	38
rvat	56
rvav	12
rvay	18
rvb	3
rvbh	3
rve	98
rve$	13
rved	32
rvei	3
rvek	16
rvel	3
rver	7
rves	7
rvey	8
rvg	5
rvi	98
rvi$	20
rvic	17
rvid	6
rvie	3
rvig	3
rvik	6
rvim	3
rvin	12
rvir	6
rvis	3
rvit	3
rviv	15
rvj	7
rvja	6
rvk	7
rvka	4
rvn	7
rvna	7
rvo	26
rvo$	5
rvoc	6
rvon	3
rvop	3
rvot	9
rvp	4
rvs	20
rvsa	8
rvsh	6
rvt	7
rvtr	3
rvv	6
rvy	11
rvy$	4
rvya	4
rvyv	3
rw	116
rwa	93
rwa$	11
rwaa	5
rwad	17
rwah	5
rwak	3
rwal	13
rwan	11
rwar	18
rwe	9
rwea	3
rweg	3
rwel	3
rwi	8
rwic	4
rwin	4
rwo	6
ry	747
ry$	305
rya	333
rya$	119
ryaa	18
ryab	9
ryad	6
ryak	53
ryal	10
ryam	3
ryan	10
ryap	14
ryas	15
ryat	33
ryav	34
ryay	4
ryb	4
ryc	4
rych	4
rye	4
ryk	17
ryka	9
rykr	4
ryks	3
ryl	3
ryla	3
rym	3
ryo	28
ryo$	6
ryod	6
ryon	14
ryp	11
rypa	4
rypr	3
rys	23
rysh	7
rysm	3
ryst	9
ryt	3
ryta	3
ryv	5
ryva	5
rz	19
rz$	5
rza	12
rza$	6
rzap	3
s	29415
s$	2731
sa	6305
sa$	235
saa	271
saa$	19
saab	4
saad	13
saaf	6
saag	6
saah	11
saai	4
saaj	4
saak	19
saal	24
saam	18
saan	54
saar	32
saas	11
saat	34
saay	7
sab	165
sab$	9
saba	20
sabe	11
sabh	62
sabi	10
sabj	8
sabk	10
sabn	3
sabo	5
sabr	3
sabs	6
sabu	11
sabz	4
sac	71
sacc	10
sach	60
sad	280
sad$	44
sada	62
sadb	5
sade	8
sadg	3
sadh	86
sadi	33
sadk	5
sadm	3
sadn	3
sado	9
sads	6
sadt	3
sadu	7
sae	5
sae$	4
saf	60
saf$	3
safa	34
safe	18
safi	3
sag	64
sag$	3
saga	41
sage	5
sagi	4
sago	3
sagu	4
sah	379
sah$	6
saha	163
sahb	9
sahc	4
sahe	21
sahi	56
sahj	8
sahk	14
sahm	21
sahn	13
saho	4
sahp	4
sahs	10
sahu	11
sahv	3
sahy	26
sai	113
sai$	15
said	8
saif	7
saik	9
sail	17
saim	3
sain	39
sair	6
saiy	7
saj	96
saja	49
saje	4
sajh	9
saji	23
sajj	3
sajk	3
sajn	3
sak	258
sak$	46
saka	26
sake	34
sakh	37
saki	22
sakn	4
sako	11
sakp	3
sakr	15
saks	45
sakt	11
saku	4
sal	259
sal$	58
sala	61
sale	32
salg	3
sali	28
salm	20
salo	18
sals	3
salt	10
salu	8
salv	6
saly	5
sam	1160
sam$	30
sama	418
samb	114
same	50
samg	7
samh	6
sami	51
samj	54
samk	16
saml	7
samm	74
samn	9
samo	15
samp	96
samr	49
sams	10
samt	9
samu	75
samv	47
samy	22
san	1324
san$	130
sana	39
sanb	8
sanc	43
sand	128
sane	24
sang	268
sanh	20
sani	27
sanj	35
sank	154
sanl	3
sanm	6
sann	19
sano	16
sanp	5
sanr	39
sans	139
sant	130
sanv	51
sany	39
sao	4
sap	62
sapa	7
sape	12
sapn	4
sapp	4
sapt	31
sar	774
sar$	159
sara	143
sarb	4
sard	28
sare	10
sarf	7
sarg	36
sarh	11
sari	61
sarj	21
sark	22
sarl	5
sarn	6
saro	38
sarp	25
sars	9
sart	10
sarv	171
sarw	5
sary	3
sas	53
sas$	6
sasa	5
sase	5
sash	10
sast	18
sasu	8
sat	363
sat$	23
sata	45
sate	38
satg	6
sath	32
sati	30
satk	6
satl	6
satm	5
sato	10
satp	6
satr	17
sats	6
satt	52
satv	19
saty	59
sau	101
sau$	3
saub	10
saud	28
saul	6
saum	3
saun	14
saur	15
saus	4
saut	11
sav	115
sav$	38
sava	35
savd	6
save	10
savi	17
savo	6
savy	3
saw	22
saw$	4
sawa	15
say	70
say$	13
saya	23
saye	5
sayi	13
sayo	3
says	5
sayy	3
sb	64
sb$	3
sba	16
sba$	3
sbah	3
sban	7
sbat	3
sbe	13
sbe$	3
sben	5
sbes	3
sbh	4
sbha	3
sbi	6
sbih	3
sbn	3
sbn$	3
sbo	6
sbon	3
sboo	3
sbu	12
sbur	12
sc	256
sc$	16
sca	20
scal	9
scan	5
scap	3
sce	4
scen	3
sch	56
scha	4
sche	10
schi	15
scho	27
sci	16
scie	16
scl	9
scla	3
scle	6
scn	3
scn$	3
sco	85
sco$	18
scob	3
scom	9
scon	5
scop	9
scor	13
scot	15
scou	3
scov	6
scow	4
scr	39
scr$	3
scra	5
scre	12
scri	15
scru	3
scu	5
scus	4
sd	45
sda	7
sda$	4
sdc	3
sdc$	3
sde	14
sdeh	4
sden	5
sdev	3
sdi	4
sdk	3
sdk$	3
sdm	3
sdm$	3
sdo	6
sdom	3
se	1121
se$	296
sea	40
seal	10
sear	16
seas	4
seat	7
seb	12
seb$	3
seba	3
sebo	3
sec	49
seco	12
secr	15
sect	6
secu	14
sed	23
sed$	11
seda	11
see	70
see$	7
seed	5
seem	31
seen	12
seer	3
seey	3
sef	9
sef$	5
sefu	3
seg	3
segm	3
seh	16
seha	6
seho	6
sei	4
sein	3
sej	3
seja	3
sek	6
seka	6
sel	34
sel$	18
self	3
sell	3
selo	3
sels	4
sem	44
sema	10
semb	3
seme	5
semi	23
sen	155
sen$	30
sena	53
send	8
sene	3
seng	6
seni	8
senj	3
sens	19
sent	18
seny	3
seo	3
sep	18
seph	9
sept	7
ser	121
ser$	23
sera	6
sere	7
seri	19
sero	3
sers	8
sert	4
serv	38
sery	5
ses	19
ses$	8
sesh	3
sess	5
set	57
set$	12
seth	9
seti	4
sett	15
setu	15
seu	4
seum	4
sev	83
seva	59
seve	3
sevi	15
sevo	3
sew	7
sewa	5
sex	20
sex$	13
sexy	7
sey	24
sey$	17
seya	5
sf	30
sfe	4
sfer	3
sfo	13
sfor	10
sfot	3
sfu	10
sfus	4
sfut	3
sg	26
sg$	6
sga	12
sgan	5
sgar	6
sgo	3
sgp	3
sh	9139
sh$	1062
sha	2998
sha$	274
shaa	178
shab	62
shac	11
shad	101
shae	17
shaf	5
shag	23
shah	116
shai	54
shaj	8
shak	362
shal	179
sham	110
shan	611
shao	26
shap	24
shar	226
shas	205
shat	192
shau	37
shav	56
shaw	12
shay	107
shb	52
shba	11
shbh	29
shbo	5
shbu	3
shc	79
shch	79
shd	37
shda	5
shde	3
shdh	13
shdi	3
shdr	6
shdw	5
she	425
she$	21
shec	6
shed	15
shee	86
shef	3
sheh	27
shei	4
shek	36
shem	7
shen	9
shep	15
sher	50
shes	67
shet	64
shev	4
shew	3
shey	3
shf	5
shfa	5
shg	15
shga	13
shh	10
shha	4
shhu	4
shi	1488
shi$	281
shia	8
shib	15
shic	4
shid	23
shie	3
shif	5
shig	20
shik	219
shil	139
shim	21
shin	91
shio	12
ship	55
shiq	3
shir	70
shis	91
shit	176
shiv	117
shiw	4
shiy	129
shj	17
shja	9
shji	4
shk	143
shk$	20
shka	69
shki	17
shko	12
shkr	21
shkt	3
shl	63
shla	5
shle	42
shli	8
shlo	6
shm	154
shm$	5
shma	66
shme	12
shmi	53
shmo	6
shmt	4
shmu	3
shn	178
shn$	15
shna	104
shne	3
shni	13
shnk	3
shno	13
shnp	6
shns	5
shnu	13
sho	383
sho$	10
shob	15
shod	43
shoe	5
shoh	3
shok	5
shol	7
shon	136
shoo	29
shop	26
shor	43
shos	20
shot	20
show	20
shp	71
shp$	6
shpa	31
shpi	7
shpr	17
shpu	6
shq	6
shr	399
shr$	4
shra	158
shrd	3
shre	59
shri	124
shro	14
shrr	7
shrt	4
shru	22
shs	21
shsh	3
shsi	4
shst	9
sht	626
sht$	92
shta	124
shtb	4
shte	9
shth	153
shti	85
shtm	7
shto	9
shtr	127
shtt	4
shtv	3
shty	4
shu	277
shu$	23
shub	30
shud	74
shui	4
shuj	6
shuk	23
shul	14
shum	5
shun	19
shuo	8
shup	17
shur	29
shus	6
shut	13
shuv	3
shv	137
shv$	6
shva	95
shve	9
shvg	3
shvi	15
shvy	3
shw	290
shwa	276
shwe	9
shwi	4
shy	203
shy$	20
shya	140
shyk	3
shyo	33
si	1841
si$	333
sia	57
sia$	33
siac	5
siae	3
sial	4
sian	7
sias	3
sib	23
sib$	4
siba	8
sibl	3
sibt	3
sic	54
sic$	19
sica	9
sich	4
sici	3
sick	4
sico	6
sics	9
sid	144
sida	7
sidd	68
side	30
sidh	21
sidi	3
sidk	4
sidy	8
sie	4
sif	25
sif$	6
sifa	19
sig	61
sigh	8
sigm	3
sign	50
sih	7
siha	6
sij	3
sij$	3
sik	153
sik$	29
sika	20
sikh	67
sikk	16
siko	6
sikr	7
sikt	3
siku	3
sil	98
sil$	13
sila	13
sile	14
sili	16
silk	10
sill	3
silo	5
sils	8
silv	15
sim	73
sim$	15
sima	24
sime	3
simg	4
simi	4
simo	6
simp	6
simr	4
simu	3
sin	235
sin$	17
sina	9
sinc	8
sind	21
sine	10
sing	124
sinh	23
sini	3
sinj	3
sink	4
sino	9
sint	4
sio	89
siol	3
sion	86
sip	12
sipp	4
sipu	3
sir	83
sir$	25
sira	18
sird	6
sire	3
sirh	3
siri	4
sirk	7
sirm	4
siro	10
sirs	3
sis	73
sis$	35
sisa	7
sise	3
sisi	6
siso	4
sist	13
sit	142
sit$	49
sita	40
site	22
siti	11
sito	10
sity	7
siu	19
sium	12
sius	6
siv	13
siva	10
sive	3
six	11
six$	3
sixe	6
siy	119
siy$	8
siya	56
siyo	53
siz	8
size	7
sj	15
sj$	3
sje	3
sjee	3
sji	8
sjid	8
sk	325
sk$	35
ska	120
ska$	15
skaa	8
skan	19
skar	65
skat	10
skc	3
skco	3
ske	34
ske$	16
sket	14
skh	12
skha	12
ski	37
ski$	6
skii	4
skil	3
skim	3
skin	16
skir	3
sko	29
sko$	17
skon	8
skot	3
skr	25
skra	6
skri	15
skru	3
skt	3
sku	12
skur	12
sky	13
sky$	8
skys	3
sl	198
sl$	9
sla	84
sla$	11
slaa	5
slad	3
slak	3
slam	29
slan	13
slat	11
slav	9
sle	28
sle$	6
slee	13
slet	4
sli	34
sli$	4
slim	12
slip	6
sliy	8
slo	32
slo$	3
slon	8
slop	3
slot	6
slov	9
slow	3
slu	3
slum	3
slw	4
slwa	4
sm	304
sm$	33
sma	118
sma$	7
smac	4
smai	5
smal	6
sman	31
smar	39
smat	14
smay	5
smc	3
smc$	3
sme	35
sme$	3
smee	5
smei	6
smen	13
smet	3
smi	42
smi$	6
smib	3
smic	3
smik	3
smil	6
smin	3
smis	3
smit	14
smo	38
smok	10
smon	12
smoo	6
smop	4
smos	3
smr	19
smri	16
smru	3
sms	4
sms$	4
smu	8
smud	4
smug	3
sn	144
sna	58
sna$	13
snaa	10
snal	3
snan	7
snap	6
snat	6
snay	8
sne	41
sne$	21
sneh	11
sney	7
sni	13
sni$	3
snim	3
snip	3
snl	3
snl$	3
snn	6
snna	5
sno	8
snow	6
snp	3
snp$	3
so	816
so$	23
sob	6
sobh	3
soc	66
soch	24
soci	42
sod	26
soda	5
sode	9
sodi	10
sof	34
sofi	6
soft	26
soh	16
soha	9
soi	10
soi$	5
soiy	3
soj	3
soja	3
sok	4
sokh	4
sol	57
sol$	6
sola	22
sold	3
sole	5
soli	6
solo	6
solu	6
som	27
soma	4
somd	3
some	7
somn	3
somp	3
somw	5
son	318
son$	220
sona	37
sonb	3
sond	3
sone	7
song	3
soni	23
sono	7
sonp	7
sont	3
sony	5
soo	59
sooc	10
sood	4
sooj	9
sool	8
soon	6
soor	3
soos	4
soot	10
sop	18
sopa	9
soph	4
sopo	3
sor	64
sor$	30
sora	7
sord	3
sore	9
sors	7
sort	3
sot	12
sota	6
sote	3
soto	3
sou	46
soun	9
soup	3
sour	18
sout	10
sov	9
sova	4
sovi	3
soy	12
soya	4
soye	6
sp	457
sp$	14
spa	173
spa$	6
spaa	5
spac	12
spad	6
spai	6
span	11
spar	55
spas	38
spat	32
spe	78
spea	17
spec	21
spee	14
spen	10
sper	6
spes	9
sph	25
spha	9
sphi	5
spho	10
spi	61
spi$	4
spic	3
spid	7
spie	6
spin	15
spir	17
spit	7
spl	6
spla	6
spn	6
spn$	3
spnc	3
spo	41
spon	9
spor	23
spot	8
spr	19
spra	4
spri	15
spu	26
spur	24
spy	3
spyw	3
sq	14
squ	14
squa	13
sr	179
sr$	3
sra	86
sra$	15
sraa	5
srae	30
sraj	8
sram	4
sran	5
srat	7
srav	4
sre	11
sre$	8
srey	3
sri	48
sri$	12
srij	8
sril	5
srin	6
srip	6
sris	4
srk	4
srk$	3
sro	11
sro$	3
sron	4
srp	3
sru	8
sruj	4
ss	548
ss$	167
ssa	69
ssa$	20
ssac	3
ssad	4
ssag	5
ssah	3
ssai	7
ssam	5
ssan	8
ssar	6
ssau	3
ssay	3
ssb	6
ssb$	3
ssbo	3
ssc	4
ssco	4
ssd	3
ssde	3
sse	78
sse$	24
ssed	14
ssel	3
ssem	6
ssen	6
sser	3
sses	9
sset	6
ssey	3
ssh	3
ssi	115
ssi$	12
ssic	8
ssig	6
ssil	9
ssin	20
ssio	40
ssis	10
ssiu	5
ssiy	3
ssm	5
ssma	3
sso	58
ssoc	24
sson	15
ssor	15
ssp	5
sspo	5
ssr	4
ssu	11
ssue	3
ssuo	3
ssur	5
ssv	3
ssva	3
ssw	6
sswa	3
sswo	3
ssy	7
ssy$	7
st	2643
st$	282
sta	538
sta$	56
staa	20
stab	5
stac	3
stad	7
staf	5
stag	7
stai	12
stak	49
stal	39
stam	23
stan	130
star	103
stas	11
stat	43
stau	6
stav	16
stay	3
ste	265
ste$	31
stea	3
stee	15
stei	3
stem	23
sten	18
step	11
ster	137
stev	12
stew	3
stey	3
sth	520
sth$	45
stha	381
sthg	3
sthi	63
sthl	4
stht	3
sthy	12
sti	260
sti$	49
stia	6
stic	46
stif	5
stik	18
stin	57
stio	8
stip	10
stis	7
stit	27
stiv	9
stiy	11
stk	3
stl	5
stli	3
stm	18
stma	14
stme	4
sto	134
sto$	6
stoc	4
stod	6
stol	14
stom	8
ston	50
stop	7
stor	29
stot	5
stp	6
stpa	3
stpu	3
str	408
str$	21
stra	153
stre	28
stri	114
stro	61
stru	14
stry	16
sts	17
sts$	10
stsh	3
stst	3
stt	4
stta	3
stu	139
stu$	10
stua	3
stud	25
stue	3
stuf	3
stuk	6
stum	10
stun	11
stuo	3
stup	5
stur	15
stus	17
stut	23
stuv	3
stv	7
stvy	6
sty	31
sty$	8
stya	6
styl	15
su	1463
su$	34
sua	21
sua$	4
sual	6
suar	9
sub	70
suba	4
sube	7
subh	17
subi	3
subj	4
subo	9
subr	9
subs	8
subw	6
suc	64
such	63
sud	112
sud$	4
suda	18
sudd	3
sude	15
sudh	57
sudi	3
sudo	4
sudu	8
sue	3
suf	16
suf$	9
sufi	6
sug	32
suga	15
sugb	3
sugg	3
sugh	6
sugr	3
suh	17
suha	17
sui	19
sui$	6
suic	3
suit	7
suiy	3
suj	41
suja	11
sujh	21
suji	8
suk	119
suka	6
sukh	74
suki	4
suks	10
sukt	15
suku	8
sul	114
sul$	3
sula	31
sule	10
sulf	11
suli	5
sulj	17
sulo	6
sult	24
sulz	3
sum	58
sum$	13
suma	12
sume	12
sumi	12
summ	4
sumo	3
sun	182
sun$	9
suna	42
sund	26
sune	7
sung	16
sunh	6
suni	27
sunk	7
sunn	19
suno	3
sunr	3
suns	3
sunt	4
sunv	9
suo	13
suon	11
sup	82
supa	10
supe	31
supp	10
supr	19
supt	3
supu	9
sur	249
sur$	27
sura	69
surd	3
sure	21
surf	3
surg	14
suri	23
surk	8
surm	6
suro	6
surp	3
surs	4
suru	6
surv	12
sury	38
sus	78
sus$	5
susa	9
sush	41
susp	9
sust	9
sut	63
sut$	9
suta	4
suth	6
suti	4
sutr	39
suv	56
suva	7
suvi	47
suy	9
suya	3
suyo	3
suz	10
suzl	3
suzu	3
sv	119
sv$	6
sva	65
sva$	4
svaa	8
svab	4
svad	10
svam	3
svan	9
svar	8
svas	6
svat	6
sve	5
svi	40
svi$	11
svin	12
svir	12
sviy	3
sw	458
swa	353
swa$	3
swaa	23
swab	18
swac	28
swad	32
swag	6
swal	6
swam	30
swan	26
swap	8
swar	85
swas	24
swat	24
sway	36
swe	40
swea	3
swec	10
swed	8
swee	16
swi	62
swif	3
swik	36
swim	6
swin	7
swis	3
swit	6
swo	3
swor	3
sy	174
sy$	25
sya	72
sya$	19
syaa	6
syag	6
syam	6
syao	4
syap	12
syas	5
syat	4
syay	3
sye	3
syi	3
syiy	3
syl	6
sylv	6
sym	3
symo	3
syn	16
synd	4
synt	11
syo	7
syon	7
syr	8
syri	7
sys	16
syst	16
syu	7
syu$	4
syuo	3
t	32250
t$	5204
ta	7512
ta$	2162
taa	693
taa$	296
taaa	4
taab	9
taac	4
taad	14
taae	6
taai	13
taaj	15
taak	18
taal	60
taam	4
taan	72
taao	28
taap	15
taar	54
taas	7
taat	31
taav	14
taay	17
taaz	5
tab	152
tab$	18
taba	33
tabb	3
tabd	21
tabe	10
tabh	4
tabi	13
tabl	30
tabo	12
tabu	6
tac	39
tach	15
tack	10
tact	14
tad	60
tad$	6
tada	18
tadh	13
tadi	12
tadn	3
tado	4
tae	39
tae$	10
taei	10
taen	16
taf	9
tafa	5
taff	4
tag	62
tag$	11
taga	6
tage	16
tagh	3
tagi	4
tago	6
tagr	3
tagu	3
tagy	8
tah	96
tah$	23
taha	42
tahi	13
tahk	5
taho	3
tahr	3
tahs	4
tai	171
tai$	27
tail	21
taim	3
tain	38
taip	3
tair	34
tais	13
tait	3
taiw	7
taiy	15
taj	39
taj$	9
taja	5
taji	17
taju	6
tak	415
tak$	127
taka	66
takb	3
take	30
takh	34
taki	25
takk	13
takl	5
takn	14
tako	38
takr	20
taks	31
takt	5
taku	3
tal	462
tal$	108
tala	82
talc	4
tale	31
tali	87
talk	23
tall	33
talm	7
talo	16
talp	8
tals	9
talt	4
talu	13
talv	12
talw	13
taly	6
tam	258
tam$	99
tama	51
tamb	27
tame	6
tami	49
tamp	4
tamr	5
tamt	7
tan	896
tan$	276
tana	106
tanb	11
tanc	8
tand	31
tane	67
tanf	3
tang	50
tanh	3
tani	70
tanj	14
tank	51
tanl	3
tanm	7
tann	4
tano	23
tanp	16
tans	8
tant	92
tanu	32
tanv	7
tany	10
tao	159
tao$	11
taon	147
tap	133
tap$	14
tapa	24
tape	11
tapi	12
tapk	3
tapo	16
tapp	3
tapr	3
taps	5
tapu	38
tar	843
tar$	203
tara	176
tarb	5
tarc	7
tard	19
tare	26
tarf	4
targ	11
tari	119
tarj	9
tark	47
tarl	4
tarm	9
tarn	12
taro	44
tarp	42
tarr	14
tars	9
tart	25
taru	13
tarv	17
tarw	5
tary	23
tas	123
tas$	8
tasa	12
tasd	3
tash	22
tasi	6
task	28
tasl	3
tasm	9
tasn	4
tass	5
tast	3
tasv	12
tasy	5
tat	355
tat$	5
tata	99
tate	48
tath	23
tati	59
tatk	7
tatm	5
tato	9
tatp	11
tatr	6
tats	7
tatt	11
tatu	10
tatv	54
tau	42
taub	3
taun	4
taur	20
taut	3
tauu	3
tav	159
tav$	33
tava	65
tave	6
tavi	16
tavl	7
tavn	4
tavp	4
tavy	20
taw	22
tawa	20
tax	20
tax$	7
taxi	13
tay	97
tay$	6
taya	54
taye	29
tayu	3
tayy	3
taz	6
taz$	3
tazi	3
tb	52
tb$	3
tba	24
tba$	3
tbad	3
tbaj	3
tbal	8
tbat	3
tbe	5
tbee	3
tbh	19
tbha	6
tbhe	6
tbhi	3
tc	123
tc$	11
tch	103
tch$	52
tcha	14
tche	11
tchi	14
tchm	3
tcho	3
tchu	3
tco	3
tcoi	3
tcp	3
tcp$	3
tcs	3
tcs$	3
td	26
tda	12
tdaa	6
tdan	3
tdat	3
tdh	3
tdha	3
tdo	3
tdoo	3
tdr	3
tds	3
tds$	3
te	2628
te$	1104
tea	21
teac	3
team	11
tear	3
teb	12
teba	6
tebo	6
tec	54
tech	26
tect	27
ted	57
ted$	38
teda	16
tee	123
tee$	13
teef	3
teek	24
teel	9
teen	22
teep	3
teer	21
tees	7
teet	5
teey	13
tef	5
tefa	4
teg	18
tega	9
tegi	3
tegr	5
teh	31
teh$	7
teha	9
tehi	3
tehp	4
tehr	6
tei	54
tei$	3
tein	51
tej	33
tej$	8
teja	18
teji	4
tejo	3
tek	24
teka	13
teke	6
tel	122
tel$	28
tela	12
tele	35
teli	6
tell	20
telo	3
tels	7
telu	8
tem	33
tem$	19
tema	7
teme	3
ten	172
ten$	95
tena	9
tenc	3
tend	27
tene	3
tenh	3
teni	5
teno	3
tens	7
tent	16
tep	17
tep$	3
tepa	3
teph	8
ter	584
ter$	286
tera	47
terc	4
tere	26
terf	3
terg	3
terh	3
teri	43
terl	6
term	25
tern	20
tero	17
terp	3
terr	17
ters	58
tert	4
terv	5
tery	13
tes	68
tes$	19
tesh	30
test	19
tet	7
tetr	3
tev	13
teve	8
tevi	3
tew	8
tewa	8
tex	15
tex$	4
texa	3
text	6
tey	45
tey$	37
tez	6
teza	3
tf	37
tf$	6
tfi	6
tfit	3
tfl	3
tfli	3
tfo	17
tfol	3
tfor	14
tfu	3
tfun	3
tg	34
tga	13
tgal	3
tgar	8
tgh	3
tgho	3
tgi	3
tgr	6
tgra	6
tgu	6
tgur	6
tgy	3
th	3343
th$	602
tha	1331
tha$	263
thaa	110
thad	6
thae	13
thag	16
thah	24
thai	21
thak	90
thal	157
tham	34
than	251
thao	32
thap	79
thar	89
thas	27
that	55
thau	6
thav	16
thay	40
thb	14
thba	4
thbh	9
thc	3
thca	3
thd	13
thda	6
thdw	3
the	256
the$	64
thee	3
theh	10
thek	17
thel	12
them	12
then	18
theo	9
ther	68
thes	16
thet	9
thew	5
they	7
thg	21
thga	10
thgh	3
thgo	6
thh	5
thi	469
thi$	197
thic	10
thik	19
thil	26
thin	19
thio	5
thir	26
thit	71
thiu	3
thiv	6
thiy	83
thj	3
thjo	3
thk	28
thka	25
thl	21
thle	11
thli	5
thly	3
thm	14
thma	9
thmi	3
thn	21
thna	13
thni	4
tho	188
tho$	17
thob	3
thoc	4
thod	29
thok	12
thol	6
thom	6
thon	60
thoo	5
thop	10
thor	25
thos	4
thot	6
thp	30
thpa	5
thpi	4
thpr	4
thpu	14
thr	60
thr$	3
thra	14
thre	8
thri	19
thrk	3
thro	9
ths	24
thsh	11
thso	3
thst	10
tht	22
thta	16
thth	3
thu	80
thu$	8
thua	3
thuk	12
thul	3
thun	33
thur	12
thut	3
thv	51
thva	8
thve	7
thvi	25
thvy	10
thw	7
thwa	7
thy	80
thy$	23
thya	29
thye	5
thyo	7
thyr	9
ti	4755
ti$	1758
tia	25
tia$	9
tial	6
tian	7
tib	115
tib$	3
tiba	40
tibb	4
tibh	39
tibi	17
tibo	10
tic	219
tic$	117
tica	31
tice	8
tich	6
tici	5
tick	20
ticl	3
tics	24
ticu	3
tid	35
tida	16
tidd	3
tide	3
tidh	5
tidi	3
tie	27
tie$	7
tier	9
ties	9
tif	29
tifa	8
tifi	12
tifu	9
tig	44
tiga	11
tige	6
tigo	3
tigr	13
tigu	3
tigy	6
tih	54
tiha	47
tihi	4
tii	5
tij	50
tij$	9
tija	20
tije	5
tiji	5
tijo	11
tik	281
tik$	78
tika	102
tike	5
tikh	3
tiki	13
tikk	3
tiko	17
tikr	21
tiks	10
tikt	9
tiku	9
tikv	6
tikw	3
til	134
til$	20
tila	31
tilb	3
tile	25
tilh	5
tili	21
tilk	3
till	5
tilo	7
tilt	6
tilu	3
tim	104
tim$	18
tima	49
time	27
timo	9
tin	283
tin$	48
tina	29
tinc	3
tine	19
ting	133
tini	31
tino	3
tins	3
tint	3
tinu	9
tio	398
tion	391
tiox	6
tip	96
tipa	35
tipe	3
tipi	3
tipo	8
tipp	6
tipr	3
tipu	34
tiq	4
tiqu	4
tir	154
tir$	8
tira	31
tire	6
tirg	3
tirh	3
tiri	18
tirl	3
tirm	3
tiro	17
tirp	3
tirt	32
tiru	16
tirv	4
tis	178
tis$	9
tisa	21
tise	4
tisg	7
tish	80
tism	6
tisp	12
tist	31
tit	122
tit$	38
tita	13
tith	20
titi	3
titl	13
titu	15
titv	16
tiu	7
tiut	5
tiv	119
tiva	44
tive	41
tivi	21
tivr	12
tiw	10
tiwa	10
tiy	502
tiy$	28
tiya	236
tiye	11
tiyo	223
tiyu	3
tj	8
tja	3
tk	322
tk$	3
tka	238
tka$	18
tkaa	14
tkac	3
tkal	37
tkan	14
tkar	122
tkas	7
tkat	17
tkav	3
tke	17
tke$	5
tkee	11
tkh	15
tkha	9
tkho	6
tki	9
tkiy	5
tko	16
tkon	8
tkop	3
tkot	3
tkr	13
tkri	9
tkru	3
tku	8
tkul	8
tl	149
tla	69
tla$	13
tlaa	4
tlab	3
tlai	4
tlal	9
tlam	3
tlan	20
tlas	6
tlat	4
tle	43
tle$	24
tlem	3
tler	6
tles	5
tli	25
tli$	9
tlig	3
tlin	4
tliy	5
tlo	10
tlok	3
tloo	4
tm	396
tm$	14
tma	284
tma$	28
tmad	3
tmag	4
tmah	5
tmai	8
tmak	157
tman	33
tmao	4
tmar	4
tmas	17
tmat	4
tmav	5
tmay	6
tme	18
tmen	16
tmg	7
tmgh	4
tmh	4
tmha	4
tmi	29
tmi$	5
tmik	15
tmin	3
tmis	3
tmiy	3
tmk	4
tmka	4
tml	3
tml$	3
tmn	4
tmni	4
tms	8
tmsa	5
tmsh	3
tmu	5
tmuk	3
tmv	3
tmvi	3
tmy	8
tmy$	4
tmya	4
tn	239
tn$	8
tna	125
tna$	57
tnaa	6
tnac	5
tnag	9
tnak	10
tnam	10
tnas	12
tnat	5
tnav	3
tnay	3
tne	45
tne$	32
tner	7
tnes	4
tni	45
tni$	20
tnik	5
tnir	4
tnis	3
tnit	7
tniy	5
tno	12
tnon	12
to	1483
to$	91
tob	17
toba	7
tobe	5
tobi	3
toc	10
tock	5
toco	3
tod	75
tod$	13
toda	9
todd	4
tode	6
todf	5
todi	9
todk	3
todn	9
todt	9
tody	3
tof	4
toff	4
tog	38
toge	3
togr	29
togt	3
togu	3
toi	3
toim	3
tok	12
toka	4
tokr	3
toky	3
tol	69
tol$	22
tola	11
told	3
tole	12
toli	8
toll	4
tolo	8
tom	50
tom$	13
toma	14
tome	3
tomi	3
tomo	3
toms	3
tomu	3
tomy	4
ton	552
ton$	484
tone	24
toni	29
tonk	3
tony	4
too	64
too$	9
toof	4
took	6
tool	6
toon	13
toor	5
toos	3
toot	13
top	53
top$	16
topa	10
tope	6
toph	3
topi	6
topl	4
topo	3
topp	3
tor	315
tor$	138
tora	23
torc	12
tore	25
tori	28
torm	4
toro	10
torr	7
tors	31
tory	32
tos	44
tos$	5
tose	3
tosh	27
tosp	3
toss	4
tot	32
tota	8
tote	3
totk	7
toto	3
tots	3
tott	3
toty	3
tou	25
touc	9
tour	12
tow	14
towe	9
town	3
tox	5
toxi	4
toy	8
toy$	5
toyo	3
tp	213
tp$	9
tpa	95
tpaa	9
tpad	29
tpal	3
tpan	5
tpar	14
tpat	29
tpc	3
tpc$	3
tph	6
tpho	6
tpi	5
tpid	3
tpo	11
tpoo	3
tpos	7
tpr	22
tpra	4
tpre	9
tpro	8
tpt	4
tpta	3
tpu	58
tpur	45
tput	11
tr	2393
tr$	107
tra	1047
tra$	383
traa	26
trab	15
trac	45
trad	49
traf	7
trag	13
trah	7
trai	50
traj	8
trak	33
tral	37
tram	25
tran	116
trao	7
trap	29
trar	10
tras	43
trat	54
trav	54
traw	21
tray	11
tre	97
tre$	19
trea	14
tree	14
trek	3
trem	6
tren	7
tres	10
tret	9
trey	10
trg	7
trga	3
trh	4
trha	4
tri	672
tri$	184
tria	22
trib	14
tric	35
trid	6
trie	6
trig	3
trij	3
trik	98
tril	17
trim	20
trin	24
trip	48
trir	3
tris	23
trit	33
triv	12
trix	3
triy	115
trk	9
trka	6
tro	271
tro$	21
troc	8
trod	4
trog	6
troi	5
troj	3
trok	6
trol	29
trom	3
tron	149
trop	19
trot	11
trou	3
trp	4
trpa	3
trs	5
trsh	3
tru	119
tru$	17
trub	4
truc	9
trud	3
true	3
trug	12
trum	11
trun	6
truo	3
trup	4
trus	16
trut	28
trv	5
try	41
try$	41
ts	401
ts$	177
tsa	140
tsa$	8
tsaa	10
tsah	22
tsak	13
tsal	8
tsan	20
tsap	4
tsar	17
tsav	35
tsb	7
tsbu	7
tse	8
tse$	6
tsh	18
tsha	7
tshe	3
tshi	5
tsi	3
tsm	3
tso	7
tso$	3
tsp	3
tspo	3
tsr	4
tsra	4
tst	12
tsta	3
tsth	4
tstr	4
tsu	5
tsuk	4
tsy	6
tsya	6
tt	992
tt$	58
tta	359
tta$	100
ttaa	8
ttac	10
ttad	7
ttak	10
ttal	12
ttam	24
ttan	21
ttao	5
ttap	12
ttar	113
ttas	5
ttat	12
ttav	15
tte	155
tte$	50
tteb	6
tted	3
ttef	3
ttej	13
tten	17
tter	54
ttey	4
ttg	3
ttga	3
tth	64
ttha	45
tthe	8
tthi	6
ttho	3
tti	203
tti$	101
ttic	5
ttid	3
ttij	3
ttik	3
ttin	15
ttir	5
ttis	11
ttiy	56
ttl	18
ttle	18
tto	38
tto$	3
ttol	3
tton	17
ttop	5
ttor	3
ttp	8
ttp$	3
ttpo	4
ttr	32
ttr$	4
ttra	21
ttro	3
tts	11
tts$	3
ttsb	6
ttu	14
ttu$	8
ttun	3
ttv	10
ttva	3
ttvi	3
tty	14
tty$	13
tu	858
tu$	100
tua	17
tual	7
tuar	6
tub	23
tub$	7
tuba	3
tube	9
tubu	3
tuc	6
tuch	3
tuck	3
tud	41
tude	13
tudi	15
tudy	3
tue	6
tue$	3
tuf	13
tufa	9
tuff	4
tug	6
tuga	6
tuj	13
tujh	13
tuk	63
tuk$	14
tuka	17
tukd	11
tuke	3
tuki	3
tuko	6
tukr	6
tukt	3
tul	76
tul$	9
tula	18
tule	6
tuli	6
tull	6
tuln	9
tuls	13
tulu	3
tuly	6
tum	53
tum$	11
tuma	4
tumb	4
tume	4
tumh	13
tumi	3
tumk	5
tumo	3
tump	6
tun	54
tun$	4
tuna	6
tune	16
tung	12
tuni	8
tunt	5
tuo	19
tuon	19
tup	12
tup$	8
tupo	3
tur	209
tur$	17
tura	33
turb	24
ture	59
turi	12
turk	17
turm	4
turn	20
turt	9
turu	3
turv	7
tus	60
tus$	19
tush	34
tuso	4
tut	76
tut$	10
tuta	9
tute	12
tuti	26
tutm	4
tuto	6
tutt	3
tuv	8
tuva	5
tuvi	3
tv	304
tv$	72
tva	160
tva$	57
tvaa	11
tvac	3
tvad	8
tvak	10
tvan	8
tvap	11
tvar	27
tvas	3
tvav	12
tvay	5
tvc	6
tvc$	6
tve	5
tvg	5
tvgy	3
tvi	30
tvik	17
tvir	4
tviy	5
tvo	12
tvon	11
tvy	10
tvya	7
tw	112
twa	58
twa$	10
twaa	6
twan	6
twar	31
twe	15
twee	8
twen	3
twi	23
twin	9
twis	7
twit	7
two	16
twor	14
ty	663
ty$	189
tya	336
tya$	91
tyaa	17
tyab	3
tyac	12
tyad	10
tyag	22
tyah	3
tyaj	5
tyak	39
tyal	5
tyam	13
tyan	20
tyao	6
tyap	12
tyar	20
tyas	34
tyat	4
tyav	12
tyay	8
tye	11
tyek	3
tyen	3
tyes	3
tyg	3
tygr	3
tyi	3
tyik	3
tyk	3
tyl	17
tyle	15
tyo	29
tyod	3
tyoh	9
tyon	16
typ	23
type	15
typh	4
typi	4
tyr	6
tyre	3
tyri	3
tys	3
tyu	38
tyu$	17
tyud	7
tyug	3
tyur	3
tyus	3
tyut	3
tz	3
tze	3
tzer	3
u	18650
u$	1044
ua	317
ua$	45
uaa	65
uaa$	25
uaac	3
uaal	3
uaan	8
uaat	11
uaaw	3
uaay	6
uac	5
uach	5
uad	8
uad$	3
uadr	5
uae	3
uae$	3
uag	7
uage	7
uak	3
ual	56
ual$	23
uali	30
uam	5
uamm	3
uan	24
uan$	11
uang	5
uani	3
uant	4
uao	3
uaon	3
uap	5
uar	50
uar$	12
uara	3
uard	17
uare	5
uaro	5
uart	5
uary	3
uat	31
uat$	5
uate	8
uati	9
uatt	3
ub	549
ub$	31
uba	100
uba$	12
ubaa	9
ubad	5
ubah	3
ubai	7
ubak	4
ubal	23
uban	19
ubar	11
ubat	6
ubb	28
ubba	5
ubbe	6
ubbi	16
ubd	3
ubdh	3
ube	44
ube$	19
ubed	4
ubei	3
uber	12
ubey	4
ubh	188
ubh$	9
ubha	134
ubhg	3
ubhi	6
ubhk	4
ubho	5
ubhr	9
ubhu	15
ubi	33
ubi$	16
ubil	6
ubir	3
ubis	3
ubiy	5
ubj	7
ubj$	3
ubje	3
ubk	4
ubki	4
ubl	37
ubla	3
uble	15
ubli	19
ubn	5
ubna	3
ubo	19
ubo$	6
ubod	3
ubon	9
ubr	18
ubra	15
ubs	16
ubs$	3
ubsi	8
ubsu	5
ubu	6
ubud	3
ubuk	3
ubw	6
ubwa	6
uc	421
uc$	3
uca	11
ucas	3
ucat	7
ucc	21
ucch	20
uce	4
uce$	4
uch	287
uch$	24
ucha	56
uchc	30
uche	16
uchh	46
uchi	84
uchn	15
ucho	3
uchp	3
ucht	6
uci	9
ucia	4
uciu	3
uck	16
uck$	3
uckn	3
uckw	3
ucky	4
ucl	17
ucle	14
ucli	3
uco	6
ucom	5
uct	43
uct$	8
ucti	17
ucto	13
ucts	3
ucy	3
ucy$	3
ud	1441
ud$	92
uda	276
uda$	49
udaa	44
udab	3
udah	13
udai	8
udal	6
udam	4
udan	43
udap	3
udar	28
udas	12
udat	16
udav	5
uday	39
udd	289
udda	26
udde	18
uddh	187
uddi	42
uddu	5
ude	94
ude$	30
udeb	6
udei	5
uden	11
udes	16
udev	20
udg	33
udga	11
udge	4
udgh	11
udgu	6
udh	272
udh$	28
udha	119
udhd	3
udhe	10
udhh	3
udhi	35
udhk	6
udhn	5
udho	15
udhp	4
udhr	6
udhu	11
udhv	8
udhw	5
udhy	10
udi	118
udi$	51
udie	4
udin	7
udio	17
udir	3
udit	15
udiy	17
udk	4
udka	4
udl	5
udli	3
udn	13
udna	3
udne	9
udo	20
udo$	6
udon	6
udoo	4
udr	94
udra	72
udri	16
udro	3
uds	18
udsa	4
udsp	6
udt	8
udta	4
udte	4
udu	27
udu$	5
uduc	3
udul	4
udup	3
udur	11
udv	15
udva	12
udw	20
udwa	16
udwi	4
udy	42
udy$	3
udya	20
udym	3
udyo	16
ue	130
ue$	61
uee	13
uee$	3
ueen	9
uef	3
uefa	3
uel	10
uel$	9
uen	15
uen$	5
uenc	6
uenz	3
uer	3
ues	15
ues$	7
uest	8
uet	8
uet$	3
ueto	3
uf	90
uf$	17
ufa	32
ufa$	5
ufaa	4
ufac	3
ufan	12
ufao	3
uff	14
uff$	4
uffe	7
ufi	14
ufi$	6
ufiy	3
uft	9
uft$	3
ufta	3
uftk	3
ug	355
ug$	27
uga	125
ugaa	5
ugad	8
ugae	4
ugah	3
ugal	40
ugam	6
ugan	23
ugar	17
ugat	8
ugau	3
ugay	3
ugb	5
ugbu	3
ugc	3
ugc$	3
ugd	7
ugdh	7
uge	16
uge$	8
ugee	3
ugen	4
ugg	21
ugga	10
ugge	3
uggl	5
ugh	42
ugh$	9
ugha	19
ughn	3
ught	5
ugi	15
ugik	3
ugin	10
ugn	5
ugna	3
ugo	14
ugon	3
ugos	6
ugr	22
ugra	18
ugs	9
ugs$	9
ugt	6
ugta	5
ugu	29
ugu$	8
ugun	13
ugup	3
ugus	4
ugy	6
ugya	6
uh	183
uh$	20
uha	115
uha$	6
uhaa	9
uhag	5
uhai	15
uhaj	3
uham	10
uhan	31
uhar	13
uhas	7
uhat	6
uhav	6
uhe	7
uhe$	3
uhi	16
uhi$	3
uhim	6
uhit	3
uhm	4
uho	7
uhon	7
uhp	3
uhpr	3
uhr	3
uhu	3
uhur	3
ui	132
ui$	38
uic	9
uice	6
uici	3
uid	11
uide	3
uidi	6
uil	20
uild	16
uilt	3
uim	5
uimu	4
uin	12
uin$	4
uine	3
uinn	4
uis	8
uist	5
uit	22
uit$	11
uita	4
uite	3
uity	3
uiy	3
uiyo	3
uiz	3
uiz$	3
uj	412
uj$	40
uja	160
uja$	33
ujaa	8
ujad	4
ujae	3
ujah	6
ujal	17
ujam	4
ujan	16
ujao	5
ujar	36
ujas	6
ujat	10
ujav	3
ujd	8
ujda	6
uje	4
ujh	94
ujh$	11
ujha	54
ujhe	14
ujhk	5
ujht	6
uji	39
uji$	22
ujit	5
ujiy	9
ujj	16
ujja	11
ujl	6
ujla	4
ujn	4
ujo	7
ujod	3
ujoo	4
ujp	3
ujpu	3
ujr	11
ujra	7
ujre	4
uju	13
ujud	6
ujur	7
ujy	3
ujya	3
uk	1146
uk$	89
uka	260
uka$	34
ukaa	25
ukab	6
ukac	4
ukad	25
ukal	6
ukam	21
ukan	30
ukao	6
ukar	57
ukas	16
ukat	10
ukav	6
ukay	12
ukd	13
ukda	5
ukdi	5
uke	42
uke$	15
ukee	4
ukeg	4
uken	3
uker	9
ukes	4
ukey	3
ukh	282
ukh$	56
ukha	90
ukhb	9
ukhd	16
ukhe	5
ukhi	49
ukhm	3
ukhn	7
ukho	12
ukht	8
ukhy	21
uki	51
uki$	21
ukid	3
ukik	8
ukil	9
ukin	3
ukiy	5
ukk	25
ukka	11
ukke	12
ukl	6
ukla	5
ukm	10
ukma	5
ukmi	3
ukn	11
ukna	4
ukne	7
uko	26
uko$	4
ukoj	3
ukon	12
ukos	3
ukr	56
ukra	39
ukre	7
ukri	6
uks	61
uksa	35
uksh	21
ukt	168
ukt$	74
ukta	43
ukti	35
ukto	9
uktu	3
uku	39
ukul	17
ukum	10
ukun	5
ukuo	3
ukut	3
uky	7
ukya	5
ul	1383
ul$	181
ula	367
ula$	82
ulaa	20
ulab	11
ulad	11
ulag	6
ulah	4
ulai	7
ulaj	12
ulak	12
ulal	5
ulam	18
ulan	72
ular	16
ulas	12
ulat	51
ulav	6
ulay	13
ulaz	4
ulb	22
ulbh	3
ulbu	15
ulc	9
ulch	7
uld	18
ulda	3
ulde	9
uldh	5
ule	84
ule$	55
ulea	3
uleg	3
ulem	3
uler	4
ules	9
ulf	22
ulf$	4
ulfa	10
ulfi	3
ulfu	5
ulg	6
ulga	6
ulh	24
ulha	18
ulhe	5
uli	135
uli$	70
ulia	5
ulic	4
ulie	6
ulim	3
ulin	4
ulip	6
ulis	3
ulit	8
uliu	3
uliy	23
ulj	36
uljh	31
ulk	47
ulk$	12
ulka	23
ulke	4
ulki	4
ull	116
ull$	15
ulla	69
ulle	17
ulli	6
ullu	7
ulm	14
ulma	4
ulmi	4
ulmo	3
ulmu	3
uln	31
ulna	13
ulne	14
ulni	4
ulo	20
uloc	3
ulon	12
uloo	3
ulp	11
ulp$	3
ulpa	5
ulpu	3
uls	32
ulsa	6
ulsh	9
ulsi	12
ult	119
ult$	15
ulta	36
ulte	6
ulti	36
ultr	9
ults	3
ultu	11
ulty	3
ulu	25
ulu$	5
uluh	10
uluk	5
ulv	12
ulva	11
ulw	5
ulwa	5
uly	40
uly$	8
ulya	24
ulyo	3
ulz	5
ulza	4
um	955
um$	223
uma	295
uma$	33
umaa	22
umad	14
umak	6
umal	13
uman	79
umar	70
umas	3
umat	35
umav	9
umaw	3
umay	6
umb	57
umba	19
umbe	8
umbh	13
umbi	7
umbr	3
umd	16
umda	7
umdh	5
umdo	3
ume	46
ume$	10
umeh	3
umei	3
umen	13
umer	12
umh	19
umha	12
umhe	7
umi	96
umi$	32
umig	3
umih	3
umik	17
umin	23
umit	12
umiy	3
umk	22
umka	4
umke	6
umki	3
umko	6
umku	3
uml	12
uml$	3
umlo	7
umm	21
umme	13
ummi	6
umn	22
umn$	8
umna	8
umne	6
umo	18
umo$	3
umod	6
umon	6
umor	3
ump	30
ump$	10
umpi	11
umpo	3
umps	3
umr	28
umra	24
ums	10
umsa	3
umsu	4
umt	18
umta	16
umu	15
umud	6
umuk	6
umul	3
umy	7
umy$	3
umya	4
un	2060
un$	237
una	339
una$	69
unaa	19
unac	7
unag	9
unah	14
unai	8
unak	18
unal	6
unam	4
unan	31
unar	86
unas	6
unat	25
unau	6
unav	17
unay	10
unb	14
unba	7
unbh	3
unbr	3
unc	125
unce	3
unch	105
unci	7
uncl	4
unct	4
und	271
und$	61
unda	67
unde	63
undh	36
undi	13
undo	8
undp	3
undr	9
undu	7
une	100
une$	68
unee	6
uneg	3
unej	3
unes	12
unet	3
unf	3
unfi	3
ung	154
ung$	44
unga	41
unge	7
ungh	16
ungi	13
ungl	10
ungr	3
ungu	14
unh	30
unha	12
unhe	6
unhi	3
unho	9
uni	252
uni$	58
unic	23
unid	3
unif	6
unih	6
unik	22
unil	3
unin	4
unio	6
unis	30
unit	29
univ	16
uniy	41
unj	60
unj$	15
unja	22
unjb	3
unji	16
unjp	3
unk	75
unk$	12
unka	34
unke	5
unki	10
unkn	4
unko	3
unkt	3
unl	3
unm	33
unma	9
unmu	22
unn	72
unn$	3
unna	32
unne	5
unni	27
unny	4
uno	39
uno$	6
unol	3
unon	24
unot	6
unp	20
unpa	3
unpe	3
unpu	9
unr	13
unra	5
unri	4
uns	39
unsa	11
unse	6
unsi	9
unsu	9
unt	120
unt$	30
unta	21
untb	3
unte	11
unth	16
unti	12
unto	8
untr	5
unts	5
untu	7
unu	3
unus	3
unv	18
unva	17
unw	13
unwa	13
uny	27
uny$	3
unya	23
uo	137
uok	3
uoka	3
uon	119
uon$	119
uor	3
uori	3
uot	5
uota	3
uou	3
uous	3
up	894
up$	107
upa	254
upa$	13
upaa	11
upac	3
upad	33
upah	4
upai	4
upaj	10
upak	15
upal	11
upam	4
upan	49
upap	4
upar	19
upas	18
upat	28
upay	24
upb	3
upbh	3
upc	33
upch	30
upco	3
upd	15
upda	8
upde	7
upe	49
upe$	3
upek	9
uper	35
upg	9
upgr	7
uph	13
upha	11
upi	20
upi$	5
upit	15
upj	18
upja	18
upk	14
upka	4
upkr	4
upl	9
upli	3
uplo	3
upm	21
upma	21
upn	37
upna	9
upni	23
upny	4
upo	20
upon	17
upp	31
uppe	3
uppi	3
uppl	7
uppo	4
uppr	9
upr	56
upr$	3
upra	26
upre	14
upri	8
upro	5
ups	35
ups$	3
upsa	20
upsc	3
upse	3
upst	3
upt	66
upt$	26
upta	23
uptc	6
upti	4
uptp	3
upu	17
upul	3
upur	9
uput	5
upv	16
upva	14
upw	5
upwa	5
upy	46
upyo	38
upyu	7
uq	7
uqa	4
uqab	3
ur	3237
ur$	734
ura	625
ura$	103
uraa	33
urab	15
urac	9
urad	11
urag	6
urah	16
urai	24
uraj	10
urak	27
ural	18
uram	34
uran	141
urar	3
uras	36
urat	107
urav	31
urb	69
urb$	3
urba	26
urbe	5
urbh	23
urbi	8
urbo	3
urc	33
urce	8
urch	22
urd	55
urd$	7
urda	30
urde	3
urdi	9
ure	144
ure$	80
urea	5
ured	8
ureh	3
urek	4
urem	3
uren	17
urer	3
ures	16
urey	3
urf	9
urfa	4
urfi	3
urg	120
urg$	28
urga	43
urge	20
urgh	13
urgi	10
urgo	6
urh	18
urha	15
urhi	3
uri	264
uri$	177
urib	3
uric	5
urid	3
urig	3
uril	6
urim	3
urin	14
uris	11
urit	16
uriy	19
urj	34
urj$	4
urja	19
urje	5
urji	4
urk	45
urk$	6
urka	6
urke	4
urkh	17
urki	5
urkm	5
url	16
url$	3
urla	5
urli	5
urm	49
urm$	5
urma	18
urme	4
urmi	10
urmo	3
urmu	6
urmy	3
urn	203
urn$	88
urna	74
urne	3
urni	24
urno	6
urns	4
uro	94
uro$	7
urod	12
uroh	12
uron	33
uroo	6
urop	21
uros	3
urp	8
urpr	3
urpu	3
urr	5
urra	3
urs	63
urs$	6
ursa	12
urse	24
ursh	10
ursi	4
ursk	4
urst	3
urt	123
urt$	23
urta	13
urtg	3
urth	14
urti	64
uru	204
uru$	58
urua	9
urub	3
uruc	3
urud	9
uruk	11
urul	7
urun	7
uruo	3
urup	13
urur	7
urus	50
urut	14
uruu	4
urv	257
urv$	19
urva	155
urve	41
urvi	25
urvo	8
urvy	4
urw	5
urwa	5
ury	58
ury$	8
urya	39
uryo	6
urys	3
us	1424
us$	157
usa	184
usa$	14
usaa	13
usad	7
usai	6
usak	3
usal	12
usam	15
usan	28
usar	67
usat	13
usb	3
usba	3
usc	3
uscl	3
use	67
use$	24
usef	6
useh	6
usen	13
user	9
uset	3
useu	4
usf	4
usfu	4
ush	565
ush$	62
usha	193
ushb	10
ushc	3
ushd	10
ushe	6
ushh	4
ushi	54
ushk	31
ushm	27
ushn	14
usho	18
ushp	16
ushr	18
usht	67
ushu	6
ushy	21
usi	56
usi$	22
usib	6
usic	9
usin	12
usiy	3
usk	31
uska	11
uskh	5
usku	11
usl	19
usla	9
usli	9
usm	19
usma	11
usmr	7
usn	8
usne	6
uso	11
uson	8
usp	15
uspa	6
uspe	7
usr	20
usra	9
usre	6
usri	3
uss	39
uss$	6
ussa	20
usse	12
ust	180
ust$	17
usta	56
uste	11
usth	18
usti	22
usto	19
ustr	28
ustu	4
usty	3
usu	33
usuc	10
usud	3
usuf	9
usul	3
usum	6
usv	3
usw	5
uswa	5
ut	1894
ut$	268
uta	298
uta$	60
utaa	44
utab	4
utak	12
utam	16
utan	46
utar	51
utat	24
utav	21
utaw	6
utay	5
utb	8
utba	6
utc	6
utch	6
utd	3
utdo	3
ute	104
ute$	43
uted	3
uteg	3
utel	12
uten	7
uter	30
utey	3
utf	3
utfi	3
uth	231
uth$	23
utha	123
uthb	4
uthe	21
uthi	20
uthk	3
uthl	4
utho	14
uthr	6
utht	3
uthw	3
uti	264
uti$	104
utic	13
utif	3
utik	37
util	10
utio	15
utip	5
utiq	3
utir	4
utis	3
utit	3
utiv	3
utiy	60
utk	43
utka	23
utkh	3
utkr	6
utku	8
utl	11
utle	3
utli	4
utlo	3
utm	5
utmi	3
utn	25
utna	9
utne	5
utni	8
utno	3
uto	74
uto$	12
utob	5
utof	3
utog	3
utoi	3
utom	12
uton	30
utor	3
utos	3
utp	78
utpa	52
utpi	3
utpo	4
utpr	9
utpt	3
utpu	7
utr	128
utr$	9
utra	71
utre	4
utri	31
utro	12
uts	55
uts$	5
utsa	40
utse	3
utso	3
utsu	4
utt	191
utt$	7
utta	92
utte	28
uttg	3
utth	6
utti	21
uttl	3
utto	5
uttr	22
uttu	3
utu	38
utu$	6
utua	3
utub	12
utur	12
utv	33
utv$	15
utva	13
utvi	5
uty	26
uty$	9
utya	6
utye	3
utyu	6
uu	75
uu$	19
uuc	3
uuch	3
uud	9
uud$	4
uuj	6
uujh	5
uul	5
uum	3
uum$	3
uun	5
uup	8
uupa	4
uur	7
uus	3
uus$	3
uut	3
uv	236
uv$	12
uva	112
uva$	8
uvaa	10
uvad	3
uvai	6
uvak	14
uval	8
uvan	38
uvao	3
uvar	10
uvas	3
uvat	3
uvav	3
uve	15
uve$	3
uvee	4
uven	3
uver	3
uvi	71
uvic	3
uvid	47
uvig	5
uvik	11
uvn	3
uvne	3
uvo	9
uvo$	3
uvon	6
uvr	3
uvra	3
uvt	6
uvti	6
uvv	3
uvve	3
uw	33
uwa	30
uwaa	3
uwah	5
uwai	6
uwal	5
uwan	6
uwar	3
ux	5
uxe	4
uxem	4
uy	54
uy$	4
uya	25
uya$	4
uyaa	3
uyan	7
uyay	6
uye	15
uye$	9
uyer	5
uyi	4
uyo	4
uyog	3
uz	36
uz$	5
uza	12
uzaf	7
uzb	4
uzi	3
uzl	3
uzlo	3
uzu	6
uzuk	3
v	10820
v$	768
va	4487
va$	293
vaa	408
vaa$	20
vaab	6
vaac	4
vaad	97
vaah	26
vaai	6
vaaj	4
vaak	4
vaal	22
vaam	10
vaan	65
vaao	3
vaap	6
vaar	35
vaas	67
vaat	13
vaav	3
vaay	11
vaaz	3
vab	33
vab$	3
vabd	5
vabh	17
vabi	4
vac	51
vacc	5
vach	43
vacu	3
vad	349
vad$	89
vada	50
vade	5
vadh	49
vadi	117
vado	23
vadv	4
vady	5
vae	19
vae$	5
vaee	4
vaen	5
vaey	3
vag	50
vaga	21
vage	3
vagh	4
vagi	4
vagr	9
vagu	3
vagy	5
vah	157
vah$	30
vaha	59
vahe	9
vahi	51
vaho	7
vai	168
vai$	11
vaib	6
vaic	3
vaid	46
vaig	11
vaik	4
vail	3
vaim	4
vain	5
vair	6
vais	32
vait	11
vaiv	9
vaiy	15
vaj	57
vaj$	9
vaja	23
vaje	4
vaji	5
vajj	3
vajo	7
vajp	3
vajr	3
vak	200
vak$	100
vaka	35
vaki	11
vako	16
vakr	6
vaks	3
vakt	18
vaky	6
val	316
val$	66
vala	53
vald	3
vale	57
vali	69
valk	5
vall	20
valm	9
valo	13
vals	3
valu	13
valy	3
vam	33
vam$	10
vama	8
vami	9
van	631
van$	201
vana	76
vanc	26
vand	31
vane	20
vang	11
vani	96
vank	8
vann	3
vano	16
vanp	6
vans	81
vant	18
vanu	14
vanv	8
vany	13
vao	12
vaon	12
vap	40
vapa	8
vaph	3
vapi	6
vapo	7
vapr	8
vapu	7
var	664
var$	101
vara	73
varb	4
varc	5
vard	81
vare	4
varg	39
vari	56
varj	6
vark	5
varm	3
varn	40
varo	24
vars	55
vart	133
varu	13
vary	15
vas	504
vas$	58
vasa	67
vasc	6
vase	8
vash	88
vasi	68
vask	6
vasn	7
vaso	17
vast	140
vasu	30
vasy	3
vat	319
vat$	100
vata	53
vate	18
vati	97
vatm	8
vato	10
vatr	3
vats	9
vatt	11
vav	41
vava	12
vave	5
vavi	15
vavj	3
vay	137
vay$	13
vaya	59
vaye	15
vayi	9
vayn	3
vays	4
vayu	32
vb	26
vbh	24
vbha	18
vbhu	5
vc	14
vc$	8
vch	5
vche	5
vd	79
vd$	6
vda	27
vda$	3
vdaa	5
vdan	5
vdas	12
vdh	33
vdha	20
vdhe	3
vdhi	7
vdi	4
vdu	7
vdur	6
ve	1112
ve$	169
vea	4
veal	3
vec	9
vech	6
vect	3
ved	166
ved$	29
veda	90
vedi	25
vedm	3
vedn	10
vedo	3
vee	85
veed	3
veen	22
veer	50
veg	24
veg$	11
vega	4
vegy	3
veh	12
veha	3
vehi	8
vei	13
vein	9
vej	4
vej$	4
vek	38
vek$	3
veka	7
vekp	3
veks	25
vel	68
vel$	23
vele	8
veli	11
vell	3
velo	12
velt	4
vely	3
vem	9
veme	8
ven	126
ven$	40
vena	3
venc	5
vend	8
veng	6
veni	13
venk	18
venp	3
vens	5
vent	22
vep	3
vepa	3
ver	210
ver$	78
vera	12
verc	3
verd	8
vere	7
verf	3
verh	3
veri	4
verm	5
vern	20
vero	7
verp	3
vers	40
vert	3
very	13
ves	134
ves$	8
vesh	109
vesi	3
vest	13
vet	24
vet$	4
veta	7
veti	3
vett	6
vey	9
vey$	9
vez	3
vez$	3
vg	35
vga	19
vgad	3
vgan	6
vgat	5
vgay	3
vge	3
vgee	3
vgr	4
vgra	4
vgy	5
vgya	5
vh	27
vha	16
vha$	3
vhan	3
vhar	8
vhe	3
vhi	4
vhp	3
vhp$	3
vi	2871
vi$	244
via	24
via$	15
viat	3
vib	93
vibe	4
vibh	83
vibr	6
vic	104
vice	23
vich	62
vick	5
vict	12
vid	469
vid$	23
vida	27
vidd	3
vide	47
vidh	225
vidi	16
vido	12
vidr	12
vidu	11
vidv	17
vidw	4
vidy	72
vie	34
vie$	11
view	19
vif	9
vifa	9
vig	83
viga	10
vigh	16
vigr	4
vigy	49
vih	17
viha	9
vihi	7
vij	63
vij$	6
vija	34
vije	17
viji	3
viju	3
vik	254
vik$	55
vika	92
vike	6
vikh	18
viki	5
vikl	5
viko	3
vikr	48
viks	17
vikt	4
vil	114
vil$	14
vila	46
vile	6
vili	11
vilk	3
vill	12
vilo	6
vils	7
vilu	6
vim	31
vima	25
vimo	3
vimu	3
vin	258
vin$	69
vina	52
vinc	5
vind	43
vine	8
ving	23
vini	38
vino	10
vint	3
viny	3
vio	3
viol	3
vip	56
vip$	8
vipa	20
vipi	8
vipo	3
vipr	6
vipu	6
vir	189
vir$	23
vira	57
virb	5
virc	3
vire	23
virg	10
viro	27
virt	6
viru	27
viry	4
vis	470
vis$	14
visa	26
vise	3
visf	3
vish	348
visi	28
vism	4
vist	34
visu	3
visv	4
vit	158
vit$	42
vita	42
viti	10
vitp	3
vitr	30
vitt	20
vitv	3
vity	7
viv	132
viv$	3
viva	85
vive	18
vivi	22
vivo	3
viy	62
viy$	9
viya	31
viyi	3
viyo	16
vj	34
vja	18
vjan	12
vje	3
vjee	3
vji	6
vji$	6
vjo	3
vju	4
vjud	4
vk	54
vka	28
vkaa	4
vkal	12
vkar	7
vkas	5
vki	6
vki$	3
vkin	3
vko	8
vkon	4
vkot	3
vku	8
vkum	3
vkut	3
vl	38
vla	10
vla$	3
vlad	4
vle	6
vli	17
vli$	7
vlin	7
vliy	3
vlo	5
vlok	4
vm	21
vm$	4
vma	7
vman	4
vmay	3
vmi	4
vmi$	4
vmo	3
vmog	3
vn	81
vn$	3
vna	39
vna$	6
vnae	3
vnag	5
vnam	3
vnao	6
vnat	9
vnay	3
vne	9
vnee	3
vner	3
vnes	3
vni	27
vni$	10
vnir	9
vniy	7
vo	260
vo$	28
voc	12
voca	6
voch	4
vod	11
voda	3
vodi	3
vodk	5
voh	6
voha	4
voi	13
voic	9
vol	37
vole	4
voll	3
volt	14
volu	11
volv	3
von	107
von$	105
vop	3
vopa	3
vor	6
vor$	3
vot	25
vote	4
voti	3
voto	6
votp	3
vott	8
vou	4
vouc	3
voy	3
voy$	3
vp	40
vpa	6
vpal	5
vpr	13
vpra	13
vpu	18
vpur	15
vput	3
vr	239
vra	79
vra$	10
vrag	3
vrah	6
vraj	8
vrak	3
vran	12
vras	3
vrat	30
vri	92
vrid	20
vrih	5
vrik	8
vrin	6
vris	8
vrit	42
vro	10
vro$	3
vrod	5
vru	49
vrud	6
vruk	8
vrus	3
vrut	30
vs	115
vs$	4
vsa	34
vsad	4
vsag	3
vsam	4
vsan	3
vsar	9
vsay	6
vse	7
vsen	7
vsh	45
vsha	19
vshe	7
vsho	5
vshr	6
vshy	8
vst	18
vsth	16
vsv	4
vt	54
vt$	3
vta	34
vta$	9
vtaa	3
vtal	3
vtao	3
vtar	8
vtav	4
vti	6
vtiy	4
vtr	3
vu	10
vu$	3
vuk	3
vukt	3
vv	38
vva	17
vval	4
vvar	8
vve	7
vve$	3
vvi	13
vvig	8
vviv	4
vy	414
vy$	25
vya	331
vya$	34
vyaa	6
vyad	9
vyag	3
vyak	70
vyam	3
vyan	30
vyap	29
vyar	3
vyas	42
vyat	12
vyav	73
vyay	16
vyi	3
vyit	3
vyk	3
vykt	3
vyo	21
vyom	5
vyon	16
vyt	3
vyu	15
vyug	3
vyut	4
vyuv	6
vyv	8
vyva	7
w	3422
w$	119
wa	2355
wa$	89
waa	164
waa$	5
waab	4
waad	32
waai	5
waaj	3
waal	27
waam	6
waan	19
waar	21
waas	14
waat	4
waay	6
waaz	6
wab	41
wab$	8
wabd	3
wabh	18
wabl	3
wabo	7
wac	32
wacc	6
wach	26
wad	173
wad$	50
wada	30
wade	7
wadh	14
wadi	69
waf	7
wafa	6
wag	21
waga	5
wage	6
wago	5
wah	57
wah$	12
waha	25
wahi	15
waho	3
wai	43
wai$	16
wais	3
wait	13
waiy	4
waj	43
waj$	14
waja	17
waje	4
waji	5
wajo	3
wak	27
wak$	3
waka	14
wako	6
wal	304
wal$	55
wala	72
wald	3
wale	39
wali	72
walj	3
walk	17
wall	12
walo	19
wals	3
walt	6
wam	41
wama	3
wami	30
wan	245
wan$	78
wana	28
wanc	5
wand	14
wane	13
wang	4
wani	58
wano	9
wanp	6
wans	9
want	19
wap	28
wap$	3
wapa	9
wapi	5
wapn	7
wapr	4
waq	5
waqt	5
war	572
war$	230
wara	39
warb	5
warc	4
ward	44
ware	38
warf	3
warg	22
wari	55
wark	6
warm	6
warn	16
waro	36
warp	4
warr	14
wars	8
wart	11
waru	17
wary	10
was	162
was$	37
wasa	15
wase	3
wash	25
wasi	26
waso	5
wast	45
wat	132
wat$	43
wata	16
watc	8
wate	9
wati	45
watp	3
wav	26
wave	7
wavi	16
wavy	3
wax	4
way	117
way$	58
waya	53
wayu	3
waz	19
waz$	4
wazi	13
wb	13
wbe	9
wber	9
wbo	3
wc	4
wd	12
wd$	3
wda	3
wde	3
wder	3
wdf	3
wdfu	3
we	256
we$	6
wea	17
weal	3
wear	8
weat	3
web	21
web$	4
webd	3
webs	13
wec	11
wecc	3
wech	7
wed	12
wed$	3
weda	4
wedi	3
wee	47
week	17
ween	3
weep	19
weet	8
weg	7
wegi	3
wei	4
weig	4
wej	3
wel	48
wel$	9
welf	5
weli	5
well	24
wen	9
went	4
wer	42
wer$	29
were	3
werh	3
wero	3
wers	3
wes	12
wesh	3
west	7
wet	13
wet$	4
weta	6
wf	3
wfu	3
wful	3
wg	3
wh	51
wha	17
whal	4
what	12
whe	18
whee	12
when	6
whi	14
whir	3
whis	3
whit	6
wi	294
wi$	10
wic	19
wich	8
wick	11
wid	11
wide	6
wif	9
wifi	6
wift	3
wig	3
wik	44
wika	24
wiki	7
wikr	12
wil	39
wila	4
wild	3
will	27
wils	4
wim	9
wimb	3
wimm	3
win	78
win$	19
wind	15
wine	10
wing	24
wink	3
wins	4
wip	5
wipi	3
wir	8
wire	8
wis	20
wisd	5
wish	3
wist	8
wit	33
wit$	4
witc	8
witi	7
witt	7
witz	3
wj	5
wje	4
wjer	3
wk	6
wk$	5
wl	15
wl$	5
wla	4
wla$	3
wle	3
wli	3
wn	38
wn$	16
wna	4
wnat	4
wne	6
wne$	3
wner	3
wni	4
wo	154
wo$	5
woh	6
woh$	6
wol	3
wolf	3
won	13
wond	9
woo	36
wood	34
wor	87
word	22
work	35
worl	16
wors	3
wort	8
wp	3
wpo	3
wpor	3
wr	21
wra	5
wre	3
wren	3
wri	13
writ	10
ws	44
ws$	20
wse	8
wser	6
wsh	7
wshi	6
wsl	3
wsle	3
wsp	3
wspr	3
wsw	3
wswe	3
wt	7
wth	4
wth$	4
wto	3
wton	3
ww	5
wwa	5
wwal	3
wy	10
wya	6
wyas	3
wyo	4
wyor	3
x	383
x$	121
xa	12
xa$	3
xan	3
xand	3
xas	3
xas$	3
xat	3
xati	3
xc	6
xch	5
xcha	5
xe	36
xe$	10
xec	3
xecu	3
xed	3
xed$	3
xel	3
xel$	3
xem	4
xemb	4
xer	12
xer$	7
xers	5
xf	9
xfo	6
xfor	6
xi	84
xi$	10
xia	8
xia$	5
xib	3
xibl	3
xic	12
xic$	3
xica	6
xico	3
xid	15
xida	3
xide	12
xie	3
xie$	3
xim	3
xin	13
xing	9
xis	3
xis$	3
xit	4
xit$	4
xiy	3
xm	6
xma	3
xman	3
xmi	3
xo	7
xo$	3
xon	4
xon$	4
xp	27
xp$	3
xpe	3
xpen	3
xpl	3
xpla	3
xpo	6
xpo$	3
xpor	3
xpr	12
xpre	12
xr	5
xra	5
xray	5
xt	30
xt$	6
xte	4
xten	4
xti	3
xtil	3
xtr	11
xtra	4
xtre	6
xtu	3
xtur	3
xu	4
xus	3
xus$	3
xw	3
xwe	3
xwel	3
xy	31
xy$	20
xyd	3
xyde	3
xyg	3
xyge	3
xyt	3
xyto	3
y	13354
y$	2492
ya	6383
ya$	1862
yaa	465
yaa$	125
yaab	4
yaad	17
yaag	7
yaah	5
yaaj	8
yaak	5
yaal	13
yaam	14
yaan	112
yaao	6
yaap	19
yaar	19
yaas	26
yaat	25
yaav	8
yaay	43
yaaz	5
yab	66
yab$	14
yaba	10
yabh	28
yabi	10
yac	29
yach	29
yad	173
yad$	20
yada	45
yadd	3
yade	13
yadg	3
yadh	43
yadi	16
yadn	3
yado	9
yadu	9
yadv	5
yae	10
yaen	6
yaf	6
yafa	6
yag	80
yag$	14
yaga	9
yagh	17
yagi	6
yagn	4
yagp	4
yagr	12
yagy	11
yah	32
yah$	10
yaha	10
yahi	3
yaho	4
yahu	5
yai	19
yai$	19
yaj	48
yaj$	11
yaja	6
yaje	8
yaji	6
yajm	4
yaju	10
yak	440
yak$	102
yaka	105
yake	3
yakh	15
yaki	6
yako	19
yakr	22
yaks	69
yakt	68
yaku	21
yakv	6
yakw	4
yal	181
yal$	54
yala	81
yale	4
yali	16
yalo	9
yalp	3
yalu	11
yaly	3
yam	290
yam$	103
yama	71
yamb	7
yamg	5
yami	40
yamj	3
yaml	5
yamo	16
yamp	7
yamr	4
yams	9
yamu	12
yamv	4
yan	988
yan$	586
yana	65
yanb	5
yane	5
yang	37
yani	55
yanj	10
yank	44
yann	3
yano	31
yanp	11
yans	10
yant	97
yanu	4
yanv	18
yao	34
yaon	30
yap	179
yap$	6
yapa	75
yape	3
yapi	28
yapo	6
yapp	3
yapr	18
yapt	16
yapu	22
yar	229
yar$	92
yara	28
yarb	5
yard	3
yare	11
yari	20
yarl	8
yarn	5
yaro	28
yarp	4
yars	4
yart	15
yas	293
yas$	44
yasa	51
yash	96
yasi	13
yask	14
yasm	6
yaso	7
yast	37
yasu	16
yasw	5
yat	536
yat$	147
yata	199
yate	11
yath	36
yati	27
yatm	35
yatn	13
yato	18
yatr	37
yatt	9
yau	17
yaug	3
yaun	10
yav	227
yav$	3
yava	165
yave	10
yavh	6
yavi	13
yavn	3
yavo	3
yavr	11
yavs	11
yaw	24
yawa	23
yay	146
yay$	27
yaya	74
yaye	3
yayi	12
yayn	3
yayo	4
yayp	8
yays	4
yayu	3
yayv	5
yaz	9
yaz$	7
yb	44
yba	11
ybad	4
ybal	5
ybe	16
yber	14
ybh	6
ybha	4
ybo	7
yboa	6
yc	56
yc$	5
yce	9
ycem	3
ycer	4
ych	8
ycha	6
ycl	26
ycle	15
ycli	11
yco	5
ycol	3
yd	74
yd$	5
yda	22
yda$	4
ydaa	7
ydad	4
ydar	3
yde	14
yde$	4
yden	3
yder	4
ydn	3
ydo	4
ydon	4
ydr	24
ydra	9
ydro	14
ye	761
ye$	374
yea	7
year	3
yed	6
yed$	4
yee	11
yee$	8
yeg	43
yega	25
yegi	17
yei	27
yein	27
yek	9
yek$	6
yel	7
yela	3
yen	180
yen$	135
yena	3
yend	3
yeng	33
yens	4
yep	5
yepa	4
yer	30
yer$	25
yero	3
yes	33
yes$	5
yesh	20
yest	3
yesu	3
yet	14
yeta	10
yev	6
yeva	3
yey	4
yey$	4
yf	6
yfa	3
yfi	3
yfis	3
yg	17
yga	5
yge	3
ygen	3
ygr	6
ygra	3
ygro	3
yi	281
yi$	110
yie	4
yiel	3
yik	75
yik$	30
yika	35
yiko	3
yikt	4
yin	36
yin$	6
ying	17
yini	6
yins	3
yio	6
yion	6
yip	3
yipp	3
yis	3
yit	27
yit$	6
yita	3
yitr	6
yitv	12
yiy	16
yiyo	11
yj	8
yja	6
yjal	3
yk	74
yka	36
ykal	10
ykan	3
ykar	13
ykat	6
yke	7
yked	6
ykr	8
ykra	5
yks	9
yksh	9
ykt	5
ykti	3
yl	71
yl$	4
yla	10
yla$	3
ylan	6
yle	22
yle$	15
yles	4
yli	16
ylin	14
ylo	11
ylon	6
ylv	6
ylva	5
ym	58
ym$	4
yma	11
ymal	3
yman	6
ymc	3
ymca	3
ymi	6
ymit	3
ymk	3
ymkh	3
ymn	4
ymna	4
ymo	10
ymon	8
ymp	12
ymph	3
ympi	9
ymu	3
yn	85
yn$	9
yna	26
yna$	6
ynag	6
ynam	6
ynat	3
ynd	5
yndr	3
yne	12
yne$	8
ynes	4
yni	8
yniy	3
yno	5
ynon	4
ynt	13
ynth	9
yo	2020
yo$	51
yoc	6
yoch	6
yod	31
yoda	11
yodd	8
yodh	9
yog	275
yog$	76
yoga	27
yogd	9
yoge	6
yogh	6
yogi	79
yogk	3
yogo	18
yogp	9
yogs	15
yogt	3
yogy	23
yoh	10
yoha	9
yoj	85
yoja	50
yoji	21
yojn	12
yok	15
yokt	14
yol	4
yol$	4
yom	9
yom$	3
yomk	6
yon	1419
yon$	1396
yona	3
yoni	8
yonm	3
yoo	7
yoon	6
yop	4
yor	15
yor$	4
york	6
yors	3
yot	51
yot$	5
yota	3
yoti	36
yoto	3
yots	4
you	30
youn	12
your	8
yous	3
yout	7
yov	5
yova	5
yp	97
ypa	27
ypal	8
ypar	4
ypas	8
ypat	5
ype	24
ype$	11
yper	7
ypew	6
yph	6
ypho	4
ypi	5
ypin	4
ypn	3
ypno	3
ypo	8
ypot	6
ypr	7
ypra	5
yps	3
ypu	12
ypur	10
yr	56
yra	12
yra$	3
yraj	3
yram	4
yre	7
yre$	6
yri	19
yria	3
yric	3
yrig	3
yrin	3
yriy	4
yro	12
yroi	9
yron	3
yru	5
ys	134
ys$	6
ysa	18
ysag	3
ysan	3
ysar	3
ysay	5
yse	4
ysh	25
ysha	16
yshi	5
yshr	3
ysi	27
ysia	5
ysic	9
ysin	5
ysio	3
ysis	3
ysk	4
ysm	3
ysm$	3
yso	6
yson	3
ysr	4
ysr$	3
yst	30
ysta	5
yste	20
ysth	4
ysu	3
yt	58
yta	23
yta$	13
ytaa	4
yte	11
yte$	5
yth	11
ytha	4
ythe	5
yti	7
yti$	3
ytic	4
yto	4
yu	457
yu$	68
yua	3
yub	5
yud	66
yuda	8
yudd	25
yude	3
yudh	26
yug	40
yug$	12
yuga	12
yuge	3
yugi	4
yugo	9
yuk	77
yukt	75
yul	5
yuli	3
yum	14
yuma	10
yumn	4
yun	38
yun$	11
yuna	7
yund	3
yuni	4
yunk	5
yunn	3
yunu	3
yuo	7
yuon	7
yur	36
yur$	6
yurb	3
yure	3
yuri	6
yurv	18
yus	25
yuse	3
yush	12
yust	3
yusu	7
yut	23
yut$	11
yuta	3
yutp	4
yutt	3
yuv	40
yuva	29
yuvr	3
yuvt	6
yuy	6
yuya	5
yv	48
yva	38
yvaa	3
yvac	3
yvad	4
yvah	7
yval	8
yvas	9
yvi	6
yvik	3
yw	29
ywa	11
ywad	3
ywar	3
ywat	4
ywo	18
ywoo	18
yy	43
yya	37
yya$	5
yyaa	3
yyab	3
yyad	6
yyan	4
yyap	3
yyar	7
yyas	6
yye	4
z	805
z$	152
za	254
za$	40
zaa	25
zaad	9
zaam	4
zaar	5
zab	14
zaba	6
zabe	7
zad	15
zadi	6
zaf	9
zaff	7
zah	9
zaha	5
zahr	4
zak	12
zakh	4
zaki	5
zal	10
zal$	8
zam	34
zam$	8
zama	6
zame	3
zami	6
zamu	5
zan	19
zan$	9
zap	3
zapu	3
zar	52
zar$	13
zara	13
zard	3
zari	10
zaro	7
zat	6
zati	4
zb	19
zba	5
zbo	5
zboo	5
zbu	7
zbur	3
zd	15
zde	6
zdee	6
zdi	3
zdik	3
zdo	3
zdoo	3
ze	80
ze$	19
zeb	3
zeb$	3
zec	3
zech	3
zed	4
zed$	4
zee	6
zeel	3
zeh	3
zehe	3
zen	10
zen$	7
zer	27
zer$	14
zerl	3
zero	6
zet	3
zh	18
zha	5
zhaa	3
zhi	7
zhik	6
zho	3
zhou	3
zi	135
zi$	34
zia	6
ziab	3
zid	10
zid$	5
zidd	5
zik	3
zikr	3
zil	16
zil$	4
zili	6
zill	3
zim	5
zim$	5
zin	25
zinc	3
zind	10
zine	3
zing	4
zint	5
zip	3
zipu	3
zir	18
zir$	8
zirg	3
ziri	3
zirp	3
ziy	6
ziyo	5
ziz	4
ziz$	4
zl	3
zlo	3
zlon	3
zm	22
zm$	3
zma	9
zma$	3
zme	3
zmee	3
zmi	6
zmi$	6
zo	49
zon	25
zon$	17
zone	5
zont	3
zoo	11
zool	6
zoom	3
zor	7
zora	5
zp	4
zr	6
zra	5
zu	17
zub	4
zuba	3
zuk	4
zuki	3
zur	5
zv	6
zvi	3
zvi$	3
zw	4
zwa	4
zwan	4
zz	12
zz$	7
zza	3
zza$	3
