অংশীদারি	ongshidari
অকট্যাল	octal
অকারণে	akarane
অকালবোধন	akalbodhon
অক্ষমতার	akkhamatar
অখুশি	akhushi
অগাস্ট	august
অগ্নি	ogni
অগ্নিকাণ্ডের	ognikander
অগ্নিকুণ্ডে	ognikunde
অগ্নিযুগের	ognijuger
অগ্রগতি	agrogoti
অগ্রগামী	agrogami
অগ্রণী	ogroni
অগ্রযাত্রাকে	agrojatrake
অগ্রযাত্রার	agrojatrar
অঙ্কের	onker
অঙ্গ	ongo
অঙ্গন	angan
অচেতন	ocheton
অচেনা	ochena
অজু	oju
অঞ্চলভিত্তিক	ancholvittik
অঞ্জলি	anjali
অটো	auto
অটোমোবাইল	automobile
অটোম্যান	automan
অডিও	audio
অডিশন	audition
অণুগুলোর	anugulor
অতি	oti
অতিথিদের	otithider
অতিরঞ্জিত	atiranjito
অতিলৌকিক	atiloukik
অতুলপ্রসাদ	atulprasad
অথবা	othoba
অথরিটি	authority
অধিকার	adhikar
অধিকারীদের	adhikarider
অধিকারের	odhikarer
অধিগ্রহণ	adhigrahan
অধিবাসীদের	adhibasider
অধিবাসীরা	adhibasira
অধীর	adhir
অধুনিক	adhunik
অন	on
অনন্তকাল	anantokal
অনবদ্য	anabadya
অনাহত	anahato
অনাহার	anahar
অনাহারের	anaharer
অনিকেত	aniket
অনিতা	anita
অনিবন্ধিত	anibandhito
অনিবার্য	anibarjo
অনির্দিষ্ট	anirdishto
অনির্ধারিত	anirdharito
অনিষ্টের	anishter
অনীহা	aniha
অনুজ	anuj
অনুতাপের	anutaper
অনুদান	anudan
অনুদানে	anudane
অনুদানের	anudaner
অনুধাবন	anudhabon
অনুধাবনে	anudhabone
অনুপ্রাণিত	anupranito
অনুপ্রেরণা	anuprerona
অনুপ্রেরণার	anupreronar
অনুবাদ	anubad
অনুবাদিত	onubadito
অনুবাদের	onubader
অনুভবের	onuvober
অনুভুতি	onuvuti
অনুভূত	onuvuto
অনুমতির	anumotir
অনুমান	anuman
অনুরুপ	anurup
অনুরূপ	anurup
অনুরোধ	anurodh
অনুলিপি	anulipi
অনেক	anek
অনেকখানি	anekkhani
অনেকগুণ	onekgun
অনেকবার	onekbar
অনেকরকম	onekrokom
অনেকে	oneke
অনেকেই	onekei
অনেকের	oneker
অন্তরঙ্গ	antarango
অন্তর্বাস	antarbas
অন্যভাবে	anyabhabe
অন্যরা	annora
অপটিক্যাল	optical
অপর	apor
অপরজন	oporjon
অপরটিকে	oportike
অপরটিতে	oportite
অপারেটর	operator
অপারেটররা	operatorra
অপারেটিং	operating
অপারেশনটি	operationti
অপারেশনের	operationer
অপারেশানের	operationer
অপুর্ব	apurbo
অপূর্ণ	apurno
অপূর্ব	apurbo
অপেক্ষা	apekkha
অপেক্ষাও	apekkhao
অপেক্ষাকৃত	apekkhakrito
অপেক্ষারত	apekkharato
অপেরা	opera
অপেরাতে	operate
অপ্রধান	aprodhan
অফ	off
অফার	offer
অফিসকে	officeke
অফিসার	officer
অফিসারকে	officerke
অফিসারদেরকে	officerderke
অফিসাররা	officerra
অফিসারের	officerer
অফিসার্স	officers
অবজেক্ট	object
অববাহিকা	abobahika
অববাহিকার	abobahikar
অবমুক্ত	abomukto
অবমুক্তি	abomukti
অবরোধ	aborodh
অবরোধকে	aborodhke
অবরোধে	aborodhe
অবলুপ্ত	abolupto
অবলুপ্তি	abolupti
অবসরপ্রাপ্ত	abasarprapta
অবসাদের	abasader
অবিনাশ	abinash
অবৈধ	aboidho
অভদ্র	avadra
অভিঘাত	obhighat
অভিজাত	obhijat
অভিজাতদের	obhijatder
অভিজ্ঞতা	oviggota
অভিমান	aviman
অভিমুখে	ovimukhe
অভিযোগও	obhijogo
অভিযোগে	obhijoge
অভিশাপ	ovishap
অভিশাপের	ovishaper
অভ্যাস	ovyas
অভ্রান্ত	ovranto
অমঙ্গলের	omongoler
অমন	omon
অমরনাথ	amornath
অমরনাথের	amornather
অমলেন্দু	amolendu
অমলের	amoler
অমানবিক	amanobik
অমিত	amit
অমিতাভ	amitabh
অমিলের	omiler
অমৃতসর	amritsar
অমৃতসরের	amritsarer
অমেরুদণ্ডী	omerudondi
অমেরুদন্ডী	omerudondi
অমোঘ	omogh
অম্বিকা	ambika
অরিগামি	origami
অরেঞ্জ	orange
অর্কিডের	orkider
অর্গানাইজেশন	organisation
অর্গানিক	organic
অর্জনকারী	orjonkari
অর্ডার	order
অর্ডারের	orderer
অর্ণব	ornob
অর্ণবের	ornober
অর্থটি	orthoti
অর্থদণ্ডের	orthodonder
অর্থনীতিবিদ	orthonitibid
অর্থপূর্ণ	orthopurno
অর্থাত	orthat
অর্থে	orthe
অর্থের	orther
অর্ধ	ordho
অর্ধপরিবাহী	ordhoporibahi
অর্ধেককে	ordhekke
অর্ধেকের	ordheker
অর্ধেকেরও	ordhekero
অর্ধের	ordher
অর্বাচীন	orbachin
অল	all
অলি	oli
অলিভার	oliver
অল্পদিনেই	alpadinei
অশোক	oshok
অসমান	osoman
অসমাপ্ত	osomapto
অসলো	oslo
অসলোতে	oslote
অসুখের	osukher
অস্কার	oscar
অস্টিন	ostin
অস্ত্রাগার	ostragar
অস্ত্রাগারের	ostragarer
অস্থির	asthir
অস্থিরতা	asthirota
অস্থিরতার	asthirotar
অস্পৃশ্যতা	asprishyota
অস্বাভাবিক	aswabhabik
অস্বীকারকারীদের	aswikarkarider
অস্বীকারের	aswikarer
অস্বীকৃত	aswikrito
অহম	ahom
অহমিকা	ahomika
অাগে	age
অার	ar
অারো	aro
অালম	alam
অ্যাকটিং	acting
অ্যাকর্ড	accord
অ্যাকশন	action
অ্যাকাডেমি	academy
অ্যাক্ট	act
অ্যাক্টর	actor
অ্যাক্টরস	actors
অ্যাক্টের	acter
অ্যাঙ্কর	anchor
অ্যাঙ্গোলা	angola
অ্যাঞ্জেলা	angela
অ্যাটর্নি	attorney
অ্যাটলাস	atlas
অ্যাডভোকেট	advocate
অ্যাডমিরাল	admiral
অ্যাডাম	adam
অ্যাড্রেনালিন	adrenalin
অ্যাণ্ড	and
অ্যাথলেটিক্স	athletics
অ্যানাল	anal
অ্যানালগ	analog
অ্যানালিস্ট	analyst
অ্যানি	ani
অ্যানিমেশন	animation
অ্যানিমেশনের	animationer
অ্যানোনিমাসের	anonymouser
অ্যান্টনি	antony
অ্যান্টি	anti
অ্যান্টিবডি	antibody
অ্যান্টেনার	antenar
অ্যান্টোনিও	antonio
অ্যান্ড	and
অ্যান্ডারসন	anderson
অ্যান্ডারসনের	andersoner
অ্যান্ডি	andi
অ্যান্ড্রয়েড	android
অ্যান্ড্রু	andru
অ্যাপলের	appler
অ্যাপারচার	aperture
অ্যাপার্টমেন্ট	apartment
অ্যাপ্লিকেশন	application
অ্যাপ্লিকেশনের	applicationer
অ্যাব্রাহাম	abraham
অ্যাভারেজ	average
অ্যামিকাস	amicas
অ্যামেজিং	amazing
অ্যামেরিকা	america
অ্যামেরিকান	american
অ্যাম্বুলেন্স	ambulance
অ্যারিজোনা	arizona
অ্যারিস্টটল	aristotle
অ্যালবামটি	albumti
অ্যালবামের	albumer
অ্যালবার্ট	albert
অ্যালার্জি	allergy
অ্যালিস	alice
অ্যালেক্স	alex
অ্যালেক্সিস	alexis
অ্যালো	aloe
অ্যাশটন	ashton
অ্যাসেম্বলি	assembly
আংটি	angti
আইআইজি	iig
আইআইটি	iit
আইএনএস	ins
আইএফএ	ifa
আইএমএফ	imf
আইএমও	imo
আইএসও	iso
আইকন	icon
আইজি	ig
আইটি	it
আইডি	id
আইডেন্টিটি	identity
আইডেন্টিফিকেশন	identification
আইনস্টাইন	einstein
আইনি	aini
আইনের	aainer
আইপি	ip
আইপ্যাড	ipad
আইবিএ	iba
আইবিএম	ibm
আইভরি	ivory
আইরিশ	irish
আউট	out
আউটসোর্সিং	outsourcing
আকার	aakar
আকারও	aakaro
আকাশ	aakash
আকাশের	akasher
আকুপাংচার	acupuncture
আকৃতি	akriti
আকৃতিও	akritio
আকৃতিতে	akritite
আকৃতির	akritir
আক্তার	aktar
আখ	akh
আখতার	akhtar
আখতারের	akhtarer
আগস্ট	august
আগাছা	agacha
আগাছার	agachar
আগামী	agami
আগামীকাল	agamikal
আগার	agar
আগুনের	aguner
আগেও	ageo
আগ্রাবাদ	agrabad
আঘাত	aghat
আঘাতজনিত	aghatjonito
আঘাতটি	aghatti
আঘাতেই	aghatei
আঘাতের	aghater
আঙিনার	anginar
আঙুর	angur
আঙুল	angul
আঙুলগুলো	angulgulo
আঙুলের	anguler
আঙ্কারা	ankara
আচার	achar
আজমির	ajmir
আজমের	ajmer
আজমেরী	ajmeri
আজাদ	azad
আজো	ajo
আঞ্জুমানের	anjumaner
আটকানো	atkano
আটলান্টা	atlanta
আটাশ	atash
আড্ডা	adda
আড্ডার	addar
আণবিক	anobik
আতলেতিকো	atletico
আতা	ata
আতাউর	ataur
আতাউল	ataul
আতাত	atat
আতিফ	atif
আত্মা	atma
আদনান	adnan
আদনানের	adnaner
আদল	adol
আদলের	adoler
আদা	ada
আদান	adan
আদানপ্রদান	adanprodan
আদানপ্রদানের	adanprodaner
আদানি	adani
আদাম	adam
আদি	adi
আদিও	adio
আদিকাল	adikal
আদিনা	adina
আদিনিবাস	adinibas
আদিব	adib
আদিবাসী	adibasi
আদিবাসীদের	adibasider
আদিবাসীর	adibasir
আদিম	adim
আদেল	adel
আদেশ	adesh
আদেশে	adeshe
আদেশের	adesher
আদৌ	adou
আদ্র	adro
আধা	adha
আধান	adhan
আধানের	adhaner
আধিকারিক	adhikarik
আধিকারিকদের	adhikarikder
আধুনিককালের	adhunikkaler
আধো	adho
আনলিমিটেড	unlimited
আনলো	anlo
আনা	ana
আনাচে	anache
আনারকলির	anarkalir
আনিত	aanito
আনীত	anito
আনুমানিক	anumanik
আনেন	anen
আন্ডার	andar
আন্দার	andar
আন্দ্রে	andre
আন্দ্রেই	andrei
আন্ধার	andhar
আন্না	anna
আপডেট	update
আপডেটেড	updated
আপনাআপনি	apnaapni
আপনাদের	apnader
আপনি	apni
আপলোড	upload
আপসহীন	aposhin
আপাত	apato
আপার	apar
আপীল	appeal
আপেক্ষিক	apekkhik
আপেল	apple
আপ্ত	apto
আফগান	afgan
আফগানদের	afgander
আফগানিস্তান	afghanistan
আফজা	afja
আফটার	after
আফতাব	aftab
আফসান	afsan
আফসানা	afsana
আফিম	afim
আফ্রিকা	africa
আফ্রিকান	african
আব	aab
আবদুল	abdul
আবদুল্লা	abdulla
আবদুল্লাহ	abdullah
আবদুল্লাহ্	abdullah
আবদেল	abdel
আবর্তিত	abortito
আবহের	aboher
আবাদ	abad
আবাদী	abadi
আবারও	abaro
আবারো	abaro
আবাস	abas
আবাসিক	abasik
আবিদ	abid
আবিদা	abida
আবির	abir
আবির্ভাব	abirvab
আবির্ভুত	abirvuto
আবিল	abil
আবিস্কার	abiskar
আবী	abi
আবীর	abir
আবীরের	abirer
আবু	abu
আবৃত	abrito
আবৃত্তির	abrittir
আবেগ	abeg
আবেদ	abed
আবেদিন	abedin
আবেদিনকে	abedinke
আবেশ	abesh
আবোল	abol
আব্দুল্লাহ	abdullah
আব্দুস	abdus
আব্দেল	abdel
আব্বাস	abbas
আব্বাসের	abbaser
আব্রাহাম	abraham
আভি	avi
আভিধানিক	avidhanik
আমখোলা	aamkhola
আমদানি	amdani
আমদানির	amdanir
আমরা	amra
আমরাও	amrao
আমল	amol
আমলা	amla
আমলের	amoler
আমস্টারডাম	amsterdam
আমাজন	amazon
আমার	amar
আমারা	amara
আমি	ami
আমিনপুর	aminpur
আমিনবাজার	aminbazar
আমিনের	aminer
আমির	amir
আমিরাত	amirat
আমিরাতের	amirater
আমেনা	amena
আমের	amer
আমেরিকাতেও	americateo
আমেরিকান	american
আমেরিকানদের	americander
আমেরিকানরা	americanra
আমো	amo
আম্বরখানা	amborkhana
আম্মা	amma
আম্মার	ammar
আযম	ajam
আরএনএ	rna
আরএফ	rf
আরকুম	arkum
আরডিআরএস	rdrs
আরব	arob
আরভিন	arvin
আরভিনের	arviner
আরমানের	armaner
আরা	ara
আরাবী	arabi
আরাম	aram
আরিফের	arifer
আরেকবার	arekbar
আরেফ	aref
আরেফিন	arefin
আরো	aro
আরোহণ	arohon
আরোহণের	arohoner
আরোহন	arohon
আর্চ	arch
আর্ট	art
আর্টস	arts
আর্টিস্ট	artist
আর্টের	arter
আর্ত	arto
আর্তনাদ	artonad
আর্থিক	arthik
আর্নল্ড	arnold
আর্নেস্ট	earnest
আর্ম	arm
আর্মড	armed
আর্মি	army
আর্ল	earl
আর্লি	early
আর্সেনাল	arsenal
আর্সেনালের	arsenaler
আর্সেনিক	arsenic
আল	al
আলগা	alga
আলগী	algi
আলঙ্কারিক	alonkarik
আলটিমেট	ultimate
আলতাফুর	altafur
আলতাব	altab
আলতো	alto
আলপিন	alpin
আলফ্রেড	alfred
আলবা	alba
আলবার্ট	albert
আলমাস	almas
আলমের	alamer
আলহাজ	alhaj
আলাউদ্দিন	alauddin
আলাউদ্দিনের	alauddiner
আলাদা	alada
আলাপ	alap
আলাপচারিতা	alapcharita
আলালের	alaler
আলাস্কা	alaska
আলি	ali
আলিপুর	alipur
আলিম	alim
আলির	alir
আলী	ali
আলীদের	alider
আলীপুর	alipur
আলীম	alim
আলীর	alir
আলু	alu
আলেক্সান্ডার	alexander
আলেপ্পোর	aleppor
আলেমদের	alemder
আলোই	aloi
আলোক	alok
আলোকচিত্র	alokchitro
আলোকচিত্রী	alokchitri
আলোকচিত্রীদের	alokchitrider
আলোকচিত্রের	alokchitrer
আলোকপাত	alokpat
আলোকিত	alokito
আলোচনাকালে	alochanakale
আলোচ্য	alochya
আলোতে	alote
আল্প	alp
আল্লামা	allama
আল্লার	allar
আশরাফ	ashraf
আশা	asha
আশি	ashi
আশিক	ashiq
আশীর্বাদে	aashirbade
আশ্রম	ashram
আশ্রমে	ashrame
আশ্রমের	ashramer
আশ্রিত	ashrito
আসকার	askar
আসছে	asche
আসতো	asto
আসবাবপত্রের	asbabpotrer
আসবাবে	asbabe
আসবে	asbe
আসবেন	asben
আসমান	asman
আসানসোল	asansol
আসামাত্র	asamatro
আসামি	asami
আসুরিক	asurik
আসেন	asen
আসেননি	asenni
আসেনি	aseni
আস্ক	ask
আস্তানা	astana
আস্তানার	astanar
আস্থা	astha
আহতের	ahoter
আহমেদ	ahmed
আহোম	ahom
ইঁট	int
ইঁদুরের	indurer
ইং	ing
ইংরাজিতে	ingrajite
ইংল্যান্ড	england
ইংল্যান্ডকে	englandke
ইংল্যান্ডে	englande
ইংল্যান্ডের	englander
ইউএনএইচসিআর	unhcr
ইউএনও	uno
ইউএনবি	unb
ইউএস	us
ইউএসএ	usa
ইউএসএআইডি	usaid
ইউএসএস	uss
ইউএসবি	usb
ইউকে	uk
ইউক্রেনের	ukrainer
ইউক্লিডের	euclider
ইউজার	user
ইউজিন	eugene
ইউটিউব	youtube
ইউটিলিটি	utility
ইউনাইটেড	united
ইউনাইটেডকে	unitedke
ইউনাইটেডে	unitede
ইউনাইটেডের	uniteder
ইউনানী	unani
ইউনি	uni
ইউনিক্স	unix
ইউনিফর্ম	uniform
ইউনিফর্মের	uniformer
ইউনিফাইড	unified
ইউনিভারসিটি	university
ইউনিভার্স	universe
ইউনিভার্সিটি	university
ইউনিভার্সিটিতে	universityte
ইউনেস্কো	unesco
ইউনেস্কোর	unescor
ইউরোপ	europe
ইউসার	user
ইউসুফ	yusuf
ইএমআই	emi
ইকোনমি	economi
ইকোনমিক	economic
ইকোপার্ক	ecopark
ইকোপার্কের	ecoparker
ইকোসিস্টেম	ecosystem
ইখলাস	ikhlas
ইগোর	egor
ইঙ্গিত	ingit
ইচ্ছাই	ichchai
ইচ্ছাকৃত	ichchakrito
ইজতেমার	ijtemar
ইজমার	ijmar
ইজিপ্ট	egypt
ইঞ্জিন	engine
ইঞ্জিনের	enginer
ইট	it
ইটালি	italy
ইটিং	eating
ইটের	iter
ইতালি	italy
ইতালিতে	italyte
ইতি	iti
ইতিবাচক	itibachok
ইতিবৃত্ত	itibritto
ইতিহাসবিদদের	itihasbidder
ইতিহাসবেত্তা	itihasbetta
ইতিহাসেও	itihaseo
ইতিহাসের	itihaser
ইত্তেফাক	ittefak
ইত্যাদিও	ityadio
ইত্যাদিকে	ityadike
ইত্যাদিতে	ityadite
ইথারনেট	ethernet
ইনকরপোরেটেড	incorporated
ইনকর্পোরেটেড	incorporated
ইনজেকশনের	injectioner
ইনডেমনিটি	indemnity
ইনফর্মেশন	information
ইনভেস্টমেন্ট	investment
ইনসাইড	inside
ইনসুলিন	insulin
ইনস্টল	install
ইনস্টলেশন	installation
ইনস্টিটিউট	institute
ইনস্টিটিউটের	instituter
ইনিংস	innings
ইনিংসটি	inningsti
ইনিংসেই	inningsei
ইনিংসের	inningser
ইনিস্টিটিউট	institute
ইনিস্টিটিউটের	instituter
ইন্টার	inter
ইন্টারকন্টিনেন্টাল	intercontinental
ইন্টারনেট	internet
ইন্টারনেটের	interneter
ইন্টারন্যাশনাল	international
ইন্টারন্যাশনালের	internationaler
ইন্টারপ্রেটার	interpreter
ইন্টারফেস	interface
ইন্টারেক্টিভ	interactive
ইন্টার্নশীপ	internship
ইন্টেল	intel
ইন্টেলিজেন্স	intelligence
ইন্টেলের	inteler
ইন্ডাস্ট্রি	industry
ইন্ডিগো	indigo
ইন্ডিজের	indieser
ইন্দিরা	indira
ইন্দো	indo
ইন্দোর	indore
ইন্দোরের	indorer
ইন্দ্রমোহন	indramohan
ইন্দ্রানীর	indranir
ইন্সটিটিউট	institute
ইন্সটিটিউটের	instituter
ইন্সট্যান্ট	instant
ইন্সপেক্টর	inspector
ইন্স্যুরেন্স	insurance
ইপি	ep
ইপিআর	epr
ইফতার	iftar
ইফেক্ট	effect
ইফেক্টস	effects
ইবসেন	ibsen
ইবাদাত	ibadat
ইবানের	ibaner
ইব্রাহীমের	ibrahimer
ইভনিং	evening
ইভা	eva
ইমদাদুল	imdadul
ইমপ্যাক্ট	impact
ইমপ্রেস	impress
ইমরান	imran
ইমাদ	imad
ইমান	iman
ইমানদার	imandar
ইমাম	imam
ইমামকে	imamke
ইমামতি	imamoti
ইমামের	imamer
ইমেজ	image
ইমেজিং	imaging
ইমেরিটাস	emeritus
ইরাক	iraq
ইরাকি	iraqi
ইরাকী	iraqi
ইরাকের	iraqer
ইরানি	irani
ইরাবতী	iraboti
ইলা	ila
ইলাম	ilam
ইলার	ilar
ইলেকট্রন	electron
ইলেকট্রনিক	electronic
ইলেকট্রিক	electric
ইলেক্ট্রন	electron
ইলেক্ট্রনিক্স	electronics
ইলেক্ট্রিক	electric
ইলেক্ট্রিক্যাল	electrical
ইলেভেন	eleven
ইশার	ishar
ইসরাইল	israel
ইসলাম	islam
ইসলামাবাদী	islamabadi
ইসলামি	islami
ইসলামিক	islamic
ইসলামির	islamir
ইসলামীর	islamir
ইসলামে	islame
ইসলামের	islamer
ইস্টার্ন	eastern
ইস্তানবুল	istanbul
ইস্যুতে	issuete
ইহা	iha
ইহাই	ihai
ইহাতে	ihate
ইহার	ihar
ঈঙ্গিত	ingit
ঈদ	eid
ঈদগাঁও	eidgaon
ঈদুল	eidul
ঈদের	eider
উঁচু	unchu
উঁচুতে	unchute
উঁচুমানের	unchumaner
উঃ	uh
উই	we
উইং	wing
উইদ	with
উইন	win
উইমেন্স	womens
উইম্বলডন	wimbledon
উইলের	willer
উকিল	ukil
উক্ত	ukto
উক্তি	ukti
উগান্ডা	uganda
উগান্ডার	ugandar
উচিত	uchit
উচিৎ	uchit
উচু	uchu
উচ্চগতির	uchchogotir
উচ্চচাপ	uchchochap
উচ্চতা	uchchota
উচ্চতাও	uchchotao
উচ্চতাকে	uchchotake
উচ্চতার	uchchotar
উচ্চবর্ণের	uchchobarner
উচ্চবিত্ত	uchchobitto
উচ্চভূমি	uchchobhumi
উচ্চভূমিতে	uchchobhumite
উজবেক	ujbek
উজান	ujan
উজানে	ujane
উজানের	ujaner
উজির	ujir
উজিরপুর	ujirpur
উজিরে	ujire
উজ্জল	ujjal
উজ্জীবিত	ujjibito
উটপাখি	utpakhi
উডস	woods
উডি	woody
উত্তম	uttam
উত্তমভাবে	uttambhabe
উত্তর	uttor
উত্তরদিকে	uttordike
উত্তরপশ্চিম	uttorposchim
উত্তরপূর্ব	uttorpurbo
উত্তরা	uttora
উত্তরাধিকারের	uttoradhikarer
উত্তরাধুনিক	uttoradhunik
উত্তরে	uttore
উত্তরের	uttorer
উত্তাপ	uttap
উত্তাপে	uttape
উত্তাল	uttal
উত্তীর্ণ	uttirno
উত্তেজনা	uttejona
উত্তেজনার	uttejonar
উত্তোরণ	uttoron
উত্তোলন	uttolon
উত্তোলিত	uttolito
উত্পাদন	utpadon
উত্পাদনের	utpadoner
উত্পাদিত	utpadito
উদগিরণ	udgiran
উদযাপিত	udjapito
উদিত	udito
উদ্ঘাটন	udghaton
উদ্ঘাটনের	udghatoner
উদ্দিন	uddin
উদ্দিনের	uddiner
উদ্দীন	uddin
উদ্দীনের	uddiner
উদ্দীপক	uddipak
উদ্দীপন	uddipan
উদ্দীপনার	uddipanar
উদ্দীপ্ত	uddipto
উদ্দীষ্ট	uddishto
উদ্দেশে	uddeshe
উদ্ধার	uddhar
উদ্ধারকারী	uddharkari
উদ্ধারকৃত	uddharkrito
উদ্ধারের	uddharer
উদ্বাস্তু	udbastu
উদ্বাস্তুদের	udbastuder
উদ্বুদ্ধ	udbuddho
উদ্বৃত্ত	udbritto
উদ্বেগ	udbeg
উদ্ভিদটির	udvidtir
উদ্ভিদের	udvider
উদ্যানে	uddane
উদ্যানের	uddaner
উনা	una
উনি	uni
উনুন	unun
উন্নতি	unnoti
উন্নতিতে	unnotite
উন্নতির	unnotir
উন্মাদ	unmad
উন্মাদনা	unmadona
উন্মুক্ত	unmukto
উন্মোচিত	unmochito
উপকথা	upokatha
উপকারি	upokari
উপকারী	upokari
উপকারে	upokare
উপকূল	upokul
উপকূলে	upokule
উপকূলের	upokuler
উপকৃত	upokrito
উপকেন্দ্রের	upokendrer
উপক্রম	upokram
উপজাতি	upojati
উপনির্বাচন	uponirbachon
উপনির্বাচনে	uponirbachone
উপনেতা	uponeta
উপপ্রজাতি	upoprojati
উপবন	upobon
উপবৃত্তি	upobritti
উপভাষা	upobhasa
উপভাষার	upobhasar
উপভোগ	upobhog
উপমহাদেশে	upomohadese
উপমহাদেশের	upomohadeser
উপমান	upoman
উপমার	upomar
উপযোগি	upozogi
উপর	upor
উপরই	upori
উপরও	uporo
উপরেও	uporeo
উপরের	uporer
উপরোক্ত	uporokto
উপরোল্লিখিত	uporollikhito
উপশাখা	uposhakha
উপশিরোনাম	uposhironam
উপহার	upohar
উপহারের	upoharer
উপাত্ত	upatto
উপাত্তের	upatter
উপাদান	upadan
উপাদানকে	upadanke
উপাদানগুলি	upadanguli
উপাদানগুলো	upadangulo
উপাদানগুলোকে	upadanguloke
উপাদানগুলোর	upadangulor
উপাদানে	upadane
উপাদানের	upadaner
উপাধি	upadhi
উপাধিও	upadhio
উপাধিতে	upadhite
উপার্জিত	uparjito
উপেক্ষা	upekkha
উপেক্ষিত	upekkhito
উপেক্ষিতই	upekkhitoi
উপোস	upos
উবাই	ubai
উবাইদা	ubaida
উবান	uban
উমা	uma
উম্মু	ummu
উম্মুক্ত	ummukto
উম্মে	umme
উরে	ure
উর্দু	urdu
উর্ধে	urdhe
উর্মিলা	urmila
উলঙ্গ	ulango
উলটো	ulto
উলিপুর	ulipur
উলুম	ulum
উলূম	ulum
উল্কি	ulki
উল্টো	ulto
উল্টোদিকে	ultodike
উল্টোভাবে	ultobhabe
উল্লাহ	ullaho
উল্লুকের	ulluker
উল্লেখ	ullekh
উল্লেখও	ullekho
উল্লেখপূর্বক	ullekhpurbok
উল্লেখিত	ullekhito
উসমান	usman
উসমানের	usmaner
উহুদ	uhud
উহুদের	uhuder
উৎক্ষিপ্ত	utkhipto
উৎপত্তির	utpottir
উৎপাদনের	utpadoner
উৎপাদিত	utpadito
উৎযাপনের	utjaponer
উৎযাপিত	utjapito
উৎসারিত	utsarito
ঊনবিংশ	unobingsho
ঊরু	uru
ঊর্মিলা	urmila
ঊষর	ushor
ঊষা	usha
ঋতু	ritu
ঋতুকে	rituke
ঋতুর	ritur
ঋতুস্রাব	ritusrab
ঋতুস্রাবের	ritusraber
ঋষির	rishir
এইটা	eita
এইটি	eiti
এইড	aid
এইডস	aids
এইডসের	aidser
এইরুপ	eirup
এইরূপ	eirup
এইসব	eisob
এক	ek
একখানা	ekkhana
একগামী	ekgami
একঘণ্টা	ekghonta
একট	ekot
একটা	ekta
একটাই	ektai
একটাও	ektao
একটার	ektar
একটি	ekti
একটিকে	ektike
একতা	ekota
একদল	ekdol
একদা	ekoda
একদিকে	ekdike
একদিকের	ekdiker
একদিনে	ekdine
একপাশ	ekpash
একফালি	akfali
একবারে	akbare
একবারেই	akbarei
একমাত্র	akmatro
একমাত্রিক	akmatrik
একরাম	akram
একাউন্ট	account
একাউন্টিং	accounting
একাগ্রতার	akagrotar
একাডেমিক	academic
একে	eke
একেলা	ekela
এক্স	ex
এক্সচেঞ্জ	exchange
এক্সটার্নাল	external
এক্সটেনশন	extension
এক্সপার্ট	expert
এক্সপোজার	exposer
এক্সপোর্টার্স	exporters
এক্সপ্রেসের	expresser
এক্সপ্লোর	explore
এখান	ekhan
এখানকার	ekhankar
এখানে	ekhane
এখানেই	ekhanei
এখানেও	ekhaneo
এখানের	ekhaner
এগারটি	egaroti
এগারো	egaro
এগারোটার	egarotar
এগারোটি	egaroti
এগুলি	eguli
এগুলিও	egulio
এগুলিকে	egulike
এগুলিতে	egulite
এগুলো	egulo
এগুলোই	eguloi
এগুলোকে	eguloke
এগুলোতে	egulote
এগোতে	egote
এগ্রিকালচারাল	agricultural
এঞ্জেল	angel
এটা	eta
এটাও	etao
এটাকেই	etakei
এটার	etar
এটি	eti
এটিও	etio
এটিকে	etike
এটির	etir
এটুকু	etuku
এটেল	etel
এডগার	edgar
এডিটর	editor
এডিস	edis
এডুকেশনাল	educational
এডুকেশনের	educationer
এণ্ড	end
এত	eto
এতই	etoi
এতটাই	etotai
এতদিন	etodin
এতে	ete
এতেও	eteo
এতো	eto
এতোগুলো	etogulo
এতোটাই	etotai
এথিক্যাল	ethical
এথেন্স	athens
এথেন্সের	athenser
এদিক	edik
এদিকে	edike
এদিন	edin
এদেশে	edeshe
এদেশের	edesher
এদ্বারা	edwara
এনএম	nm
এনএলডি	nld
এনএসএ	nsa
এনক্রিপ্ট	encrypt
এনগেজমেন্ট	engagement
এনজাইম	enzyme
এনজাইমের	enzymer
এনজিও	ngo
এনট্রপি	entropy
এনডিএ	nda
এনডিটিভি	ndtv
এনডিসি	ndc
এনফোর্সমেন্ট	enforcement
এনসিসি	ncc
এনাটমি	anatomy
এনাদের	enader
এনামুল	enamul
এনার্জি	energy
এনে	ene
এনেছিল	enechilo
এনেছে	eneche
এনেছেন	enechen
এন্টারটেনমেন্ট	entertenment
এপার	epar
এপারে	epare
এপি	epi
এপ্রিল	april
এফেক্টস	effects
এবং	ebong
এবাউট	about
এবাদত	ebadot
এবার	ebar
এবারও	ebaro
এবি	ab
এবিসি	abc
এভরিথিং	everything
এভিনিউ	avenue
এভিল	evil
এমআইএস	mis
এমএস	ms
এমএসসি	msc
এমডি	md
এমদাদ	emdad
এমন	emon
এমনও	emono
এমনকি	emonki
এমনকী	emonki
এমনটা	emonta
এমনটাই	emontai
এমনটি	emonti
এমনি	emni
এমনিতে	emnite
এমরান	emran
এমাজউদ্দিন	emajuddin
এমাজউদ্দীন	emajuddin
এমার	emar
এমিল	emil
এমিলি	emily
এম্বেডেড	embeded
এর	er
এরপর	erpor
এরপরের	erporer
এরম	erom
এরমধ্যে	ermodhye
এরা	era
এরাই	erai
এরিন	erin
এরুপ	erup
এরূপ	erup
এলগার	elgar
এলাচ	elach
এলাহি	elahi
এলি	eli
এলিজাবেথ	elizabeth
এলিজাবেথের	elizabether
এলিন	elin
এলিনা	elina
এলেন	elen
এলো	elo
এলোমেলো	elomelo
এশার	eshar
এসআর	sr
এসার	esar
এসিও	aco
এসিড	acid
এসিডের	acider
এসে	ese
এসেই	esei
এসেও	eseo
এসেছ	esecho
এসেছিলাম	esechilam
এসেছে	eseche
এসো	eso
এস্কিমো	eskimo
এস্ট্রোজেন	estrogen
এ্যাপ্লিকেশন	application
এ্যামি	amy
এ্যাম্বুলেন্স	ambulance
এ্যালবাম	album
ঐ	oi
ঐক্যের	oikyer
ঐখানে	oikhane
ঐটি	oiti
ঐদিন	oidin
ও	o
ওই	oi
ওইভাবে	oibhabe
ওখান	okhan
ওখানে	okhane
ওখানেই	okhanei
ওগুলোতে	ogulote
ওজুর	ojur
ওঝা	ojha
ওঝার	ojhar
ওটা	ota
ওটাই	otai
ওটি	oti
ওটির	otir
ওঠা	otha
ওঠানামার	othanamar
ওঠার	othar
ওঠেন	othen
ওঠেনি	otheni
ওডিআই	odi
ওদুদের	oduder
ওদের	oder
ওনার	onar
ওপর	opor
ওপরের	oporer
ওপেন	open
ওপেনে	opene
ওপেনের	opener
ওবামা	obama
ওবামার	obamar
ওভারল্যাপ	overlap
ওভাল	oval
ওম	om
ওমর	omor
ওমান	oman
ওমানের	omaner
ওমেগা	omega
ওমেন	omen
ওর	or
ওরা	ora
ওরাল	oral
ওরে	ore
ওল	ol
ওলন্দাজ	olondaj
ওলে	ole
ওল্ড	old
ওসব	oshob
ওসমান	oshman
ওসমানপুর	oshmanpur
ওসাকা	oshaka
ওসামা	oshama
ওহম	ohm
ওহিও	ohio
ঔপনিবেশিক	ouponibeshik
ঔষুধ	oushudh
ঔষুধের	oushudher
কং	kong
কংক্রিট	concrete
কংগ্রেস	congress
কংগ্রেসম্যান	congressman
কই	koi
কক্ষের	kakkher
কঙ্কাল	kankal
কঙ্গো	congo
কঙ্গোতে	congote
কচি	kochi
কটন	cotton
কটিতে	kotite
কটেজ	cottage
কণ্ঠ	kantho
কণ্ঠনালি	kanthonali
কণ্ঠশিল্পী	kanthoshilpi
কণ্ঠে	kanthe
কতটা	katota
কতটুকু	katotuku
কতোগুলো	katogulo
কথক	kathak
কনজিউমার	konjiumar
কনজুমার	konjumar
কনটেইনার	konteinar
কনটেস্ট	contest
কনডম	condom
কনফারেন্স	conference
কনফিগারেশন	configuration
কনরাড	conrad
কনসার্ট	concert
কনসার্টে	concerte
কনসার্টের	concerter
কনসালটেন্সি	consultancy
কনসাল্টিং	consulting
কনস্টেবল	constable
কনস্যুলেট	consulate
কনে	kone
কন্টেইনার	container
কন্টেইনারে	containere
কন্টেন্ট	content
কন্ট্রিবিউটর	contributor
কন্ট্রোল	control
কন্ট্রোলড	controlled
কন্ঠের	konther
কপার	copper
কপালে	kopale
কপি	copy
কপিরাইট	copyright
কফি	coffee
কবরে	kabore
কবরের	kaborer
কবল	kabol
কবি	kobi
কবিকে	kobike
কবিতাও	kobitao
কবিতাকে	kobitake
কবিতাগুলো	kobitagulo
কবিতার	kobitar
কবিদের	kobider
কবিবর	kobibor
কবির	kobir
কবিরা	kobira
কবিরাজ	kobiraj
কবে	kobe
কবেকার	kobekar
কব্জি	kobji
কব্জিতে	kobjite
কব্জির	kobjir
কভার	cover
কম	kom
কমদামী	komdami
কমনরুম	commonroom
কমপিউটার	computer
কমপ্লেক্স	complex
কমপ্লেক্সটি	complexti
কমপ্লেক্সের	complexer
কমরেড	comrade
কমল	kamal
কমলনগর	kamalnagar
কমলা	kamala
কমান	koman
কমানো	komano
কমানোর	komanor
কমান্ডিং	commanding
কমান্ডো	commando
কমার্স	commerce
কমিউনিকেশনস	communications
কমিউনিটি	community
কমিউনিস্ট	communist
কমিক	comic
কমিক্সের	comicser
কমিটি	committee
কমিশন	commission
কমিশনার	commissioner
কমিশনারের	commissionerer
কমেডি	comedy
কম্পন	kompon
কম্পনের	komponer
কম্পাইলার	compiler
কম্পাউন্ড	compound
কম্পিউটার	computer
কম্বিনেশন	combination
কম্বো	combo
কম্যান্ড	command
কম্যান্ডার	commander
কম্যুনিস্ট	communist
করছি	korchi
করছিল	korchilo
করছিলাম	korchilam
করছিলেন	korchilen
করছিলো	korchilo
করছেন	korchen
করত	korto
করতেই	kortei
করতেও	korteo
করতেন	korten
করতো	korto
করব	korbo
করবার	korbar
করবেন	korben
করবো	korbo
করলাম	korlam
করলেন	korlen
করা	kora
করাই	korai
করাকেই	korakei
করাচী	karachi
করাটা	korata
করাতেও	korateo
করানো	korano
করানোর	koranor
করার	korar
করি	kori
করিতাম	koritam
করিমগঞ্জ	korimgonj
করিলা	korila
করিলেন	korilen
করিলো	korilo
করে	kore
করেই	korei
করেও	koreo
করেছিল	korechilo
করেছিলাম	korechilam
করেছিলেন	korechilen
করেছিলো	korechilo
করেছে	koreche
করেন	koren
করেননা	korenna
করেননি	korenni
করেনা	korena
করেনি	koreni
করের	karer
কর্ড	kord
কর্ণ	korno
কর্ণকে	kornoke
কর্ণধার	kornodhar
কর্তা	karta
কর্তিত	kartito
কর্পস	corps
কর্পোরাল	corporal
কর্পোরেট	corporate
কর্পোরেশন	corporation
কর্মীকে	karmike
কর্মীদের	karmider
কর্মীর	karmir
কল	call
কলম্বো	colombo
কলম্বোর	colombor
কলা	kola
কলাপসিবল	collapsible
কলাম	column
কলি	koli
কলিকাতা	kolikata
কলিঙ্গ	kolingo
কলিন	kolin
কলিন্স	collins
কলিম	kolim
কলির	kolir
কলেজ	college
কলেজগুলো	collegegulo
কলেবরে	kolebore
কলেমা	kolema
কলেস্টেরল	cholesterol
কলোনি	colony
কলোরাডো	colorado
কল্কি	kolki
কল্প	kolpo
কল্পনা	kolpona
কল্পিত	kolpito
কল্যাণ	kalyan
কল্যাণার্থে	kalyanarthe
কল্যাণে	kolyane
কল্যাণের	kolyaner
কল্যান	kolyan
কশাঘাত	koshaghat
কহিল	kohilo
কাঁটা	kanta
কাঁটাতার	kantatar
কাঁটাযুক্ত	kantajukto
কাঁঠাল	kanthal
কাঁঠালের	kanthaler
কাঁদতেন	kandten
কাঁদন	kandon
কাঁদা	kanda
কাঁধ	kandh
কাঁধের	kandher
কাঁপতে	kanpte
কাই	kai
কাইফ	kaif
কাউকে	kauke
কাউন	kaun
কাউন্টার	counter
কাউন্টিতে	countyte
কাউন্সিল	council
কাউন্সিলর	councillor
কাউন্সিলিং	counselling
কাক	kak
কাকরাইল	kakrail
কাকা	kaka
কাকাতো	kakato
কাকারা	kakara
কাকু	kaku
কাগজ	kagoj
কাগজটা	kagojta
কাগজের	kagojer
কাঙ্খিত	kangkhito
কাচ	kach
কাচা	kacha
কাচের	kacher
কাজ	kaaj
কাজগুলি	kaajguli
কাজগুলো	kaajgulo
কাজটি	kaajti
কাজাখস্তান	kazakhstan
কাট	cut
কাটরা	katra
কাটল	katlo
কাটা	kata
কাটাত	katato
কাটান	katan
কাটাবার	katabar
কাটার	cutter
কাটি	kati
কাটে	kate
কাটেন	katen
কাঠ	kath
কাতার	katar
কাদা	kada
কাদামাটি	kadamati
কাদের	kader
কাদেরী	kaderi
কাদেরের	kaderer
কানাইঘাট	kanaighat
কানাইলাল	kanailal
কানাচে	kanache
কানাডা	canada
কানাডাতে	canadate
কানাডার	canadar
কানু	kanu
কানে	kane
কানেক্টর	connector
কানের	kaner
কান্ট	kant
কান্ড	kando
কান্তি	kanti
কান্দাহার	kandahar
কান্দাহারে	kandahare
কান্দাহারের	kandaharer
কান্দি	kandi
কান্না	kanna
কাপড়ের	kaporer
কাপুর	kapoor
কাপুরের	kapurer
কাফকার	kafkar
কাফি	kafi
কাফির	kafir
কাবা	kaba
কাবাকে	kabake
কাবাডি	kabadi
কাবার	kabar
কাবির	kabir
কাবিল	kabil
কাবু	kabu
কাবুল	kabul
কাবুলে	kabule
কাবুলের	kabuler
কাম	kam
কামদেব	kamdeb
কামনা	kamona
কামরুল	kamrul
কামরূপ	kamrup
কামানের	kamaner
কামার	kamar
কামারের	kamarer
কামিং	coming
কামের	kamer
কামেল	kaamel
কাযা	kaja
কারও	karo
কারক	karok
কারখানার	karkhanar
কারগিল	kargil
কারচুপি	karchupi
কারণ	karon
কারণের	karoner
কারন	karon
কারনে	karone
কারনেই	karonei
কারমেন	karmen
কারা	kara
কারাওকে	karaoke
কারাগার	karagar
কারাগারে	karagare
কারাগারের	karagarer
কারাবন্দি	karabondi
কারাবন্দী	karabondi
কারামুক্তি	karamukti
কারারুদ্ধ	kararuddho
কারুকার্য	karukarjo
কারুকার্যের	karukarjer
কারুশিল্প	karushilpo
কারুশিল্পের	karushilper
কারে	karey
কার্গিল	kargil
কার্গো	cargo
কার্ট	cart
কার্টার	carter
কার্টুন	cartoon
কার্টুনিস্ট	cartoonist
কার্ড	card
কার্ডবোর্ড	cardboard
কার্ডিওভাসকুলার	cardiovascular
কার্তিক	kartik
কার্তিকের	kartiker
কার্বোহাইড্রেট	carbohydrate
কার্য	karjo
কার্যকারণের	karjokaroner
কার্যকারিতা	karjokarita
কার্যকালের	karjokaler
কার্যক্রম	karjokrom
কার্যক্রমকে	karjokromke
কার্যক্রমের	karjokromer
কার্যত	karjoto
কার্যবিধির	karjobidhir
কার্যাবলী	karjaboli
কার্যে	karje
কার্যের	karjer
কাল	kal
কালচে	kalche
কালজিরা	kalojira
কালনার	kalnar
কালা	kala
কালাই	kalai
কালাতিপাত	kalatipat
কালি	kali
কালিকা	kalika
কালিঘাট	kalighat
কালিন	kalin
কালিমালিপ্ত	kalimalipto
কালী	kali
কালুর	kalur
কালুরঘাটের	kalurghater
কালেক্টর	collector
কালের	kaler
কালো	kalo
কালোরা	kalora
কাল্পনিক	kalponik
কাশি	kashi
কাশিনাথপুর	kashinathpur
কাশিমপুর	kashimpur
কাশিমবাজার	kashimbajar
কাশিমের	kashimer
কাশী	kashi
কাশীপুরে	kashipure
কাশেম	kashem
কাশ্মিরী	kashmiri
কাশ্মীর	kashmir
কাশ্মীরি	kashmiri
কাশ্মীরের	kashmirer
কাসা	kasa
কাসিম	kasim
কাসেম	kasem
কাস্টম	custom
কাস্টমস	customs
কাস্টার্ড	custard
কাহানি	kahani
কাহার	kahar
কাহারো	kaharo
কাহিনি	kahini
কাহিনীটি	kahiniti
কি	ki
কিংস্টন	kingston
কিউবা	cuba
কিউবিক	cubic
কিক	kick
কিকের	kiker
কিট	kit
কিডনি	kidney
কিতাব	kitab
কিতাবুল	kitabul
কিথ	kith
কিন	kin
কিনা	kina
কিনারের	kinarer
কিন্ডার	kinder
কিন্ডারগার্টেন	kindergarten
কিপ	keep
কিপার	keeper
কিভাবে	kibhabe
কিমকে	kimke
কিমার	kimar
কিমি	kimi
কিমের	kimer
কিরে	kire
কিলোগ্রাম	kilogram
কিষাণ	kishan
কিস	kiss
কিসলু	kislu
কিসসা	kissa
কুঁচকানো	kunchkano
কুইক	quick
কুইন	queen
কুইন্স	queens
কুক	cook
কুকি	cookie
কুকিজ	cookies
কুকুর	kukur
কুচিন্তা	kuchinta
কুট	kut
কুটনি	kutni
কুঠি	kuthi
কুতুব	kutub
কুতুবুদ্দিন	kutubuddin
কুনার	kunar
কুন্ডুর	kundur
কুন্দুজ	kunduj
কুপ	kup
কুপার	kupar
কুপারের	kuparer
কুফা	kufa
কুমকুম	kumkum
কুমার	kumar
কুমারখালী	kumarkhali
কুমারের	kumarer
কুমির	kumir
কুমিরা	kumira
কুমিল্লা	kumilla
কুরবানি	kurbani
কুরবানির	kurbanir
কুরাইশ	kuraish
কুরাইশদের	kuraishder
কুরাইশরা	kuraishra
কুরি	kuri
কুরুক্ষেত্রের	kurukkhetrer
কুর্দিশ	kurdish
কুলি	kuli
কুশ	kush
কুশীলবদের	kushilobder
কুষাণ	kushan
কুসুম	kusum
কুসুমকুমারী	kusumkumari
কুস্তি	kusti
কুস্তির	kustir
কুৎসিত	kutsit
কূটনৈতিক	kutnoitik
কূপ	kup
কূপের	kuper
কূফা	kufa
কৃত	krito
কৃতার্থ	kritartho
কৃতি	kriti
কৃতিত্বের	krititwer
কৃত্যের	krityer
কৃষক	krishak
কৃষকদের	krishakder
কৃষকরা	krishakra
কৃষকের	krishaker
কৃষকেরা	krishakera
কৃষি	krishi
কৃষির	krishir
কৃষ্ণ	krishno
কৃষ্ণা	krishna
কৃষ্ণাঙ্গ	krishnango
কৃষ্ণের	krishner
কেঁচো	kencho
কেএফসি	kfc
কেওক্রাডং	keokradong
কেক	cake
কেজিবি	kgb
কেট	kate
কেদার	kedar
কেনা	kena
কেনাকাটার	kenakatar
কেনার	kenar
কেনেথ	keneth
কেনো	keno
কেন্ট	kent
কেন্টের	kenter
কেন্দ্র	kendro
কেন্দ্রগুলো	kendrogulo
কেন্দ্রটি	kendroti
কেন্দ্রবিন্দু	kendrobindu
কেন্দ্রস্থলের	kendrosthaler
কেন্দ্রিক	kendrik
কেপ	cape
কেবলের	cabler
কেবা	keba
কেবিনেট	cabinet
কেবিনেটের	cabineter
কেবিনের	cabiner
কেভ	cave
কেভিন	kevin
কেমব্রিজ	cambridge
কেমব্রিজের	cambridger
কেমিক্যাল	chemical
কেমিক্যালস	chemicals
কেম্ব্রিজ	cambridge
কেরল	keral
কেরালার	keralar
কেরি	kerry
কেলভিন	kelvin
কেল্লা	kella
কেল্লার	kellar
কৈলাশ	koilash
কৈশর	koishar
কোকা	coca
কোকিল	kokil
কোচ	coach
কোচি	kochi
কোচিং	coaching
কোট	coat
কোটরে	kotore
কোটি	koti
কোটির	kotir
কোণ	kon
কোণা	kona
কোণার	konar
কোণে	kone
কোণের	koner
কোত	kot
কোথা	kotha
কোদাল	kodal
কোদালকাটি	kodalkati
কোন	kon
কোনটি	konti
কোনটিতে	kontite
কোনটির	kontir
কোনাকুনি	konakuni
কোনে	kone
কোনো	kono
কোনোটির	konotir
কোন্দলে	kondole
কোম্পানি	company
কোম্পানিকে	companyke
কোম্পানিগুলির	companygulir
কোম্পানিগুলোর	companygulor
কোম্পানিজ	companies
কোম্পানিটি	companyti
কোম্পানিটির	companytir
কোম্পানিতে	companyte
কোম্পানীটি	companyti
কোম্পানীতে	companyte
কোর	core
কোরক	korak
কোরান	koran
কোরাল	coral
কোরি	kori
কোরে	kore
কোরের	korer
কোর্ট	court
কোর্টে	courte
কোর্টের	courter
কোর্স	course
কোর্সটির	coursetir
কোর্সের	courser
কোল	kol
কোলকাতা	kolkata
কোলকাতার	kolkatar
কোলস্টেরল	cholesterol
কোলাইটিস	colitis
কোলে	kole
কোলের	koler
কোলেস্টেরল	cholesterol
কোলোন	colon
কোশ্চেন	question
কোষ	kosh
কোষকে	koshke
কোষগুলো	koshgulo
কোষাগার	koshagar
কোষে	koshe
কোষের	kosher
কোস্টা	costa
কোহিনুর	kohinur
কোহিনূর	kohinur
কোহেন	kohen
কোহেনের	kohener
কৌণিক	kounik
কৌতুক	koutuk
কৌশিক	koushik
ক্যাচ	catch
ক্যাচটি	catchti
ক্যাট	cat
ক্যান	can
ক্যান্টনমেন্ট	cantonment
ক্যান্টিন	canteen
ক্যান্টিনে	canteene
ক্যান্সার	cancer
ক্যান্সারে	cancere
ক্যাপিটাল	capital
ক্যাফে	cafe
ক্যাফেইন	caffeine
ক্যাবল	cable
ক্যাবিনেট	cabinet
ক্যাবিনেটে	cabinete
ক্যামেরা	camera
ক্যামেরাকে	camerake
ক্যাম্প	camp
ক্যাম্পাস	campus
ক্যাম্পাসটি	campusti
ক্যাম্পিং	camping
ক্যারোলিনা	carolina
ক্যালকুলেটর	calculator
ক্যালিগ্রাফি	caligraphy
ক্যালেন্ডার	calendar
ক্যাশ	cash
ক্যাসেট	cassette
ক্রপ	crop
ক্রস	cross
ক্রসিং	crossing
ক্রাইসিস	crisis
ক্রিকেট	cricket
ক্রিম	cream
ক্রূর	krur
ক্রেতা	kreta
ক্রেতাদের	kretader
ক্রেতারা	kretara
ক্রেন	crane
ক্রোধ	krodh
ক্রোধান্বিত	krodhannito
ক্রোম	chrome
ক্র্যাক	crack
ক্র্যাব	crab
ক্লক	clock
ক্লাইম্বিং	climbing
ক্লান্ত	klanto
ক্লান্তি	klanti
ক্লাব	club
ক্লার্ক	clerk
ক্লাস	class
ক্লাসমেট	classmate
ক্লাসিক	classic
ক্লাসিক্যাল	classical
ক্লিক	click
ক্লিনার	cleaner
ক্লিনিক	clinic
ক্লিনিকাল	clinical
ক্লোরাইড	chloride
ক্লোরিন	chlorine
ক্লোরোফিল	chlorophyll
ক্ল্যাসিক্যাল	classical
ক্ষণিকা	khonika
ক্ষতি	khoti
ক্ষতির	khotir
ক্ষরন	kharon
ক্ষারকের	kharoker
ক্ষিপ্ত	khipto
ক্ষিপ্রগতিতে	khiprogotite
ক্ষিপ্রতা	khiprota
ক্ষীর	khir
ক্ষুদিরাম	khudiram
ক্ষুদ্র	khudro
ক্ষুধা	khudha
ক্ষুধার্ত	khudharto
খণ্ডিত	khondito
খন্ডের	khander
খন্দকার	khandokar
খরগোশ	khargosh
খরচ	kharoch
খরচের	kharocher
খর্ব	kharbo
খাঁ	khan
খাঁকে	khanke
খাঁজ	khanj
খাঁজকাটা	khanjkata
খাঁর	khanr
খাইবার	khaibar
খাও	khao
খাজনা	khajna
খাজা	khaja
খাজার	khajar
খাটানো	khatano
খাটার	khatar
খাটেন	khaten
খাটো	khato
খাত	khat
খাতিরেই	khatirei
খাতুন	khatun
খাতুনের	khatuner
খাতে	khate
খাতের	khater
খাত্তাব	khattab
খাদ	khad
খাদক	khadok
খাদি	khadi
খাদিজা	khadija
খাদিজাকে	khadijake
খাদিজার	khadijar
খাদেম	khadem
খাদেমুল	khademul
খাদ্য	khaddo
খাদ্যটি	khaddoti
খান	khan
খানকা	khanka
খানকে	khanke
খানজাহান	khanjahan
খানমের	khanomer
খানা	khana
খানি	khani
খানিক	khanik
খানে	khane
খানের	khaner
খান্না	khanna
খাপ	khap
খাবার	khabar
খাবারগুলো	khabargulo
খাবারটি	khabarti
খাবারটির	khabartir
খাবারের	khabarer
খাম	kham
খামারটি	khamarti
খামারে	khamare
খামের	khamer
খার	khar
খারা	khara
খারাপ	kharap
খারিজ	kharij
খাল	khal
খালগুলো	khalgulo
খালগুলোর	khalgulor
খালটির	khaltir
খালাতো	khalato
খালেদ	khaled
খালেদা	khaleda
খিঁচুনী	khinchuni
খিচুরি	khichuri
খিন	khin
খিলগাঁও	khilgaon
খিলজি	khilji
খিলজী	khilji
খিলান	khilan
খিলানের	khilaner
খিলাফাতের	khilafater
খিলাল	khilal
খুকু	khuku
খুচরা	khuchra
খুচরো	khuchro
খুতবার	khutbar
খুন	khun
খুনী	khuni
খুনের	khuner
খুব	khub
খুলনা	khulna
খুলনার	khulnar
খুলি	khuli
খুলির	khulir
খুশি	khushi
খুৎবা	khutba
খেই	khei
খেজুর	khejur
খেজুরের	khejurer
খেতাব	khetab
খেতাবটি	khetabti
খেতাবপ্রাপ্ত	khetabprapto
খেতেই	khetei
খেদা	kheda
খেমটা	khemta
খেল	khel
খেলছে	khelche
খেলছেন	khelchen
খেলতে	khelte
খেলনা	khelna
খেলনাটি	khelnati
খেলবার	khelbar
খেললেও	khelleo
খেলা	khela
খেলাকে	khelake
খেলাগুলো	khelagulo
খেলাটি	khelati
খেলাটিতে	khelatite
খেলাটির	khelatir
খেলাতে	khelate
খেলাধুলা	kheladhula
খেলাধুলার	kheladhular
খেলাধূলা	kheladhula
খেলানো	khelano
খেলাপি	khelapi
খেলার	khelar
খেলারাম	khelaram
খেলেছিলেন	khelechilen
খেলেন	khelen
খেলেননি	khelenni
খোঁজ	khonj
খোঁজতে	khonjte
খোঁজা	khonja
খোঁজার	khonjar
খোঁজে	khonje
খোকন	khokon
খোজ	khoj
খোদা	khoda
খোদাই	khodai
খোরাসানের	khorasaner
খোল	khol
খোলস	kholos
খোলা	khola
খোলাখুলি	kholakhuli
খোলার	kholar
খোলেন	kholen
খ্রিস্টের	khrister
গঞ্জ	ganjo
গঠন	gathon
গঠনমূলক	gathonmulok
গঠনের	gathoner
গড	god
গডফাদার	godfather
গণ	gano
গণতন্ত্র	ganotantro
গণতন্ত্রের	ganotantrer
গণপূর্ত	ganopurto
গণি	goni
গতকাল	gotokal
গদাধর	godadhor
গনি	goni
গন্ডী	gondi
গন্ধর্ব	gondhorbo
গন্ধা	gondha
গবাদি	gobadi
গবাদী	gobadi
গবেষক	gobeshok
গবেষকদের	gobeshokder
গবেষকরা	gobeshokra
গবেষকের	gobeshoker
গবেষকেরা	gobeshokera
গবেষণা	gobeshona
গবেষণাকর্ম	gobeshonakarmo
গবেষণাকে	gobeshonake
গবেষণাগার	gobeshonagar
গবেষণাগারের	gobeshonagarer
গবেষণার	gobeshonar
গবেষণারত	gobeshonarato
গভর্নমেন্ট	government
গম	gom
গমনের	gamoner
গম্বুজ	gombuj
গরিলা	gorila
গরু	goru
গরুকে	goruke
গর্জে	gorje
গর্ডন	gordon
গর্ত	gorto
গর্তে	gorte
গর্তের	gorter
গর্ব	gorbo
গর্বাচেভ	gorbachev
গর্বিত	gorbito
গলতে	golte
গলদ	golod
গলার	golar
গলি	goli
গল্প	golpo
গল্পকথা	golpokotha
গল্পগুলি	golpoguli
গল্পগুলো	golpogulo
গল্ফ	golf
গা	ga
গাইড	guide
গাইডেড	guided
গাঙ্গুলি	ganguly
গাছ	gach
গাছকে	gachke
গাছগাছালিতে	gachgachalite
গাছগুলোকে	gachguloke
গাছটি	gachti
গাছপালা	gachpala
গাছপালার	gachpalar
গাছে	gache
গাজর	gajor
গাজরের	gajorer
গাজার	gazar
গাঢ়	garo
গাথা	gatha
গাথার	gathar
গাদ্দার	gaddar
গান	gan
গানই	gani
গানও	gano
গানকে	ganke
গানগুলি	ganguli
গানগুলো	gangulo
গানগুলোকে	ganguloke
গানগুলোর	gangulor
গানটা	ganta
গানটি	ganti
গানটিও	gantio
গানটিকে	gantike
গানটিতে	gantite
গানটির	gantir
গানে	gane
গানের	ganer
গান্ধার	gandhar
গাফফার	gaffar
গাফফারের	gaffarer
গাব	gab
গামা	gama
গার	gar
গার্ড	guard
গার্ল	girl
গার্লস	girls
গালি	gali
গালিগালাজ	galigalaj
গিঁটের	ginter
গিট	git
গিন্সবার্গ	ginshbarg
গিবস	gibsh
গিবসন	gibshon
গিভ	gibh
গিম্প	gimp
গিরি	giri
গিরিখাত	girikhat
গিরিপথ	giripoth
গিরিবালা	giribala
গিরিশ	giris
গিরিশচন্দ্র	girischondro
গির্জা	girja
গির্জার	girjar
গিল	gil
গিলবার্ট	gilbart
গিল্ড	gild
গুই	gui
গুইমারা	guimara
গুগল	google
গুড	good
গুণিতক	gunitok
গুণে	gune
গুণের	guner
গুণোত্তর	gunottor
গুন	goon
গুন্ডা	gunda
গুপ্ত	gupto
গুপ্তচরদের	guptochorder
গুপ্তচরবৃত্তির	guptochorbrittir
গুপ্তাঙ্গ	guptango
গুপ্তের	gupter
গুরত্ব	gurutto
গুরু	guru
গুরুং	gurung
গুরুকে	guruke
গুরুগম্ভীর	gurugomvir
গুরুজনের	gurujoner
গুরুতর	gurutoro
গুরুত্ব	gurutto
গুরুত্বের	gurutter
গুরুদাসপুর	gurudaspur
গুরুদের	guruder
গুরুর	gurur
গুল	gul
গুলজারের	guljarer
গুলশান	gulshan
গুলি	guli
গুলিকে	gulike
গুলিতে	gulite
গুলিতেও	guliteo
গুলিবর্ষণ	guliborshon
গুলির	gulir
গুলো	gulo
গুলোতে	gulote
গুলোর	gulor
গুহ	guho
গুহঠাকুরতা	guhothakurota
গুহা	guha
গুহাতে	guhate
গুহার	guhar
গৃহ	griho
গৃহপালিত	grihopalito
গৃহিণী	grihini
গৃহিনী	grihini
গৃহের	griher
গেজেটে	gejete
গেঞ্জি	genji
গেট	gate
গেটস	gates
গেটে	gete
গেটের	gater
গেম	game
গেমও	gameo
গেমটি	gameti
গেমস	games
গেরিলা	gerila
গেলাম	gelam
গেলে	gele
গেলেই	gelei
গেলেও	geleo
গৈরিক	goirik
গো	go
গোটা	gota
গোত্র	gotro
গোত্রকে	gotroke
গোত্রভুক্ত	gotrobhukto
গোত্রে	gotre
গোত্রের	gotrer
গোপন	gopon
গোপাল	gopal
গোপালপুর	gopalpur
গোপালপুরে	gopalpure
গোপীদের	gopider
গোপীনাথ	gopinath
গোপীনাথপুর	gopinathpur
গোবর	gobor
গোবরে	gobore
গোবিন্দ	gobindo
গোমস্তাপুর	gomostapur
গোর্কি	gorki
গোলকের	goloker
গোলটি	golti
গোলমালের	golmaler
গোলা	gola
গোলাকার	golakar
গোলাগুলি	golaguli
গোলাগুলির	golagulir
গোলাপ	golap
গোলাপি	golapi
গোলাপী	golapi
গোলাবারুদ	golabarud
গোলাম	golam
গোলার	golar
গোলার্ধ	golardho
গোলার্ধে	golardhe
গোলার্ধের	golardher
গোলে	gole
গোলের	goler
গোলোযোগ	golojog
গোল্ড	gold
গোল্ডবার্গ	goldbarg
গোল্ডেন	golden
গ্যাপ	gap
গ্যারি	gary
গ্যারেজ	garage
গ্যালাক্সি	galaxy
গ্যালারি	gallery
গ্যাসের	gaser
গ্যাস্ট্রিক	gastric
গ্রন্থকেন্দ্রের	gronthokendrer
গ্রন্থমেলার	gronthomelar
গ্রন্থাগার	gronthagar
গ্রন্থাগারটি	gronthagarti
গ্রন্থাগারে	gronthagare
গ্রন্থাগারের	gronthagarer
গ্রন্থাদি	gronthadi
গ্রন্থি	gronthi
গ্রন্থির	gronthir
গ্রস	gross
গ্রহ	groho
গ্রহটি	grohoti
গ্রহটির	grohotir
গ্রহণকালে	grohonkale
গ্রহণে	grohone
গ্রহণের	grohoner
গ্রাউন্ড	ground
গ্রাউন্ডে	grounde
গ্রানাইট	granite
গ্রানাডা	granada
গ্রানাডার	granadar
গ্রান্ড	grand
গ্রাফ	graph
গ্রাফিক	graphic
গ্রাফিকাল	graphical
গ্রাম	gram
গ্রামগুলিতে	gramgulite
গ্রামগুলো	gramgulo
গ্রামগুলোতে	gramgulote
গ্রামটি	gramti
গ্রামটির	gramtir
গ্রামবাংলার	grambanglar
গ্রামার	grammar
গ্রামীণ	grameen
গ্রামেও	grameo
গ্রামের	gramer
গ্রাহকদের	grahokder
গ্রাহকদেরকে	grahokderke
গ্রাহকের	grahoker
গ্রাহাম	graham
গ্রিক	greek
গ্রিকদের	greekder
গ্রিকরা	greekra
গ্রিট	grit
গ্রিড	grid
গ্রিনল্যান্ড	greenland
গ্রিফিথ	grifith
গ্রীকদের	greekder
গ্রীন	green
গ্রীনহাউস	greenhouse
গ্রীবা	griba
গ্রীস	greece
গ্রুপ	group
গ্রুপটি	groupti
গ্রুপে	groupe
গ্রেগ	greg
গ্রেট	great
গ্রেটার	greater
গ্রেটেস্ট	greatest
গ্রেড	grade
গ্রেনেড	grenade
গ্রেপ্তার	greptar
গ্রেপ্তারের	greptarer
গ্রেফতার	greftar
গ্রেফতারের	greftarer
গ্র্যামি	gryami
গ্লাস	glass
গ্লাসে	glasse
গ্লাসের	glasser
গ্লুকোজ	glucose
গ্লোব	globe
গ্ল্যামার	glamour
ঘটছে	ghotche
ঘটতে	ghotte
ঘটবে	ghotbe
ঘটা	ghota
ঘটেছে	ghoteche
ঘণ্টার	ghontar
ঘরটি	ghorti
ঘাঘরা	ghaghra
ঘাটতি	ghatti
ঘাটাইলে	ghataile
ঘাটের	ghater
ঘাতক	ghatok
ঘানা	ghana
ঘানার	ghanar
ঘাম	gham
ঘাস	ghas
ঘিওর	ghior
ঘিঞ্জি	ghinji
ঘুঘু	ghughu
ঘুঘুর	ghughur
ঘুম	ghum
ঘুমানোর	ghumanor
ঘুমালো	ghumalo
ঘুরছিলেন	ghurchilen
ঘুরছেন	ghurchen
ঘুষ	ghush
ঘূর্ণন	ghurnon
ঘূর্ণিঝড়	ghurnijhor
ঘৃণার	ghrinar
ঘেরা	ghera
ঘেরাও	gherao
ঘেষে	gheshe
ঘোচে	ghoche
ঘোর	ghor
ঘোরে	ghore
ঘোলা	ghola
ঘোষ	ghosh
ঘোষণা	ghoshona
ঘোষণাকে	ghoshonake
ঘোষনা	ghoshona
ঘোষাল	ghoshal
ঘ্রাণ	ghran
চক	chok
চকচকে	chokchoke
চকবাজারের	chokbajarer
চকমকি	chokmoki
চক্রান্ত	chokranto
চক্রান্তকারীদের	chokrantokarider
চক্রান্তে	chokrante
চক্রান্তের	chokranter
চক্রে	chokre
চটক	chotok
চট্টগ্রামের	chottogramer
চণ্ডিকা	chondika
চণ্ডীর	chondir
চতুর	chotur
চপ	chop
চম্পা	chompa
চরকি	chorki
চরিত্র	choritro
চরিত্রকে	choritroke
চরিত্রগুলি	choritroguli
চরিত্রগুলির	choritrogulir
চরিত্রগুলো	choritrogulo
চরিত্রগুলোকে	choritroguloke
চরিত্রগুলোর	choritrogulor
চরিত্রটি	choritroti
চরিত্রটিকে	choritrotike
চরিত্রটিতে	choritrotite
চরিত্রটির	choritrotir
চরিত্রে	choritre
চরিত্রেই	choritrei
চরিত্রের	choritrer
চরের	chorer
চর্বি	chorbi
চলত	cholto
চলতি	cholti
চলতে	cholte
চলতেই	choltei
চলতো	cholto
চলবে	cholbe
চললে	cholle
চললেও	cholleo
চললেন	chollen
চলা	chola
চলাকালীন	cholakalin
চলাকালে	cholakale
চলাকালেই	cholakalei
চলাচলকারী	cholacholkari
চলে	chole
চলেও	choleo
চলেছিল	cholechilo
চলেছিলেন	cholechilen
চলেছে	choleche
চলেছেন	cholechen
চল্	chol
চল্লিশের	chollisher
চল্লিশোর্ধ্ব	chollishordho
চা	cha
চাঁদে	chande
চাঁদের	chander
চাই	chai
চাইছিল	chaichilo
চাইছিলেন	chaichilen
চাইত	chaito
চাইলেও	chaileo
চাইলেন	chailen
চাইল্ড	child
চাউনি	chauni
চাও	chao
চাক	chak
চাকমা	chakma
চাকমাদের	chakmader
চাকমার	chakmar
চাকমারা	chakmara
চাকরি	chakri
চাকরিটা	chakrita
চাকরির	chakrir
চাকাভা	chakava
চাকী	chaki
চাকুর	chakur
চাকুরি	chakuri
চাকুরিজীবি	chakurijibi
চাকুরিজীবী	chakurijibi
চাকুরী	chakuri
চাকুরীর	chakurir
চাকের	chaker
চাচা	chacha
চাচাতো	chachato
চাচার	chachar
চাট	chat
চাটখিল	chatkhil
চাটাই	chatai
চাটার	chatar
চাটুকার	chatukar
চাণক্য	chanokyo
চাণক্যের	chanokyer
চাতাল	chatal
চাদ	chad
চান	chan
চাননি	channi
চানাচুর	chanachur
চান্দপুর	chandpur
চান্দা	chanda
চান্দু	chandu
চান্দ্রা	chandra
চাপ	chap
চাপাচাপি	chapachapi
চাপে	chape
চাপের	chaper
চাবুকের	chabuker
চামচ	chamoch
চামুণ্ডা	chamunda
চার	char
চারগুণ	chargun
চারজন	charjon
চারজনের	charjoner
চারটি	charti
চারণ	charon
চারদিক	chardik
চারদিকে	chardike
চারদিন	chardin
চারদিনের	chardiner
চারপাশ	charpash
চারপাশে	charpashe
চারপাশের	charpasher
চারবার	charbar
চারবারের	charbarer
চারমাথা	charmatha
চারা	chara
চারিত্রিক	charitrik
চারিদিকে	charidike
চারী	chari
চারু	charu
চার্চ	church
চার্ট	chart
চার্ম	charm
চার্লসের	charlser
চালক	chalok
চালকই	chaloki
চালচলন	chalcholon
চালচলনে	chalcholone
চালা	chala
চালাতে	chalate
চালান	chalan
চালানো	chalano
চালানোর	chalanor
চালাবার	chalabar
চালাবেন	chalaben
চালালে	chalale
চালালেন	chalalen
চালিকা	chalika
চালু	chalu
চালুর	chalur
চাষ	chash
চাষও	chasho
চাষাবাদ	chashabad
চাষাবাদের	chashabader
চাষিদের	chashider
চাষী	chashi
চাষীকে	chashike
চাষীদের	chashider
চাষীরা	chashira
চাহিদা	chahida
চাহিদাই	chahidai
চাহিদার	chahidar
চাহে	chahe
চিকচিক	chikchik
চিকন	chikon
চিকা	chika
চিতা	chita
চিত্র	chitro
চিত্রকর্মের	chitrokormer
চিত্রগুলো	chitrogulo
চিত্রগ্রাহক	chitrograhok
চিত্রগ্রাহকের	chitrograhoker
চিত্রশিল্প	chitroshilpo
চিত্রশিল্পী	chitroshilpi
চিত্রশিল্পীরা	chitroshilpira
চিত্রা	chitra
চিত্রাঙ্কন	chitrankon
চিত্রার	chitrar
চিত্রিত	chitrito
চিত্রের	chitrer
চিন	chin
চিনা	china
চিনি	chini
চিনিও	chinio
চিনির	chinir
চিনে	chine
চিনের	chiner
চিন্তা	chinta
চিন্তাধারা	chintadhara
চিন্তাবিদ	chintabid
চিন্তার	chintar
চিন্তিত	chintito
চিপসেট	chipset
চিপের	chiper
চিফ	chief
চিবুক	chibuk
চিমটি	chimti
চিম্বুক	chimbuk
চিরকাল	chirokal
চিরকালের	chirokaler
চিল	chil
চিলমারীর	chilmarir
চিলি	chili
চিলিকে	chilike
চিলিতে	chilite
চিলির	chilir
চিহ্ন	chinno
চিৎকার	chitkar
চিৎকারে	chitkare
চিৎপুর	chitpur
চীজ	chij
চীন	chin
চীনকে	chinke
চীনা	china
চীনাদের	chinader
চীনাবাদাম	chinabadam
চীনারা	chinara
চীনে	chine
চীনের	chiner
চুক্তি	chukti
চুক্তিটি	chuktiti
চুক্তিতে	chuktite
চুক্তিভিত্তিক	chuktibhittik
চুক্তির	chuktir
চুঙ্গা	chunga
চুন	chun
চুনতি	chunti
চুনি	chuni
চুনী	chuni
চুপকে	chupke
চুপসে	chupse
চুপিসারে	chupisare
চুবানো	chubano
চুম্বক	chumbok
চুম্বন	chumbon
চুরাশি	churashi
চুরি	churi
চুলকানির	chulkanir
চুলবুল	chulbul
চূর্ণ	churno
চূর্ণী	churni
চেঙ্গিস	chengis
চেচেন	chechen
চেতনার	chetonar
চেতে	chete
চেনা	chena
চেনে	chene
চেনেন	chenen
চেন্নাই	chennai
চেপে	chepe
চেপ্টা	chepta
চেম্বার	chamber
চেয়ারম্যান	chairman
চেরনোবিল	chernobil
চেরা	chera
চেরির	cherir
চেলসির	chelsir
চেষ্টা	chesta
চেষ্টার	chestar
চেস্ট	chest
চেস্টার	chestar
চেহারা	chehara
চৈ	choi
চৈতালী	choitali
চৈত্রে	chaitre
চো	cho
চোক	chok
চোখেও	chokheo
চোখের	chokher
চোর	chor
চোরদের	chorder
চোরা	chora
চোরাচালান	chorachalan
চোরাচালানীদের	chorachalanider
চোরাবালি	chorabali
চোরের	chorer
চ্যাং	chang
চ্যান্সেলর	chancellor
চ্যাপম্যান	chapman
চ্যাপলিনের	chapliner
চ্যাপেল	chapel
চ্যাপেলের	chapeler
চ্যাপ্টা	chapta
চ্যারিটি	charity
ছবি	chhobi
ছাত্র	chhatro
ছাত্রজীবন	chhatrojibon
ছাত্রদেরকে	chhatroderke
ছাত্রনেতা	chhatroneta
ছাদে	chhade
ছাপ	chhap
ছাপাখানা	chhapakhana
ছাপাখানার	chhapakhanar
ছাপানো	chhapano
ছাপেন	chhapen
ছারাও	chharao
ছাল	chhal
ছি	chi
ছিচকে	chichke
ছিটকে	chitke
ছিটমহল	chitmohol
ছিটানোর	chitanor
ছিদ্র	chidro
ছুট	chhut
ছুটে	chhute
ছুরি	chhuri
ছুরির	chhurir
ছেলে	chhele
ছেলেকে	chheleke
ছেলেটি	chheleti
ছেলেটির	chheletir
জগত	jogot
জগতে	jogote
জগতের	jogoter
জগন্নাথ	jogonnath
জগিং	jogging
জঙ্গল	jungle
জঙ্গি	jongi
জঙ্গিদের	jongider
জঙ্গিরা	jongira
জঙ্গী	jongi
জজ	judge
জজের	judger
জটিল	jotil
জন	jon
জনতার	jonotar
জনন	jonon
জনপদ	jonopod
জনপদের	jonopoder
জন্মবার্ষিকীতে	jonmobarshikite
জন্মভূমি	jonmovumi
জন্মস্থান	jonmosthan
জন্মানো	jonmano
জন্মানোর	jonmanor
জন্মাল	jonmalo
জন্মে	jonme
জন্মের	jonmer
জপি	jopi
জবাই	jobai
জবানবন্দি	jobanbondi
জবানবন্দী	jobanbondi
জবাব	jobab
জব্দ	jobdo
জমা	joma
জমাট	jomat
জমাদান	jomadan
জমি	jomi
জমিটুকু	jomituku
জমিদার	jomidar
জমিদারদের	jomidarder
জমিদাররা	jomidarra
জমিদারি	jomidari
জমিদারির	jomidarir
জমিদারী	jomidari
জমিদারীর	jomidarir
জমিদারের	jomidarer
জমিদারেরা	jomidarera
জমিন	jomin
জমির	jomir
জমে	jome
জরিপ	jorip
জরিপের	joriper
জরিমানা	jorimana
জরীপে	joripe
জর্জ	george
জর্ডান	jordan
জর্ডানে	jordane
জর্ডানের	jordaner
জর্দানের	jordaner
জলঢাকা	jaldhaka
জলন্ত	jalanto
জলপ্রপাতটি	jolopropatti
জলবিদ্যুৎ	jolobidyut
জলা	jola
জলাধার	joladhar
জলাবন	jolabon
জলাভূমি	jolavumi
জলাভূমিতে	jolavumite
জসিম	jasim
জহির	johir
জহিরুল	johirul
জহুর	johur
জাং	jang
জাকার্তা	jakarta
জাকার্তার	jakartar
জাকি	jaki
জাকির	jakir
জাকিরের	jakirer
জাগ	jag
জাগরণ	jagoron
জাগরনের	jagoroner
জাগরিত	jagorito
জাগাতে	jagate
জাগান	jagan
জাগানো	jagano
জাগৃতি	jagriti
জাগ্রত	jagroto
জাঠ	jath
জাতপাত	jatpat
জাতি	jati
জাতিও	jatio
জাতির	jatir
জাতিরও	jatiro
জাতিসংঘের	jatisongher
জাতিসঙ্ঘ	jatisongho
জাতিসঙ্ঘের	jatisongher
জাতিসত্তা	jatisotta
জাতিসত্তার	jatisottar
জাদু	jadu
জাদুর	jadur
জান	jan
জানত	janto
জানতে	jante
জানতেন	janten
জানতো	janto
জানবেন	janben
জানলার	janlar
জানলে	janle
জানানো	janano
জানানোর	jananor
জানাবে	janabe
জানাবেন	janaben
জানালা	janala
জানালার	janalar
জানালেন	janalen
জানাশোনা	janashona
জানি	jani
জানেন	janen
জানেনা	janena
জান্নাত	jannat
জান্নাতের	jannater
জাপান	japan
জাপানের	japaner
জাফর	jafor
জাফরউল্লাহ	jaforullah
জাফরান	jafran
জাফরাবাদ	jafrabad
জাফরি	jafri
জাবাল	jabal
জাভা	java
জাভেদ	javed
জাম	jam
জামদানি	jamdani
জামদানির	jamdanir
জামা	jama
জামাই	jamai
জামাইকা	jamaika
জামাত	jamat
জামাতের	jamater
জামান	jaman
জামানত	jamanot
জামাল	jamal
জামালউদ্দিন	jamaluddin
জামালপুর	jamalpur
জামালপুরের	jamalpurer
জামিন	jamin
জামিনা	jamina
জামিলুর	jamilur
জাম্পিং	jumping
জার	jar
জারণ	jaron
জারি	jari
জারিকৃত	jarikrito
জারিত	jarito
জারির	jarir
জার্নাল	journal
জার্সি	jersey
জার্সিতে	jerseyte
জার্সির	jerseyr
জালাল	jalal
জালালপুর	jalalpur
জালালাবাদ	jalalabad
জালালের	jalaler
জাস্ট	just
জাস্টিস	justice
জাহরা	jahra
জাহাঙ্গীর	jahangir
জাহাঙ্গীরের	jahangirer
জাহাজ	jahaj
জাহাজকে	jahajke
জাহাজগুলো	jahajgulo
জাহাজটিকে	jahajtike
জাহাজটিতে	jahajtite
জাহাজটির	jahajtir
জাহাজে	jahaje
জাহানারা	jahanara
জাহান্নামকে	jahannamke
জাহিদ	jahid
জি	ji
জিউর	jeur
জিউস	jeus
জিএসএম	gsm
জিও	geo
জিওগ্রাফি	geography
জিওগ্রাফিক	geographic
জিওফ	geof
জিওলজিক্যাল	geological
জিকো	jiko
জিত	jit
জিততে	jitte
জিতলেও	jitleo
জিতুর	jitur
জিতে	jite
জিতেছি	jitechi
জিতেন	jiten
জিদান	jidan
জিনকে	jinke
জিনগুলো	jingulo
জিনতাও	jintao
জিনপিং	jinping
জিনাতের	jinater
জিনার	jinar
জিনি	jini
জিনিস	jinis
জিনিসগুলো	jinisgulo
জিনিসপাতি	jinispati
জিনিসের	jiniser
জিনে	jine
জিনের	jiner
জিনোম	genome
জিন্দাল	jindal
জিন্না	jinna
জিন্নাহ	jinnah
জিন্নাহকে	jinnahke
জিপ	zip
জিবন	jibon
জিবরাঈল	jibrail
জিবুতি	jibuti
জিব্রাল্টার	jibraltar
জিম	jim
জিম্মাদার	jimmadar
জিম্মি	jimmi
জির	jir
জিরি	jiri
জিরো	zero
জিলা	jila
জিলিপির	jilipir
জিল্লুর	jillur
জিহাদ	jihad
জিহাদি	jihadi
জিৎ	jit
জীন	jin
জীপ	jeep
জীবনও	jibono
জীবনকথা	jibonkotha
জীবনকে	jibonke
জীবনধারা	jeebondhara
জীবনযাত্রা	jeebonjatra
জীবনযাত্রার	jeebonjatrar
জীবনহানির	jeebonhanir
জীবনাচার	jeebonachar
জীবনানন্দ	jeebonanondo
জীবনের	jiboner
জুট	jute
জুটি	juti
জুটিতে	jutite
জুটির	jutir
জুডি	judi
জুতা	juta
জুতো	juto
জুন	june
জুনাইদ	junaid
জুবিলী	jubili
জুভেন্টাস	juventas
জুমার	jumar
জুম্ম	jummo
জুরাসিক	jurasik
জুরিখ	jurikh
জুরিখের	jurikher
জুরে	jure
জুলফিকার	julfikar
জুলি	juli
জুলু	julu
জেই	jei
জেগে	jege
জেট	jet
জেটি	jeti
জেটির	jetir
জেড	jed
জেতা	jeta
জেতে	jete
জেদী	jedi
জেদ্দার	jeddar
জেন	jen
জেনা	jena
জেনারেল	general
জেনিফার	jenifar
জেনিরো	jeniro
জেনিস	jenis
জেনেও	jeneo
জেনেট	jenet
জেনেটিক্স	genetics
জেনেসিস	genesis
জেন্টলম্যান	jentleman
জেন্ডার	gender
জেফ	jef
জেফারসন	jefarson
জেফারসনের	jefarsoner
জেফ্রি	jefri
জেব্রা	zebra
জেমিমা	jemima
জের	jer
জেরক্স	jerox
জেরিকো	jeriko
জেরে	jere
জেরেমি	jeremi
জেলা	jela
জেলাটি	jelati
জেলাটির	jelatir
জেলাধীন	jeladhin
জেলার	jelar
জেলে	jele
জেলেদের	jeleder
জেলের	jeler
জেলেরা	jelera
জেসন	jeson
জেসি	jesi
জেসিকা	jesika
জো	joe
জোগান	jogan
জোট	jot
জোটকে	jotke
জোটগত	jotgoto
জোটটি	jotti
জোটবদ্ধ	jotboddho
জোটের	joter
জোত	jot
জোনের	joner
জোবেদা	jobeda
জোর	jor
জোরদার	jordar
জোরপূর্বক	jorpurbok
জোরালো	joralo
জোস	jos
জোসেপ	josep
জোসেফ	joseph
জোসেফাইন	josephain
জোহর	johor
জোহা	joha
জোহান	johan
জ্ঞাত	gyato
জ্ঞাতিদের	gyatider
জ্ঞান	gyan
জ্ঞানকে	gyanke
জ্ঞানপিপাসু	gyanpipasu
জ্ঞানবিজ্ঞান	gyanbigyan
জ্ঞানী	gyani
জ্ঞানীগুণী	gyaniguni
জ্ঞানেন্দ্র	gyanendro
জ্ঞানের	gyaner
জ্বালামুখ	jalamukh
জ্যান্ত	jyanto
জ্যাম	jam
জ্যামিতি	jyamiti
জ্যামিতিক	jyamitik
জ্যামিতির	jyamitir
জ্যোতি	jyoti
জ্যোতির্বিদ	jyotirbid
জ্যোতির্বিদ্যা	jyotirbidya
জ্যোতির্বিদ্যার	jyotirbidyar
জ্যোতিষীদের	jyotishider
জ্যোতিষীরা	jyotishira
ঝটপট	jhotpot
ঝরণার	jhornar
ঝরেছে	jhoreche
ঝাও	jhao
ঝামেলা	jhamela
ঝাল	jhal
ঝালের	jhaler
ঝিকমিক	jhikmik
ঝিকে	jhike
ঝিনাইদহ	jhinaidoho
ঝিনুক	jhinuk
ঝিলাম	jhilam
ঝিল্লি	jhilli
ঝিল্লির	jhillir
ঝিল্লী	jhilli
ঝুম	jhum
ঝুমুর	jhumur
ঝুরঝুরে	jhurjhure
ঝুরি	jhuri
ঝুলন্ত	jhulonto
ঝুলানো	jhulano
ঝুলে	jhule
ঝোঁক	jhok
ঝোপ	jhop
ঝোপে	jhope
ঝোলানো	jholano
ঝোলে	jhole
টং	tong
টক	tok
টকিং	talking
টগরের	togorer
টন	ton
টনের	toner
টপ	top
টপোলজি	topology
টপ্পা	toppa
টফি	toffy
টবি	toby
টম	tom
টমাস	thomas
টমি	tomy
টমেটো	tomato
টরন্টো	toronto
টর্পেডো	torpedo
টলিউডের	tollywooder
টস	toss
টহল	tohol
টাংগাইল	tangail
টাইটান	titan
টাইটানিককে	titanicke
টাইপ	type
টাইম	time
টাইমস	times
টাইমার	timer
টাউন	town
টাকা	taka
টাকার	takar
টাঙ্গাইলের	tangailer
টাচ	touch
টাটকা	tatka
টাটা	tata
টানতে	tante
টানলে	tanle
টানা	tana
টানাটানি	tanatani
টানে	tane
টানেল	tunnel
টার্কি	turkey
টার্কিশ	turkish
টার্গেট	target
টার্গেটে	targete
টার্নবুল	turnbull
টার্নার	turner
টার্ম	term
টার্মটি	termti
টার্মিনালটি	terminalti
টার্মিনাস	terminus
টালি	tali
টাস্ক	task
টি	ti
টিকটিকি	tiktiki
টিকতে	tikte
টিকা	tika
টিকাদান	tikadan
টিকিট	ticket
টিকে	tike
টিচার্স	teachers
টিটোর	titor
টিন	tin
টিনটিনের	tintiner
টিনি	tini
টিপ	tip
টিপি	tipi
টিপু	tipu
টিভিতে	tvte
টিমের	teamer
টিলা	tila
টিলার	tilar
টিস্যুতে	tissute
টীকা	tika
টুইটার	twitter
টুইন	tuin
টুকরা	tukra
টুকরার	tukrar
টুডে	today
টুনা	tuna
টুপি	tupi
টুল	tool
টেংরা	tengra
টেইলর	tailor
টেইলরের	tailorer
টেক	take
টেকটোনিক	tectonic
টেক্স	tex
টেক্সট	text
টেক্সটবুক	textbook
টেক্সটাইল	textile
টেড	ted
টেন	ten
টেনে	tene
টেন্ডুলকার	tendulkar
টেপ	tep
টেবিল	table
টের	ter
টেরা	tera
টেরি	teri
টেলি	tele
টেলিকম	telecom
টেলিগ্রাম	telegram
টেলিফোন	telephone
টেস্টামেন্ট	testament
টেস্টে	teste
টেস্টেই	testei
টেস্টেও	testeo
টেস্টের	tester
টোক	tok
টোকিও	tokyo
টোগো	togo
টোটাল	total
টোটো	toto
টোবাগো	tobago
টোলে	tole
ট্যাং	tang
ট্যাংক	tank
ট্যাক্স	tax
ট্যাক্সি	taxi
ট্যাঙ্কার	tanker
ট্যাব	tab
ট্যাবলেট	tablet
ট্যালেন্ট	talent
ট্যুরের	tourer
ট্রাইবুনাল	tribunal
ট্রাইব্যুনাল	tribunal
ট্রাউট	trout
ট্রাকের	trucker
ট্রাঙ্ক	trunk
ট্রানজিট	transit
ট্রান্সপোর্টেশন	transportation
ট্রান্সফার	transfer
ট্রাফালগার	trafalgar
ট্রাফিক	traffic
ট্রাফিকের	trafficer
ট্রাভেল	travel
ট্রাম	tram
ট্রামের	tramer
ট্রাম্প	trump
ট্রাম্পের	trumper
ট্রাস্ট	trust
ট্রাস্টেড	trusted
ট্রাস্টের	truster
ট্রি	tree
ট্রিগার	trigger
ট্রিনিটি	trinity
ট্রুথ	truth
ট্রুম্যান	truman
ট্রেড	trade
ট্রেডিং	trading
ট্রেন্ট	trent
ট্রেভর	trevor
ট্রোজান	trojan
ট্র্যাক	track
ট্র্যাকার	tracker
ট্র্যাভেল	travel
ঠাই	thai
ঠাকুর	thakur
ঠাকুরের	thakurer
ডকুমেন্ট	document
ডগলাস	doglas
ডগা	doga
ডগার	dogar
ডজন	dozen
ডট	dot
ডটকমের	dotkomer
ডন	don
ডপলার	doplar
ডমিনিক	dominic
ডলি	doli
ডাঃ	da
ডাই	dai
ডাইজেস্ট	digest
ডাইনি	daini
ডাইনিং	dining
ডাইনোসর	dinosaur
ডাউনলোডের	daunloder
ডাকতো	dakto
ডাকলেও	dakleo
ডাকা	daka
ডাকাডাকি	dakadaki
ডাকাত	dakat
ডাকাতির	dakatir
ডাকার	dakar
ডাকিনী	dakini
ডাকে	dake
ডাকেও	dakeo
ডাকেন	daken
ডাকো	dako
ডাঙা	danga
ডাচ	dutch
ডাটাবেস	database
ডাটাবেসের	databaser
ডান	dan
ডানদিক	dandik
ডানদিকে	dandike
ডানহাতি	danhati
ডানহাতে	danhate
ডানহাতের	danhater
ডানা	dana
ডানে	dane
ডান্ডি	dandi
ডান্স	dance
ডাবল	double
ডাবলিন	dublin
ডামাডোলের	damadoler
ডার	dar
ডারউইনের	darwiner
ডার্ক	dark
ডার্কনেস	darkness
ডার্লিং	darling
ডাল	dal
ডালপালা	dalpala
ডালার	dalar
ডালিম	dalim
ডালের	daler
ডাল্টন	dalton
ডিউক	duke
ডিউকের	duker
ডিউটি	duty
ডিএ	da
ডিক	dick
ডিকি	diki
ডিগ	dig
ডিগ্রী	degree
ডিঙি	dingi
ডিটেকশন	detection
ডিপ্রেশন	depression
ডিপ্লোমা	diploma
ডিফল্ট	default
ডিফেন্ডার	defender
ডিফেন্সিভ	defensive
ডিভাইস	device
ডিভিডি	dvd
ডিভিশন	division
ডিম	dim
ডিমও	dimo
ডিমগুলো	dimgulo
ডিমলা	dimla
ডিরেক্টরস	directors
ডিলডো	dildo
ডিলান	dilan
ডিশ	dish
ডিসঅর্ডার	disorder
ডিসকভারি	discovery
ডিসকাউন্ট	discount
ডিসপ্লে	display
ডিসে	dise
ডিসেকশন	disection
ডিসেম্বর	december
ডিসেম্বরে	decembere
ডিসেম্বরের	decemberer
ডিস্ক	disc
ডিস্কে	diske
ডিস্কের	disker
ডিস্ট্রিক্ট	district
ডিস্ট্রিবিউশন	distribution
ডীন	deen
ডুবে	dube
ডুবেছিল	dubechilo
ডুবো	dubo
ডুবোজাহাজ	dubojahaj
ডুমুর	dumur
ডুলি	duli
ডেক	deck
ডেকো	deko
ডেকোরেশন	decoration
ডেটা	data
ডেটিং	dating
ডেডিকেটেড	dedicated
ডেথ	death
ডেন	den
ডেনমার্ক	denmark
ডেনমার্কে	denmarke
ডেনমার্কের	denmarker
ডেভন	devon
ডেভিড	david
ডেভেলপ	develop
ডেভেলপমেন্ট	development
ডেভেলপার	developer
ডেম	dem
ডেরেক	derek
ডেল	dell
ডেলা	dela
ডেল্টা	delta
ডেসমন্ড	desmond
ডেস্ক	desk
ডেস্কটপ	desktop
ডেস্কটপে	desktope
ডেস্টিনি	destiny
ডোডো	dodo
ডোনা	dona
ডোপিং	doping
ডোবার	dobar
ডোমেইন	domain
ডোমেইনের	domainer
ডোর	door
ডোরা	dora
ডোরাকাটা	dorakata
ড্যাড	dad
ড্যান	dan
ড্যান্স	dance
ড্রইং	drawing
ড্রপ	drop
ড্রপের	droper
ড্রাইভ	drive
ড্রাইভার	driver
ড্রাইভিং	driving
ড্রাকুলা	dracula
ড্রাগ	drug
ড্রাগন	dragon
ড্রাম	dram
ড্রামস	drams
ড্রামাটিক	dramatic
ড্রামের	dramer
ড্রিফট	drift
ড্রিম	dream
ড্রিমস	dreams
ড্রেইনেজ	drainage
ড্রেজার	dredger
ড্রেন	drain
ড্রেসিং	dressing
ড্রোন	drone
ড্র্যাগ	drag
ঢাকা	dhaka
ঢাকাকে	dhakake
ঢেলে	dhele
তখনো	tokhono
তত	toto
ততই	totoi
ততোই	totoi
তথা	totha
তথাকথিত	tothakothito
তথাকার	tothakar
তনি	toni
তনুজা	tanuja
তন্ত্র	tantra
তন্ত্রে	tantre
তন্ত্রের	tantrer
তন্ন	tanno
তপন	tapan
তপস্যা	tapasya
তবেই	tobei
তমা	toma
তরকারিতে	torkarite
তরঙ্গ	torongo
তরঙ্গের	taronger
তরমুজের	tormujer
তরল	torol
তরলের	toroler
তরাই	torai
তরিকত	torikot
তরুণী	toruni
তরুণীকে	torunike
তরুনীর	torunir
তর্জন	torjon
তর্পণ	torpon
তলব	tolob
তলার	tolar
তলে	tole
তলের	toler
তহবিলের	tohobiler
তা	ta
তাঁকে	tanke
তাঁত	tant
তাঁদের	taander
তাআলা	taala
তাইতো	taito
তাও	tao
তাকা	taka
তাকাই	takai
তাকানোর	takanor
তাকালো	takalo
তাকে	takey
তাকেও	takeo
তাজ	taj
তাজপুর	tajpur
তাজা	taja
তাজিক	tajik
তাজিকিস্তান	tajikistan
তাণ্ডবে	tandobey
তাতার	tatar
তানভীর	tanvir
তানু	tanu
তান্ত্রিক	tantrik
তাপ	tap
তাপস	tapos
তাবু	tabu
তামা	tama
তামাই	tamai
তামাক	tamak
তামার	tamar
তামিম	tamim
তামিল	tamil
তার	tar
তারকা	taroka
তারকাদের	tarokader
তারকার	tarokar
তারপর	tarpor
তারপরেও	tarporeo
তারপরের	tarporer
তারা	tara
তারাই	tarai
তারাও	tarao
তারাগুলো	taragulo
তারাটি	tarati
তারাটির	taratir
তারাদের	tarader
তারানা	tarana
তারার	tarar
তারিক	tarik
তারিকের	tariker
তারিখ	tarikh
তারিখটি	tarikhti
তারুণ্যের	tarunyer
তারেক	tarek
তারের	tarer
তালাক	talak
তালাকপ্রাপ্ত	talakprapto
তালিকা	talika
তালিকাটি	talikati
তালিকাতেই	talikatei
তালিকাভুক্ত	talikavukto
তালিকাভূক্ত	talikavukto
তালিকার	talikar
তালিব	talib
তালিবানের	talibaner
তালিম	talim
তালুকদার	talukdar
তালুবন্দী	talubondi
তাসাওউফ	tasaouf
তাহা	taha
তাহাই	tahai
তাহার	tahar
তাহিরপুরের	tahirpurer
তাহের	taher
তাহেরার	taherar
তিতা	tita
তিতির	titir
তিথির	tithir
তিনগুণ	tingun
তিনটার	tintar
তিনদিক	tindik
তিনদিন	tindin
তিনবার	tinbar
তিনি	tini
তিনিও	tinio
তিন্দু	tindu
তিমি	timi
তিল	til
তিলের	tiler
তু	tu
তুই	tui
তুমি	tumi
তুমুল	tumul
তুর	tur
তুর্কমেনিস্তান	turkmenistan
তুলছিলো	tulchilo
তুলছে	tulche
তুলতে	tulte
তুলতো	tulto
তুলনা	tulona
তুলবে	tulbe
তুলবেন	tulben
তুললে	tulle
তুলা	tula
তুলি	tuli
তুলিকা	tulika
তুলিতে	tulite
তুলির	tulir
তুলে	tule
তুলেছিল	tulechilo
তুলেছিলেন	tulechilen
তুলেন	tulen
তুলো	tulo
তুষার	tushar
তুষারপাতের	tusharpater
তূণ	tun
তৃপ্ত	tripto
তৃপ্তি	tripti
তে	te
তেজপুর	tejpur
তেজি	teji
তেজোদীপ্ত	tejodipto
তেনজিং	tenjing
তেন্ডুলকরের	tendulkarer
তেরা	tera
তেরেসা	teresa
তেরো	tero
তেল	tel
তেলাপোকা	telapoka
তেলেগু	telegu
তেলের	teler
তেহরান	tehran
তৈমুর	toimur
তৈমুরের	toimurer
তৈরি	toiri
তৈরিকৃত	toirikrito
তৈরিকে	toirike
তৈরিতে	toirite
তৈরির	toirir
তৈরী	toiri
তৈরীতে	toirite
তৈরীর	toirir
তো	to
তোকে	toke
তোদের	toder
তোমরা	tomra
তোমাকে	tomake
তোমার	tomar
তোর	tor
তোরাব	torab
তোরেস	tores
তোলা	tola
তোলার	tolar
তোলারাম	tolaram
তোলে	tole
তোলেন	tolen
তোহফা	tohfa
ত্যাগ	tyag
ত্রাণসামগ্রী	transamogri
ত্রিকোণ	trikon
ত্রিকোন	trikon
ত্রিদিব	tridib
ত্রিপিটকের	tripitoker
ত্রিপুরা	tripura
ত্রিপুরার	tripurar
ত্রিবেণী	tribeni
ত্রিভুজের	trivujer
ত্রিমাত্রিক	trimatrik
ত্রিলোক	trilok
ত্রিশ	trish
ত্রিশটি	trishti
ত্রিশাল	trishal
ত্রিশের	trisher
ত্রুটিগুলো	trutigulo
ত্রুটিপূর্ণ	trutipurno
ত্রৈমাসিক	troimasik
থমসন	thomson
থলে	thole
থাইল্যান্ডে	thailande
থাইল্যান্ডের	thailander
থাকতেন	thakten
থাকবে	thakbe
থাকবেন	thakben
থাকল	thaklo
থাকার	thakar
থাকি	thaki
থাকুক	thakuk
থামবে	thambe
থামে	thame
থার্ড	third
থালা	thala
থিংস	things
থিও	thio
থিওডোর	thiodor
থিওরি	theory
থেকে	theke
থেকেই	thekei
থেকেও	thekeo
থেকেছেন	thekechen
থেমে	theme
থের	ther
থেরন	theron
থেরাপি	therapy
থ্রী	three
দই	doi
দম্পতি	dompoti
দর	dor
দরবারের	dorbarer
দরবেশ	dorbesh
দরিদ্র	doridro
দরিদ্রদের	doridroder
দরের	dorer
দর্জি	dorji
দর্প	dorpo
দর্পণ	dorpon
দর্পণে	dorpone
দল	dol
দলও	dolo
দলকে	dolke
দলছুট	dolchut
দলটি	dolti
দলটির	doltir
দলনেতা	dolneta
দলবল	dolbol
দলিল	dolil
দলিলও	dolilo
দলিলাদি	doliladi
দলিলের	doliler
দলে	dole
দলের	doler
দশা	dasha
দস্তাবেজ	dastabej
দস্তার	dastar
দা	da
দাঁতকে	dantke
দাঁতে	dante
দাংগা	danga
দাই	daai
দাঈ	daai
দাও	dao
দাওনা	daona
দাগ	daag
দাগের	daager
দাতব্য	datobyo
দাতা	data
দাতার	datar
দাদি	dadi
দানকৃত	dankrito
দানা	dana
দানাদার	danadar
দানার	danar
দানি	dani
দানিউব	daniub
দানু	danu
দানের	daner
দানো	dano
দাবি	dabi
দাবিকৃত	dabikrito
দাবিগুলো	dabigulo
দাবিতেই	dabitei
দাবির	dabir
দাবী	dabi
দাবীকৃত	dabikrito
দাবীটি	dabiti
দাবীদার	dabidar
দাবীর	dabir
দাম	dam
দামও	damo
দামি	dami
দামিনী	damini
দামের	damer
দামেস্কের	damesker
দারি	dari
দারিদ্র	daridro
দারিদ্র্যসীমার	daridrosimar
দারিদ্র্যের	daridrer
দারুচিনি	daruchini
দারুণ	darun
দারোগার	darogar
দার্শনিকদের	darshonikder
দার্শনিকরা	darshonikra
দালান	dalan
দালানের	dalaner
দালাল	dalal
দাশ	das
দাশগুপ্তের	dasgupter
দাস	das
দাসকে	daske
দাসদের	dasder
দাসী	dasi
দাসের	daser
দাহ	daho
দিক	dik
দিককার	dikkar
দিকগুলো	dikgulo
দিকগুলোকে	dikguloke
দিকটা	dikta
দিকটির	diktir
দিকে	dike
দিকের	diker
দিগন্ত	diganta
দিগম্বর	digambar
দিঘি	dighi
দিঘিটি	dighiti
দিঘির	dighir
দিঘী	dighi
দিতে	dite
দিতেন	diten
দিদারুল	didarul
দিদিমার	didimar
দিন	din
দিনও	dino
দিনকে	dinke
দিনগুলো	dingulo
দিনগুলোতে	dingulote
দিনটিকে	dintike
দিনটিতে	dintite
দিনযাপন	dinjapon
দিনা	dina
দিনাজপুর	dinajpur
দিনাজপুরে	dinajpure
দিনাজপুরের	dinajpurer
দিনারের	dinarer
দিনে	dine
দিনেই	dinei
দিনেও	dineo
দিনের	diner
দিবালোক	dibalok
দিবেন	diben
দিমিত্রি	dimitri
দিরাই	dirai
দিলদার	dildar
দিলরুবা	dilruba
দিলি	dili
দিলীপ	dilip
দিলে	dile
দিলেই	dilei
দিলেন	dilen
দিল্লি	delhi
দিল্লির	delhir
দিল্লী	delhi
দিল্লীতে	delhite
দিশেহারা	dishehara
দিস	dis
দীক্ষা	dikkha
দীঘি	dighi
দীঘিটি	dighiti
দীঘিনালা	dighinala
দীঘির	dighir
দীন	din
দীনতা	dinota
দীনের	diner
দীনেশচন্দ্র	dineshchandra
দীপঙ্কর	dipankar
দীপশিখা	dipshikha
দীপান্বিতা	dipannita
দীপু	dipu
দীপ্তির	diptir
দীর্ঘ	dirgho
দীর্ঘকাল	dirghokal
দীর্ঘকালীন	dirghokalin
দীর্ঘজীবি	dirghojibi
দীর্ঘদিনের	dirghodiner
দীর্ঘদেহী	dirghodehi
দু	du
দুঃখ	dukkho
দুঃখের	dukkher
দুই	dui
দুইজনের	duijoner
দুইটা	duita
দুইটির	duitir
দুইদিন	duidin
দুইবার	duibar
দুইবারের	duibarer
দুগ্ধ	dugdho
দুজন	dujon
দুজনের	dujoner
দুটি	duti
দুটির	dutir
দুটো	duto
দুটোই	dutoi
দুদিনের	dudiner
দুধ	dudh
দুধকুমার	dudhkumar
দুপাশে	dupashe
দুপাশের	dupasher
দুপুর	dupur
দুপুরে	dupure
দুপুরের	dupurer
দুবাই	dubai
দুবার	dubar
দুভাগ	duvag
দুমকি	dumki
দুমাস	dumas
দুরাচারী	durachari
দুরাবস্থা	durabostha
দুরূহ	duruho
দুর্গতি	durgoti
দুর্গম	durgam
দুর্গা	durga
দুর্গাপুজো	durgapujo
দুর্গাপুর	durgapur
দুর্গাপুরের	durgapurer
দুর্গাপূজা	durgapuja
দুর্গাপূজার	durgapujar
দুর্গার	durgar
দুর্ঘটনা	durghatana
দুর্ঘটনাজনিত	durghatanajanito
দুর্ঘটনাতে	durghatanate
দুর্ঘটনাপ্রবণ	durghatanapraban
দুর্ঘটনার	durghatanar
দুর্দান্ত	durdanto
দুর্ধর্ষ	durdharsha
দুর্নিবার	durnibar
দুর্বলভাবে	durbolbhabe
দুর্যোগ	durjog
দুর্যোগের	durjoger
দুর্যোধন	durjodhon
দুর্যোধনের	durjodhoner
দুলারী	dulari
দুলালপুর	dulalpur
দুস্তর	dustor
দূতদের	dutder
দূর	dur
দূরপাল্লার	durpallar
দূরূহ	duruho
দূরেই	durei
দূরের	durer
দূর্গ	durgo
দূর্গা	durga
দূর্নীতি	durniti
দূষণ	dushon
দূষিত	dushito
দেং	deng
দেই	dei
দেখছেন	dekhchen
দেখত	dekhto
দেখতে	dekhte
দেখতেন	dekhten
দেখল	dekhlo
দেখলে	dekhle
দেখলেন	dekhlen
দেখা	dekha
দেখাও	dekhao
দেখানো	dekhano
দেখাবার	dekhabar
দেখাশুনা	dekhashuna
দেখাশোনার	dekhashonar
দেখি	dekhi
দেখে	dekhe
দেখেই	dekhei
দেখেছি	dekhechi
দেখেছিলেন	dekhechilen
দেখেছে	dekheche
দেখেছেন	dekhechen
দেখেন	dekhen
দেখেননি	dekhenni
দেন	den
দেননি	denni
দেব	deb
দেবগণ	debgon
দেবতা	debota
দেবতাকে	debotake
দেবতাদের	debotader
দেবতার	debotar
দেবতারা	debotara
দেবনাগরী	debnagori
দেবনাথ	debnath
দেবরাজ	debraj
দেবহাটা	debhata
দেবা	deba
দেবাদিদেব	debadideb
দেবার	debar
দেবারতি	debarati
দেবিকা	debika
দেবিকার	debikar
দেবী	debi
দেবীকে	debike
দেবীতে	debite
দেবীর	debir
দেবীরা	debira
দেবেন	deben
দেবের	deber
দেবোত্তর	debottor
দের	der
দেরি	deri
দেরী	deri
দেলা	dela
দেশ	desh
দেশকে	deshke
দেশগুলি	deshguli
দেশগুলির	deshgulir
দেশগুলো	deshgulo
দেশগুলোর	deshgulor
দেশটি	deshti
দেশটির	deshtir
দেশপ্রেম	deshprem
দেশপ্রেমিক	deshpremik
দেশপ্রেমিকের	deshpremiker
দেশবিদেশের	deshbidesher
দেশব্যাপী	deshbyapi
দেশসমূহ	deshsomuho
দেশসহ	deshsoho
দেশসেরা	deshsera
দেশাই	deshai
দেশি	deshi
দেশের	desher
দেস	des
দেসাই	desai
দেসি	desi
দেহ	deho
দেহটি	dehoti
দেহে	dehe
দেহেই	dehei
দেহের	deher
দৈত্য	doityo
দৈত্যদের	doityoder
দৈনন্দিন	doinondin
দৈনিক	doinik
দৈনিকটির	doiniktir
দৈনিকের	doiniker
দৈব	doibo
দৈহিক	doihik
দোকানদার	dokandar
দোতলা	dotola
দোল	dol
দোলন	dolon
দোষারোপ	dosharop
দোষের	dosher
দোসর	dosor
দোসররা	dosorra
দোসরা	dosra
দোস্ত	dost
দোহা	doha
দ্বিপদ	dwipod
দ্বিমত	dwimot
দ্বিমাত্রিক	dwimatrik
দ্বিশতক	dwishotok
দ্রবণটি	drobonti
দ্রবনের	droboner
দ্রব্যাদি	drobyadi
দ্রব্যে	drobye
দ্রব্যের	drobyer
দ্রাঘিমা	draghima
দ্রাঘিমাংশ	draghimangsho
দ্রাবক	drabok
দ্রুত	druto
দ্রুতই	drutoi
দ্রুতগামী	drutogami
দ্রুততার	drutotar
দ্রুতি	druti
ধরতেই	dhortei
ধরতেন	dhorten
ধরনের	dhoroner
ধরবে	dhorbe
ধরলাম	dhorlam
ধরা	dhora
ধরেই	dhorei
ধরেছিলেন	dhorechilen
ধর্মবিশ্বাস	dharmabiswas
ধর্ষিত	dhorshito
ধাক্কা	dhakka
ধাক্কার	dhakkar
ধাতু	dhatu
ধাতুর	dhatur
ধাত্রীবিদ্যা	dhatribidya
ধাধা	dhadha
ধান	dhan
ধানও	dhano
ধানমন্ডি	dhanmondi
ধানের	dhaner
ধাপগুলো	dhapgulo
ধাবিত	dhabito
ধাম	dham
ধামার	dhamar
ধার	dhar
ধারক	dharok
ধারণ	dharon
ধারণা	dharona
ধারণাই	dharonai
ধারণাগুলি	dharonaguli
ধারণাগুলোর	dharonagulor
ধারণাটা	dharonata
ধারণাটি	dharonati
ধারণাটির	dharonatir
ধারণার	dharonar
ধারণের	dharoner
ধারন	dharon
ধারনা	dharona
ধারনাই	dharonai
ধারনাটি	dharonati
ধারনার	dharonar
ধারার	dharar
ধারে	dhare
ধারেই	dharei
ধারের	dharer
ধার্মিক	dharmik
ধার্মিকদের	dharmikder
ধার্য	dharjo
ধীর	dhir
ধুপ	dhup
ধুম	dhum
ধুমপানের	dhumpaner
ধুরুং	dhurung
ধুলো	dhulo
ধূতি	dhuti
ধৃত	dhrito
ধৈর্য	dhoirjo
ধোকা	dhoka
ধোনি	dhoni
ধোপা	dhopa
ধোপার	dhopar
ধ্যানধারণা	dhyandharona
ধ্রুপদী	dhrupodi
ধ্রুব	dhrubo
নং	nong
নই	noi
নকআউট	knockout
নকশি	nokshi
নকশী	nokshi
নখ	nokh
নট	not
নতুন	notun
নতুনের	notuner
নথি	nothi
নন	non
ননী	noni
নন্দিনী	nondini
নবাব	nabab
নবেম্বর	november
নভেম্বর	november
নম্বর	number
নরসুন্দা	norosunda
নরেন্দ্র	narendra
নর্থ	north
নর্মাল	normal
না	na
নাই	nai
নাইট্রিক	nitric
নাইট্রেট	nitrate
নাইডু	naidu
নাইন	nine
নাইরোবি	nairobi
নাইরোবির	nairobir
নাইস	nice
নাও	nao
নাগ	nag
নাগপুর	nagpur
নাগমা	nagma
নাগরদোলা	nagordola
নাগাদ	nagad
নাগাল	nagal
নাগালের	nagaler
নাগাসাকির	nagasakir
নাচ	nach
নাজি	naji
নাজিম	najim
নাজিমউদ্দিন	najimuddin
নাজিমুদ্দিন	najimuddin
নাজির	najir
নাজিরা	najira
নাজিলের	najiler
নাজুক	najuk
নাট	nat
নাটক	natok
নাটকগুলো	natokgulo
নাটকগুলোর	natokgulor
নাটকটি	natokti
নাটকটির	natoktir
নাটকের	natoker
নাটোর	nator
নাটোরের	natorer
নাতি	nati
নাতির	natir
নাথ	nath
নাথান	nathan
নাদির	nadir
নাদিরা	nadira
নাদের	nader
নান	nan
নানক	nanok
নানকার	nankar
নানা	nana
নানাপ্রকার	nanaprokar
নানারকম	nanarokom
নানারকমের	nanarokomer
নান্দনিক	nandonik
নান্দাইল	nandail
নাপা	napa
নাবালকের	nabaloker
নাবিক	nabik
নাবিকদের	nabikder
নাবিকরা	nabikra
নাবিকের	nabiker
নামকে	namke
নামগুলো	namgulo
নামগুলোর	namgulor
নামঞ্জুর	namonjur
নামটা	namta
নামটি	namti
নামটির	namtir
নামতেন	namten
নামমাত্র	nammatro
নামলেও	namleo
নামা	nama
নামাজ	namaj
নামাজের	namajer
নামান	naman
নামাযের	namajer
নামার	namar
নামুজা	namuja
নামেও	nameo
নাম্নী	namni
নারকেল	narkel
নারকোল	narkol
নারাজ	naraj
নারিকেল	narikel
নারিন্দা	narinda
নারীশিক্ষার	narishikkhar
নার্গিস	nargis
নার্গিসের	nargiser
নার্ভাস	nervous
নার্সারী	nursery
নার্সিং	nursing
নালন্দার	nalondar
নালা	nala
নালার	nalar
নাশক	nasok
নাসর	nasor
নাসরিন	nasrin
নাসরুল্লাহ	nasrullah
নাসা	nasa
নাসার	nasar
নাসিম	nasim
নাসিরাবাদ	nasirabad
নাস্তা	nasta
নাস্তিক	naastik
নাহিদা	naahida
নিউ	new
নিউগিনি	newgini
নিউগিনির	newginir
নিউজ	news
নিউজকে	newske
নিউজপেপার	newspaper
নিউজার্সি	newjersey
নিউজিল্যান্ড	newzealand
নিউজিল্যান্ডের	newzealander
নিউটন	newton
নিউটনের	newtoner
নিউট্রন	neutron
নিউম্যান	newman
নিউরাল	neural
নিউরোন	neuron
নিও	neo
নিওন	neon
নিক	nik
নিকার	nikar
নিকিতা	nikita
নিকোলাই	nikolai
নিক্ষিপ্ত	nikkhipto
নিক্ষেপ	nikkhep
নিক্ষেপের	nikkheper
নিখিল	nikhil
নিগ্রো	nigro
নিচ	nich
নিচটা	nichta
নিচু	nichu
নিচুতে	nichute
নিচে	niche
নিচেই	nichei
নিচেও	nicheo
নিচের	nicher
নিজামপুর	nijampur
নিজামুদ্দীন	nijamuddin
নিজুক্ত	nijukto
নিজে	nije
নিজেই	nijei
নিজেও	nijeo
নিজেকে	nijeke
নিজের	nijer
নিজেরা	nijera
নিজেরাই	nijerai
নিতাই	nitai
নিতান্ত	nitanto
নিতান্তই	nitantoi
নিতু	nitu
নিতে	nite
নিতেন	niten
নিদর্শনে	nidarshane
নিদারুণ	nidarun
নিদ্রা	nidra
নিন	nin
নিনা	nina
নিন্দা	ninda
নিন্দার	nindar
নিন্দিত	nindito
নিপতিত	nipotito
নিপল	nipple
নিপীড়ন	nipiran
নিপুণ	nipun
নিবিড়	nibir
নিবে	nibe
নিবেদিত	nibedito
নিবেদিতা	nibedita
নিবেদিতার	nibeditar
নিভে	nibhe
নিম	nim
নিমজ্জিত	nimojjito
নিমন্ত্রণ	nimontron
নিমন্ত্রন	nimontron
নিমু	nimu
নিম্নে	nimne
নিম্নের	nimner
নিরামিষ	niramish
নিরিখে	nirikhe
নিরীক্ষা	nirikkha
নিরীক্ষার	nirikkhar
নিরো	niro
নির্জীব	nirjib
নির্দেশের	nirdesher
নির্দোষ	nirdosh
নির্ধারণ	nirdharon
নির্ধারণী	nirdharoni
নির্ধারণের	nirdharoner
নির্ধারনী	nirdharoni
নির্ধারিত	nirdharito
নির্বাক	nirbak
নির্বাচিত	nirbachito
নির্বাণ	nirban
নির্বাপণ	nirbapon
নির্বাসনের	nirbasoner
নির্বাসিত	nirbasito
নির্বাহী	nirbahi
নির্বাহীকে	nirbahike
নির্বাহীর	nirbahir
নির্বিকার	nirbikar
নির্বিঘ্ন	nirbighno
নির্বোধের	nirbodher
নির্ভীক	nirbhik
নির্মম	nirmom
নির্মমভাবে	nirmombhabe
নির্মলা	nirmola
নির্মলার	nirmolar
নির্মলেন্দু	nirmolendu
নির্মাণ	nirman
নির্মাণেও	nirmaneo
নির্মাণের	nirmaner
নির্মাতা	nirmata
নির্মাতাদের	nirmatader
নির্মাতার	nirmatar
নির্মান	nirman
নির্মানাধীন	nirmanadhin
নির্মানে	nirmane
নির্মানের	nirmaner
নির্মিত	nirmito
নির্মূল	nirmul
নির্মূলের	nirmuler
নির্যাতিত	nirjatito
নির্যাতিতাকে	nirjatitake
নির্যাস	nirjas
নির্লিপ্ত	nirlipto
নির্লিপ্ততার	nirliptotar
নিল	nil
নিলাম	nilam
নিলামে	nilame
নিলামের	nilamer
নিলার	nilar
নিলু	nilu
নিলে	nile
নিলেও	nileo
নিলেন	nilen
নিলো	nilo
নিশা	nisha
নিশাচর	nishachor
নিশাত	nishat
নিশানা	nishana
নিশি	nishi
নিশিকে	nishike
নিশিতে	nishite
নিশিদিন	nishidin
নিশ্চিহ্ন	nischinho
নিষ্প্রাণ	nishpran
নিস	nis
নিহালকে	nihalke
নিহিত	nihito
নীতি	niti
নীতিকে	nitike
নীতিটি	nititi
নীতিনির্ধারকদের	nitinirdharokder
নীতিমালা	nitimala
নীতিমালার	nitimalar
নীতির	nitir
নীতিশাস্ত্র	nitishastro
নীতু	nitu
নীতুর	nitur
নীরার	nirar
নীল	nil
নীলা	nila
নীলিমা	nilima
নীহারিকা	niharika
নুন	nun
নুরউদ্দিন	nuruddin
নুরুজ্জামান	nurujjaman
নুরুদ্দিন	nuruddin
নুরুল	nurul
নুসরা	nusra
নূর	nur
নূরজাহান	nurjahan
নূরুজ্জামান	nurujjaman
নূরুন	nurun
নূরুল	nurul
নূরে	nure
নৃগোষ্ঠীর	nrigoshthir
নেই	nei
নেকলেস	necklace
নেগেটিভ	negative
নেট	net
নেটবুক	netbook
নেটিভ	native
নেতা	neta
নেতাকর্মী	netakormi
নেতাকে	netake
নেতাজি	netaji
নেতাজির	netajir
নেতাদের	netader
নেতার	netar
নেতিবাচক	netibachok
নেতৃবৃন্দের	netribrinder
নেত্রকোনা	netrokona
নেত্রী	netri
নেত্রীদের	netrider
নেদারল্যান্ডসের	netherlandser
নেন	nen
নেননি	nenni
নেনে	nene
নেপাল	nepal
নেপালী	nepali
নেপালের	nepaler
নেফ্রোলজি	nephrology
নেবেন	neben
নেভাদা	nevada
নেভার	never
নেভি	navy
নেভিগেশন	navigation
নেম	name
নেমেসিস	nemesis
নেরুদা	neruda
নেলসন	nelson
নেশন	nation
নেশা	nesha
নেস্ট	nest
নেহাত	nehat
নেহেরু	neheru
নেহেরুর	neherur
নৈশ	noisho
নোঙর	nongor
নোটবুক	notebook
নোটিশ	notice
নোড	node
নোডের	noder
নোনা	nona
নোবেল	nobel
নৌ	nou
নৌকা	nouka
নৌকাই	noukai
নৌকাও	noukao
নৌকাগুলো	noukagulo
ন্যাচারাল	natural
ন্যাটো	nato
ন্যাটোভুক্ত	natovukto
ন্যাটোর	nator
ন্যানো	nano
ন্যান্সি	nancy
ন্যাভাল	naval
ন্যাশনাল	national
ন্যাশনালে	nationale
ন্যাশানাল	national
পকেট	pocket
পকেটমারের	pocketmarer
পজিটিভ	positive
পজিশন	position
পট	pot
পটার	potar
পটু	potu
পটে	pote
পট্টি	potti
পণপ্রথা	ponprotha
পণ্ডিত	pandit
পথ	path
পনেরো	ponero
পন্টিং	ponting
পন্ডিতের	ponditer
পন্থী	ponthi
পপ	pop
পপি	popi
পপুলেশন	population
পবা	poba
পবিত্র	pobitro
পবিত্রতম	pobitrotomo
পবিত্রতা	pobitrota
পর	por
পরই	pori
পরকাল	porokal
পরকালকে	porokalke
পরকালে	porokale
পরকালের	porokaler
পরগণা	porgona
পরগণার	porgonar
পরতেন	porten
পরদিন	pordin
পরনের	poroner
পরপর	porpor
পরবের	porober
পরা	pora
পরিতৃপ্তি	poritripti
পরিধান	poridhan
পরিধি	poridhi
পরিপূর্ণ	poripurno
পরিপূর্ণতা	poripurnota
পরিপূর্ন	poripurno
পরিবর্ত	poriborto
পরিবর্তন	poriborton
পরিবর্তনে	poribortone
পরিবর্তনের	poribortoner
পরিবর্তিত	poribortito
পরিবর্তীত	poribortito
পরিবর্তে	poriborte
পরিবর্ধন	poribordhon
পরিবর্ধিত	poribordhito
পরিবহণ	poribohon
পরিবহণে	poribohone
পরিবহণের	poribohoner
পরিবহন	poribohon
পরিবহনে	poribohone
পরিবহনের	poribohoner
পরিবেশ	poribesh
পরিমাণ	poriman
পরিমাণের	porimaner
পরিমান	poriman
পরিমানের	porimaner
পরিমাপ	porimap
পরিমাপক	porimapok
পরিমাপের	porimaper
পরিস্থিতি	poristhiti
পরিস্থিতিও	poristhitio
পরিস্থিতিতে	poristhitite
পরিস্থিতির	poristhitir
পরিহার	porihar
পরিহিত	porihito
পরী	pori
পরে	pore
পরেও	poreo
পরেছে	poreche
পরেন	poren
পরের	porer
পর্তুগাল	portugal
পর্তুগালের	portugaler
পর্ন	porn
পর্নো	porno
পর্নোগ্রাফি	pornography
পর্যন্ত	porjonto
পলিউশন	polution
পলিটব্যুরো	politburo
পলিটব্যুরোর	politburor
পলিটিক্যাল	political
পলিটেকনিক	polytechnic
পলিসি	policy
পশু	poshu
পশুখাদ্য	poshukhadyo
পশুপাখি	poshupakhi
পশুপালন	poshupalon
পশুপ্রেমী	poshupremi
পশুর	poshur
পাইকারি	paikari
পাইন	pine
পাইপ	pipe
পাইপলাইন	pipeline
পাইলট	pilot
পাউডার	powder
পাও	pao
পাক	pak
পাকবাহিনী	pakbahini
পাকবাহিনীর	pakbahinir
পাকশি	pakshi
পাকস্থলী	pakostholi
পাকা	paka
পাকাপোক্ত	pakapokto
পাকিস্তান	pakistan
পাকিস্তানি	pakistani
পাকিস্তানিদের	pakistanider
পাকিস্তানিরা	pakistanira
পাকিস্তানী	pakistani
পাকিস্তানের	pakistaner
পাকে	pake
পাক্কা	pakka
পাখনা	pakhna
পাখনার	pakhnar
পাখা	pakha
পাখার	pakhar
পাখিটি	pakhiti
পাখিটির	pakhitir
পাখিদের	pakhider
পাখির	pakhir
পাখিরা	pakhira
পাগল	pagol
পাগলা	pagla
পাগলি	pagli
পাচ	pach
পাচটি	pachti
পাচা	pacha
পাচার	pachar
পাচারের	pacharer
পাজ	paz
পাজামা	pajama
পাঞ্চোলি	pancholi
পাঞ্জাবি	panjabi
পাট	pat
পাটনা	patna
পাটনার	patnar
পাটা	pata
পাটাতন	pataton
পাটি	pati
পাটিল	patil
পাটের	pater
পাঠ	path
পাঠক	pathok
পাঠকই	pathokyi
পাঠকদের	pathokder
পাতানো	patano
পাতার	patar
পাতাল	patal
পাতি	pati
পাতের	pater
পাথর	pathor
পাথরঘাটা	pathorghata
পাথরটি	pathorti
পাথরটিকে	pathortike
পাথরটির	pathortir
পাদদেশের	padodesher
পাদুকা	paduka
পাননা	panna
পানপাত্র	panpatro
পানাম	panam
পানামা	panama
পানামার	panamar
পানি	pani
পানির	panir
পানিরোধী	panirodhi
পান্ডার	pandar
পান্ডুলিপি	pandulipi
পান্ডুলিপির	pandulipir
পান্ডে	pandey
পান্না	panna
পান্নালাল	pannalal
পাপ	paap
পাপকে	paapke
পাপাচারী	papachari
পাপে	paape
পাবনা	pabna
পাবনার	pabnar
পাবলিক	public
পাবলিকেশন্স	publications
পাবলিশার্স	publishers
পাবলিশিং	publishing
পাবার	pabar
পাবেন	paben
পাম	pam
পামুক	pamuk
পাম্প	pump
পার	par
পারছি	parchi
পারছিল	parchilo
পারছিলেন	parchilen
পারত	parto
পারতেন	parten
পারতো	parto
পারপাস	purpose
পারফরমার	performer
পারফরমেন্স	performance
পারফিউম	perfume
পারবেন	parben
পারবো	parbo
পারভেজ	parvez
পারল	parlo
পারলে	parle
পারলেও	parleo
পারলেন	parlen
পারা	para
পারাটা	parata
পারাপারের	paraparer
পারার	parar
পারি	pari
পারিতোষিক	paritoshik
পারিনা	parina
পারিবারিক	paribarik
পারুল	parul
পারেখ	parekh
পারেন	paren
পারেনা	parena
পারেনি	pareni
পারের	parer
পারো	paro
পার্কটি	parkti
পার্কটির	parktir
পার্ট	part
পার্টনার	partner
পার্টস	parts
পার্টি	party
পার্টিশন	partition
পার্পল	purple
পালকগুলো	palokgulo
পালকের	paloker
পালন	palon
পালনের	paloner
পালমোনারি	pulmonary
পাললিক	palolik
পালসার	pulsar
পালার	palar
পালি	pali
পালিত	palito
পালিশ	palish
পালের	paler
পাল্টা	palta
পাল্টালেন	paltalen
পাল্প	pulp
পাল্লা	palla
পাশবিক	pashobik
পাশা	pasha
পাশাপাশি	pashapashi
পাশার	pashar
পাশে	pashe
পাশেই	pashei
পাশের	pasher
পাষণ্ড	pashondo
পাস	pass
পাসপোর্টের	passporter
পাহারা	pahara
পিংক	pink
পিএলও	plo
পিকচার	picture
পিকচার্স	pictures
পিকচার্সের	pictureser
পিকনিক	picnic
পিক্সেল	pixel
পিগমি	pigmy
পিগমেন্ট	pigment
পিছন	pichon
পিছনের	pichoner
পিছে	piche
পিট	pit
পিটক	pitok
পিটানো	pitano
পিটি	pt
পিটিআই	pti
পিডিবি	pdb
পিণ্ডের	pinder
পিতা	pita
পিতামাতা	pitamata
পিতামাতার	pitamatar
পিতার	pitar
পিতৃতান্ত্রিক	pitritantrik
পিন	pin
পিন্টো	pinto
পিপা	pipa
পিরলো	pirlo
পিরামিড	pyramid
পিরামিডের	pyramider
পিরিতের	piriter
পিরোজপুরের	pirojpurer
পিলখানার	pilkhanar
পিলার	pillar
পিলো	pillow
পিসা	pisa
পিসিমা	pisima
পিস্তল	pistol
পিস্তলসহ	pistolsoho
পিৎজা	pizza
পুং	pung
পুকুর	pukur
পুজা	puja
পুজো	pujo
পুজোর	pujor
পুট	put
পুণের	puner
পুতিনের	putiner
পুতুল	putul
পুতুলের	putuler
পুত্র	putro
পুত্রবধুকে	putrobodhuke
পুত্রের	putrer
পুথিগত	puthigoto
পুনে	pune
পুনেতে	punete
পুবালি	pubali
পুবে	pube
পুর	pur
পুরন	puron
পুরা	pura
পুরাকালে	purakale
পুরাণ	puran
পুরাণের	puraner
পুরান	puran
পুরানো	purano
পুরাপুরি	purapuri
পুরি	puri
পুরী	puri
পুরীর	purir
পুরু	puru
পুরুষ	purush
পুরুষগণ	purushgon
পুরুষদের	purushder
পুরুষরা	purushra
পুরুষাঙ্গ	purushango
পুরুষালি	purushali
পুরুষের	purusher
পুরুষেরা	purushera
পুরো	puro
পুরোটা	purota
পুরোটাই	purotai
পুরোধা	purodha
পুরোনো	purono
পুরোপুরি	puropuri
পুল	pool
পুলিন	pulin
পুলিশ	police
পুলিশকে	policeke
পুষ্ট	pushto
পূজা	puja
পূজার	pujar
পূজো	pujo
পূর্ণতা	purnota
পূর্ণা	purna
পূর্ণিমা	purnima
পূর্ণিমার	purnimar
পূর্ণেন্দু	purnendu
পূর্তি	purti
পূর্তির	purtir
পূর্ন	purno
পূর্ব	purbo
পূর্বদিকের	purbodiker
পূর্বনাম	purbonam
পূর্বপাকিস্তান	purbopakistan
পূর্বপাকিস্তানের	purbopakistaner
পূর্ববাংলা	purbobangla
পূর্ববাংলার	purbobanglar
পূর্বমুখী	purbomukhi
পূর্বমুহূর্ত	purbomuhurto
পূর্বসূরি	purbosuri
পূর্বসূরীর	purbosurir
পূর্বসূরীরা	purbosurira
পূর্বাংশে	purbangshe
পূর্বাংশের	purbangsher
পূর্বাপর	purbapor
পূর্বাভাস	purbabhas
পূর্বাশা	purbasha
পূর্বেই	purbei
পূর্বেও	purbeo
পূর্বেকার	purbekar
পূর্বের	purber
পূর্বোক্ত	purbokto
পৃথিবী	prithibi
পৃথিবীকে	prithibike
পৃথিবীতে	prithibite
পৃথিবীব্যাপী	prithibibyapi
পৃথিবীর	prithibir
পৃথীবিতে	prithibite
পৃথু	prithu
পৃষ্ঠার	prishthar
পৃষ্ঠের	prishther
পেইজ	page
পেইন্টিং	painting
পেক	pek
পেঙ্গুইন	penguin
পেছন	pechon
পেছনে	pechone
পেছনের	pechoner
পেজ	page
পেজটি	pageti
পেট	pet
পেটানো	petano
পেটের	peter
পেট্রোবাংলা	petrobangla
পেড্রো	pedro
পেতে	pete
পেতো	peto
পেদ্রো	pedro
পেন	pen
পেনশন	pension
পেনাং	penang
পেনাল্টি	penalty
পেনাল্টিতে	penaltyte
পেনিনসুলার	peninsular
পেন্ট	pent
পেন্টিং	painting
পেন্সিল	pencil
পেন্সিলের	penciler
পেপ	pep
পেপটাইড	peptide
পেপার	paper
পেপারটি	paperti
পেপে	pepe
পেমেন্ট	payment
পেরু	peru
পেরুতে	perute
পেরে	pere
পেরেও	pereo
পেরেছি	perechi
পেরেছিল	perechilo
পেরেছিলেন	perechilen
পেরেছে	pereche
পেরেছেন	perechen
পেরেজ	perez
পেরেজের	perezer
পেল	pelo
পেলভিক	pelvic
পেলভিস	pelvis
পেলাম	pelam
পেলি	peli
পেলে	pele
পেলেই	pelei
পেলেও	peleo
পেলেন	pelen
পেলের	peler
পেল্লাই	pellai
পেশকার	peshkar
পেশা	pesha
পেশাজীবি	peshajibi
পেস	pace
পৈতৃক	poitrik
পৈত্রিক	poitrik
পোকখালী	pokkhali
পোকা	poka
পোকাটি	pokati
পোকার	pokar
পোকেমন	pokemon
পোখরা	pokhra
পোজ	pose
পোড়া	pora
পোদ্দার	poddar
পোর্ট	port
পোর্টল্যান্ড	portland
পোর্টার	porter
পোর্টে	porte
পোলক	pollock
পোলাও	polao
পোলার	polar
পোলিশ	polish
পোল্যান্ড	poland
পোশাক	poshak
পোশাকটি	poshakti
পোশাকের	poshaker
পোষা	posha
পোষাক	poshak
পোষাকি	poshaki
পোষাকের	poshaker
পোস্টার	poster
পৌছাতে	pouchate
পৌছান	pouchan
পৌছানো	pouchano
পৌছানোর	pouchanor
পৌছার	pouchar
পৌছেন	pouchen
পৌনে	poune
পৌরাণিক	pouranik
প্যাক	pack
প্যাকেজ	package
প্যাকেট	packet
প্যাগোডা	pagoda
প্যাটেল	patel
প্যান	pan
প্যানেল	panel
প্যানেলকে	panelke
প্যান্থার	panther
প্যারডি	parody
প্যারা	para
প্যারাডাইস	paradise
প্যারামাউন্ট	paramount
প্যারামিটার	parameter
প্যারালাইসিস	paralysis
প্যারাসাইট	parasite
প্যারিস	paris
প্যালেস	palace
প্রকাশকাল	prokashkal
প্রকাশনী	prokashoni
প্রকাশিকা	prokashika
প্রকাশের	prokasher
প্রকৃতি	prokriti
প্রকৃতির	prokritir
প্রক্ষিপ্ত	prokkhipto
প্রক্সি	proxy
প্রক্সিমিটি	proximity
প্রগ্রেসিভ	progressive
প্রজেক্ট	project
প্রতাপ	protap
প্রতাপের	protaper
প্রতারক	protarok
প্রতারণার	protaronar
প্রতি	proti
প্রতিও	protio
প্রতিক	protik
প্রতিকূল	protikul
প্রতিটা	protita
প্রতিটি	protiti
প্রতিটির	protitir
প্রতিদান	protidan
প্রতিদানে	protidane
প্রতিদিন	protidin
প্রতিনিধি	protinidhi
প্রতিনিধিদল	protinidhidol
প্রতিনিধিদলের	protinidhidoler
প্রতিনিধিদের	protinidhider
প্রতিনিধির	protinidhir
প্রতিপত্তি	protipotti
প্রতিপন্ন	protiponno
প্রতিপাদন	protipadon
প্রতিপালক	protipalok
প্রতিপালন	protipalon
প্রতিবন্ধি	pratibandhi
প্রতিবাদ	protibad
প্রতিবার	protibar
প্রতিবেদনে	protibedone
প্রতিবেদনের	protibedoner
প্রতিবেশী	protibeshi
প্রতিভার	protibhar
প্রতিভূ	protibhu
প্রতিম	protim
প্রতিমন্ত্রী	protimontri
প্রতিরূপ	protirup
প্রতিরোধ	protirodh
প্রতিরোধের	protirodher
প্রতিলিপি	protilipi
প্রত্যেকটা	protyekta
প্রত্যেকটি	protyekti
প্রত্যেকটির	protyektir
প্রত্যেকের	protyeker
প্রথমবার	prothombar
প্রথমবারেরমত	prothombarermoto
প্রথমভাগে	prothombhage
প্রথমা	prothoma
প্রথমার্ধে	prothomardhe
প্রথমেই	prothomei
প্রথিতযশা	prothitojosha
প্রদত্ত	prodotto
প্রদর্শন	prodorshon
প্রদর্শনী	prodorshoni
প্রদান	prodan
প্রদানকে	prodanke
প্রদানে	prodane
প্রদানের	prodaner
প্রদাহকে	prodahoke
প্রদাহজনিত	prodahojonito
প্রদাহের	prodaher
প্রদেশের	prodesher
প্রধাণত	prodhanoto
প্রধান	prodhan
প্রধানগণ	prodhangon
প্রধানদের	prodhander
প্রধানের	prodhaner
প্রপার্টিজ	properties
প্রফেশনাল	professional
প্রফেশনালস	professionals
প্রফেসর	professor
প্রফেসার	professor
প্রবাদে	probade
প্রবাল	probal
প্রবাহ	probaho
প্রবাহকে	probahoke
প্রবাহমান	probahoman
প্রবাহিত	probahito
প্রবাহী	probahi
প্রবাহে	probahe
প্রবাহের	probaher
প্রবিধান	probidhan
প্রবীণ	probin
প্রবীন	probin
প্রবীর	probir
প্রবেশদ্বার	probeshdwar
প্রবেশাধিকার	probeshadhikar
প্রভিডেন্ট	provident
প্রমত্তা	promotta
প্রমাণ	proman
প্রমাণাদি	promanadi
প্রমাণাদির	promanadir
প্রমাণিত	promanito
প্রমাণের	promaner
প্রমানিত	promanito
প্রমানের	promaner
প্রমিলা	promila
প্রমুখের	promukher
প্রসাদ	prosad
প্রসারণের	prosaroner
প্রসারিত	prosarito
প্রসারের	prosarer
প্রসিকিউটর	prosecutor
প্রসেস	process
প্রাইজ	prize
প্রাইড	pride
প্রাইভেট	private
প্রাইমারী	primary
প্রাইস	price
প্রাক	prak
প্রাকটিসের	practicer
প্রাকৃতিক	prakritik
প্রাকৃতিকভাবে	prakritikbhabe
প্রাকৃতের	prakriter
প্রাক্তনী	praktoni
প্রাগ	prague
প্রাগৈতিহাসিক	pragoitihasik
প্রাচীণ	prachin
প্রাচীনকাল	prachinkal
প্রাচীনকালের	prachinkaler
প্রাচীর	prachir
প্রাচীরের	prachirer
প্রাণ	pran
প্রাণকেন্দ্র	prankendro
প্রাণঘাতী	pranghati
প্রাণত্যাগ	prantyag
প্রাণনাশ	prannash
প্রাণনাশের	prannasher
প্রাণপুরুষ	pranpurush
প্রাণিসম্পদ	pranisampad
প্রাণী	prani
প্রাণীও	pranio
প্রাণীকুলের	pranikuler
প্রাণীকে	pranike
প্রাণীটি	praniti
প্রাণীটিকে	pranitike
প্রাণীটির	pranitir
প্রাণীতে	pranite
প্রাণীদের	pranider
প্রাণীদেহের	pranideher
প্রাণীর	pranir
প্রাণীরা	pranira
প্রাণে	prane
প্রাণের	praner
প্রান	pran
প্রানবন্ত	pranobonto
প্রানী	prani
প্রানীদের	pranider
প্রানীর	pranir
প্রান্তিক	prantik
প্রান্তেই	prantei
প্রান্তের	pranter
প্রাপ্ত	prapto
প্রাপ্তদের	praptoder
প্রাপ্তি	prapti
প্রাপ্তির	praptir
প্রামাণিক	pramanik
প্রার্থনা	prarthona
প্রার্থনাকারী	prarthonakari
প্রার্থনার	prarthonar
প্রার্থিতা	prarthita
প্রার্থী	prarthi
প্রার্থীতা	prarthita
প্রার্থীদের	prarthider
প্রার্থীর	prarthir
প্রাসাদ	prasad
প্রাসাদের	prasader
প্রিন্ট	print
প্রিন্টার	printer
প্রিন্টারটি	printerti
প্রিন্সটন	princeton
প্রিন্সের	princer
প্রিন্সেস	princess
প্রিভিউ	preview
প্রিভেনটিভ	preventive
প্রিভেনশন	prevention
প্রিয়াঙ্কা	priyanka
প্রেক্ষাগৃহে	prekkhagrihe
প্রেক্ষাগৃহের	prekkhagriher
প্রেক্ষাপটে	prekkhapote
প্রেক্ষাপটেই	prekkhapotei
প্রেক্ষিতে	prekkhite
প্রেক্ষিতেই	prekkhitei
প্রেক্ষিতের	prekkhiter
প্রেতের	preter
প্রেম	prem
প্রেমকে	premke
প্রেমিক	premik
প্রেমিকা	premika
প্রেমে	preme
প্রেমের	premer
প্রেরণা	prerona
প্রেস	press
প্রেসক্রিপশন	prescription
প্রেসার	pressure
প্রেসিডেন্ট	president
প্রেসিডেন্সি	presidency
প্রোগ্রাম	programme
প্রোগ্রামার	programmer
প্রোগ্রামিং	programming
প্রোগ্রেসিভ	progressive
প্রোজেক্ট	project
প্রোজেক্টর	projector
প্রোটন	proton
প্রোটিন	protein
প্রোটিনে	proteiney
প্রোটিনের	proteiner
প্রোটেস্ট্যান্ট	protestant
প্রোটোকল	protocol
প্রোটোকলের	protocoler
প্রোডাকশন	production
প্রোডাক্ট	product
প্রোথিত	prothito
প্রোসেস	process
প্লট	plot
প্লটের	ploter
প্লাজার	plazar
প্লাটফরম	platform
প্লাটফর্ম	platform
প্লাটিনাম	platinum
প্লাটিনামের	platinumer
প্লান্ট	plant
প্লাবিত	plabito
প্লাস্টিক	plastic
প্লে	play
প্লেব্যাক	playback
প্লেসের	placer
প্ল্যাটফর্ম	platform
প্ল্যাটফর্মের	platformer
প্ল্যাটিনাম	platinum
প্ল্যান	plan
প্ল্যান্ট	plant
ফটো	photo
ফটোকপি	photocopy
ফটোগ্রাফার	photographer
ফন্ট	font
ফর	for
ফরচুন	fortune
ফরমালিনের	formaliner
ফরমুলা	formula
ফরমেশন	formation
ফরহাদ	farhad
ফরিদপুর	faridpur
ফরিদপুরের	faridpurer
ফরিদা	farida
ফরীদি	faridi
ফরেস্ট	forest
ফর্ক	fork
ফর্মুলা	formula
ফসফেট	phosphate
ফসিল	fossil
ফাঁক	fank
ফাঁকা	fanka
ফাঁকে	fanke
ফাঁদ	fand
ফাঁদে	fande
ফাঁপা	fanpa
ফাঁসিতে	fansite
ফাঁসির	fansir
ফাংশন	function
ফাংশনের	functioner
ফাইট	fight
ফাইটার	fighter
ফাইন	fine
ফাইনম্যান	fineman
ফাইনাল	final
ফাইনালেও	finaleo
ফাইনালের	finaler
ফাইন্ড	find
ফাইন্ডার	finder
ফাইন্যান্স	finance
ফাইভ	five
ফাইল	file
ফাইলস	files
ফাউন্টেন	fountain
ফাউন্ডার	founder
ফাউন্ডেশন	foundation
ফাজিল	fajil
ফাজিলপুর	fajilpur
ফাটল	fatol
ফাতিমা	fatima
ফাতেমা	fatema
ফান	fun
ফারহান	farhan
ফারাও	farao
ফারাক্কা	farakka
ফারাহ	farah
ফারুক	faruk
ফারুকি	faruki
ফারুকের	faruker
ফারো	faro
ফার্ডিনান্ড	fardinand
ফার্ম	farm
ফার্মা	pharma
ফার্মের	farmer
ফার্স্ট	first
ফাল্গুন	falgun
ফাস্ট	fast
ফাহমিদা	fahmida
ফাহাদ	fahad
ফি	fee
ফিউচার	future
ফিউশন	fusion
ফিকশন	fiction
ফিচ	fitch
ফিজি	fiji
ফিজিক্যাল	physical
ফিজিক্স	physics
ফিট	fit
ফিটনেস	fitness
ফিতার	fitar
ফিতের	fiter
ফিদেল	fidel
ফিন	fin
ফিনল্যান্ড	finland
ফিনিশার	finisher
ফিনিস	finish
ফিন্যান্স	finance
ফিফা	fifa
ফিফার	fifar
ফিরেন	firen
ফিলামেন্ট	filament
ফিলিপ	philip
ফিলিপস	philips
ফিলিপসের	philipser
ফিলিপের	philiper
ফিলিস্তিনিদের	filistinider
ফিলিস্তিনে	filistiney
ফিলিস্তিনের	filistiner
ফিল্টার	filter
ফিল্ডার	fielder
ফিল্ডিং	fielding
ফিল্ম	film
ফিল্মস	films
ফিশ	fish
ফিশার	fisher
ফিশারিজ	fisheries
ফিশিং	fishing
ফুজি	fuji
ফুট	foot
ফুটপাথ	footpath
ফুটার	futar
ফুটি	futi
ফুটের	footer
ফুটো	futo
ফুপা	fupa
ফুপু	fupu
ফুফু	fufu
ফুলকির	fulkir
ফুলের	fuler
ফেইথ	faith
ফেইলিউর	failure
ফেট	fate
ফেটে	fete
ফেড	fade
ফেডারেশন	federation
ফেডেরাল	federal
ফেন	fen
ফেনা	fena
ফেনী	feni
ফেম	fame
ফেমাস	famous
ফেমিনিস্ট	feminist
ফের	fer
ফেরত	ferot
ফেরদৌস	ferdous
ফেরা	fera
ফেরানো	ferano
ফেরার	ferar
ফেরাল	feralo
ফেরি	feri
ফেল	fail
ফেলতেন	felten
ফেলবে	felbe
ফেললে	felle
ফেলা	fela
ফেলার	felar
ফেলুদা	feluda
ফেলেছিল	felechilo
ফেলেছিলেন	felechilen
ফেলেছে	feleche
ফেলেছেন	felechen
ফেলেন	felen
ফেলোশিপ	fellowship
ফেস	face
ফেসবুক	facebook
ফেস্টিভাল	festival
ফেস্টিভ্যাল	festival
ফোকাস	focus
ফোটার	fotar
ফোন	phone
ফোনটি	phoneti
ফোমের	foamer
ফোর	four
ফোরাম	forum
ফোর্ট	fort
ফোর্ড	ford
ফোর্থ	fourth
ফোর্বস	forbes
ফোর্স	force
ফোর্সের	forcer
ফোর্সেস	forces
ফ্যাক্টর	factor
ফ্যাক্টরি	factory
ফ্যাক্স	fax
ফ্যাক্সের	faxer
ফ্যাট	fat
ফ্যান	fan
ফ্যানদের	fander
ফ্যামিলি	family
ফ্যাশন	fashion
ফ্যাসিলিটিজ	facilities
ফ্রন্ট	front
ফ্রন্টাল	frontal
ফ্রম	from
ফ্রস্ট	frost
ফ্রাই	fry
ফ্রাইড	fried
ফ্রাঙ্ক	frank
ফ্রাঙ্কলিন	franklin
ফ্রাঙ্কের	franker
ফ্রান্স	france
ফ্রান্সিস	francis
ফ্রান্সিসকো	francisco
ফ্রান্সিসের	franciser
ফ্রান্সের	francer
ফ্রি	free
ফ্রিডম	freedom
ফ্রিম্যান	freeman
ফ্রী	free
ফ্রেঞ্চ	french
ফ্রেড	fred
ফ্রেডরিক	fredrik
ফ্রেন্ডশীপ	friendship
ফ্রেন্ডস	friends
ফ্রেম	frame
ফ্রেশ	fresh
ফ্রেস	fresh
ফ্র্যাঙ্ক	frank
ফ্লাইওভার	flyover
ফ্লাইট	flight
ফ্লাইটটি	flightti
ফ্লাড	flood
ফ্লুইড	fluid
ফ্লুইডের	fluider
ফ্লেচার	fletcher
ফ্লেমিং	fleming
ফ্লোটিং	floating
ফ্লোরিডা	florida
ফ্লোরিডার	floridar
ফ্ল্যাট	flat
ফ্ল্যাটের	flater
বই	boi
বইও	boio
বইগুলি	boiguli
বইগুলোর	boigulor
বইটা	boita
বইটি	boiti
বইটির	boitir
বকুল	bokul
বক্রতা	bokrota
বক্রতার	bokrotar
বক্ররেখা	bokrorekha
বক্স	box
বক্সিং	boxing
বঙ্গ	bongo
বডি	body
বডির	bodyr
বণ্টন	bonton
বণ্টনের	bontoner
বদনাম	bodnam
বদর	bodor
বদিউর	bodiur
বদিউল	bodiul
বদ্ধ	boddho
বদ্ধপরিকর	boddhoporikor
বধ	bodh
বনমানুষ	bonmanush
বনমোরগ	bonmorog
বনসাই	bonsai
বনি	boni
বনু	bonu
বনেদী	bonedi
বন্ডের	bonder
বব	bob
বমি	bomi
বর	bor
বরফ	borof
বরফাচ্ছাদিত	borofacchadito
বরবটি	borboti
বরবটির	borbotir
বরা	bora
বরাক	borak
বরাত	borat
বরাতের	borater
বরাদ্দের	boradder
বরাবর	borabor
বরাবরই	borabori
বরের	borer
বর্গ	borgo
বর্গকিলোমিটার	borgokilometer
বর্গফুট	borgofoot
বর্ডার	border
বর্ডারে	bordere
বর্ডারের	borderer
বর্ণমালা	bornomala
বর্ণমালার	bornomalar
বর্ণানুক্রমিক	bornanukromik
বর্ণালি	bornali
বর্ণিত	bornito
বর্ণিল	bornil
বর্ণে	borne
বর্ণের	borner
বলবেন	bolben
বলল	bollo
বললাম	bollam
বললেই	bollei
বললো	bollo
বলা	bola
বলাই	bolai
বলাটা	bolata
বলি	boli
বলিউড	bollywood
বলিদান	bolidan
বলিহার	bolihar
বলী	boli
বলুন	bolun
বলেই	bolei
বলেও	boleo
বলেছিলাম	bolechilam
বলেছিলেন	bolechilen
বলেছে	boleche
বলেছেন	bolechen
বলেতে	bolete
বলেন	bolen
বলেননি	bolenni
বলের	boler
বল্লাল	bollal
বসন	boson
বসবাস	bosobas
বসবাসকারী	bosobaskari
বসবাসকারীদের	bosobaskarider
বসবাসের	bosobaser
বসা	bosa
বস্টন	boston
বস্তুগুলোর	bostugulor
বহির্মুখী	bohirmukhi
বহিষ্কার	bohiskar
বহিস্কার	bohiskar
বহু	bohu
বহুকাল	bohukal
বহুকোষী	bohukoshi
বহুগুণ	bohugun
বহুজাতিক	bohujatik
বহুতলের	bohutoler
বহুদিনের	bohudiner
বা	ba
বাঁকা	banka
বাঁকের	banker
বাংলা	bangla
বাংলাদেশ	bangladesh
বাংলাদেশি	bangladeshi
বাংলাদেশিরা	bangladeshira
বাংলাদেশী	bangladeshi
বাংলাদেশীদের	bangladeshider
বাংলাদেশেও	bangladesheo
বাংলাদেশের	bangladesher
বাংলার	banglar
বাংলালিংক	banglalink
বাংলো	banglo
বাই	bye
বাইবেল	bible
বাইসাইকেল	bicycle
বাউন্সার	bouncer
বাউরি	bauri
বাউল	baul
বাও	bao
বাক	bak
বাকল	bakol
বাকার	bakar
বাকাল	bakal
বাকি	baki
বাকিগুলোর	bakigulor
বাকিদের	bakider
বাকিরা	bakira
বাকের	baker
বাক্সে	bakshe
বাক্সের	baksher
বাগডুম	bagdum
বাগান	bagan
বাগানটির	bagantir
বাগানে	bagane
বাগানের	baganer
বাগেরহাট	bagerhat
বাঘটি	baghti
বাঘা	bagha
বাঘের	bagher
বাঙালি	bangali
বাঙালিদের	bangalider
বাঙালির	bangalir
বাঙালিরা	bangalira
বাঙ্গাল	bangal
বাঙ্গালা	bangala
বাচ	bach
বাচক	bachok
বাচ্চাকে	bacchake
বাচ্চাটি	bacchati
বাচ্চাটিকে	bacchatike
বাচ্চাদের	bacchader
বাচ্চার	bacchar
বাচ্চারা	bacchara
বাজনা	bajna
বাজপাখি	bajpakhi
বাজান	bajan
বাজানো	bajano
বাজানোর	bajanor
বাজার	bajar
বাজারকে	bajarke
বাজারের	bajarer
বাজি	baji
বাজে	baje
বাজেট	budget
বাজেটে	budgete
বাজেটের	budgeter
বাজের	bajer
বাটখারা	batkhara
বাটা	bata
বাটি	bati
বাটিক	batik
বাটীর	batir
বাটু	batu
বাড	bud
বাড়ছে	barche
বাড়াতে	barate
বাড়ানোর	baranor
বাণ	ban
বাণিজ্যে	banijye
বাণী	bani
বাত	bat
বাতাসের	bataser
বাতির	batir
বাতিল	batil
বাতিলের	batiler
বাদক	badok
বাদকের	badoker
বাদল	badol
বাদলকে	badolke
বাদশা	badsha
বাদশার	badshar
বাদশাহ	badshah
বাদা	bada
বাদানুবাদের	badanubader
বাদাম	badam
বাদামি	badami
বাদি	badi
বাধা	badha
বাধাপ্রাপ্ত	badhaprapto
বাধাবিপত্তি	badhabipotti
বাধার	badhar
বানচালের	banchaler
বানর	banor
বানরটি	banorti
বানরদের	banorder
বানাতে	banate
বানানো	banano
বানানোর	bananor
বানাবো	banabo
বানু	banu
বানের	baner
বান্দাদের	bandader
বান্দ্রা	bandra
বান্ধব	bandhob
বাপ	bap
বাপ্পি	bappi
বাফেট	buffet
বাব	bab
বাবদ	babod
বাবলি	babli
বাবা	baba
বাবাকে	babake
বাবার	babar
বাবি	babi
বাবু	babu
বাবুঘাট	babughat
বাবুর	babur
বাবুরা	babura
বাম	bam
বামদিক	bamdik
বামফ্রন্ট	bamfront
বায়ু	bayu
বার	bar
বারংবার	barongbar
বারকোড	barcode
বারটি	baroti
বারণ	baron
বারবার	barbar
বারা	bara
বারান্দা	baranda
বারান্দার	barandar
বারিধারা	baridhara
বারী	bari
বারুদ	barud
বারুদের	baruder
বারেই	barei
বারের	barer
বারো	baro
বারোটি	baroti
বার্ক	bark
বার্কার	barkar
বার্কিং	barking
বার্ট	bart
বার্টন	burton
বার্তা	barta
বার্তাটি	bartati
বার্তাটির	bartatir
বার্তাবাহক	bartabahok
বার্তাবাহকের	bartabahoker
বার্তার	bartar
বার্থ	barth
বার্ন	barn
বার্নস	burns
বার্নার্ড	barnard
বার্নের	barner
বার্মিংহাম	birmingham
বার্লিন	berlin
বার্সেলোনা	barcelona
বালা	bala
বালি	bali
বালিকা	balika
বালিকাদের	balikader
বালিকার	balikar
বালির	balir
বালিশ	balish
বালিশের	balisher
বালী	bali
বালীকে	balike
বালু	balu
বালুচ	baluch
বালুচর	baluchor
বাল্টিক	baltik
বাষ্প	baspo
বাসনের	bashoner
বাসসের	basoser
বাসস্থান	basosthan
বাসস্থানের	basosthaner
বাসাতেই	basatei
বাসার	basar
বাসিন্দা	basinda
বাসিন্দাদের	basindader
বাসিন্দারা	basindara
বাসুদেবের	basudeber
বাস্কেটবল	basketball
বাস্তু	bastu
বাহক	bahok
বাহরাইন	bahrain
বাহা	baha
বাহাই	bahai
বাহাউদ্দিন	bahauddin
বাহাদুরপুর	bahadurpur
বাহাদুরের	bahadurer
বাহানা	bahana
বাহামা	bahama
বাহার	bahar
বাহি	bahi
বাহিত	bahito
বাহির	bahir
বাহিরের	bahirer
বাহুর	bahur
বিংশ	bingsho
বিআইজেএফ	bijf
বিআরটিসি	brtc
বিউটি	beauty
বিএ	ba
বিএড	bed
বিএনএস	bns
বিএনসিসি	bncc
বিএমডব্লিউ	bmw
বিএস	bs
বিএসএফ	bsf
বিএসএস	bss
বিকজ	because
বিকল	bikol
বিকাল	bikal
বিকাশ	bikash
বিকাশকারী	bikashkari
বিকাশে	bikashe
বিকাশের	bikasher
বিকিনি	bikini
বিকিনির	bikinir
বিকিরণ	bikiron
বিকিরণের	bikironer
বিকৃত	bikrito
বিকৃতি	bikriti
বিকেল	bikel
বিকেলের	bikeler
বিক্রম	bikrom
বিক্রমকে	bikromke
বিক্রি	bikri
বিক্রির	bikrir
বিক্ষিপ্ত	bikkhipto
বিক্ষুব্ধ	bikkhubdho
বিক্ষোভের	bikkhover
বিখ্যাত	bikhyato
বিগ	big
বিগ্রহ	bigroho
বিগ্রহের	bigroher
বিঘা	bigha
বিঘ্ন	bighno
বিচিত্রা	bichitra
বিচিত্রার	bichitrar
বিচের	bicher
বিচ্যুতি	bichyuti
বিছানা	bichana
বিছানার	bichanar
বিছানো	bichano
বিছে	biche
বিজ	bij
বিজু	biju
বিজেতা	bijeta
বিট	bit
বিটটরেন্ট	bittorrent
বিডি	bidi
বিডিনিউজ	bdnews
বিত	bit
বিতরণ	bitoron
বিতরণকৃত	bitoronkrito
বিতরণের	bitoroner
বিতর্ক	bitorko
বিতর্কিত	bitorkito
বিতর্কের	bitorker
বিতার্কিকরা	bitarkikra
বিদআত	bidaat
বিদার	bidar
বিদিত	bidito
বিদীর্ণ	bidirno
বিদুর	bidur
বিদেশ	bidesh
বিদেশি	bideshi
বিদেশিদের	bideshider
বিদেশের	bidesher
বিদ্বান	bidwan
বিদ্যা	bidya
বিদ্যার	bidyar
বিদ্যুতের	bidyuter
বিদ্যুৎ	bidyut
বিদ্যে	bidye
বিদ্রুপ	bidrup
বিদ্রোহের	bidroher
বিধান	bidhan
বিধানের	bidhaner
বিধিবিধানের	bidhibidhaner
বিধিমালা	bidhimala
বিন	bin
বিনা	bina
বিনোদ	binod
বিনোদপুর	binodpur
বিনোদবিহারী	binodbihari
বিনোদিনীর	binodinir
বিন্দু	bindu
বিন্দুর	bindur
বিপক্ষ	bipokkho
বিপক্ষের	bipokkher
বিপদ	bipod
বিপদকে	bipodke
বিপদের	bipoder
বিপন্ন	biponno
বিপাক	bipak
বিপাকের	bipaker
বিপিন	bipin
বিপিনের	bipiner
বিপুল	bipul
বিবর	bibor
বিবাহ	bibaho
বিবাহিত	bibahito
বিবাহের	bibaher
বিবিএ	bba
বিবৃত	bibrito
বিবৃতিটি	bibrititi
বিবৃতির	bibritir
বিবেচনা	bibechona
বিবেচিত	bibechito
বিমান	biman
বিমানগুলো	bimangulo
বিমানটা	bimanta
বিমানটি	bimanti
বিমানবাহিনীর	bimanbahinir
বিমানবাহী	bimanbahi
বিমোচনের	bimochoner
বিযুক্ত	bijukto
বির	bir
বিরাজ	biraj
বিরাট	birat
বিরাম	biram
বিরামপুর	birampur
বিরিঞ্চি	birinchi
বিরু	biru
বিরূপ	birup
বিরোধ	birodh
বিরোধপূর্ণ	birodhpurno
বিরোধিতা	birodhita
বিরোধিতার	birodhitar
বিরোধী	birodhi
বিরোধীদের	birodhider
বিরোধীদেরকে	birodhiderke
বিরোধীরা	birodhira
বিলটি	billti
বিলটির	billtir
বিলবাও	bilbao
বিলবোর্ডের	billboarder
বিলা	bila
বিলাল	bilal
বিলাস	bilas
বিলাসিতা	bilasita
বিলাসের	bilaser
বিলি	bili
বিলিরুবিন	bilirubin
বিলীন	bilin
বিলুপ্ত	bilupto
বিলুপ্তির	biluptir
বিলে	bille
বিলের	biller
বিলোপ	bilop
বিল্ডিং	building
বিল্ডিংটি	buildingti
বিশ	bish
বিশপ	bishop
বিশাল	bishal
বিশালাকার	bishalakar
বিশালাকৃতির	bishalakritir
বিশু	bishu
বিষ	bish
বিষাক্ত	bishakto
বিষুবরেখা	bishubrekha
বিষের	bisher
বিসিএস	bcs
বিহারী	bihari
বিহারীরা	biharira
বিহারীলাল	biharilal
বিহীন	bihin
বিহু	bihu
বীচ	beach
বীচে	beachey
বীজ	beej
বীণা	beena
বীফ	beef
বীমা	bima
বীর	bir
বীরের	birer
বীরোচিত	birochito
বীর্য	birjo
বুক	book
বুকার	booker
বুকে	buke
বুখারা	bukhara
বুখারী	bukhari
বুচার	butcher
বুঝতে	bujhte
বুঝল	bujhlo
বুঝা	bujha
বুঝাইতে	bujhaite
বুঝাত	bujhato
বুঝাতে	bujhate
বুঝানো	bujhano
বুঝি	bujhi
বুট	boot
বুদবুদ	budbud
বুদাপেস্ট	budapest
বুদ্ধ	buddha
বুদ্ধি	buddhi
বুদ্ধিদীপ্ত	buddhidipto
বুদ্ধিবৃত্তি	buddhibritti
বুদ্ধিবৃত্তিক	buddhibrittik
বুদ্ধিভিত্তিক	buddhivittik
বুদ্ধির	buddhir
বুধবার	budhbar
বুধহাটা	budhhata
বুনো	buno
বুরকিনা	burkina
বুরি	buri
বুরুঙ্গা	burunga
বুরুজ	buruj
বুরুন্ডি	burundi
বুল	bull
বুলবুল	bulbul
বুলবুলি	bulbuli
বুলস	bulls
বুলা	bula
বুলেট	bullet
বুলেটিন	bulletin
বুশ	bush
বৃটিশ	british
বৃত্ত	britto
বৃত্তিও	brittio
বৃত্তির	brittir
বৃত্তিসহ	brittisoho
বৃত্তের	britter
বৃদ্ধ	briddho
বৃদ্ধা	briddha
বৃদ্ধি	briddhi
বৃদ্ধিও	briddhio
বৃদ্ধির	briddhir
বৃদ্ধিসহ	briddhisoho
বেইজিং	beijing
বেকার	bekar
বেগ	beg
বেগও	bego
বেগুন	begun
বেগুনি	beguni
বেগুনী	beguni
বেগুনের	beguner
বেগে	bege
বেগের	beger
বেঙ্গালুরু	bengaluru
বেচে	beche
বেজি	beji
বেজী	beji
বেঞ্চ	bench
বেঞ্চের	bencher
বেঞ্জামিন	benjamin
বেটি	beti
বেটে	bete
বেড	bed
বেডফোর্ড	bedford
বেত	bet
বেতার	betar
বেতারের	betarer
বেতের	beter
বেত্রাঘাত	betraghat
বেদি	bedi
বেন	ben
বেনজামিন	benjamin
বেনফিকার	benfikar
বেনেডিক্ট	benedict
বেবি	baby
বেবী	baby
বেমানান	bemanan
বের	ber
বেরা	bera
বেরি	beri
বেরিং	bering
বেরিবেরি	beriberi
বেরোতে	berotey
বেরোনোর	beronor
বেল	bel
বেলকুচি	belkuchi
বেলারুশ	belarus
বেলাল	belal
বেলিজ	belij
বেলুন	belun
বেলের	beler
বেল্ট	belt
বেল্টের	belter
বেশ	besh
বেশিদিন	beshidin
বেশিদূর	beshidur
বেশিবার	beshibar
বেশির	beshir
বেস	base
বেসবল	baseball
বেসিন	basin
বেস্ট	best
বেহালা	behala
বেহুলা	behula
বেহুলার	behular
বৈচিত্র	boichitro
বৈদিক	boidik
বৈধ	boidho
বৈধতা	boidhota
বৈধতার	boidhotar
বৈপ্লবিক	boiplobik
বৈবাহিক	boibahik
বৈমানিক	boimanik
বৈমানিকদের	boimanikder
বৈরাগীর	boiragir
বৈরাগ্যের	boiragyer
বৈরিতার	boiritar
বৈরুত	boirut
বৈশাখ	boishakh
বৈশাখী	boishakhi
বৈশালী	boishali
বৈশিষ্টের	boishister
বোকা	boka
বোকার	bokar
বোঝাতেন	bojhaten
বোঝানো	bojhano
বোঝানোর	bojhanor
বোঝাবুঝি	bojhabujhi
বোঝাবুঝির	bojhabujhir
বোঝালেও	bojhaleo
বোটানিক্যাল	botanical
বোতল	bottle
বোতলের	botoler
বোতাম	botam
বোধির	bodhir
বোনাস	bonus
বোনের	boner
বোনেরা	bonera
বোম্বে	bombay
বোরকা	borka
বোরখা	borkha
বোর্ড	board
বোর্ডিং	boarding
বোর্ডের	boarder
বোল	bol
বোলাই	bolai
বোলার	bowler
বোলারদের	bowlerder
বোলাররা	bowlerra
বোলারের	bowlerer
বোলিং	bowling
বোলের	boler
বোল্ড	bold
বোসন	boson
বোস্টন	boston
বোস্তামি	bostami
ব্যক্তিকেও	byaktikeo
ব্যক্তিগণ	byaktigon
ব্যক্তিগণের	byaktigoner
ব্যক্তিটি	byaktiti
ব্যক্তিটির	byaktitir
ব্যক্তিদের	byaktider
ব্যঙ্গ	bango
ব্যতিত	byatito
ব্যতীত	byatito
ব্যথা	byatha
ব্যবহারিক	byaboharik
ব্যবহারিত	byaboharito
ব্যবহারের	byaboharer
ব্যবহার্য	byaboharjo
ব্যবহার্য্য	byaboharjo
ব্যভিচারের	byavicharer
ব্যর্থ	byartho
ব্যর্থতা	byarthota
ব্যস্ততার	byastotar
ব্যাংক	bank
ব্যাংকক	bangkok
ব্যাংকগুলোর	bankgulor
ব্যাংকটি	bankti
ব্যাংকটির	banktir
ব্যাংকস	banks
ব্যাংকার	banker
ব্যাক	back
ব্যাক্তিত্ব	byaktitto
ব্যাক্তিত্বের	byaktitter
ব্যাক্তির	byaktir
ব্যাক্তিরা	byaktira
ব্যাঙ্ক	bank
ব্যাঙ্কার	banker
ব্যাঙ্কে	bankey
ব্যাঙ্কের	banker
ব্যাঙ্গালোর	bangalore
ব্যাঙ্গালোরের	bangalorer
ব্যাচ	batch
ব্যাচেলর	bachelor
ব্যাট	bat
ব্যাটম্যান	batman
ব্যাটম্যানের	batmaner
ব্যাটারি	battery
ব্যাটারিগুলো	batterygulo
ব্যাটিং	batting
ব্যাড	bad
ব্যাণ্ড	band
ব্যাথার	byathar
ব্যাধি	byadhi
ব্যান্ড	band
ব্যান্ডগুলো	bandgulo
ব্যান্ডটি	bandti
ব্যান্ডটির	bandtir
ব্যান্ডের	bander
ব্যাপক	byapok
ব্যাপার	byapar
ব্যাপারটি	byaparti
ব্যাপারেই	byaparei
ব্যাপারেও	byapareo
ব্যাপি	byapi
ব্যাপ্তি	byapti
ব্যাবহার	byabohar
ব্যারাক	barrack
ব্যারিস্টার	barrister
ব্রংকাইটিস	bronchitis
ব্রডব্যান্ড	broadband
ব্রত	broto
ব্রাইট	bright
ব্রাইড	bride
ব্রাউন	brown
ব্রাজিল	brazil
ব্রাড	brad
ব্রাদার	brother
ব্রাদার্স	brothers
ব্রাভো	bravo
ব্রি	bri
ব্রিগেড	brigade
ব্রিজ	bridge
ব্রিটিশ	british
ব্রিটিশদের	britishder
ব্রিটিশরা	britishra
ব্রিফ	brief
ব্রিস্টল	bristol
ব্রীজ	bridge
ব্রুনেই	brunei
ব্রুনো	bruno
ব্রেট	bret
ব্রেভ	brave
ব্রোকেন	broken
ব্র্যাডম্যান	bradman
ব্র্যান্ড	brand
ব্লগে	bloge
ব্লাইন্ড	blind
ব্লাড	blaad
ব্লিডিং	bleeding
ব্লিস	bliss
ব্লুজ	blues
ব্লেড	blade
ব্ল্যাকহোল	blackhole
ভঙ্গুর	bhongur
ভণিতা	bhonita
ভরা	vora
ভরি	vori
ভলগা	volga
ভলভো	volvo
ভলিউম	volume
ভল্লুকের	volluker
ভাইকিং	viking
ভাইপো	vaipo
ভাইপোর	vaipor
ভাইরাস	virus
ভাইরাসগুলো	virusgulo
ভাইস	vice
ভান	van
ভান্ডার	bhandar
ভান্ডারের	vandarer
ভার্জিন	virgin
ভালভাবে	bhalobhabe
ভিউ	view
ভিকারুননিসা	vikarunnisa
ভিগো	vigo
ভিজা	vija
ভিজানোর	vijanor
ভিডিও	video
ভিডিওচিত্র	videochitro
ভিডিওটি	videoti
ভিডিওর	videor
ভিত্তোরিও	vittorio
ভিনসন	vinson
ভিনসেন্ট	vincent
ভিপি	vp
ভিভ	viv
ভিভান	vivan
ভিরু	viru
ভিলা	vila
ভিশন	vision
ভিসা	visa
ভিস্তার	vistar
ভুটান	bhutan
ভুবনেশ্বর	bhubaneshwar
ভেক্টর	vector
ভেক্টরের	vectorer
ভেজা	veja
ভেতর	vetor
ভেতরেই	vetorei
ভেতরের	vetorer
ভেদ	ved
ভেদাভেদ	vedaved
ভেবেছিলেন	vebechilen
ভেলা	vela
ভোকাল	vocal
ভোকেশনাল	vocational
ভোট	vote
ভোটদানের	votedaner
ভোটাধিকার	votadhikar
ভোটাধিকারের	votadhikarer
ভোমরা	vomra
ভোর	vor
ভোরবেলা	vorbela
ভোরের	vorer
ভোলা	vola
ভোল্টেজ	voltage
ভ্যান	van
ভ্যানিটি	vanity
ভ্যালি	valley
ভ্যালেন্টাইন	valentine
ভ্যালেন্টাইনের	valentiner
মই	moi
মক্কা	makka
মগ	mag
মঙ্গোল	mongol
মট	mot
মটর	motor
মঠ	moth
মঠের	mother
মডার্ন	modern
মতন	moton
মতবিরোধ	motobirodh
মতলব	motlob
মতিউর	motiur
মতিন	motin
মতিলাল	motilal
মতো	moto
মতোই	motoi
মতোন	moton
মথ	moth
মথি	mothi
মন	mon
মননের	mononer
মনমোহন	monmohon
মনযোগী	monojogi
মনরো	monro
মনি	moni
মনিক	monik
মনিকা	monika
মনিটর	monitor
মনিটরিং	monitoring
মনিটরের	monitorer
মনেও	moneo
মনোগ্রাম	monogram
মন্টানা	montana
মন্টি	monti
মন্ত্রি	montri
মন্দ	mondo
মন্দা	monda
মন্দির	mondir
মন্দিরগুলোর	mondirgulor
মন্দিরটি	mondirti
মন্দিরটির	mondirtir
মন্দিরা	mondira
মন্দিরের	mondirer
মবিন	mobin
মমি	mummy
মমিন	momin
মমিনের	mominer
মরক্কো	morocco
মরগান	morgan
মরহুম	morhum
মরা	mora
মরার	morar
মরু	moru
মর্গান	morgan
মর্গের	morger
মর্দন	mordon
মর্মান্তিক	mormantik
মর্যাদা	morjada
মর্যাদার	morjadar
মল	mol
মলম	molom
মলমূত্রের	molmutrer
মলাটের	molater
মলিন	molin
মল্ল	mollo
মল্লিক	mollik
মল্লিকার	mollikar
মশলা	moshla
মশা	mosha
মশাই	moshai
মশার	moshar
মস্কো	moscow
মহলের	moholer
মহল্লা	moholla
মহা	moha
মহাপরিচালক	mohaporichalok
মহাপরিনির্বাণ	mohaporinirban
মহাবিপন্ন	mohabiponno
মহারাজা	maharaja
মহিউদ্দিন	mohiuddin
মহীনের	mohiner
মাইক	mike
মাইকেল	michael
মাইক্রো	micro
মাইক্রোপ্রসেসর	microprocessor
মাইক্রোফোনের	microphoner
মাইক্রোসফট	microsoft
মাইক্রোসফটের	microsofter
মাইক্রোস্কোপ	microscope
মাইগ্রেশন	migration
মাইটি	maiti
মাইন	mine
মাইনর	minor
মাইনরের	minorer
মাইনিং	mining
মাইনুল	mainul
মাইম	mime
মাউন্ট	mount
মাউন্টেন	mountain
মাউরি	mauri
মাউস	mouse
মাগুর	magur
মাগুরা	magura
মাঘ	magh
মাচু	machu
মাছিমপুর	machimpur
মাজন	majon
মাজারের	majarer
মাজুজের	majujer
মাজেদা	majeda
মাঝ	majh
মাঝখানটা	majhkhanta
মাঝখানে	majhkhane
মাঝখানের	majhkhaner
মাঝপথেই	majhpothei
মাঝামাঝিতে	majhamajhite
মাঝারি	majhari
মাঝি	majhi
মাঝিদের	majhider
মাঝে	majhe
মাঝেও	majheo
মাঝেমধ্যে	majhemodhye
মাঝেমাঝে	majhemajhe
মাঝেমাঝেই	majhemajhei
মাঝের	majher
মাটা	mata
মাটি	mati
মাটিকে	matike
মাটিতে	matite
মাটিতেই	matitei
মাটির	matir
মাটিরাঙ্গা	matiranga
মাঠ	math
মাতা	mata
মাতাপিতা	matapita
মাতাপিতার	matapitar
মাতার	matar
মাতাল	matal
মাতৃ	matri
মাতৃহীন	matrihin
মাত্র	matro
মাত্রই	matroi
মাত্রা	matra
মাত্রাতিরিক্ত	matratirikto
মাত্রার	matrar
মাত্রিক	matrik
মাথা	matha
মাথাকে	mathake
মাথাটা	mathata
মাথাপিছু	mathapichu
মাথাব্যথা	mathabyatha
মাদক	madok
মাদকের	madoker
মাদরাসা	madrasa
মাদরাসার	madrasar
মাদাম	madam
মাদার	madar
মাদারিপুর	madaripur
মাদুর	madur
মাদ্রিদ	madrid
মাদ্রিদের	madrider
মাধব	madhob
মাধবীলতা	madhobilota
মাধবীলতার	madhobilotar
মাধ্যম	madhyom
মাধ্যমগুলো	madhyomgulo
মান	man
মানচিত্র	manchitro
মানচিত্রের	manchitrer
মানটি	manti
মানলেন	manlen
মানহানির	manhanir
মানা	mana
মানাই	manai
মানানোর	mananor
মানি	mani
মানিক	manik
মানিকপুর	manikpur
মানী	mani
মানের	maner
মান্ডি	mandi
মান্দা	manda
মান্দার	mandar
মান্না	manna
মান্নান	mannan
মান্নার	mannar
মামণি	mamoni
মামলা	mamla
মামলাটি	mamlati
মামলার	mamlar
মামলুক	mamluk
মামা	mama
মামার	mamar
মামুদের	mamuder
মামুন	mamun
মামুনুর	mamunur
মার	mar
মারবেন	marben
মারলন	marlon
মারা	mara
মারাদোনা	maradona
মারামারি	maramari
মারার	marar
মারি	mari
মারিও	mario
মারিনা	marina
মারিনের	mariner
মারুতি	maruti
মারেন	maren
মার্ক	mark
মার্কা	marka
মার্কার	marker
মার্কিনদের	markinder
মার্কিনের	markiner
মার্কেটপ্লেস	marketplace
মার্কের	marker
মার্কো	marco
মার্গ	marg
মার্গারেট	margaret
মার্গের	marger
মার্চ	march
মার্চেন্ট	merchant
মার্চেন্টস	merchants
মার্চের	marcher
মার্টিন	martin
মার্থা	martha
মার্ভেল	marvel
মার্শালের	marshaler
মার্স	mars
মালদা	malda
মালদার	maldar
মালবাহী	malbahi
মালাগা	malaga
মালাবার	malabar
মালামাল	malamal
মালালা	malala
মালি	mali
মালিক	malik
মালিকদের	malikder
মালিকপক্ষ	malikpokkho
মালিকানা	malikana
মালিকানার	malikanar
মালিকি	maliki
মালিকের	maliker
মালী	mali
মালেক	malek
মালেকের	maleker
মালের	maler
মাসালা	masala
মাসি	masi
মাসিক	masik
মাসুদ	masud
মাসুদের	masuder
মাসুম	masum
মাসেই	masei
মাসেও	maseo
মাসের	maser
মাস্টারদা	masterda
মাস্টারদার	masterdar
মাস্তুল	mastul
মাহদী	mahdi
মাহদীর	mahdir
মাহবুব	mahbub
মাহবুবুর	mahbubur
মাহবুবের	mahbuber
মাহমুদা	mahmuda
মাহমুদের	mahmuder
মাহাতো	mahato
মিং	ming
মিউজিক	music
মিউজিকাল	musical
মিউজিক্যাল	musical
মিক্স	mix
মিখাইল	mikhail
মিগ	mig
মিজানুর	mijanur
মিজানের	mijaner
মিটানোর	mitanor
মিড	mid
মিডনাইট	midnight
মিডফিল্ডার	midfielder
মিতা	mita
মিত্তাল	mittal
মিথিলা	mithila
মিন	min
মিনতি	minoti
মিনা	mina
মিনারটি	minarti
মিনারের	minarer
মিনিট	minute
মিনেসোটা	minesota
মিন্টো	minto
মিন্দানাও	mindanao
মিমি	mimi
মিম্বর	mimbor
মিরপুর	mirpur
মিরা	mira
মিরাট	mirat
মিরিক	mirik
মির্জা	mirja
মির্জাপুর	mirjapur
মির্জাপুরের	mirjapurer
মিল	mil
মিলও	milo
মিললেও	milleo
মিললো	millo
মিলান	milan
মিলানের	milaner
মিলানোর	milanor
মিলারকে	milarke
মিলারের	milarer
মিলি	mili
মিলিত	milito
মিলিন্দ	milind
মিলু	milu
মিলেছে	mileche
মিল্টন	milton
মিল্টনের	miltoner
মিল্লাত	millat
মিশন	mission
মিশনারি	missionary
মিশা	misha
মিশার	mishar
মিশে	mishe
মিশেছে	misheche
মিশেল	mishel
মিশেলে	mishele
মিশ্র	mishra
মিশ্রণ	mishran
মিশ্রণকে	mishranke
মিশ্রণে	mishrane
মিশ্রন	mishran
মিশ্রা	mishra
মিশ্রিত	mishrito
মিসরের	misarer
মিসা	misa
মিসাইল	missile
মিসেস	misses
মিস্টার	mister
মিস্ত্রীর	mistrir
মিহরাব	mihrab
মিহি	mihi
মীনা	mina
মীর	mir
মীরগঞ্জ	mirgunj
মীরজাফর	mirjafar
মীর্জা	mirza
মুকতাদির	muktadir
মুকসুদপুর	muksudpur
মুকি	muki
মুকুট	mukut
মুকুটটি	mukutti
মুকুন্দ	mukundo
মুকুন্দপুর	mukundapur
মুকুন্দরাম	mukundaram
মুকুল	mukul
মুক্ত	mukto
মুক্তবাণিজ্য	muktobanijya
মুক্তমঞ্চ	muktomancha
মুক্তাগাছা	muktagacha
মুক্তি	mukti
মুক্তিপণ	muktipon
মুক্তিপ্রাপ্ত	muktiprapto
মুক্তিবাহিনী	muktibahini
মুক্তিবাহিনীর	muktibahinir
মুক্তির	muktir
মুখগুলো	mukhgulo
মুখতার	mukhtar
মুখরিত	mukhorito
মুখার্জি	mukherjee
মুখার্জির	mukherjeer
মুখে	mukhe
মুখোমুখি	mukhomukhi
মুখোশ	mukhosh
মুখোশধারী	mukhoshdhari
মুখ্যমন্ত্রী	mukhyamantri
মুগীরা	mugira
মুগুর	mugur
মুচকি	muchki
মুছাপুর	muchapur
মুছে	muche
মুজতাহিদের	mujtahider
মুজাফফর	mujaffar
মুজাহিদ	mujahid
মুজাহিদগণ	mujahidgon
মুজাহিদদের	mujahidder
মুজাহিদরা	mujahidra
মুজাহিদুল	mujahidul
মুজিকা	mujika
মুজিব	mujib
মুজিবনগর	mujibnagar
মুজিবুল	mujibul
মুজিবের	mujiber
মুড	mood
মুণ্ডা	munda
মুত	mut
মুদ্রা	mudra
মুদ্রার	mudrar
মুদ্রিত	mudrito
মুন	moon
মুনশী	munshi
মুনাফিকদের	munafikder
মুনি	muni
মুনির	munir
মুনীর	munir
মুন্ডির	mundir
মুন্না	munna
মুন্নাকে	munnake
মুন্নী	munni
মুন্সীগঞ্জ	munsigunj
মুন্সীগঞ্জের	munsigunjer
মুফতী	mufti
মুবারক	mubarak
মুবারাক	mubarak
মুবিন	mubin
মুভমেন্ট	movement
মুভি	movie
মুভিং	moving
মুমূর্ষু	mumurshu
মুম্বই	mumbai
মুম্বইতে	mumbaite
মুম্বাই	mumbai
মুরগি	murgi
মুরশিদ	murshid
মুরাদনগর	muradnagar
মুরারি	murari
মুরিদ	murid
মুর্তি	murti
মুর্শিদ	murshid
মুর্শিদাবাদ	murshidabad
মুর্শিদাবাদে	murshidabade
মুর্শিদাবাদের	murshidabader
মুল	mul
মুলতান	multan
মুলতানের	multaner
মুলাডুলি	muladuli
মুলাদী	muladi
মুলার	mular
মুলুক	muluk
মুল্য	mulya
মুল্যে	mulye
মুল্লুক	mulluk
মুসনাদ	musnad
মুসলিম	muslim
মুসলিমগণ	muslimgon
মুসলিমদের	muslimder
মুসলিমরা	muslimra
মুসলিমে	muslime
মুসলিমের	muslimer
মুসা	musa
মুসান্নাফ	musannaf
মুসান্নাফে	musannafe
মুস্তাফা	mustafa
মুহাম্মাদ	muhammad
মুহাম্মাদকে	muhammadke
মুহাম্মাদের	muhammader
মুহাররম	muharram
মুহিউদ্দীন	muhiuddin
মুহিবুর	muhibur
মুহুরী	muhuri
মুহুর্মুহু	muhurmuhu
মুহূর্ত	muhurto
মুহূর্তেই	muhurtei
মূক	muk
মূর্খ	murkho
মূর্খের	murkher
মূর্ত	murto
মূর্তিগুলি	murtiguli
মূর্তিটি	murtiti
মূর্তিটির	murtitir
মূর্তির	murtir
মূলত	muloto
মূলধারার	muldharar
মূল্যবোধ	mulyobodh
মূল্যবোধের	mulyobodher
মূল্যমানের	mulyomaner
মূল্যহ্রাস	mulyohras
মূল্যে	mulye
মূল্যের	mulyer
মূষিক	mushik
মূসা	musa
মূসার	musar
মৃগ	mrigo
মৃগী	mrigi
মৃগীরোগ	mrigirog
মৃত	mrito
মৃতকে	mritoke
মৃতদের	mritoder
মৃতদেরকে	mritoderke
মৃতদেহ	mritodeho
মৃতদেহের	mritodeher
মৃতব্যক্তির	mritobyaktir
মৃতরা	mritora
মৃতের	mriter
মৃত্যুকালীন	mrityukalin
মৃত্যুকালে	mrityukale
মৃত্যুমুখে	mrityumukhe
মৃত্যুর	mrityur
মৃত্যুহার	mrityuhar
মৃদু	mridu
মৃৎপাত্র	mritpatro
মেইনফ্রেম	mainframe
মেকার	maker
মেক্সিকান	mexican
মেক্সিকো	mexico
মেক্সিকোর	mexicor
মেগা	mega
মেগান	megan
মেঘদূত	meghdut
মেঘনাদ	meghnad
মেঘনাদের	meghnader
মেজদা	mejda
মেজর	mejor
মেজাজ	mejaj
মেজাজের	mejajer
মেজারমেন্ট	measurement
মেঝে	mejhe
মেঝের	mejher
মেটানোর	metanor
মেটাল	metal
মেটালের	metaler
মেট্রিক	metric
মেট্রো	metro
মেট্রোর	metror
মেডিকেল	medical
মেডিকেলের	medicaler
মেডিক্যাল	medical
মেডিসিন	medicine
মেডেল	medal
মেথড	method
মেধ	medh
মেধা	medha
মেধাবী	medhabi
মেধার	medhar
মেন	main
মেনন	menon
মেনিনজাইটিস	meningitis
মেনুর	menur
মেনে	mene
মেনেই	menei
মেনেছিলেন	menechilen
মেন্ডেল	mendel
মেমোরি	memory
মেরাজের	merajer
মেরামত	meramot
মেরামতের	meramoter
মেরি	meri
মেরিট	merit
মেরিটাইম	maritime
মেরিন	marine
মেরিনা	merina
মেরিল	meril
মেরু	meru
মেরুতে	merute
মেরুদন্ডের	merudonder
মেরুর	merur
মেরে	mere
মেরেছিলেন	merechilen
মেলন	melon
মেলা	mela
মেলামাইনের	melaminer
মেলামেশা	melamesha
মেলার	melar
মেশ	mesh
মেশানো	meshano
মেশিনগান	machinegun
মেশে	meshe
মেষ	mesh
মেষপালক	meshpalok
মেষের	mesher
মেহজাবীনের	mehojabiner
মেহতা	mehota
মেহবুব	mehboob
মেহরা	mehra
মেহরাব	mehrab
মেহসুদ	mehsud
মেহের	meher
মেহেরপুর	meherpur
মেহেরপুরের	meherpurer
মেহেরুন্নেসা	meherunnesa
মৈত্র	moitro
মৈত্রী	moitri
মৈত্রীর	moitrir
মোঃ	moh
মোকাবিলা	mokabila
মোকাবিলার	mokabilar
মোকাবেলা	mokabela
মোকাবেলার	mokabelar
মোক্ষ	mokkho
মোগল	mogol
মোগলদের	mogolder
মোঘল	moghol
মোজাম্মেল	mojammel
মোজার	mojar
মোট	mot
মোটর	motor
মোটরসাইকেল	motorcycle
মোটা	mota
মোটামুটি	motamuti
মোটে	mote
মোটেও	moteo
মোটেল	motel
মোটেলের	moteler
মোড	mode
মোডের	moder
মোতাবেক	motabek
মোতাহার	motahar
মোদি	modi
মোদী	modi
মোদের	moder
মোনেম	monem
মোবাইল	mobile
মোবাইলকে	mobileke
মোবাইলের	mobiler
মোবারক	mobarak
মোম	mom
মোমের	momer
মোর	mor
মোরগ	morog
মোরগের	moroger
মোল্লা	molla
মোস্ট	most
মোহ	moho
মোহন	mohan
মোহনপুর	mohanpur
মোহনবাগান	mohanbagan
মোহনলাল	mohanlal
মোহনা	mohana
মোহনার	mohanar
মোহম্মদ	mohammad
মোহর	mohor
মোহসিন	mohsin
মোহামেডানের	mohammedaner
মোহাম্মদ	mohammad
মোহাম্মদপুর	mohammadpur
মোহালির	mohalir
মোহিত	mohit
মোহিতলাল	mohitlal
মোহিনী	mohini
মৌ	mou
মৌখিকভাবে	moukhikbhabe
মৌচাক	mouchak
মৌজা	mouja
মৌজার	moujar
মৌনতা	mounota
মৌনী	mouni
মৌমিতা	moumita
মৌরি	mouri
মৌল	moulo
মৌলগুলো	moulogulo
মৌলটি	mouloti
মৌলবাদী	moulobadi
মৌলবাদীরা	moulobadira
মৌলবাদের	moulobader
মৌলানা	moulana
মৌলি	mouli
মৌলিক	moulik
ম্যাক	mac
ম্যাকাও	macau
ম্যাগাজিন	magazine
ম্যাগি	maggi
ম্যাঙ্গানিজ	manganese
ম্যাচ	match
ম্যাচগুলো	matchgulo
ম্যাচগুলোর	matchgulor
ম্যাচটি	matchti
ম্যাচের	matcher
ম্যাজিক	magic
ম্যাজিকের	magicer
ম্যাজিস্ট্রেট	magistrate
ম্যাজিস্ট্রেটদের	magistrateder
ম্যাজিস্ট্রেটের	magistrater
ম্যাজেন্টা	magenta
ম্যাটার	matter
ম্যাট্রিক্স	matrix
ম্যাডিসন	madison
ম্যাথ	math
ম্যাথমেটিক্স	mathematics
ম্যান	man
ম্যানচেস্টার	manchester
ম্যানিপুলেশন	manipulation
ম্যানিলা	manila
ম্যানুফ্যাকচারিং	manufacturing
ম্যানেজমেন্ট	management
ম্যানেজার	manager
ম্যানেজিং	managing
ম্যাপ	map
ম্যারাথন	marathon
ম্যারেজ	marriage
ম্যালকম	malcolm
ম্যাসাকার	massacre
ম্যাসাচুসেটস	massachusetts
ম্যাসাচুসেটসের	massachusettser
ম্রো	mro
ম্লান	mlan
যতটুকু	jatotuku
যতদূর	jatodur
যতিন	jatin
যম	jom
যমুনা	jamuna
যযাতি	jojati
যা	ja
যাই	jai
যাইহোক	jaihok
যাও	jao
যাক	jak
যাকাত	jakat
যাচাইযোগ্য	jachaijogyo
যাজকদের	jajokder
যাত্রা	jatra
যাত্রাগানের	jatraganer
যাত্রাদল	jatradol
যাত্রাবিরতি	jatrabiroti
যাত্রার	jatrar
যাত্রী	jatri
যাত্রীদের	jatrider
যাত্রীবাহী	jatribahi
যাত্রীর	jatrir
যাত্রীরা	jatrira
যাদু	jadu
যাদুঘরের	jadughorer
যাদুবিদ্যা	jadubidya
যাদের	jader
যান	jan
যানজটের	janjoter
যানটি	janti
যানটির	jantir
যাননি	janni
যানবাহন	janbahon
যানবাহনগুলো	janbahongulo
যানবাহনের	janbahoner
যানের	janer
যাপন	japon
যাপনের	japoner
যাব	jabo
যাবত	jabot
যাবার	jabar
যাবেন	jaben
যাবেনা	jabena
যাবো	jabo
যাযাবর	jajabor
যারপর	jarpor
যারা	jara
যাহা	jaha
যীশু	jishu
যীশুর	jishur
যুক্ত	jukto
যুক্তফ্রন্ট	juktofront
যুক্তফ্রন্টের	juktofronter
যুক্তি	jukti
যুক্তিটা	juktita
যুক্তিবাদের	juktibader
যুক্তিভিত্তিক	juktivittik
যুক্তিযুক্ত	juktijukto
যুক্তির	juktir
যুগ	jug
যুগেই	jugei
যুগেও	jugeo
যুগোপযোগী	jugopojogi
যুব	jubo
যুবদের	juboder
যুবরাজ	juboraj
যে	je
যেই	jei
যেওনা	jeona
যেকোনো	jekono
যেখানেই	jekhanei
যেগুলি	jeguli
যেগুলির	jegulir
যেগুলো	jegulo
যেটা	jeta
যেটার	jetar
যেটি	jeti
যেটির	jetir
যেত	jeto
যেতো	jeto
যেথা	jetha
যেদিন	jedin
যেনো	jeno
যেমন	jemon
যেমনটা	jemonta
যেমনটি	jemonti
যেহেতু	jehetu
যোগ	jog
যোগদান	jogdan
যোগদানের	jogdaner
যোগান	jogan
যোগানের	joganer
যোগাযোগ	jogajog
যোগাযোগব্যবস্থা	jogajogbyabostha
যোগাযোগের	jogajoger
যোগার	jogar
যোগিনী	jogini
যোগী	jogi
যোগীর	jogir
যোগের	joger
যোজন	jojon
যোজনা	jojona
যোজনী	jojoni
যোদ্ধা	joddha
যোদ্ধাদের	joddhader
যোদ্ধার	joddhar
যোদ্ধারা	joddhara
যোধপুর	jodhpur
যোনি	joni
যোনির	jonir
যৌক্তিক	jouktik
যৌগ	jougo
যৌগটি	jougoti
যৌতুক	joutuk
যৌন	jouno
রং	rang
রংটি	rangti
রংপুর	rangpur
রইলো	roilo
রওনক	rounak
রওনা	rouna
রকস্টার	rockstar
রকি	rocky
রকেট	rocket
রকেটের	rocketer
রকের	rocker
রক্ষিতা	rakkhita
রক্ষী	rakkhi
রক্ষীদের	rakkhider
রক্ষীবাহিনীর	rakkhibahinir
রঘু	raghu
রঘুনন্দন	raghunandan
রঘুনাথ	raghunath
রঘুনাথপুর	raghunathpur
রঙ	rang
রঙটা	rangta
রঙটি	rangti
রঙিন	rangin
রঙের	ranger
রঙ্গিন	rangin
রঙ্গের	ranger
রচনা	rachana
রচনাই	rachanai
রচনার	rachanar
রচনাসমূহ	rachanasamuha
রজন	rajon
রজব	rajab
রজ্জু	rajju
রঞ্জিত	ranjit
রড	rod
রডের	roder
রণকৌশলের	ranokoushaler
রণক্লান্ত	ranoklanto
রণবীর	ranbir
রণাঙ্গন	ranangon
রণেশ	ranesh
রতন	ratan
রতি	rati
রন	ron
রনি	roni
রনের	roner
রন্ধ্রে	rondhre
রফি	rafi
রফিক	rafik
রফিকুজ্জামান	rafikujjaman
রবার্ট	robart
রবিন	robin
রম	rom
রমা	rama
রমেশ	ramesh
রমেশের	ramesher
রহমানের	rohomaner
রহিত	rohit
রহিম	rohim
রাই	rai
রাইড	ride
রাইডার	rider
রাইনার	rainar
রাইস	rice
রাইসুল	raisul
রাউণ্ড	round
রাউন্ড	round
রাউন্ডে	rounde
রাউন্ডেই	roundei
রাউন্ডের	rounder
রাকার	rakar
রাকিবুল	rakibul
রাখা	rakha
রাখার	rakhar
রাখাল	rakhal
রাখি	rakhi
রাখেন	rakhen
রাখেননি	rakhenni
রাখো	rakho
রাগবি	rugby
রাগমোচন	ragmochan
রাগিব	ragibo
রাঙা	ranga
রাঙামাটি	rangamati
রাঙামাটির	rangamatir
রাঙ্গামাটি	rangamati
রাজউক	rajuk
রাজউকের	rajuker
রাজকন্যা	rajkanya
রাজকার্য	rajkarjo
রাজকুমার	rajkumar
রাজত্বকাল	rajatwakal
রাজদরবার	rajdarbar
রাজদরবারের	rajdarbarer
রাজনগর	rajnagar
রাজনৈতিক	rajnoitik
রাজপরিবারের	rajparibarer
রাজপাল	rajpal
রাজপুত	rajput
রাজপুত্র	rajputro
রাজপুত্রের	rajputrer
রাজপ্রাসাদ	rajprasad
রাজবন	rajban
রাজমহল	rajmahal
রাজমাতা	rajmata
রাজমাতার	rajmatar
রাজমুকুট	rajmukut
রাজশক্তি	rajshakti
রাজশাহীর	rajshahir
রাজসভা	rajsabha
রাজসাক্ষী	rajsakkhi
রাজস্থলী	rajasthali
রাজস্থান	rajasthan
রাজস্থানী	rajasthani
রাজস্থানের	rajasthaner
রাজস্ব	rajaswa
রাজস্বের	rajaswer
রাজা	raja
রাজাগণ	rajagon
রাজাদের	rajader
রাজাপুর	rajapur
রাজার	rajar
রাজারহাট	rajarhat
রাজারা	rajara
রাজারামপুর	rajarampur
রাজিব	rajib
রাজিবপুর	rajibpur
রাজিবের	rajiber
রাজু	raju
রাজুর	rajur
রাজেন্দ্রপুর	rajendrapur
রাজেশ্বর	rajeshwar
রাজেশ্বরী	rajeshwari
রাজ্যই	rajyoi
রাজ্যগুলি	rajyaguli
রাজ্যগুলোর	rajyogulor
রাজ্যটি	rajyoti
রাজ্যটির	rajyotir
রাজ্যপালের	rajyopaler
রাজ্যের	rajyer
রাত	rat
রাতকানা	ratkana
রাতারাতি	ratarati
রাতে	rate
রাতেই	ratei
রাতের	rater
রাধাগোবিন্দ	radhagobindo
রাধার	radhar
রাধিকা	radhika
রান	run
রানা	rana
রানাকে	ranake
রানাঘাট	ranaghat
রানাতুঙ্গা	ranatunga
রানার	runner
রানি	rani
রানী	rani
রানীর	ranir
রানে	rune
রানের	runer
রান্নাঘর	rannaghar
রান্নার	rannar
রাফ	rough
রাফি	rafi
রাফিদা	rafida
রাবার	rubber
রাম	ram
রামকৃষ্ণের	ramkrishner
রামকে	ramke
রামগোপাল	ramgopal
রামচন্দ্র	ramchandra
রামদাস	ramdas
রামনগর	ramnagar
রামনাথ	ramnath
রামপাল	rampal
রামপুরহাট	rampurhat
রামপুরা	rampura
রামমোহন	rammohan
রামাজান	ramajan
রামী	rami
রামু	ramu
রামেন্দু	ramendu
রামের	ramer
রাশা	rasha
রাশি	rashi
রাশিকে	rashike
রাশিদা	rashida
রাশিমালা	rashimala
রাশির	rashir
রাষ্ট্রগুলি	rashtraguli
রাষ্ট্রের	rashtrer
রাসূল	rasul
রাস্তা	rasta
রাস্তাগুলি	rastaguli
রাস্তাঘাটের	rastaghater
রাস্তাটি	rastati
রাস্তাটির	rastatir
রাস্তার	rastar
রাহাত	rahat
রাহু	rahu
রাহুল	rahul
রাহুলকে	rahulke
রিও	rio
রিকা	rika
রিকার্ডো	ricardo
রিক্সা	riksha
রিগান	rigan
রিচার্জ	recharge
রিচার্ড	richard
রিচার্ডসন	richardson
রিচার্ডসনের	richardsoner
রিচার্ডের	richarder
রিচি	richi
রিজ	rij
রিজিওনাল	regional
রিটা	rita
রিটার্ন	return
রিটেল	retail
রিড	read
রিনি	rini
রিপাবলিকান	republican
রিপোর্ট	report
রিপোর্টার	reporter
রিপোর্টের	reporter
রিপ্লে	replay
রিভলবার	revolver
রিভা	riva
রিভার	river
রিভার্স	reverse
রিভিউটি	reviewti
রিভিউতে	reviewtey
রিম	rim
রিমোট	remote
রিলিজ	release
রিলিফের	reliefer
রিসার্চ	research
রিসার্চার	researcher
রিসার্চের	researcher
রিসেট	reset
রিসেপশনিস্ট	receptionist
রিসোর্স	resource
রীতা	rita
রীতি	riti
রীতিতে	ritite
রীতিনীতি	ritiniti
রীতিমত	ritimoto
রীতির	ritir
রুই	rui
রুচিরা	ruchira
রুট	root
রুডলফ	rudolf
রুথ	ruth
রুন	run
রুবিন	rubin
রুবেন	ruben
রুবেল	rubel
রুমঝুম	rumjhum
রুমটি	roomti
রুমা	ruma
রুমি	rumi
রুমির	rumir
রুমের	roomer
রুল	rule
রুহুল	ruhul
রূপটি	rupti
রূপনগর	rupnagar
রূপরেখা	ruprekha
রূপসজ্জা	rupsojja
রূপা	rupa
রূপাই	rupai
রূপার	rupar
রূপের	ruper
রে	re
রেইন	rain
রেকর্ড	record
রেকর্ডটি	recordti
রেকর্ডস	records
রেকর্ডিং	recording
রেকর্ডের	recorder
রেখা	rekha
রেখাচিত্র	rekhachitro
রেখাটি	rekhati
রেখার	rekhar
রেখেই	rekhei
রেঙ্গুন	rangoon
রেজর	razor
রেজা	reja
রেজাই	rejai
রেজাউল	rejaul
রেজানুর	rejanur
রেজাল্ট	result
রেজিমেন্ট	regiment
রেজিমেন্টের	regimenter
রেজিস্টার	register
রেজিস্টার্ড	registered
রেজিস্ট্রি	registry
রেজিস্ট্রেশন	registration
রেট	rate
রেটের	rater
রেডি	ready
রেডিও	radio
রেডিওটা	radiota
রেডিওর	radior
রেডিক্যাল	radical
রেড্ডি	reddy
রেণুকা	renuka
রেনে	rene
রেনেল	renel
রেন্ডার	render
রেন্ডারিং	rendaring
রেন্ডি	rendi
রেফারি	referee
রেফারী	referee
রেবেকা	rebeka
রেভিনিউ	revenue
রেমন্ড	raymond
রেমা	rema
রেমি	remi
রেমো	remo
রেল	rail
রেলস্টেশন	railstation
রেলস্টেশনের	railstationer
রেশ	resh
রেশম	resham
রেশমা	reshma
রেশমি	reshmi
রেশমী	reshmi
রেশমের	reshamer
রেস	race
রেসলিং	wrestling
রেসিং	racing
রেসিডেন্ট	resident
রেসিডেন্সি	residency
রেসিপি	recipe
রেহাই	rehai
রেহানা	rehana
রৈখিক	roikhik
রোগ	rog
রোগটি	rogti
রোগবালাই	rogbalai
রোগব্যাধি	rogbyadhi
রোগা	roga
রোগাক্রান্ত	rogakranto
রোগের	roger
রোজকার	rojkar
রোজার	rojar
রোজী	roji
রোড	road
রোডের	roader
রোদ	rod
রোদে	rode
রোধ	rodh
রোধে	rodhe
রোধের	rodher
রোনাল্ড	ronald
রোনাল্দো	ronaldo
রোবট	robot
রোবটিক	robotic
রোবোটিক্স	robotics
রোম	rome
রোমা	roma
রোমান	roman
রোমানদের	romander
রোমানরা	romanra
রোমানা	romana
রোমানের	romaner
রোমান্স	romance
রোমারিও	romario
রোমিও	romio
রোমের	romer
রোমেল	romel
রোম্যান্স	romance
রোল	roll
রোলার	roller
রোলিং	rolling
রোশন	roshan
রোহান	rohan
রোহিত	rohit
রৌদ্রে	roudre
রৌপ্যপদক	roupyapadak
রৌমারী	roumari
রৌহা	rouha
লং	long
লংঘিত	longhito
লইলো	loilo
লকেট	locket
লক্ষ্ণৌ	lucknow
লঘু	loghu
লণ্ডনের	londoner
লণ্ডভণ্ড	landobhando
লতা	lata
লতাগুল্ম	latagulmo
লতানো	latano
লতাপাতা	latapata
লতার	latar
লন	lawn
লন্ডন	london
লন্ডনের	londoner
লবণের	laboner
লরা	laura
লরি	lorry
লর্ড	lord
লর্ডস	lords
লর্ডসের	lordser
ললনার	lalonar
ললাটের	lalater
ললিপপ	lollypop
লহরী	lahori
লাইক	like
লাইট	light
লাইটে	lighte
লাইটের	lighter
লাইন	line
লাইনগুলি	lineguli
লাইনটি	lineti
লাইনটির	linetir
লাইনেই	linei
লাইন্স	lines
লাইফ	life
লাইফটাইম	lifetime
লাইব্রেরি	library
লাইব্রেরিতে	libraryte
লাইব্রেরী	library
লাইব্রেরীতে	libraryte
লাইভ	live
লাইস	lice
লাউ	lau
লাউঞ্জ	lounge
লাও	lao
লাওসে	laose
লাওসের	laoser
লাকি	lucky
লাক্স	lux
লাখ	lakh
লাখেরও	lakhero
লাগ	lag
লাগবে	lagbe
লাগল	laglo
লাগলাম	laglam
লাগলেও	lagleo
লাগলেন	laglen
লাগলো	laglo
লাগাতেন	lagaten
লাগান	lagan
লাগানো	lagano
লাগানোই	laganoi
লাগানোর	laganor
লাগাবার	lagabar
লাগালে	lagale
লাগালেন	lagalen
লাগিল	lagilo
লাগো	lago
লাঘব	laghob
লাঘবের	laghober
লাঙলের	langoler
লাঙ্গল	langol
লাজুক	lajuk
লাঞ্চ	lunch
লাঞ্ছনা	lanchona
লাড্ডুর	laddur
লাথি	lathi
লাদাখ	ladakh
লাদাখের	ladakher
লাদেন	laden
লাদেনের	ladener
লাফ	laf
লাবিব	labib
লাভকে	labhke
লাভবান	labhoban
লাভের	labher
লামা	lama
লারমা	larma
লারা	lara
লার্জ	large
লালখান	lalkhan
লালগোলা	lalgola
লালন	lalon
লালনপালন	lalonpalon
লালনের	laloner
লালপুর	lalpur
লালপুরের	lalpurer
লালমনি	lalmoni
লালাগ্রন্থি	lalagronthi
লালে	lale
লালের	laler
লাশ	lash
লাশের	lasher
লাস	las
লাসা	lasa
লাহোর	lahore
লি	lee
লিউ	leu
লিও	leo
লিওন	leone
লিওনার্ড	leonard
লিওনার্দোর	leonardor
লিখতেন	likhten
লিখন	likhon
লিখবেন	likhben
লিখলেন	likhlen
লিখার	likhar
লিখিত	likhito
লিখেন	likhen
লিগের	leaguer
লিঙ্ক	link
লিঙ্কের	linker
লিঙ্গ	lingo
লিঙ্গকে	lingoke
লিঙ্গের	linger
লিচু	lichu
লিজে	leasey
লিজেন্ড	legend
লিটল	little
লিটা	lita
লিটার	litre
লিটারারি	literary
লিডস	leads
লিন	lean
লিনা	lina
লিনাক্স	linux
লিন্ডা	linda
লিপি	lipi
লিপিকার	lipikar
লিপিড	lipid
লিপিতে	lipite
লিপির	lipir
লিপ্ত	lipto
লিফট	lift
লিবারেশন	liberation
লিবার্টি	liberty
লিভ	leave
লিভার	liver
লিভিং	living
লিমা	lima
লিমিটেড	limited
লির	leer
লিলি	lili
লিলিকে	lilike
লিস্টেড	listed
লী	lee
লীগ	league
লীলা	lila
লীলার	lilar
লু	lu
লুই	lui
লুইসের	luiser
লুক	look
লুকানো	lukano
লুকানোর	lukanor
লুকের	looker
লুকোচুরি	lukochuri
লুঙ্গি	lungi
লুচি	luchi
লুট	loot
লুঠ	luth
লুণ্ঠনের	lunthaner
লুতফর	lutfar
লুনা	luna
লুসি	lucy
লেইনের	leiner
লেক	lake
লেকচার	lecture
লেকচারার	lecturer
লেখক	lekhak
লেখকও	lekhako
লেখককে	lekhakke
লেখকগণ	lekhakgon
লেখকদের	lekhakder
লেখকরা	lekhakra
লেখকের	lekhaker
লেখনীর	lekhanir
লেখা	lekha
লেখাকে	lekhake
লেখান	lekhan
লেখার	lekhar
লেখালিখি	lekhalikhi
লেখালেখি	lekhalekhi
লেখালেখিতে	lekhalekhite
লেখালেখির	lekhalekhir
লেখিকার	lekhikar
লেখেন	lekhen
লেগ	leg
লেগেছিল	legechilo
লেঙ্গুর	lengur
লেচি	lechi
লেজ	lej
লেজের	lejer
লেট	late
লেডি	lady
লেডী	lady
লেদা	leda
লেদার	leather
লেনদেন	lenden
লেনদেনের	lendener
লেনন	lennon
লেনিন	lenin
লেন্স	lens
লেন্সের	lenser
লেফট	left
লেবানন	lebanon
লেবার	labour
লেবু	lebu
লেবুর	lebur
লেবেল	label
লেভান্তে	levante
লেভি	levi
লেভেল	level
লেভেলের	leveler
লেলিহান	lelihan
লেশমাত্র	leshmatro
লেসলি	leslie
লেসার	laser
লো	low
লোক	lok
লোকজন	lokjon
লোকজনদের	lokjonder
লোকটি	lokti
লোকটির	loktir
লোকনাথ	loknath
লোকসভা	loksabha
লোকসভার	loksabhar
লোকাল	local
লোকেদের	lokeder
লোকের	loker
লোকেরা	lokera
লোকেরাই	lokerai
লোকেশ	lokesh
লোগ	log
লোগান	logan
লোগো	logo
লোগোর	logor
লোদি	lodi
লোনা	lona
লোপেজ	lopez
লোম	lom
লোরকার	lorkar
লোল	lol
লৌহ	louho
ল্যাকটিক	lactic
ল্যান্স	lance
ল্যাপটপ	laptop
ল্যাপটপের	laptoper
ল্যাব	lab
ল্যাবরেটরিতে	laboratoryte
ল্যাবরেটরী	laboratory
ল্যাবরেটরীতে	laboratoryte
ল্যাবস	labs
ল্যাবের	laber
ল্যাভেন্ডার	lavender
শক	shock
শটটি	shotti
শপ	shop
শপিংমল	shoppingmall
শরীর	shorir
শরীরটা	shorirta
শরীরের	shorirer
শর্মিলী	shormili
শশধর	shoshodhor
শশী	shoshi
শশীকান্ত	shoshikanto
শহীদ	shahid
শাইখুল	shaikhul
শাওলিন	shaolin
শাক	shak
শাকিব	shakib
শাকিবকে	shakibke
শাকিল	shakil
শাকিলা	shakila
শাকুরের	shakurer
শাখা	shakha
শাড়ি	shari
শাণিত	shanito
শানের	shaner
শান্ত	shanto
শান্তি	shanti
শান্তিপুরের	shantipurer
শান্তিপূর্ণ	shantipurno
শান্তির	shantir
শান্তিরক্ষা	shantirokkha
শাপলা	shapla
শাবনূর	shabnur
শাবানা	shabana
শাবানার	shabanar
শাব্দিক	shabdik
শামছুর	shamchur
শামসুজ্জামান	shamsujjaman
শামসুজ্জোহা	shamsujjoha
শামসুর	shamsur
শামসুল	shamsul
শামিম	shamim
শামিল	shamil
শামীম	shamim
শারিফ	sharif
শারীরিক	sharirik
শার্ক	shark
শার্ট	shirt
শাল	shal
শালবন	shalbon
শালিক	shalik
শালিনী	shalini
শালী	shali
শালীন	shalin
শালের	shaler
শাসিত	shasito
শাস্তি	shasti
শাস্তির	shastir
শাস্ত্রমতে	shastromote
শাস্ত্রে	shastre
শাস্ত্রের	shastrer
শাহ	shah
শাহরুখ	shahrukh
শাহাদাত	shahadat
শাহাব	shahab
শাহাবুদ্দিন	shahabuddin
শাহাবুদ্দীন	shahabuddin
শাহার	shahar
শাহিদা	shahida
শাহী	shahi
শাহেদ	shahed
শাহেন	shahen
শাহের	shaher
শিক	shik
শিকড়	shikor
শিকদার	shikdar
শিকল	shikol
শিকলের	shikoler
শিকাগো	chicago
শিকাগোতে	chicagote
শিকাগোর	chicagor
শিমুল	shimul
শিমুলের	shimuler
শিলা	shila
শিলান্যাস	shilanyas
শিলালিপি	shilalipi
শিলালিপিতে	shilalipitey
শিল্ড	shield
শিল্প	shilpo
শিল্পকর্ম	shilpokormo
শিল্পকর্মের	shilpokormer
শিল্পকলার	shilpokolar
শিল্পকে	shilpokey
শিল্পখাত	shilpokhat
শিল্পপতি	shilpopoti
শিল্পবিপ্লবের	shilpobiplober
শিল্পী	shilpi
শিল্পীকে	shilpike
শিল্পীদের	shilpider
শিল্পীর	shilpir
শিল্পীরা	shilpira
শিল্পে	shilpe
শিল্পের	shilper
শিল্পোদ্যোক্তা	shilpodyokta
শীর্ষক	shirshak
শীল	sheel
শীলের	sheeler
শুক্র	shukro
শুক্রবারকে	shukrobarke
শুক্রাণু	shukranu
শুক্রাণুকে	shukranuke
শুক্রাণুর	shukranur
শুটিং	shooting
শুনতাম	shuntam
শুনলে	shunle
শুনলেন	shunlen
শুনা	shuna
শুনানী	shunani
শুনানীতে	shunanite
শুনানীর	shunanir
শুনি	shuni
শূকর	shukar
শূকরের	shukarer
শূণ্য	shunya
শূন্য	shunya
শূন্যতার	shunyatar
শূন্যে	shunye
শূল	shul
শৃগাল	shrigal
শেন	shen
শের	sher
শেরপা	sherpa
শেরপাদের	sherpader
শেরপুর	sherpur
শেরপুরের	sherpurer
শেরশাহ	shershah
শেরে	shere
শৈব	shoibo
শৈবাল	shoibal
শৈবালের	shoibaler
শৈলকুপা	shoilokupa
শৈল্পিক	shoilpik
শোক	shok
শোকগাঁথা	shokgantha
শোকার্ত	shokarto
শোডাউন	showdown
শোনা	shona
শোনাতেন	shonaten
শোনান	shonan
শোনানোর	shonanor
শোনার	shonar
শোনেন	shonen
শৌখিন	shoukhin
শৌচাগার	shouchagar
শৌচাগারের	shouchagarer
শ্যাম	shyam
শ্যাম্পু	shampoo
শ্যারন	shyaron
শ্যুটিং	shooting
শ্রদ্ধার	shroddhar
শ্রম	shrom
শ্রমিক	shromik
শ্রমিকদল	shromikdol
শ্রমিকদের	shromikder
শ্রমিকরা	shromikra
শ্রমিকের	shromiker
শ্রমিকেরা	shromikera
শ্রমের	shromer
শ্রাবণ	shrabon
শ্রীনাথ	srinath
শ্রীলংকা	srilanka
শ্রীলংকার	srilankar
শ্রীলঙ্কা	srilanka
শ্রীলঙ্কান	srilankan
শ্রীলঙ্কার	srilankar
শ্রীশ	shrish
শ্রীহট্ট	shrihotto
শ্রীহরি	shreehori
শ্রেণি	shreni
শ্রেণিকে	shrenikey
শ্রেণিতে	shrenitey
শ্রেণির	shrenir
শ্রেণীতে	shrenitey
শ্রোণী	shroni
শ্রোতা	shrota
শ্রোতাদের	shrotader
শ্রোতারা	shrotara
শ্লোগানের	sloganer
ষাট	shat
ষাটের	shater
ষোল	sholo
ষোলটি	sholoti
ষ্টুডিও	studio
সংগ্রামে	sangrame
সংগ্রামের	sangramer
সংঘ	sangho
সংঘাত	sanghat
সংঘাতে	sanghate
সংঘে	sanghe
সংঘের	sangher
সংহতি	sanghati
সংহতির	sanghatir
সই	soi
সকল	sakal
সকলকে	sakalke
সকলে	sakale
সকাল	sakal
সকালে	sakale
সকেট	socket
সক্রেটিস	socrates
সঙ্কলন	sankalan
সঙ্গীদেরকে	sangiderke
সঙ্গীনীর	sanginir
সঙ্গীর	sangir
সঙ্গীরা	sangira
সঙ্গে	sange
সঙ্গেই	sangei
সঙ্গেও	sangeo
সঙ্গের	sanger
সঙ্ঘ	sangha
সঙ্ঘে	sanghe
সচরাচর	sacharachar
সচল	sachal
সচিত্র	sachitro
সচ্ছ	sachcha
সচ্ছলতা	sachchalata
সজলের	sajaler
সজাগ	sajag
সজীব	sajib
সঞ্চার	sanchar
সঞ্চালক	sanchalak
সঞ্চালকের	sanchalaker
সঞ্চালন	sanchalan
সঞ্চালিত	sanchalita
সঞ্চিত	sanchita
সঞ্জীব	sanjib
সততা	satata
সততার	satatar
সতেজ	sotej
সতেরো	sotero
সত্তর	sottor
সত্তা	sotta
সত্তাকে	sottake
সদরে	sadare
সদস্যকে	sadasyoke
সদস্যদের	sadasyoder
সদস্যরা	sadasyora
সদস্যসংখ্যা	sadasyosankhya
সদস্যা	sadasya
সদস্যের	sadasyer
সদস্যেরা	sadasyera
সদা	sada
সদাগর	sadagar
সদাচরণের	sadacharoner
সন	son
সনদ	sanad
সনিক	sonic
সনু	sonu
সন্ত্রাস	santras
সন্ত্রাসবাদের	santrasbader
সন্ত্রাসী	santrasi
সন্ত্রাসীদের	santrasider
সন্ত্রাসীর	santrasir
সন্ত্রাসে	santrase
সন্ত্রাসের	santraser
সন্দিহান	sandihan
সন্দীপের	sandiper
সন্দেশ	sandesh
সন্দেহ	sandeho
সন্দেহজনক	sandehojanak
সন্ধি	sandhi
সন্স	sons
সব	sab
সবকটিতেই	sabkatitei
সবগুলি	sabguli
সবগুলো	sabgulo
সবশেষ	sobshesh
সবশেষে	sobsheshe
সবাই	sobai
সবাইকে	sobaike
সবাক	sobak
সবার	sobar
সবিশেষ	sobishesh
সবুজের	sabujer
সবুর	sabur
সবোর্চ্চ	saborchcha
সমকামি	samakami
সমকামিতা	samakamita
সমকামিতার	samakamitar
সমস্যাও	samasyao
সমস্যাকে	samasyake
সমস্যাগুলি	samasyaguli
সমস্যাগুলির	samasyagulir
সমাচার	samachar
সমাজ	samaj
সমাধিতে	samadhite
সমাধির	samadhir
সমাধিসৌধের	samadhisoudher
সমাধিস্থ	samadhistha
সমাধিস্থল	samadhisthal
সমান	saman
সমানতালে	samantale
সমান্তরালে	samantarale
সমালোচিত	samalochito
সমাস	samas
সমিতি	samiti
সমিতিতে	samitite
সমিতির	samitir
সমীকরণ	samikaran
সমীকরণের	samikaroner
সমুদ্রের	samudrer
সম্পদের	sampader
সম্পন্না	sampanna
সম্পর্ক	samparka
সম্পর্কটি	samparkati
সম্পাদক	sampadak
সম্পাদনার	sampadanar
সম্পূরক	sampurak
সম্পূর্ণ	sampurna
সম্পূর্ণটাই	sampurnatai
সম্বন্ধ	sambandha
সম্বল	sambal
সম্বোধন	sambodhan
সরকারগুলোর	sarkargulor
সরকারি	sarkari
সরকারী	sarkari
সরকারীভাবে	sarkaribhabe
সরকারেও	sarkareo
সরকারের	sarkarer
সরঞ্জামাদির	saranjamadir
সরণি	sarani
সরণী	sarani
সরণের	saraner
সরফুদ্দিন	sarfuddin
সরব	sarab
সর্দি	sardi
সর্পিল	sarpil
সর্পের	sarper
সর্বাধিক	sorbadhik
সর্বাধুনিক	sorbadhunik
সর্বাপেক্ষা	sorbapekkha
সলিড	solid
সলোমন	solomon
সল্যুশন	solution
সহ	saho
সহকারে	sahokare
সহজ	sahoj
সাংঘাতিক	sanghatik
সাংহাই	sanghai
সাই	sai
সাইকেল	cycle
সাইকোলজি	psychology
সাইক্লিস্ট	cyclist
সাইক্লোন	cyclone
সাইজ	size
সাইট	site
সাইটের	siter
সাইড	side
সাইদুল	saidul
সাইন	sign
সাইনবোর্ড	signboard
সাইন্টিফিক	scientific
সাইন্স	science
সাইপ্রাস	cyprus
সাইপ্রাসের	cypruser
সাইফুর	saifur
সাইফুল	saiful
সাইবর্গ	cyborg
সাইবার	cyber
সাইমন	simon
সাইমা	saima
সাউন্ড	sound
সাউন্ডের	sounder
সাগা	saga
সাজনা	sajna
সাজা	saja
সাজান	sajan
সাদ্দাম	saddam
সানজিদা	sanjida
সানডে	sunday
সানফ্রান্সিসকো	sanfrancisco
সানসেট	sunset
সানা	sana
সানাম	sanam
সানি	sunny
সান্টা	santa
সাপোর্ট	support
সাপোর্টে	supporte
সাপ্লাই	supply
সাফ	saf
সাফারি	safari
সাফিনা	safina
সাব	sub
সাবধান	sabdhan
সাবলীল	sabolil
সাবিনা	sabina
সাবিহা	sabiha
সাবেক	sabek
সাবেকি	sabeki
সাবেরা	sabera
সামনে	samne
সামনেই	samnei
সামনের	samner
সামবেদ	sambed
সামরিক	samorik
সামাদ	samad
সামাদের	samader
সামান্থা	samantha
সামার	summer
সামাল	samal
সামি	sami
সামিউল	samiul
সামিনা	samina
সামিল	samil
সামুরাই	samurai
সাম্পান	sampan
সাম্প্রতিক	samprotik
সাম্প্রদায়িক	samprodayik
সাম্বা	samba
সাম্বার	sambar
সাম্মানিক	sammanik
সাম্য	samyo
সাম্যবাদ	samyobad
সাম্রাজ্য	samrajyo
সাম্রাজ্যবাদ	samrajyobad
সাম্রাজ্যবাদী	samrajyobadee
সাম্রাজ্যবাদের	samrajyobader
সাম্রাজ্যের	samrajyer
সাযুজ্য	sajujyo
সার	sar
সারথী	sarothee
সারদা	saroda
সারদার	sarodar
সারফেস	surface
সারমর্ম	sarmormo
সারস	saros
সারসের	saroser
সারা	sara
সারাজীবন	sarajeebon
সারিকা	sarika
সারে	share
সারেং	sareng
সারেগামা	saregama
সার্কিট	circuit
সার্কুলার	circular
সার্কেল	circle
সার্চ	search
সার্চলাইটের	searchlighter
সার্জন	surgeon
সার্জারি	surgery
সার্জেন্ট	sergeant
সার্টিফাইড	certified
সার্টিফিকেশন	certification
সার্ভিস	service
সার্ভিসেস	services
সালফাইড	sulfide
সালভাদরের	salvadorer
সালমা	salma
সালাদ	salad
সালাম	salam
সালামের	salamer
সালিমা	salima
সাসপেনশন	suspension
সাহারার	saharar
সাহেব	saheb
সিঁথি	sinthi
সিঁদুর	sindur
সিআই	ci
সিআরটি	crt
সিইও	ceo
সিএ	ca
সিএনজি	cng
সিএম	cm
সিএসপি	csp
সিকদার	sikdar
সিকিউরিটি	security
সিকিউরিটিজের	securitieser
সিকিম	sikkim
সিক্ত	sikto
সিক্স	six
সিক্সটিন	sixteen
সিগনাল	signal
সিগন্যাল	signal
সিগমা	sigma
সিগারেট	cigarette
সিঙ্গল	single
সিঙ্গাপুর	singapore
সিঙ্গাপুরেও	singaporeo
সিঙ্গাপুরের	singaporer
সিঙ্গুর	singur
সিঙ্গুলার	singular
সিঙ্গেল	single
সিটি	city
সিড	sid
সিডনি	sydney
সিদ্দিক	siddik
সিদ্দিকির	siddikir
সিদ্দিকী	siddiki
সিদ্দিকীর	siddikir
সিদ্দিকুর	siddikur
সিদ্ধি	siddhi
সিনহার	sinhar
সিনেমা	cinema
সিনেমাটিক	cinematic
সিনেমাটির	cinematir
সিনেমাতেও	cinemateo
সিনেমার	cinemar
সিন্দাবাদ	sindabad
সিন্ধি	sindhi
সিপাই	sipai
সিপাহী	sipahi
সিপাহীদের	sipahider
সিপাহীরা	sipahira
সিভিল	civil
সিম	sim
সিমন	simon
সিমরান	simran
সিমলা	simla
সিমিন	simin
সিমুলেশন	simulation
সিমেন্ট	cement
সিম্পসন	simpson
সিরাজ	siraj
সিরাজুল	sirajul
সিরিল	siril
সিলভা	silva
সিলিং	ceiling
সিলিকন	silicon
সিলিকনের	siliconer
সিলিন্ডার	cylinder
সিলিন্ডারের	cylinderer
সিল্ক	silk
সিল্কসিটি	silkcity
সিল্কের	silker
সিসকো	cisco
সিসা	sisa
সিসার	sisar
সিসিলি	sisili
সিস্টার	sister
সিস্টেম	system
সিস্টেমটির	systemtir
সিস্টেমস	systems
সীতা	sita
সীতাকে	sitake
সীতার	sitar
সীমানার	simanar
সীমান্তে	simante
সীমান্তের	simanter
সীমারেখা	simarekha
সীল	sil
সীসা	sisa
সুই	sui
সুইং	swing
সুইচ	switch
সুইচের	switcher
সুইমিং	swiming
সুকান্ত	sukanto
সুকুমার	sukumar
সুকুমারের	sukumarer
সুখ	sukh
সুখী	sukhi
সুখে	sukhe
সুখের	sukher
সুখ্যাতি	sukhyati
সুগার	sugar
সুগ্রীব	sugrib
সুচারুভাবে	sucharubhabe
সুচারুরূপে	sucharurupe
সুজা	suja
সুজাতা	sujata
সুজান	sujan
সুতা	suta
সুতারখালী	sutarkhali
সুতো	suto
সুত্র	sutro
সুত্রে	sutre
সুদ	sud
সুদান	sudan
সুদানে	sudane
সুদানের	sudaner
সুদূর	sudur
সুদের	suder
সুধারাম	sudharam
সুধীন	sudhin
সুধীর	sudhir
সুন	sun
সুনিতা	sunita
সুনির্দিষ্ট	sunirdishto
সুনির্দিষ্টভাবে	sunirdishtobhabe
সুনে	sune
সুন্নাহ	sunnah
সুন্নী	sunni
সুপার	super
সুপারনোভা	supernova
সুপারনোভার	supernovar
সুপারমডেল	supermodel
সুপারমার্কেট	supermarket
সুপারমার্কেটে	supermarkete
সুপারম্যান	superman
সুপারসনিক	supersonic
সুপারস্টার্সের	superstarser
সুপারি	supari
সুপারিশের	suparisher
সুপ্ত	supto
সুপ্রিম	supreme
সুফিবাদ	sufibad
সুফী	sufi
সুবাদার	subadar
সুবাসিত	subasito
সুবিচার	subichar
সুবিধা	subidha
সুবিধাই	subidhai
সুবিধাবাদের	subidhabader
সুবিধার	subidhar
সুবিধার্থে	subidharthe
সুবিধাসমূহ	subidhasamuho
সুবিন্যস্ত	subinyasto
সুবিবেচনার	subibechanar
সুবিশাল	subishal
সুবৃহৎ	subrihat
সুবেদার	subedar
সুবোধ	subodh
সুভদ্রা	subhadra
সুভদ্রার	subhadrar
সুভাষ	subhash
সুমতি	sumati
সুমনের	sumaner
সুমাত্রা	sumatra
সুমাত্রার	sumatrar
সুমিত	sumit
সুমেরু	sumeru
সুযোগ	sujog
সুযোগসুবিধা	sujogsubidha
সুযোগে	sujoge
সুযোগের	sujoger
সুযোগ্য	sujogyo
সুরক্ষা	surakkha
সুরক্ষার	surakkhar
সুরজ	suraj
সুরমা	surma
সুরা	sura
সুরেন	suren
সুরের	surer
সুরেলা	surela
সুলতান	sultan
সুলতানকে	sultanke
সুলতানদের	sultander
সুলতানপুর	sultanpur
সুলতানা	sultana
সুলতানার	sultanar
সুলতানী	sultani
সুলতানের	sultaner
সুশীতল	sushital
সুশীল	sushil
সুশীলা	sushila
সুষম	sushamo
সুষুম্না	sushumna
সুষ্ঠুভাবে	sushthubhabe
সুষ্পষ্ট	sushpashta
সুসঙ্গ	susango
সুসজ্জিত	susajjito
সুস্থির	susthir
সুস্বাদু	suswadu
সূচালো	suchalo
সূতার	sutar
সৃজন	srijan
সেই	sei
সেকশন	section
সেকেন্ডারি	secondary
সেক্রেটারি	secretary
সেক্স	sex
সেখান	sekhan
সেখানকার	sekhankar
সেখানেই	sekhanei
সেখানেও	sekhaneo
সেখানের	sekhaner
সেগুন	segun
সেগুনবাগিচা	segunbagicha
সেচ	sech
সেচের	secher
সেজন্যই	sejanyai
সেজন্যে	sejanye
সেজান	sejan
সেঞ্চুরি	century
সেঞ্চুরিটি	centuryti
সেঞ্চুরিতে	centuryte
সেট	set
সেটটি	setti
সেটা	seta
সেটাই	setai
সেটাও	setao
সেটাকেই	setakei
সেটার	setar
সেটিকেই	setikei
সেটেও	seteo
সেত	set
সেতার	setar
সেতারা	setara
সেতারের	setarer
সেতু	setu
সেতুটি	setuti
সেতুটির	setutir
সেতুর	setur
সেতো	seto
সেথ	seth
সেদিন	sedin
সেদিনের	sediner
সেদেশের	sedesher
সেন	sen
সেনগুপ্ত	sengupto
সেনগুপ্তর	senguptor
সেনবাগ	senbag
সেনা	sena
সেনাদের	senader
সেনানিবাস	senanibas
সেনানিবাসের	senanibaser
সেনার	senar
সেনারা	senara
সেনাসদস্যদের	senasadasyader
সেনেগাল	senegal
সেনেগালের	senegaler
সেনের	sener
সেন্টার	center
সেন্টিমিটার	centimeter
সেন্ট্রাল	central
সেন্সিং	sensing
সেপ্টেম্বর	september
সেফ	safe
সেফটি	safety
সেবা	seba
সেবাগুলো	sebagulo
সেবাটি	sebati
সেবাতে	sebate
সেবার	sebar
সেবিকা	sebika
সেবী	sebi
সেবু	sebu
সেভ	save
সেভেন	seven
সেমি	semi
সেমিটিক	semitic
সেমিনার	seminar
সেমিফাইনাল	semifinal
সেমিফাইনালে	semifinale
সেরকম	serakam
সেরকমই	serakami
সেরা	sera
সেরিব্রাল	cerebral
সেরে	sere
সেলিব্রিটি	celebrity
সেশন	session
সেহেতু	sehetu
সো	so
সোচ্চার	socchar
সোজা	soja
সোজাভাবে	sojabhabe
সোজাসুজি	sojasuji
সোডা	soda
সোন	son
সোনা	sona
সোনাকান্দা	sonakanda
সোনাগাজী	sonagaji
সোনাটা	sonata
সোনাডাঙ্গা	sonadanga
সোনাপুর	sonapur
সোনার	sonar
সোনালি	sonali
সোনাহাট	sonahat
সোনু	sonu
সোপ	soap
সোবহান	sobhan
সোম	som
সোমালি	somali
সোমেন	somen
সোলজার	soldier
সোলাইমান	solaiman
সোলার	solar
সোশ্যাল	social
সোশ্যালিস্ট	socialist
সোহরাব	sohrab
সোহান	sohan
সোহানা	sohana
সোহেল	sohel
সৌখিন	soukhin
সৌদি	soudi
সৌমিত্র	soumitro
সৌর	souro
সৌহার্দের	souharder
স্কটল্যান্ড	scotland
স্কলার	scholar
স্কলারদের	scholarder
স্কাইপ	skype
স্কাউটসের	scoutser
স্কি	ski
স্কুল	school
স্কুলও	schoolo
স্কুলগুলোর	schoolgulor
স্কুলটি	schoolti
স্কুলটির	schooltir
স্কুলিং	schooling
স্কুলেই	schoolei
স্কুলের	schooler
স্কেল	scale
স্ক্যান	scan
স্ক্যানের	scaner
স্ক্রিন	screen
স্ক্রিপ্ট	script
স্ক্রিপ্টিং	scripting
স্ক্রু	screw
স্টক	stock
স্টকের	stocker
স্টপ	stop
স্টল	stall
স্টাইল	style
স্টাইলিস্ট	stylist
স্টাডি	study
স্টাডিজ	studies
স্টাডিস	studies
স্টার	star
স্টারের	starer
স্টার্লিং	sterling
স্টার্সের	starser
স্টিক	stick
স্টিভ	steve
স্টুডিও	studio
স্টুডিওর	studior
স্টেক	stek
স্টেজ	stage
স্টেটসম্যান	statesman
স্টেটের	stater
স্টেনগান	stengun
স্টেশনটি	stationti
স্টেশনটির	stationtir
স্টেশনেই	stationei
স্টেশনের	stationer
স্টোর	store
স্টোরেজ	storage
স্টোরের	storer
স্ট্যাচু	statue
স্ট্যানফোর্ড	stanford
স্ট্যানলি	stanley
স্ট্যান্ড	stand
স্ট্যাম্প	stamp
স্ট্যাম্পিং	stamping
স্ট্যাম্পের	stamper
স্ট্যালিনের	staliner
স্ট্রবেরি	strawberry
স্ট্রাইক	strike
স্ট্রাকচার	structure
স্ট্রিট	street
স্ট্রিপ	strip
স্ট্রিপের	striper
স্ট্রিম	stream
স্ট্রীট	street
স্ট্রেঞ্জ	strange
স্ট্রোক	stroke
স্ট্রোকে	strokey
স্তালিন	stalin
স্তূপ	stup
স্ত্রী	stri
স্ত্রীগণের	strigoner
স্ত্রীদের	strider
স্ত্রীবাচক	stribachok
স্ত্রীর	strir
স্ত্রীরোগ	strirog
স্থানের	sthaner
স্থাপত্যে	sthapotye
স্থাপত্যের	sthapotyer
স্থাপন	sthapon
স্থাপনকারী	sthaponkari
স্থাপনের	sthaponer
স্থাপিত	sthapito
স্থিত	sthito
স্থিতাবস্থা	sthitabostha
স্থিতি	sthiti
স্থিতিশীল	sthitishil
স্থিতিশীলতা	sthitishilota
স্থিতিশীলতার	sthitishilotar
স্থির	sthir
স্থিরীকৃত	sthirikrito
স্নান	snan
স্নানের	snaner
স্নেহ	sneho
স্নো	snow
স্পঞ্জ	sponge
স্পনসর	sponsor
স্পন্দন	spandan
স্পন্দনকে	spandanke
স্পন্দনের	spandaner
স্পন্দিত	spandito
স্পর্শকাতর	sparshokator
স্পাইকের	spiker
স্পাইস	spice
স্পার	spar
স্পার্ক	spark
স্পার্টা	sparta
স্পিকার	speaker
স্পিকারের	speakerer
স্পিড	speed
স্পিডের	speeder
স্পিন	spin
স্পিনার	spinner
স্পিরিট	spirit
স্পীকার	speaker
স্পেন	spain
স্পেনে	spaine
স্পেনের	spainer
স্পেশাল	special
স্পেশালিস্ট	specialist
স্পেস	space
স্পেসিফিক	specific
স্পোর্ট	sport
স্প্রিং	spring
স্প্লিট	split
স্ব	swa
স্বদেশ	swadesh
স্বদেশী	swadeshi
স্বদেশে	swadeshe
স্বদেশের	swadesher
স্বধর্ম	swadharmo
স্বনির্ধারিত	swanirdharito
স্বনির্বাচিত	swanirbachito
স্বপক্ষের	swapokkher
স্বপন	swapan
স্বপ্ন	swapno
স্বপ্নদোষের	swapnodosher
স্বপ্নভঙ্গ	swapnobhango
স্বপ্নহীন	swapnohin
স্বপ্না	swapna
স্বপ্নাদেশ	swapnadesh
স্বপ্নে	swapne
স্বপ্নের	swapner
স্বভাব	swabhab
স্বভাবসুলভ	swabhabsulabh
স্বভাবে	swabhabe
স্বভাবের	swabhaber
স্বমূর্তি	swamurti
স্বর	swar
স্বরাজ	swaraj
স্বরুপ	swarup
স্বরূপ	swarup
স্বরূপকাঠী	swarupkathi
স্বর্গ	swargo
স্বর্গের	swarger
স্বর্ণের	swarner
স্বল্পকালীন	swalpokalin
স্বস্তিকা	swastika
স্বাক্ষাত	swakkhat
স্বাক্ষী	swakkhi
স্বামী	swami
স্মল	small
স্মার্ট	smart
স্মার্টফোন	smartphone
স্মিতা	smita
স্মিথ	smith
স্মিথের	smither
স্মৃতি	smriti
স্মৃতিচারণ	smriticharon
স্মৃতিতে	smrititey
স্মৃতির	smritir
স্মোকিং	smoking
স্যাটেলাইট	satellite
স্যান	san
স্যানিটেশন	sanitation
স্যাম	sam
স্যাম্পল	sample
স্যার	sir
স্যালমন	salmon
স্যুট	suit
স্যুপ	soup
স্রষ্টার	srashtar
স্রেফ	sref
স্রোতধারা	srotdhara
স্রোতের	sroter
স্লট	slot
স্লাইড	slide
স্লিপার	sleeper
স্লিপিং	sleeping
স্লিম	slim
স্লেভ	slave
স্লো	slow
সৎ	sat
সৎভাই	satbhai
হংকং	hongkong
হইচই	hoichoi
হইত	hoito
হইতে	hoite
হইনি	hoini
হইবে	hoibe
হইলেন	hoilen
হকি	hockey
হচ্ছিলেন	hochchilen
হচ্ছে	hachche
হচ্ছেন	hachchen
হট	hot
হটতে	hotte
হটার	hotar
হটি	hoti
হটে	hote
হতেন	hoten
হন	hon
হননি	honni
হরতাল	hartal
হরতালে	hartale
হরমোন	hormone
হরমোনের	hormoner
হরিনাথ	harinath
হরিলাল	harilal
হরিশচন্দ্র	harishchandra
হরিশপুর	harishpur
হরিশ্চন্দ্র	harishchandra
হরিহর	harihar
হরীতকী	haritaki
হরেকরকম	harekrakam
হরো	haro
হর্ষবর্ধন	harshabardhan
হর্স	horse
হল	hall
হলকে	hallke
হলঘর	hallghar
হলটি	hallti
হলরুমের	hallroomer
হলিউডেও	hollywoodeo
হলিউডের	hollywooder
হলোকাস্টের	holocaster
হল্যান্ড	holand
হসপিটালের	hospitaler
হস্তে	haste
হাঁটুর	hatur
হাইকমান্ড	highcommand
হাইকোর্ট	highcourt
হাইকোর্টের	highcourter
হাইড	hide
হাইতি	haiti
হাউজিং	housing
হাউজের	houser
হাউস	house
হাউসের	houser
হাক	hak
হাকিমপুর	hakimpur
হাকীম	hakim
হাঙ্গর	hangor
হাঙ্গামা	hangama
হাজরা	hajra
হাজি	haji
হাজির	hajir
হাজী	haji
হাজেরা	hajera
হাজ্বী	hajwi
হাট	hat
হাটকে	hatke
হাটু	hatu
হাটে	hate
হাটের	hater
হাডসন	hudson
হাতেই	hatei
হাতের	hater
হাদিস	hadis
হাদিসকে	hadiske
হাদিসে	hadise
হাদিসের	hadiser
হাদীছের	hadicher
হাদীস	hadis
হাদীসটি	hadisti
হাদীসে	hadise
হাদীসের	hadiser
হান	han
হানা	hana
হানাদার	hanadar
হানাদাররা	hanadarra
হানাহানি	hanahani
হানিফ	hanif
হানিফার	hanifar
হানিফের	hanifer
হান্ট	hunt
হান্টার	hunter
হান্টিং	hunting
হান্ড্রেড	hundred
হান্না	hanna
হান্নান	hannan
হাফ	half
হাফেজ	hafej
হাবভাব	habbhab
হাবিব	habib
হাবিবা	habiba
হাবিবুর	habibur
হাবিবুল	habibul
হাবিবের	habiber
হাম	hum
হামদান	hamdan
হামলা	hamla
হামলাকারীর	hamlakarir
হামলার	hamlar
হামা	hama
হামার	hamar
হামিদ	hamid
হামিদুল	hamidul
হামিদের	hamider
হামিন	hamin
হামেস	hames
হাম্বলী	humbly
হাম্মাদ	hammad
হার	har
হারতা	harta
হারা	hara
হারাতে	harate
হারানো	harano
হারাম	haram
হারারে	harare
হারালে	harale
হারিস	haris
হারুনুর	haroonur
হারে	hare
হারেন	haren
হারেম	harem
হারের	harer
হার্ড	hard
হার্ডকোর	hardcore
হার্ডড্রাইভ	harddrive
হার্ডি	hardi
হার্পার	harper
হার্বার্ট	harbart
হার্ভার্ড	harvard
হার্ভে	harvey
হাল	hal
হালদা	halda
হালদার	haldar
হালিম	halim
হালিমা	halima
হালের	haler
হাল্কা	halka
হাশিম	hashim
হাশেম	hashem
হাশেমের	hashemer
হাসতে	haste
হাসপাতাল	haspatal
হাসপাতালে	haspatale
হাসপাতালেই	haspatalei
হাসপাতালের	haspataler
হাসসান	hassan
হাসা	hasa
হাসান	hasan
হাসানের	hasaner
হাসি	hasi
হাসিনা	hasina
হাসিনার	hasinar
হাসির	hasir
হাসিলের	hasiler
হাহাকার	hahakar
হিংসাত্মক	hingsattok
হিংস্র	hingsro
হিউম্যানিস্ট	humanist
হিজরি	hijri
হিজরিতে	hijrite
হিট	hit
হিটলার	hitler
হিটলারকে	hitlerke
হিথ	hith
হিন্দ	hind
হিন্দি	hindi
হিন্দী	hindi
হিন্দু	hindu
হিন্দুদের	hinduder
হিন্দুদেরকে	hinduderke
হিন্দুধর্মে	hindudharme
হিন্দুধর্মের	hindudharmer
হিন্দুরা	hindura
হিন্দুরাই	hindurai
হিন্দুশাস্ত্র	hindushastra
হিন্দুসমাজের	hindusamajer
হিন্দুস্তান	hindustan
হিন্দুস্তানি	hindustani
হিন্দের	hinder
হিপহপ	hiphop
হিমাগার	himagar
হিরো	hero
হিরোইন	heroine
হিরোশিমা	hiroshima
হিলটন	hilton
হিলাল	hilal
হিস্ট্রি	history
হীরা	hira
হীরের	hirer
হুকুম	hukum
হুকুমে	hukume
হুগো	hugo
হুজি	huji
হুজুর	hujur
হুথি	huthi
হুরমত	hurmot
হুসেন	husen
হৃদরোগে	hridroge
হৃদের	hrider
হে	he
হেই	hei
হেকিম	hekim
হেক্টর	hector
হেগেন	hegen
হেড	head
হেডমাস্টার	headmaster
হেডলাইট	headlight
হেডার	header
হেতু	hetu
হেন	hen
হেনরি	henry
হেনরী	henry
হেপবার্ন	hepburn
হেমন্ত	hemanta
হেমন্তকে	hemantake
হেমা	hema
হেরাত	herat
হেরাথ	herath
হেরে	here
হেরোইন	heroin
হেল	hell
হেলতে	helte
হেলথ	health
হেলমেট	helmet
হেলান	helan
হেলানো	helano
হেলে	hele
হেলেন	helen
হেলেনাকে	helenake
হেলেনার	helenar
হেল্প	help
হেল্পার	helper
হেসেন	hesen
হৈতে	hoite
হোত	hot
হোতা	hota
হোন	hon
হোম	home
হোমল্যান্ড	homeland
হোমের	homer
হোলি	holi
হোলিকা	holika
হোল্ডার	holder
হোষ্টেল	hostel
হোস	hos
হোসাইন	hosain
হোসাইনের	hosainer
হোস্ট	host
হোস্টিং	hosting
হ্যাক	hack
হ্যাট	hat
হ্যান্ড	hand
হ্যান্ডবল	handball
হ্যান্ডস	hands
হ্যান্ডসেট	handset
হ্যান্ডহেল্ড	handheld
হ্যাপি	happy
হ্যাপিনেস	happiness
হ্যামলেট	hamlet
হ্যামিলটন	hamilton
হ্যামিল্টন	hamilton
হ্যারি	harry
হ্যারিকে	harryke
হ্যাশ	hash
হ্রদ	hrod
হ্রদটি	hrodti
হ্রদের	hroder
